time,x0,y0,z0,bat0,state0,tx0,ty0,tz0,x1,y1,z1,bat1,state1,tx1,ty1,tz1,x2,y2,z2,bat2,state2,tx2,ty2,tz2,x3,y3,z3,bat3,state3,tx3,ty3,tz3,x4,y4,z4,bat4,state4,tx4,ty4,tz4
0.000,22.342,1.000,-14.733,100.000,0,19.972,5.000,21.658,-46.500,1.000,-34.788,100.000,0,-49.411,7.437,1.440,0,0,0,0,0,0,0,0,0,0,0,0,0,0,0,0,0,0,0,0,0,0,0,0
0.050,22.342,1.000,-14.733,100.000,0,19.972,5.000,21.658,-46.500,1.000,-34.788,100.000,0,-49.411,7.437,1.440,0,0,0,0,0,0,0,0,0,0,0,0,0,0,0,0,0,0,0,0,0,0,0,0
0.100,22.343,1.003,-14.730,100.000,0,19.972,5.000,21.658,-46.498,1.003,-34.784,100.000,0,-49.411,7.437,1.440,0,0,0,0,0,0,0,0,0,0,0,0,0,0,0,0,0,0,0,0,0,0,0,0
0.150,22.346,1.010,-14.723,100.000,0,19.972,5.000,21.658,-46.496,1.010,-34.778,100.000,0,-49.411,7.437,1.440,0,0,0,0,0,0,0,0,0,0,0,0,0,0,0,0,0,0,0,0,0,0,0,0
0.200,22.350,1.020,-14.713,100.000,0,19.972,5.000,21.658,-46.492,1.020,-34.768,100.000,0,-49.411,7.437,1.440,0,0,0,0,0,0,0,0,0,0,0,0,0,0,0,0,0,0,0,0,0,0,0,0
0.250,22.356,1.033,-14.700,100.000,0,19.972,5.000,21.658,-46.487,1.033,-34.755,100.000,0,-49.411,7.437,1.440,0,0,0,0,0,0,0,0,0,0,0,0,0,0,0,0,0,0,0,0,0,0,0,0
0.300,22.363,1.050,-14.684,100.000,0,19.972,5.000,21.658,-46.481,1.050,-34.738,100.000,0,-49.411,7.437,1.440,0,0,0,0,0,0,0,0,0,0,0,0,0,0,0,0,0,0,0,0,0,0,0,0
0.350,22.372,1.069,-14.664,100.000,0,19.972,5.000,21.658,-46.474,1.069,-34.719,100.000,0,-49.411,7.437,1.440,0,0,0,0,0,0,0,0,0,0,0,0,0,0,0,0,0,0,0,0,0,0,0,0
0.400,22.382,1.092,-14.642,100.000,0,19.972,5.000,21.658,-46.466,1.092,-34.696,100.000,0,-49.411,7.437,1.440,0,0,0,0,0,0,0,0,0,0,0,0,0,0,0,0,0,0,0,0,0,0,0,0
0.450,22.393,1.118,-14.616,100.000,0,19.972,5.000,21.658,-46.456,1.118,-34.670,100.000,0,-49.411,7.437,1.440,0,0,0,0,0,0,0,0,0,0,0,0,0,0,0,0,0,0,0,0,0,0,0,0
0.500,22.405,1.147,-14.587,100.000,0,19.972,5.000,21.658,-46.446,1.147,-34.642,100.000,0,-49.411,7.437,1.440,0,0,0,0,0,0,0,0,0,0,0,0,0,0,0,0,0,0,0,0,0,0,0,0
0.550,22.418,1.178,-14.556,100.000,0,19.972,5.000,21.658,-46.435,1.179,-34.610,100.000,0,-49.411,7.437,1.440,0,0,0,0,0,0,0,0,0,0,0,0,0,0,0,0,0,0,0,0,0,0,0,0
0.600,22.433,1.213,-14.521,100.000,0,19.972,5.000,21.658,-46.423,1.214,-34.576,100.000,0,-49.411,7.437,1.440,0,0,0,0,0,0,0,0,0,0,0,0,0,0,0,0,0,0,0,0,0,0,0,0
0.650,22.448,1.250,-14.484,100.000,0,19.972,5.000,21.658,-46.410,1.251,-34.538,100.000,0,-49.411,7.437,1.440,0,0,0,0,0,0,0,0,0,0,0,0,0,0,0,0,0,0,0,0,0,0,0,0
0.700,22.464,1.290,-14.445,100.000,0,19.972,5.000,21.658,-46.396,1.291,-34.499,100.000,0,-49.411,7.437,1.440,0,0,0,0,0,0,0,0,0,0,0,0,0,0,0,0,0,0,0,0,0,0,0,0
0.750,22.481,1.332,-14.402,100.000,0,19.972,5.000,21.658,-46.382,1.334,-34.456,100.000,0,-49.411,7.437,1.440,0,0,0,0,0,0,0,0,0,0,0,0,0,0,0,0,0,0,0,0,0,0,0,0
0.800,22.498,1.377,-14.358,100.000,0,19.972,5.000,21.658,-46.366,1.379,-34.411,100.000,0,-49.411,7.437,1.440,0,0,0,0,0,0,0,0,0,0,0,0,0,0,0,0,0,0,0,0,0,0,0,0
0.850,22.517,1.425,-14.311,100.000,0,19.972,5.000,21.658,-46.350,1.426,-34.364,100.000,0,-49.411,7.437,1.440,0,0,0,0,0,0,0,0,0,0,0,0,0,0,0,0,0,0,0,0,0,0,0,0
0.900,22.535,1.474,-14.262,100.000,0,19.972,5.000,21.658,-46.334,1.476,-34.315,100.000,0,-49.411,7.437,1.440,0,0,0,0,0,0,0,0,0,0,0,0,0,0,0,0,0,0,0,0,0,0,0,0
0.950,22.555,1.526,-14.210,100.000,0,19.972,5.000,21.658,-46.317,1.528,-34.263,100.000,0,-49.411,7.437,1.440,0,0,0,0,0,0,0,0,0,0,0,0,0,0,0,0,0,0,0,0,0,0,0,0
1.000,22.574,1.579,-14.157,100.000,0,19.972,5.000,21.658,-46.299,1.582,-34.210,100.000,0,-49.411,7.437,1.440,0,0,0,0,0,0,0,0,0,0,0,0,0,0,0,0,0,0,0,0,0,0,0,0
1.050,22.594,1.635,-14.102,100.000,0,19.972,5.000,21.658,-46.281,1.637,-34.154,100.000,0,-49.411,7.437,1.440,0,0,0,0,0,0,0,0,0,0,0,0,0,0,0,0,0,0,0,0,0,0,0,0
1.100,22.614,1.692,-14.044,100.000,0,19.972,5.000,21.658,-46.262,1.695,-34.097,100.000,0,-49.411,7.437,1.440,0,0,0,0,0,0,0,0,0,0,0,0,0,0,0,0,0,0,0,0,0,0,0,0
1.150,22.634,1.751,-13.986,100.000,0,19.972,5.000,21.658,-46.243,1.754,-34.038,100.000,0,-49.411,7.437,1.440,0,0,0,0,0,0,0,0,0,0,0,0,0,0,0,0,0,0,0,0,0,0,0,0
1.200,22.654,1.812,-13.925,100.000,0,19.972,5.000,21.658,-46.224,1.815,-33.978,100.000,0,-49.411,7.437,1.440,0,0,0,0,0,0,0,0,0,0,0,0,0,0,0,0,0,0,0,0,0,0,0,0
1.250,22.674,1.874,-13.863,100.000,0,19.972,5.000,21.658,-46.205,1.878,-33.915,100.000,0,-49.411,7.437,1.440,0,0,0,0,0,0,0,0,0,0,0,0,0,0,0,0,0,0,0,0,0,0,0,0
1.300,22.694,1.938,-13.800,100.000,0,19.972,5.000,21.658,-46.185,1.942,-33.852,100.000,0,-49.411,7.437,1.440,0,0,0,0,0,0,0,0,0,0,0,0,0,0,0,0,0,0,0,0,0,0,0,0
1.350,22.714,2.003,-13.735,100.000,0,19.972,5.000,21.658,-46.166,2.007,-33.787,100.000,0,-49.411,7.437,1.440,0,0,0,0,0,0,0,0,0,0,0,0,0,0,0,0,0,0,0,0,0,0,0,0
1.400,22.734,2.069,-13.669,100.000,0,19.972,5.000,21.658,-46.146,2.074,-33.721,100.000,0,-49.411,7.437,1.440,0,0,0,0,0,0,0,0,0,0,0,0,0,0,0,0,0,0,0,0,0,0,0,0
1.450,22.754,2.137,-13.601,100.000,0,19.972,5.000,21.658,-46.126,2.141,-33.653,100.000,0,-49.411,7.437,1.440,0,0,0,0,0,0,0,0,0,0,0,0,0,0,0,0,0,0,0,0,0,0,0,0
1.500,22.774,2.206,-13.533,100.000,0,19.972,5.000,21.658,-46.107,2.210,-33.585,100.000,0,-49.411,7.437,1.440,0,0,0,0,0,0,0,0,0,0,0,0,0,0,0,0,0,0,0,0,0,0,0,0
1.550,22.793,2.275,-13.463,100.000,0,19.972,5.000,21.658,-46.088,2.280,-33.515,100.000,0,-49.411,7.437,1.440,0,0,0,0,0,0,0,0,0,0,0,0,0,0,0,0,0,0,0,0,0,0,0,0
1.600,22.812,2.346,-13.393,100.000,0,19.972,5.000,21.658,-46.069,2.351,-33.445,100.000,0,-49.411,7.437,1.440,0,0,0,0,0,0,0,0,0,0,0,0,0,0,0,0,0,0,0,0,0,0,0,0
1.650,22.831,2.418,-13.321,100.000,0,19.972,5.000,21.658,-46.050,2.423,-33.373,100.000,0,-49.411,7.437,1.440,0,0,0,0,0,0,0,0,0,0,0,0,0,0,0,0,0,0,0,0,0,0,0,0
1.700,22.849,2.490,-13.249,100.000,0,19.972,5.000,21.658,-46.031,2.496,-33.301,100.000,0,-49.411,7.437,1.440,0,0,0,0,0,0,0,0,0,0,0,0,0,0,0,0,0,0,0,0,0,0,0,0
1.750,22.868,2.564,-13.176,100.000,0,19.972,5.000,21.658,-46.013,2.570,-33.228,100.000,0,-49.411,7.437,1.440,0,0,0,0,0,0,0,0,0,0,0,0,0,0,0,0,0,0,0,0,0,0,0,0
1.800,22.886,2.638,-13.102,100.000,0,19.972,5.000,21.658,-45.994,2.644,-33.154,100.000,0,-49.411,7.437,1.440,0,0,0,0,0,0,0,0,0,0,0,0,0,0,0,0,0,0,0,0,0,0,0,0
1.850,22.904,2.712,-13.027,100.000,0,19.972,5.000,21.658,-45.977,2.719,-33.080,100.000,0,-49.411,7.437,1.440,0,0,0,0,0,0,0,0,0,0,0,0,0,0,0,0,0,0,0,0,0,0,0,0
1.900,22.921,2.788,-12.952,100.000,0,19.972,5.000,21.658,-45.959,2.795,-33.005,100.000,0,-49.411,7.437,1.440,0,0,0,0,0,0,0,0,0,0,0,0,0,0,0,0,0,0,0,0,0,0,0,0
1.950,22.939,2.864,-12.876,100.000,0,19.972,5.000,21.658,-45.942,2.871,-32.929,100.000,0,-49.411,7.437,1.440,0,0,0,0,0,0,0,0,0,0,0,0,0,0,0,0,0,0,0,0,0,0,0,0
2.000,22.956,2.940,-12.800,100.000,0,19.972,5.000,21.658,-45.925,2.948,-32.853,100.000,0,-49.411,7.437,1.440,0,0,0,0,0,0,0,0,0,0,0,0,0,0,0,0,0,0,0,0,0,0,0,0
2.050,22.974,3.017,-12.723,100.000,0,19.972,5.000,21.658,-45.909,3.025,-32.776,100.000,0,-49.411,7.437,1.440,0,0,0,0,0,0,0,0,0,0,0,0,0,0,0,0,0,0,0,0,0,0,0,0
2.100,22.991,3.095,-12.645,100.000,0,19.972,5.000,21.658,-45.893,3.103,-32.699,100.000,0,-49.411,7.437,1.440,0,0,0,0,0,0,0,0,0,0,0,0,0,0,0,0,0,0,0,0,0,0,0,0
2.150,23.009,3.173,-12.567,100.000,0,19.972,5.000,21.658,-45.878,3.181,-32.622,100.000,0,-49.411,7.437,1.440,0,0,0,0,0,0,0,0,0,0,0,0,0,0,0,0,0,0,0,0,0,0,0,0
2.200,23.026,3.251,-12.489,100.000,0,19.972,5.000,21.658,-45.864,3.260,-32.544,100.000,0,-49.411,7.437,1.440,0,0,0,0,0,0,0,0,0,0,0,0,0,0,0,0,0,0,0,0,0,0,0,0
2.250,23.044,3.330,-12.410,100.000,0,19.972,5.000,21.658,-45.850,3.339,-32.466,100.000,0,-49.411,7.437,1.440,0,0,0,0,0,0,0,0,0,0,0,0,0,0,0,0,0,0,0,0,0,0,0,0
2.300,23.061,3.409,-12.331,100.000,0,19.972,5.000,21.658,-45.838,3.419,-32.388,100.000,0,-49.411,7.437,1.440,0,0,0,0,0,0,0,0,0,0,0,0,0,0,0,0,0,0,0,0,0,0,0,0
2.350,23.079,3.489,-12.252,100.000,0,19.972,5.000,21.658,-45.826,3.499,-32.309,100.000,0,-49.411,7.437,1.440,0,0,0,0,0,0,0,0,0,0,0,0,0,0,0,0,0,0,0,0,0,0,0,0
2.400,23.096,3.569,-12.172,100.000,0,19.972,5.000,21.658,-45.816,3.579,-32.231,100.000,0,-49.411,7.437,1.440,0,0,0,0,0,0,0,0,0,0,0,0,0,0,0,0,0,0,0,0,0,0,0,0
2.450,23.114,3.649,-12.092,100.000,0,19.972,5.000,21.658,-45.806,3.659,-32.152,100.000,0,-49.411,7.437,1.440,0,0,0,0,0,0,0,0,0,0,0,0,0,0,0,0,0,0,0,0,0,0,0,0
2.500,23.131,3.729,-12.011,100.000,0,19.972,5.000,21.658,-45.798,3.740,-32.073,100.000,0,-49.411,7.437,1.440,0,0,0,0,0,0,0,0,0,0,0,0,0,0,0,0,0,0,0,0,0,0,0,0
2.550,23.149,3.810,-11.931,100.000,0,19.972,5.000,21.658,-45.792,3.821,-31.993,100.000,0,-49.411,7.437,1.440,0,0,0,0,0,0,0,0,0,0,0,0,0,0,0,0,0,0,0,0,0,0,0,0
2.600,23.166,3.890,-11.850,100.000,0,19.972,5.000,21.658,-45.787,3.903,-31.914,100.000,0,-49.411,7.437,1.440,0,0,0,0,0,0,0,0,0,0,0,0,0,0,0,0,0,0,0,0,0,0,0,0
2.650,23.183,3.971,-11.769,100.000,0,19.972,5.000,21.658,-45.783,3.984,-31.835,100.000,0,-49.411,7.437,1.440,0,0,0,0,0,0,0,0,0,0,0,0,0,0,0,0,0,0,0,0,0,0,0,0
2.700,23.200,4.053,-11.688,100.000,0,19.972,5.000,21.658,-45.780,4.066,-31.755,100.000,0,-49.411,7.437,1.440,0,0,0,0,0,0,0,0,0,0,0,0,0,0,0,0,0,0,0,0,0,0,0,0
2.750,23.217,4.134,-11.606,100.000,0,19.972,5.000,21.658,-45.779,4.148,-31.675,100.000,0,-49.411,7.437,1.440,0,0,0,0,0,0,0,0,0,0,0,0,0,0,0,0,0,0,0,0,0,0,0,0
2.800,23.233,4.216,-11.525,100.000,0,19.972,5.000,21.658,-45.780,4.230,-31.596,100.000,0,-49.411,7.437,1.440,0,0,0,0,0,0,0,0,0,0,0,0,0,0,0,0,0,0,0,0,0,0,0,0
2.850,23.249,4.297,-11.443,100.000,0,19.972,5.000,21.658,-45.781,4.313,-31.516,100.000,0,-49.411,7.437,1.440,0,0,0,0,0,0,0,0,0,0,0,0,0,0,0,0,0,0,0,0,0,0,0,0
2.900,23.264,4.379,-11.361,100.000,0,19.972,5.000,21.658,-45.785,4.395,-31.436,100.000,0,-49.411,7.437,1.440,0,0,0,0,0,0,0,0,0,0,0,0,0,0,0,0,0,0,0,0,0,0,0,0
2.950,23.278,4.461,-11.279,100.000,0,19.972,5.000,21.658,-45.789,4.478,-31.356,100.000,0,-49.411,7.437,1.440,0,0,0,0,0,0,0,0,0,0,0,0,0,0,0,0,0,0,0,0,0,0,0,0
3.000,23.292,4.543,-11.197,100.000,0,19.972,5.000,21.658,-45.796,4.561,-31.276,100.000,0,-49.411,7.437,1.440,0,0,0,0,0,0,0,0,0,0,0,0,0,0,0,0,0,0,0,0,0,0,0,0
3.050,23.305,4.625,-11.115,100.000,0,19.972,5.000,21.658,-45.803,4.644,-31.196,100.000,0,-49.411,7.437,1.440,0,0,0,0,0,0,0,0,0,0,0,0,0,0,0,0,0,0,0,0,0,0,0,0
3.100,23.318,4.708,-11.032,100.000,0,19.972,5.000,21.658,-45.812,4.727,-31.116,100.000,0,-49.411,7.437,1.440,0,0,0,0,0,0,0,0,0,0,0,0,0,0,0,0,0,0,0,0,0,0,0,0
3.150,23.330,4.790,-10.950,100.000,0,19.972,5.000,21.658,-45.823,4.811,-31.036,100.000,0,-49.411,7.437,1.440,0,0,0,0,0,0,0,0,0,0,0,0,0,0,0,0,0,0,0,0,0,0,0,0
3.200,23.341,4.873,-10.867,100.000,0,19.972,5.000,21.658,-45.835,4.894,-30.956,100.000,0,-49.411,7.437,1.440,0,0,0,0,0,0,0,0,0,0,0,0,0,0,0,0,0,0,0,0,0,0,0,0
3.250,23.351,4.955,-10.785,100.000,0,19.972,5.000,21.658,-45.848,4.978,-30.876,100.000,0,-49.411,7.437,1.440,0,0,0,0,0,0,0,0,0,0,0,0,0,0,0,0,0,0,0,0,0,0,0,0
3.300,23.360,5.038,-10.702,100.000,0,19.972,5.000,21.658,-45.863,5.061,-30.796,100.000,0,-49.411,7.437,1.440,0,0,0,0,0,0,0,0,0,0,0,0,0,0,0,0,0,0,0,0,0,0,0,0
3.350,23.369,5.121,-10.619,100.000,0,19.972,5.000,21.658,-45.879,5.145,-30.716,100.000,0,-49.411,7.437,1.440,0,0,0,0,0,0,0,0,0,0,0,0,0,0,0,0,0,0,0,0,0,0,0,0
3.400,23.377,5.203,-10.536,100.000,0,19.972,5.000,21.658,-45.896,5.229,-30.636,100.000,0,-49.411,7.437,1.440,0,0,0,0,0,0,0,0,0,0,0,0,0,0,0,0,0,0,0,0,0,0,0,0
3.450,23.383,5.286,-10.453,100.000,0,19.972,5.000,21.658,-45.915,5.313,-30.556,100.000,0,-49.411,7.437,1.440,0,0,0,0,0,0,0,0,0,0,0,0,0,0,0,0,0,0,0,0,0,0,0,0
3.500,23.389,5.369,-10.370,100.000,0,19.972,5.000,21.658,-45.934,5.397,-30.476,100.000,0,-49.411,7.437,1.440,0,0,0,0,0,0,0,0,0,0,0,0,0,0,0,0,0,0,0,0,0,0,0,0
3.550,23.394,5.452,-10.287,100.000,0,19.972,5.000,21.658,-45.956,5.481,-30.396,100.000,0,-49.411,7.437,1.440,0,0,0,0,0,0,0,0,0,0,0,0,0,0,0,0,0,0,0,0,0,0,0,0
3.600,23.398,5.535,-10.203,100.000,0,19.972,5.000,21.658,-45.978,5.565,-30.316,100.000,0,-49.411,7.437,1.440,0,0,0,0,0,0,0,0,0,0,0,0,0,0,0,0,0,0,0,0,0,0,0,0
3.650,23.401,5.619,-10.120,100.000,0,19.972,5.000,21.658,-46.002,5.649,-30.236,100.000,0,-49.411,7.437,1.440,0,0,0,0,0,0,0,0,0,0,0,0,0,0,0,0,0,0,0,0,0,0,0,0
3.700,23.403,5.702,-10.037,100.000,0,19.972,5.000,21.658,-46.026,5.733,-30.156,100.000,0,-49.411,7.437,1.440,0,0,0,0,0,0,0,0,0,0,0,0,0,0,0,0,0,0,0,0,0,0,0,0
3.750,23.404,5.785,-9.953,100.000,0,19.972,5.000,21.658,-46.052,5.817,-30.076,100.000,0,-49.411,7.437,1.440,0,0,0,0,0,0,0,0,0,0,0,0,0,0,0,0,0,0,0,0,0,0,0,0
3.800,23.404,5.868,-9.870,100.000,0,19.972,5.000,21.658,-46.079,5.901,-29.997,100.000,0,-49.411,7.437,1.440,0,0,0,0,0,0,0,0,0,0,0,0,0,0,0,0,0,0,0,0,0,0,0,0
3.850,23.403,5.951,-9.786,100.000,0,19.972,5.000,21.658,-46.106,5.985,-29.917,100.000,0,-49.411,7.437,1.440,0,0,0,0,0,0,0,0,0,0,0,0,0,0,0,0,0,0,0,0,0,0,0,0
3.900,23.402,6.035,-9.703,100.000,0,19.972,5.000,21.658,-46.135,6.069,-29.838,100.000,0,-49.411,7.437,1.440,0,0,0,0,0,0,0,0,0,0,0,0,0,0,0,0,0,0,0,0,0,0,0,0
3.950,23.399,6.118,-9.619,100.000,0,19.972,5.000,21.658,-46.164,6.153,-29.758,100.000,0,-49.411,7.437,1.440,0,0,0,0,0,0,0,0,0,0,0,0,0,0,0,0,0,0,0,0,0,0,0,0
4.000,23.396,6.201,-9.535,100.000,0,19.972,5.000,21.658,-46.194,6.237,-29.679,100.000,0,-49.411,7.437,1.440,0,0,0,0,0,0,0,0,0,0,0,0,0,0,0,0,0,0,0,0,0,0,0,0
4.050,23.392,6.285,-9.452,100.000,0,19.972,5.000,21.658,-46.225,6.321,-29.600,100.000,0,-49.411,7.437,1.440,0,0,0,0,0,0,0,0,0,0,0,0,0,0,0,0,0,0,0,0,0,0,0,0
4.100,23.388,6.368,-9.368,100.000,0,19.972,5.000,21.658,-46.257,6.405,-29.521,100.000,0,-49.411,7.437,1.440,0,0,0,0,0,0,0,0,0,0,0,0,0,0,0,0,0,0,0,0,0,0,0,0
4.150,23.383,6.451,-9.284,100.000,0,19.972,5.000,21.658,-46.289,6.489,-29.443,100.000,0,-49.411,7.437,1.440,0,0,0,0,0,0,0,0,0,0,0,0,0,0,0,0,0,0,0,0,0,0,0,0
4.200,23.377,6.535,-9.200,100.000,0,19.972,5.000,21.658,-46.322,6.573,-29.364,100.000,0,-49.411,7.437,1.440,0,0,0,0,0,0,0,0,0,0,0,0,0,0,0,0,0,0,0,0,0,0,0,0
4.250,23.371,6.618,-9.117,100.000,0,19.972,5.000,21.658,-46.355,6.657,-29.286,100.000,0,-49.411,7.437,1.440,0,0,0,0,0,0,0,0,0,0,0,0,0,0,0,0,0,0,0,0,0,0,0,0
4.300,23.364,6.701,-9.033,100.000,0,19.972,5.000,21.658,-46.389,6.741,-29.208,100.000,0,-49.411,7.437,1.440,0,0,0,0,0,0,0,0,0,0,0,0,0,0,0,0,0,0,0,0,0,0,0,0
4.350,23.357,6.784,-8.949,100.000,0,19.972,5.000,21.658,-46.424,6.824,-29.130,100.000,0,-49.411,7.437,1.440,0,0,0,0,0,0,0,0,0,0,0,0,0,0,0,0,0,0,0,0,0,0,0,0
4.400,23.350,6.868,-8.865,100.000,0,19.972,5.000,21.658,-46.459,6.908,-29.053,100.000,0,-49.411,7.437,1.440,0,0,0,0,0,0,0,0,0,0,0,0,0,0,0,0,0,0,0,0,0,0,0,0
4.450,23.342,6.951,-8.781,100.000,0,19.972,5.000,21.658,-46.495,6.992,-28.976,100.000,0,-49.411,7.437,1.440,0,0,0,0,0,0,0,0,0,0,0,0,0,0,0,0,0,0,0,0,0,0,0,0
4.500,23.334,7.034,-8.697,100.000,0,19.972,5.000,21.658,-46.531,7.076,-28.899,100.000,0,-49.411,7.437,1.440,0,0,0,0,0,0,0,0,0,0,0,0,0,0,0,0,0,0,0,0,0,0,0,0
4.550,23.325,7.117,-8.614,100.000,0,19.972,5.000,21.658,-46.568,7.160,-28.822,100.000,0,-49.411,7.437,1.440,0,0,0,0,0,0,0,0,0,0,0,0,0,0,0,0,0,0,0,0,0,0,0,0
4.600,23.316,7.201,-8.530,100.000,0,19.972,5.000,21.658,-46.605,7.244,-28.746,100.000,0,-49.411,7.437,1.440,0,0,0,0,0,0,0,0,0,0,0,0,0,0,0,0,0,0,0,0,0,0,0,0
4.650,23.307,7.284,-8.446,100.000,0,19.972,5.000,21.658,-46.642,7.328,-28.670,100.000,0,-49.411,7.437,1.440,0,0,0,0,0,0,0,0,0,0,0,0,0,0,0,0,0,0,0,0,0,0,0,0
4.700,23.297,7.367,-8.362,100.000,0,19.972,5.000,21.658,-46.680,7.412,-28.594,100.000,0,-49.411,7.437,1.440,0,0,0,0,0,0,0,0,0,0,0,0,0,0,0,0,0,0,0,0,0,0,0,0
4.750,23.287,7.450,-8.278,100.000,0,19.972,5.000,21.658,-46.718,7.495,-28.519,100.000,0,-49.411,7.437,1.440,0,0,0,0,0,0,0,0,0,0,0,0,0,0,0,0,0,0,0,0,0,0,0,0
4.800,23.277,7.532,-8.194,100.000,0,19.972,5.000,21.658,-46.757,7.579,-28.444,100.000,0,-49.411,7.437,1.440,0,0,0,0,0,0,0,0,0,0,0,0,0,0,0,0,0,0,0,0,0,0,0,0
4.850,23.266,7.615,-8.110,100.000,0,19.972,5.000,21.658,-46.796,7.663,-28.369,100.000,0,-49.411,7.437,1.440,0,0,0,0,0,0,0,0,0,0,0,0,0,0,0,0,0,0,0,0,0,0,0,0
4.900,23.256,7.698,-8.026,100.000,0,19.972,5.000,21.658,-46.835,7.747,-28.295,100.000,0,-49.411,7.437,1.440,0,0,0,0,0,0,0,0,0,0,0,0,0,0,0,0,0,0,0,0,0,0,0,0
4.950,23.245,7.781,-7.942,100.000,0,19.972,5.000,21.658,-46.875,7.831,-28.221,100.000,0,-49.411,7.437,1.440,0,0,0,0,0,0,0,0,0,0,0,0,0,0,0,0,0,0,0,0,0,0,0,0
5.000,23.234,7.863,-7.859,100.000,0,19.972,5.000,21.658,-46.915,7.915,-28.147,100.000,0,-49.411,7.437,1.440,0,0,0,0,0,0,0,0,0,0,0,0,0,0,0,0,0,0,0,0,0,0,0,0
5.050,23.223,7.946,-7.775,100.000,0,19.972,5.000,21.658,-46.955,7.999,-28.074,100.000,0,-49.411,7.437,1.440,0,0,0,0,0,0,0,0,0,0,0,0,0,0,0,0,0,0,0,0,0,0,0,0
5.100,23.212,8.028,-7.691,100.000,0,19.972,5.000,21.658,-46.995,8.083,-28.001,100.000,0,-49.411,7.437,1.440,0,0,0,0,0,0,0,0,0,0,0,0,0,0,0,0,0,0,0,0,0,0,0,0
5.150,23.200,8.110,-7.607,100.000,0,19.972,5.000,21.658,-47.036,8.167,-27.929,100.000,0,-49.411,7.437,1.440,0,0,0,0,0,0,0,0,0,0,0,0,0,0,0,0,0,0,0,0,0,0,0,0
5.200,23.189,8.192,-7.523,99.931,0,19.972,5.000,21.658,-47.077,8.250,-27.856,100.000,0,-49.411,7.437,1.440,0,0,0,0,0,0,0,0,0,0,0,0,0,0,0,0,0,0,0,0,0,0,0,0
5.250,23.177,8.274,-7.439,99.863,0,19.972,5.000,21.658,-47.118,8.334,-27.784,99.931,0,-49.411,7.437,1.440,0,0,0,0,0,0,0,0,0,0,0,0,0,0,0,0,0,0,0,0,0,0,0,0
5.300,23.166,8.356,-7.355,99.795,0,19.972,5.000,21.658,-47.159,8.418,-27.713,99.862,0,-49.411,7.437,1.440,0,0,0,0,0,0,0,0,0,0,0,0,0,0,0,0,0,0,0,0,0,0,0,0
5.350,23.155,8.437,-7.271,99.728,0,19.972,5.000,21.658,-47.201,8.502,-27.641,99.792,0,-49.411,7.437,1.440,0,0,0,0,0,0,0,0,0,0,0,0,0,0,0,0,0,0,0,0,0,0,0,0
5.400,23.143,8.519,-7.187,99.660,0,19.972,5.000,21.658,-47.242,8.586,-27.570,99.723,0,-49.411,7.437,1.440,0,0,0,0,0,0,0,0,0,0,0,0,0,0,0,0,0,0,0,0,0,0,0,0
5.450,23.132,8.600,-7.103,99.594,0,19.972,5.000,21.658,-47.284,8.671,-27.499,99.653,0,-49.411,7.437,1.440,0,0,0,0,0,0,0,0,0,0,0,0,0,0,0,0,0,0,0,0,0,0,0,0
5.500,23.121,8.681,-7.019,99.527,0,19.972,5.000,21.658,-47.326,8.755,-27.428,99.583,0,-49.411,7.437,1.440,0,0,0,0,0,0,0,0,0,0,0,0,0,0,0,0,0,0,0,0,0,0,0,0
5.550,23.110,8.761,-6.935,99.461,0,19.972,5.000,21.658,-47.368,8.839,-27.357,99.513,0,-49.411,7.437,1.440,0,0,0,0,0,0,0,0,0,0,0,0,0,0,0,0,0,0,0,0,0,0,0,0
5.600,23.100,8.842,-6.851,99.395,0,19.972,5.000,21.658,-47.411,8.923,-27.286,99.443,0,-49.411,7.437,1.440,0,0,0,0,0,0,0,0,0,0,0,0,0,0,0,0,0,0,0,0,0,0,0,0
5.650,23.089,8.922,-6.767,99.330,0,19.972,5.000,21.658,-47.453,9.007,-27.216,99.373,0,-49.411,7.437,1.440,0,0,0,0,0,0,0,0,0,0,0,0,0,0,0,0,0,0,0,0,0,0,0,0
5.700,23.079,9.001,-6.683,99.265,0,19.972,5.000,21.658,-47.496,9.091,-27.145,99.301,0,-49.411,7.437,1.440,0,0,0,0,0,0,0,0,0,0,0,0,0,0,0,0,0,0,0,0,0,0,0,0
5.750,23.069,9.081,-6.599,99.201,0,19.972,5.000,21.658,-47.539,9.175,-27.074,99.227,0,-49.411,7.437,1.440,0,0,0,0,0,0,0,0,0,0,0,0,0,0,0,0,0,0,0,0,0,0,0,0
5.800,23.059,9.160,-6.515,99.137,0,19.972,5.000,21.658,-47.582,9.259,-27.003,99.153,0,-49.411,7.437,1.440,0,0,0,0,0,0,0,0,0,0,0,0,0,0,0,0,0,0,0,0,0,0,0,0
5.850,23.049,9.238,-6.430,99.073,0,19.972,5.000,21.658,-47.626,9.343,-26.932,99.078,0,-49.411,7.437,1.440,0,0,0,0,0,0,0,0,0,0,0,0,0,0,0,0,0,0,0,0,0,0,0,0
5.900,23.040,9.316,-6.346,99.010,0,19.972,5.000,21.658,-47.670,9.427,-26.861,99.004,0,-49.411,7.437,1.440,0,0,0,0,0,0,0,0,0,0,0,0,0,0,0,0,0,0,0,0,0,0,0,0
5.950,23.031,9.394,-6.262,98.947,0,19.972,5.000,21.658,-47.714,9.511,-26.790,98.930,0,-49.411,7.437,1.440,0,0,0,0,0,0,0,0,0,0,0,0,0,0,0,0,0,0,0,0,0,0,0,0
6.000,23.022,9.471,-6.177,98.885,0,19.972,5.000,21.658,-47.759,9.595,-26.718,98.856,0,-49.411,7.437,1.440,0,0,0,0,0,0,0,0,0,0,0,0,0,0,0,0,0,0,0,0,0,0,0,0
6.050,23.013,9.548,-6.093,98.824,0,19.972,5.000,21.658,-47.804,9.679,-26.646,98.782,0,-49.411,7.437,1.440,0,0,0,0,0,0,0,0,0,0,0,0,0,0,0,0,0,0,0,0,0,0,0,0
6.100,23.005,9.624,-6.008,98.763,0,19.972,5.000,21.658,-47.849,9.763,-26.574,98.708,0,-49.411,7.437,1.440,0,0,0,0,0,0,0,0,0,0,0,0,0,0,0,0,0,0,0,0,0,0,0,0
6.150,22.997,9.700,-5.923,98.703,0,19.972,5.000,21.658,-47.895,9.846,-26.502,98.634,0,-49.411,7.437,1.440,0,0,0,0,0,0,0,0,0,0,0,0,0,0,0,0,0,0,0,0,0,0,0,0
6.200,22.989,9.774,-5.839,98.643,0,19.972,5.000,21.658,-47.941,9.930,-26.429,98.559,0,-49.411,7.437,1.440,0,0,0,0,0,0,0,0,0,0,0,0,0,0,0,0,0,0,0,0,0,0,0,0
6.250,22.981,9.849,-5.754,98.583,0,19.972,5.000,21.658,-47.987,10.013,-26.357,98.485,0,-49.411,7.437,1.440,0,0,0,0,0,0,0,0,0,0,0,0,0,0,0,0,0,0,0,0,0,0,0,0
6.300,22.974,9.922,-5.669,98.525,0,19.972,5.000,21.658,-48.033,10.097,-26.284,98.411,0,-49.411,7.437,1.440,0,0,0,0,0,0,0,0,0,0,0,0,0,0,0,0,0,0,0,0,0,0,0,0
6.350,22.967,9.995,-5.584,98.467,0,19.972,5.000,21.658,-48.080,10.180,-26.211,98.336,0,-49.411,7.437,1.440,0,0,0,0,0,0,0,0,0,0,0,0,0,0,0,0,0,0,0,0,0,0,0,0
6.400,22.960,10.067,-5.499,98.409,0,19.972,5.000,21.658,-48.127,10.263,-26.138,98.260,0,-49.411,7.437,1.440,0,0,0,0,0,0,0,0,0,0,0,0,0,0,0,0,0,0,0,0,0,0,0,0
6.450,22.954,10.139,-5.414,98.352,0,19.972,5.000,21.658,-48.174,10.346,-26.065,98.183,0,-49.411,7.437,1.440,0,0,0,0,0,0,0,0,0,0,0,0,0,0,0,0,0,0,0,0,0,0,0,0
6.500,22.947,10.209,-5.328,98.295,0,19.972,5.000,21.658,-48.222,10.428,-25.991,98.107,0,-49.411,7.437,1.440,0,0,0,0,0,0,0,0,0,0,0,0,0,0,0,0,0,0,0,0,0,0,0,0
6.550,22.941,10.279,-5.243,98.239,0,19.972,5.000,21.658,-48.270,10.511,-25.917,98.032,0,-49.411,7.437,1.440,0,0,0,0,0,0,0,0,0,0,0,0,0,0,0,0,0,0,0,0,0,0,0,0
6.600,22.936,10.348,-5.157,98.184,0,19.972,5.000,21.658,-48.319,10.593,-25.843,97.957,0,-49.411,7.437,1.440,0,0,0,0,0,0,0,0,0,0,0,0,0,0,0,0,0,0,0,0,0,0,0,0
6.650,22.930,10.416,-5.071,98.129,0,19.972,5.000,21.658,-48.368,10.675,-25.769,97.882,0,-49.411,7.437,1.440,0,0,0,0,0,0,0,0,0,0,0,0,0,0,0,0,0,0,0,0,0,0,0,0
6.700,22.925,10.483,-4.985,98.075,0,19.972,5.000,21.658,-48.417,10.757,-25.694,97.809,0,-49.411,7.437,1.440,0,0,0,0,0,0,0,0,0,0,0,0,0,0,0,0,0,0,0,0,0,0,0,0
6.750,22.920,10.549,-4.899,98.021,0,19.972,5.000,21.658,-48.466,10.838,-25.620,97.736,0,-49.411,7.437,1.440,0,0,0,0,0,0,0,0,0,0,0,0,0,0,0,0,0,0,0,0,0,0,0,0
6.800,22.915,10.614,-4.813,97.967,0,19.972,5.000,21.658,-48.516,10.919,-25.545,97.664,0,-49.411,7.437,1.440,0,0,0,0,0,0,0,0,0,0,0,0,0,0,0,0,0,0,0,0,0,0,0,0
6.850,22.910,10.678,-4.726,97.914,0,19.972,5.000,21.658,-48.566,10.999,-25.470,97.592,0,-49.411,7.437,1.440,0,0,0,0,0,0,0,0,0,0,0,0,0,0,0,0,0,0,0,0,0,0,0,0
6.900,22.905,10.741,-4.640,97.861,0,19.972,5.000,21.658,-48.616,11.079,-25.394,97.522,0,-49.411,7.437,1.440,0,0,0,0,0,0,0,0,0,0,0,0,0,0,0,0,0,0,0,0,0,0,0,0
6.950,22.901,10.802,-4.553,97.809,0,19.972,5.000,21.658,-48.666,11.158,-25.319,97.455,0,-49.411,7.437,1.440,0,0,0,0,0,0,0,0,0,0,0,0,0,0,0,0,0,0,0,0,0,0,0,0
7.000,22.897,10.863,-4.466,97.757,0,19.972,5.000,21.658,-48.717,11.236,-25.243,97.389,0,-49.411,7.437,1.440,0,0,0,0,0,0,0,0,0,0,0,0,0,0,0,0,0,0,0,0,0,0,0,0
7.050,22.893,10.923,-4.378,97.705,0,19.972,5.000,21.658,-48.768,11.313,-25.167,97.323,0,-49.411,7.437,1.440,0,0,0,0,0,0,0,0,0,0,0,0,0,0,0,0,0,0,0,0,0,0,0,0
7.100,22.889,10.981,-4.291,97.653,0,19.972,5.000,21.658,-48.819,11.388,-25.091,97.258,0,-49.411,7.437,1.440,0,0,0,0,0,0,0,0,0,0,0,0,0,0,0,0,0,0,0,0,0,0,0,0
7.150,22.885,11.038,-4.203,97.602,0,19.972,5.000,21.658,-48.870,11.463,-25.015,97.193,0,-49.411,7.437,1.440,0,0,0,0,0,0,0,0,0,0,0,0,0,0,0,0,0,0,0,0,0,0,0,0
7.200,22.881,11.094,-4.115,97.551,0,19.972,5.000,21.658,-48.921,11.536,-24.939,97.129,0,-49.411,7.437,1.440,0,0,0,0,0,0,0,0,0,0,0,0,0,0,0,0,0,0,0,0,0,0,0,0
7.250,22.878,11.149,-4.027,97.500,0,19.972,5.000,21.658,-48.973,11.608,-24.862,97.065,0,-49.411,7.437,1.440,0,0,0,0,0,0,0,0,0,0,0,0,0,0,0,0,0,0,0,0,0,0,0,0
7.300,22.874,11.203,-3.939,97.450,0,19.972,5.000,21.658,-49.025,11.679,-24.785,97.002,0,-49.411,7.437,1.440,0,0,0,0,0,0,0,0,0,0,0,0,0,0,0,0,0,0,0,0,0,0,0,0
7.350,22.871,11.255,-3.850,97.399,0,19.972,5.000,21.658,-49.077,11.749,-24.708,96.940,0,-49.411,7.437,1.440,0,0,0,0,0,0,0,0,0,0,0,0,0,0,0,0,0,0,0,0,0,0,0,0
7.400,22.867,11.306,-3.761,97.349,0,19.972,5.000,21.658,-49.129,11.818,-24.631,96.877,0,-49.411,7.437,1.440,0,0,0,0,0,0,0,0,0,0,0,0,0,0,0,0,0,0,0,0,0,0,0,0
7.450,22.864,11.355,-3.672,97.299,0,19.972,5.000,21.658,-49.180,11.886,-24.553,96.816,0,-49.411,7.437,1.440,0,0,0,0,0,0,0,0,0,0,0,0,0,0,0,0,0,0,0,0,0,0,0,0
7.500,22.861,11.404,-3.583,97.249,0,19.972,5.000,21.658,-49.232,11.952,-24.476,96.754,0,-49.411,7.437,1.440,0,0,0,0,0,0,0,0,0,0,0,0,0,0,0,0,0,0,0,0,0,0,0,0
7.550,22.857,11.451,-3.493,97.199,0,19.972,5.000,21.658,-49.284,12.018,-24.398,96.694,0,-49.411,7.437,1.440,0,0,0,0,0,0,0,0,0,0,0,0,0,0,0,0,0,0,0,0,0,0,0,0
7.600,22.854,11.497,-3.403,97.149,0,19.972,5.000,21.658,-49.336,12.082,-24.319,96.633,0,-49.411,7.437,1.440,0,0,0,0,0,0,0,0,0,0,0,0,0,0,0,0,0,0,0,0,0,0,0,0
7.650,22.851,11.541,-3.313,97.099,0,19.972,5.000,21.658,-49.388,12.146,-24.241,96.573,0,-49.411,7.437,1.440,0,0,0,0,0,0,0,0,0,0,0,0,0,0,0,0,0,0,0,0,0,0,0,0
7.700,22.847,11.584,-3.223,97.049,0,19.972,5.000,21.658,-49.439,12.209,-24.162,96.513,0,-49.411,7.437,1.440,0,0,0,0,0,0,0,0,0,0,0,0,0,0,0,0,0,0,0,0,0,0,0,0
7.750,22.844,11.626,-3.132,96.999,0,19.972,5.000,21.658,-49.490,12.271,-24.083,96.454,0,-49.411,7.437,1.440,0,0,0,0,0,0,0,0,0,0,0,0,0,0,0,0,0,0,0,0,0,0,0,0
7.800,22.840,11.667,-3.041,96.950,0,19.972,5.000,21.658,-49.541,12.331,-24.004,96.395,0,-49.411,7.437,1.440,0,0,0,0,0,0,0,0,0,0,0,0,0,0,0,0,0,0,0,0,0,0,0,0
7.850,22.837,11.706,-2.950,96.900,0,19.972,5.000,21.658,-49.592,12.392,-23.924,96.337,0,-49.411,7.437,1.440,0,0,0,0,0,0,0,0,0,0,0,0,0,0,0,0,0,0,0,0,0,0,0,0
7.900,22.833,11.743,-2.858,96.850,0,19.972,5.000,21.658,-49.643,12.451,-23.845,96.279,0,-49.411,7.437,1.440,0,0,0,0,0,0,0,0,0,0,0,0,0,0,0,0,0,0,0,0,0,0,0,0
7.950,22.829,11.780,-2.767,96.800,0,19.972,5.000,21.658,-49.693,12.509,-23.765,96.221,0,-49.411,7.437,1.440,0,0,0,0,0,0,0,0,0,0,0,0,0,0,0,0,0,0,0,0,0,0,0,0
8.000,22.825,11.815,-2.675,96.750,0,19.972,5.000,21.658,-49.742,12.567,-23.684,96.164,0,-49.411,7.437,1.440,0,0,0,0,0,0,0,0,0,0,0,0,0,0,0,0,0,0,0,0,0,0,0,0
8.050,22.821,11.849,-2.583,96.700,0,19.972,5.000,21.658,-49.792,12.624,-23.604,96.107,0,-49.411,7.437,1.440,0,0,0,0,0,0,0,0,0,0,0,0,0,0,0,0,0,0,0,0,0,0,0,0
8.100,22.817,11.881,-2.490,96.650,0,19.972,5.000,21.658,-49.840,12.680,-23.523,96.050,0,-49.411,7.437,1.440,0,0,0,0,0,0,0,0,0,0,0,0,0,0,0,0,0,0,0,0,0,0,0,0
8.150,22.813,11.912,-2.397,96.600,0,19.972,5.000,21.658,-49.889,12.736,-23.442,95.994,0,-49.411,7.437,1.440,0,0,0,0,0,0,0,0,0,0,0,0,0,0,0,0,0,0,0,0,0,0,0,0
8.200,22.808,11.942,-2.304,96.550,0,19.972,5.000,21.658,-49.936,12.791,-23.360,95.938,0,-49.411,7.437,1.440,0,0,0,0,0,0,0,0,0,0,0,0,0,0,0,0,0,0,0,0,0,0,0,0
8.250,22.804,11.971,-2.211,96.500,0,19.972,5.000,21.658,-49.983,12.845,-23.279,95.883,0,-49.411,7.437,1.440,0,0,0,0,0,0,0,0,0,0,0,0,0,0,0,0,0,0,0,0,0,0,0,0
8.300,22.799,11.998,-2.118,96.450,0,19.972,5.000,21.658,-50.030,12.899,-23.197,95.827,0,-49.411,7.437,1.440,0,0,0,0,0,0,0,0,0,0,0,0,0,0,0,0,0,0,0,0,0,0,0,0
8.350,22.794,12.024,-2.024,96.400,0,19.972,5.000,21.658,-50.075,12.952,-23.114,95.772,0,-49.411,7.437,1.440,0,0,0,0,0,0,0,0,0,0,0,0,0,0,0,0,0,0,0,0,0,0,0,0
8.400,22.790,12.049,-1.930,96.350,0,19.972,5.000,21.658,-50.120,13.005,-23.032,95.718,0,-49.411,7.437,1.440,0,0,0,0,0,0,0,0,0,0,0,0,0,0,0,0,0,0,0,0,0,0,0,0
8.450,22.784,12.073,-1.836,96.299,0,19.972,5.000,21.658,-50.164,13.057,-22.949,95.663,0,-49.411,7.437,1.440,0,0,0,0,0,0,0,0,0,0,0,0,0,0,0,0,0,0,0,0,0,0,0,0
8.500,22.779,12.095,-1.741,96.249,0,19.972,5.000,21.658,-50.208,13.108,-22.866,95.609,0,-49.411,7.437,1.440,0,0,0,0,0,0,0,0,0,0,0,0,0,0,0,0,0,0,0,0,0,0,0,0
8.550,22.774,12.116,-1.647,96.198,0,19.972,5.000,21.658,-50.250,13.159,-22.782,95.555,0,-49.411,7.437,1.440,0,0,0,0,0,0,0,0,0,0,0,0,0,0,0,0,0,0,0,0,0,0,0,0
8.600,22.768,12.136,-1.552,96.148,0,19.972,5.000,21.658,-50.292,13.209,-22.699,95.502,0,-49.411,7.437,1.440,0,0,0,0,0,0,0,0,0,0,0,0,0,0,0,0,0,0,0,0,0,0,0,0
8.650,22.763,12.155,-1.457,96.098,0,19.972,5.000,21.658,-50.333,13.259,-22.615,95.448,0,-49.411,7.437,1.440,0,0,0,0,0,0,0,0,0,0,0,0,0,0,0,0,0,0,0,0,0,0,0,0
8.700,22.757,12.172,-1.362,96.047,0,19.972,5.000,21.658,-50.373,13.309,-22.530,95.395,0,-49.411,7.437,1.440,0,0,0,0,0,0,0,0,0,0,0,0,0,0,0,0,0,0,0,0,0,0,0,0
8.750,22.751,12.189,-1.266,95.996,0,19.972,5.000,21.658,-50.412,13.358,-22.446,95.342,0,-49.411,7.437,1.440,0,0,0,0,0,0,0,0,0,0,0,0,0,0,0,0,0,0,0,0,0,0,0,0
8.800,22.745,12.204,-1.170,95.946,0,19.972,5.000,21.658,-50.450,13.406,-22.361,95.289,0,-49.411,7.437,1.440,0,0,0,0,0,0,0,0,0,0,0,0,0,0,0,0,0,0,0,0,0,0,0,0
8.850,22.739,12.219,-1.075,95.895,0,19.972,5.000,21.658,-50.487,13.454,-22.276,95.236,0,-49.411,7.437,1.440,0,0,0,0,0,0,0,0,0,0,0,0,0,0,0,0,0,0,0,0,0,0,0,0
8.900,22.733,12.232,-0.979,95.844,0,19.972,5.000,21.658,-50.523,13.501,-22.190,95.183,0,-49.411,7.437,1.440,0,0,0,0,0,0,0,0,0,0,0,0,0,0,0,0,0,0,0,0,0,0,0,0
8.950,22.726,12.244,-0.883,95.793,0,19.972,5.000,21.658,-50.558,13.548,-22.104,95.131,0,-49.411,7.437,1.440,0,0,0,0,0,0,0,0,0,0,0,0,0,0,0,0,0,0,0,0,0,0,0,0
9.000,22.720,12.255,-0.786,95.742,0,19.972,5.000,21.658,-50.592,13.595,-22.018,95.079,0,-49.411,7.437,1.440,0,0,0,0,0,0,0,0,0,0,0,0,0,0,0,0,0,0,0,0,0,0,0,0
9.050,22.713,12.265,-0.690,95.692,0,19.972,5.000,21.658,-50.625,13.640,-21.932,95.027,0,-49.411,7.437,1.440,0,0,0,0,0,0,0,0,0,0,0,0,0,0,0,0,0,0,0,0,0,0,0,0
9.100,22.706,12.274,-0.593,95.641,0,19.972,5.000,21.658,-50.657,13.686,-21.845,94.976,0,-49.411,7.437,1.440,0,0,0,0,0,0,0,0,0,0,0,0,0,0,0,0,0,0,0,0,0,0,0,0
9.150,22.699,12.282,-0.496,95.590,0,19.972,5.000,21.658,-50.688,13.731,-21.758,94.924,0,-49.411,7.437,1.440,0,0,0,0,0,0,0,0,0,0,0,0,0,0,0,0,0,0,0,0,0,0,0,0
9.200,22.692,12.289,-0.400,95.538,0,19.972,5.000,21.658,-50.717,13.775,-21.671,94.873,0,-49.411,7.437,1.440,0,0,0,0,0,0,0,0,0,0,0,0,0,0,0,0,0,0,0,0,0,0,0,0
9.250,22.685,12.296,-0.303,95.487,0,19.972,5.000,21.658,-50.745,13.818,-21.584,94.821,0,-49.411,7.437,1.440,0,0,0,0,0,0,0,0,0,0,0,0,0,0,0,0,0,0,0,0,0,0,0,0
9.300,22.678,12.301,-0.205,95.436,0,19.972,5.000,21.658,-50.772,13.861,-21.496,94.770,0,-49.411,7.437,1.440,0,0,0,0,0,0,0,0,0,0,0,0,0,0,0,0,0,0,0,0,0,0,0,0
9.350,22.670,12.305,-0.108,95.385,0,19.972,5.000,21.658,-50.798,13.903,-21.408,94.719,0,-49.411,7.437,1.440,0,0,0,0,0,0,0,0,0,0,0,0,0,0,0,0,0,0,0,0,0,0,0,0
9.400,22.663,12.308,-0.011,95.334,0,19.972,5.000,21.658,-50.822,13.945,-21.319,94.668,0,-49.411,7.437,1.440,0,0,0,0,0,0,0,0,0,0,0,0,0,0,0,0,0,0,0,0,0,0,0,0
9.450,22.655,12.311,0.087,95.283,0,19.972,5.000,21.658,-50.846,13.986,-21.230,94.616,0,-49.411,7.437,1.440,0,0,0,0,0,0,0,0,0,0,0,0,0,0,0,0,0,0,0,0,0,0,0,0
9.500,22.647,12.312,0.184,95.231,0,19.972,5.000,21.658,-50.868,14.026,-21.141,94.565,0,-49.411,7.437,1.440,0,0,0,0,0,0,0,0,0,0,0,0,0,0,0,0,0,0,0,0,0,0,0,0
9.550,22.639,12.313,0.282,95.180,0,19.972,5.000,21.658,-50.890,14.066,-21.052,94.514,0,-49.411,7.437,1.440,0,0,0,0,0,0,0,0,0,0,0,0,0,0,0,0,0,0,0,0,0,0,0,0
9.600,22.631,12.313,0.380,95.129,0,19.972,5.000,21.658,-50.910,14.105,-20.962,94.463,0,-49.411,7.437,1.440,0,0,0,0,0,0,0,0,0,0,0,0,0,0,0,0,0,0,0,0,0,0,0,0
9.650,22.623,12.312,0.477,95.077,0,19.972,5.000,21.658,-50.930,14.144,-20.872,94.412,0,-49.411,7.437,1.440,0,0,0,0,0,0,0,0,0,0,0,0,0,0,0,0,0,0,0,0,0,0,0,0
9.700,22.615,12.311,0.575,95.026,0,19.972,5.000,21.658,-50.949,14.182,-20.782,94.361,0,-49.411,7.437,1.440,0,0,0,0,0,0,0,0,0,0,0,0,0,0,0,0,0,0,0,0,0,0,0,0
9.750,22.607,12.308,0.673,94.975,0,19.972,5.000,21.658,-50.967,14.219,-20.692,94.310,0,-49.411,7.437,1.440,0,0,0,0,0,0,0,0,0,0,0,0,0,0,0,0,0,0,0,0,0,0,0,0
9.800,22.598,12.305,0.771,94.923,0,19.972,5.000,21.658,-50.984,14.256,-20.601,94.260,0,-49.411,7.437,1.440,0,0,0,0,0,0,0,0,0,0,0,0,0,0,0,0,0,0,0,0,0,0,0,0
9.850,22.590,12.301,0.869,94.872,0,19.972,5.000,21.658,-51.000,14.293,-20.510,94.209,0,-49.411,7.437,1.440,0,0,0,0,0,0,0,0,0,0,0,0,0,0,0,0,0,0,0,0,0,0,0,0
9.900,22.581,12.296,0.967,94.820,0,19.972,5.000,21.658,-51.015,14.328,-20.418,94.158,0,-49.411,7.437,1.440,0,0,0,0,0,0,0,0,0,0,0,0,0,0,0,0,0,0,0,0,0,0,0,0
9.950,22.572,12.291,1.065,94.769,0,19.972,5.000,21.658,-51.030,14.364,-20.327,94.108,0,-49.411,7.437,1.440,0,0,0,0,0,0,0,0,0,0,0,0,0,0,0,0,0,0,0,0,0,0,0,0
10.000,22.564,12.285,1.164,94.717,0,19.972,5.000,21.658,-51.044,14.399,-20.235,94.057,0,-49.411,7.437,1.440,0,0,0,0,0,0,0,0,0,0,0,0,0,0,0,0,0,0,0,0,0,0,0,0
10.050,22.555,12.278,1.262,94.666,0,19.972,5.000,21.658,-51.057,14.433,-20.143,94.007,0,-49.411,7.437,1.440,0,0,0,0,0,0,0,0,0,0,0,0,0,0,0,0,0,0,0,0,0,0,0,0
10.100,22.546,12.271,1.360,94.614,0,19.972,5.000,21.658,-51.070,14.467,-20.051,93.956,0,-49.411,7.437,1.440,0,0,0,0,0,0,0,0,0,0,0,0,0,0,0,0,0,0,0,0,0,0,0,0
10.150,22.537,12.263,1.458,94.562,0,19.972,5.000,21.658,-51.082,14.500,-19.958,93.906,0,-49.411,7.437,1.440,0,0,0,0,0,0,0,0,0,0,0,0,0,0,0,0,0,0,0,0,0,0,0,0
10.200,22.528,12.254,1.557,94.511,0,19.972,5.000,21.658,-51.094,14.532,-19.865,93.855,0,-49.411,7.437,1.440,0,0,0,0,0,0,0,0,0,0,0,0,0,0,0,0,0,0,0,0,0,0,0,0
10.250,22.519,12.245,1.655,94.459,0,19.972,5.000,21.658,-51.105,14.564,-19.772,93.805,0,-49.411,7.437,1.440,0,0,0,0,0,0,0,0,0,0,0,0,0,0,0,0,0,0,0,0,0,0,0,0
10.300,22.509,12.235,1.753,94.408,0,19.972,5.000,21.658,-51.116,14.596,-19.679,93.754,0,-49.411,7.437,1.440,0,0,0,0,0,0,0,0,0,0,0,0,0,0,0,0,0,0,0,0,0,0,0,0
10.350,22.500,12.225,1.852,94.356,0,19.972,5.000,21.658,-51.126,14.627,-19.586,93.704,0,-49.411,7.437,1.440,0,0,0,0,0,0,0,0,0,0,0,0,0,0,0,0,0,0,0,0,0,0,0,0
10.400,22.491,12.214,1.950,94.305,0,19.972,5.000,21.658,-51.136,14.657,-19.492,93.654,0,-49.411,7.437,1.440,0,0,0,0,0,0,0,0,0,0,0,0,0,0,0,0,0,0,0,0,0,0,0,0
10.450,22.481,12.203,2.048,94.253,0,19.972,5.000,21.658,-51.145,14.687,-19.398,93.603,0,-49.411,7.437,1.440,0,0,0,0,0,0,0,0,0,0,0,0,0,0,0,0,0,0,0,0,0,0,0,0
10.500,22.472,12.191,2.147,94.201,0,19.972,5.000,21.658,-51.155,14.716,-19.304,93.553,0,-49.411,7.437,1.440,0,0,0,0,0,0,0,0,0,0,0,0,0,0,0,0,0,0,0,0,0,0,0,0
10.550,22.463,12.179,2.245,94.150,0,19.972,5.000,21.658,-51.164,14.745,-19.210,93.503,0,-49.411,7.437,1.440,0,0,0,0,0,0,0,0,0,0,0,0,0,0,0,0,0,0,0,0,0,0,0,0
10.600,22.453,12.166,2.344,94.098,0,19.972,5.000,21.658,-51.172,14.773,-19.116,93.452,0,-49.411,7.437,1.440,0,0,0,0,0,0,0,0,0,0,0,0,0,0,0,0,0,0,0,0,0,0,0,0
10.650,22.444,12.152,2.442,94.046,0,19.972,5.000,21.658,-51.181,14.800,-19.021,93.402,0,-49.411,7.437,1.440,0,0,0,0,0,0,0,0,0,0,0,0,0,0,0,0,0,0,0,0,0,0,0,0
10.700,22.434,12.139,2.540,93.995,0,19.972,5.000,21.658,-51.189,14.827,-18.926,93.352,0,-49.411,7.437,1.440,0,0,0,0,0,0,0,0,0,0,0,0,0,0,0,0,0,0,0,0,0,0,0,0
10.750,22.424,12.124,2.639,93.943,0,19.972,5.000,21.658,-51.197,14.853,-18.831,93.302,0,-49.411,7.437,1.440,0,0,0,0,0,0,0,0,0,0,0,0,0,0,0,0,0,0,0,0,0,0,0,0
10.800,22.415,12.110,2.737,93.892,0,19.972,5.000,21.658,-51.205,14.879,-18.736,93.251,0,-49.411,7.437,1.440,0,0,0,0,0,0,0,0,0,0,0,0,0,0,0,0,0,0,0,0,0,0,0,0
10.850,22.405,12.095,2.835,93.840,0,19.972,5.000,21.658,-51.212,14.904,-18.641,93.201,0,-49.411,7.437,1.440,0,0,0,0,0,0,0,0,0,0,0,0,0,0,0,0,0,0,0,0,0,0,0,0
10.900,22.395,12.079,2.934,93.788,0,19.972,5.000,21.658,-51.220,14.928,-18.545,93.151,0,-49.411,7.437,1.440,0,0,0,0,0,0,0,0,0,0,0,0,0,0,0,0,0,0,0,0,0,0,0,0
10.950,22.386,12.063,3.032,93.737,0,19.972,5.000,21.658,-51.227,14.952,-18.450,93.101,0,-49.411,7.437,1.440,0,0,0,0,0,0,0,0,0,0,0,0,0,0,0,0,0,0,0,0,0,0,0,0
11.000,22.376,12.047,3.131,93.685,0,19.972,5.000,21.658,-51.234,14.976,-18.354,93.050,0,-49.411,7.437,1.440,0,0,0,0,0,0,0,0,0,0,0,0,0,0,0,0,0,0,0,0,0,0,0,0
11.050,22.366,12.030,3.229,93.634,0,19.972,5.000,21.658,-51.241,14.998,-18.258,93.000,0,-49.411,7.437,1.440,0,0,0,0,0,0,0,0,0,0,0,0,0,0,0,0,0,0,0,0,0,0,0,0
11.100,22.357,12.014,3.327,93.582,0,19.972,5.000,21.658,-51.248,15.020,-18.162,92.950,0,-49.411,7.437,1.440,0,0,0,0,0,0,0,0,0,0,0,0,0,0,0,0,0,0,0,0,0,0,0,0
11.150,22.347,11.996,3.425,93.530,0,19.972,5.000,21.658,-51.255,15.042,-18.065,92.900,0,-49.411,7.437,1.440,0,0,0,0,0,0,0,0,0,0,0,0,0,0,0,0,0,0,0,0,0,0,0,0
11.200,22.337,11.979,3.524,93.479,0,19.972,5.000,21.658,-51.262,15.062,-17.969,92.850,0,-49.411,7.437,1.440,0,0,0,0,0,0,0,0,0,0,0,0,0,0,0,0,0,0,0,0,0,0,0,0
11.250,22.327,11.961,3.622,93.427,0,19.972,5.000,21.658,-51.269,15.083,-17.873,92.799,0,-49.411,7.437,1.440,0,0,0,0,0,0,0,0,0,0,0,0,0,0,0,0,0,0,0,0,0,0,0,0
11.300,22.318,11.943,3.720,93.376,0,19.972,5.000,21.658,-51.276,15.102,-17.776,92.749,0,-49.411,7.437,1.440,0,0,0,0,0,0,0,0,0,0,0,0,0,0,0,0,0,0,0,0,0,0,0,0
11.350,22.308,11.924,3.818,93.324,0,19.972,5.000,21.658,-51.283,15.121,-17.679,92.699,0,-49.411,7.437,1.440,0,0,0,0,0,0,0,0,0,0,0,0,0,0,0,0,0,0,0,0,0,0,0,0
11.400,22.298,11.906,3.917,93.273,0,19.972,5.000,21.658,-51.290,15.140,-17.582,92.648,0,-49.411,7.437,1.440,0,0,0,0,0,0,0,0,0,0,0,0,0,0,0,0,0,0,0,0,0,0,0,0
11.450,22.288,11.887,4.015,93.221,0,19.972,5.000,21.658,-51.297,15.158,-17.485,92.598,0,-49.411,7.437,1.440,0,0,0,0,0,0,0,0,0,0,0,0,0,0,0,0,0,0,0,0,0,0,0,0
11.500,22.279,11.867,4.113,93.170,0,19.972,5.000,21.658,-51.304,15.175,-17.388,92.548,0,-49.411,7.437,1.440,0,0,0,0,0,0,0,0,0,0,0,0,0,0,0,0,0,0,0,0,0,0,0,0
11.550,22.269,11.848,4.211,93.118,0,19.972,5.000,21.658,-51.311,15.192,-17.291,92.497,0,-49.411,7.437,1.440,0,0,0,0,0,0,0,0,0,0,0,0,0,0,0,0,0,0,0,0,0,0,0,0
11.600,22.259,11.828,4.309,93.067,0,19.972,5.000,21.658,-51.319,15.208,-17.194,92.447,0,-49.411,7.437,1.440,0,0,0,0,0,0,0,0,0,0,0,0,0,0,0,0,0,0,0,0,0,0,0,0
11.650,22.250,11.808,4.407,93.015,0,19.972,5.000,21.658,-51.326,15.223,-17.096,92.396,0,-49.411,7.437,1.440,0,0,0,0,0,0,0,0,0,0,0,0,0,0,0,0,0,0,0,0,0,0,0,0
11.700,22.240,11.788,4.505,92.964,0,19.972,5.000,21.658,-51.333,15.238,-16.999,92.346,0,-49.411,7.437,1.440,0,0,0,0,0,0,0,0,0,0,0,0,0,0,0,0,0,0,0,0,0,0,0,0
11.750,22.230,11.768,4.604,92.913,0,19.972,5.000,21.658,-51.341,15.253,-16.901,92.296,0,-49.411,7.437,1.440,0,0,0,0,0,0,0,0,0,0,0,0,0,0,0,0,0,0,0,0,0,0,0,0
11.800,22.221,11.748,4.702,92.861,0,19.972,5.000,21.658,-51.349,15.267,-16.803,92.245,0,-49.411,7.437,1.440,0,0,0,0,0,0,0,0,0,0,0,0,0,0,0,0,0,0,0,0,0,0,0,0
11.850,22.211,11.727,4.800,92.810,0,19.972,5.000,21.658,-51.356,15.280,-16.705,92.195,0,-49.411,7.437,1.440,0,0,0,0,0,0,0,0,0,0,0,0,0,0,0,0,0,0,0,0,0,0,0,0
11.900,22.202,11.706,4.898,92.758,0,19.972,5.000,21.658,-51.364,15.293,-16.608,92.144,0,-49.411,7.437,1.440,0,0,0,0,0,0,0,0,0,0,0,0,0,0,0,0,0,0,0,0,0,0,0,0
11.950,22.192,11.685,4.996,92.707,0,19.972,5.000,21.658,-51.372,15.306,-16.510,92.093,0,-49.411,7.437,1.440,0,0,0,0,0,0,0,0,0,0,0,0,0,0,0,0,0,0,0,0,0,0,0,0
12.000,22.183,11.664,5.094,92.656,0,19.972,5.000,21.658,-51.380,15.318,-16.412,92.043,0,-49.411,7.437,1.440,0,0,0,0,0,0,0,0,0,0,0,0,0,0,0,0,0,0,0,0,0,0,0,0
12.050,22.173,11.643,5.192,92.605,0,19.972,5.000,21.658,-51.389,15.329,-16.313,91.992,0,-49.411,7.437,1.440,0,0,0,0,0,0,0,0,0,0,0,0,0,0,0,0,0,0,0,0,0,0,0,0
12.100,22.164,11.622,5.290,92.553,0,19.972,5.000,21.658,-51.397,15.340,-16.215,91.941,0,-49.411,7.437,1.440,0,0,0,0,0,0,0,0,0,0,0,0,0,0,0,0,0,0,0,0,0,0,0,0
12.150,22.155,11.600,5.387,92.502,0,19.972,5.000,21.658,-51.406,15.351,-16.117,91.890,0,-49.411,7.437,1.440,0,0,0,0,0,0,0,0,0,0,0,0,0,0,0,0,0,0,0,0,0,0,0,0
12.200,22.145,11.579,5.485,92.451,0,19.972,5.000,21.658,-51.415,15.361,-16.019,91.840,0,-49.411,7.437,1.440,0,0,0,0,0,0,0,0,0,0,0,0,0,0,0,0,0,0,0,0,0,0,0,0
12.250,22.136,11.557,5.583,92.400,0,19.972,5.000,21.658,-51.424,15.370,-15.920,91.789,0,-49.411,7.437,1.440,0,0,0,0,0,0,0,0,0,0,0,0,0,0,0,0,0,0,0,0,0,0,0,0
12.300,22.127,11.535,5.681,92.349,0,19.972,5.000,21.658,-51.433,15.379,-15.822,91.738,0,-49.411,7.437,1.440,0,0,0,0,0,0,0,0,0,0,0,0,0,0,0,0,0,0,0,0,0,0,0,0
12.350,22.118,11.513,5.779,92.298,0,19.972,5.000,21.658,-51.443,15.387,-15.723,91.687,0,-49.411,7.437,1.440,0,0,0,0,0,0,0,0,0,0,0,0,0,0,0,0,0,0,0,0,0,0,0,0
12.400,22.109,11.492,5.877,92.247,0,19.972,5.000,21.658,-51.452,15.394,-15.625,91.636,0,-49.411,7.437,1.440,0,0,0,0,0,0,0,0,0,0,0,0,0,0,0,0,0,0,0,0,0,0,0,0
12.450,22.100,11.470,5.975,92.196,0,19.972,5.000,21.658,-51.462,15.401,-15.526,91.585,0,-49.411,7.437,1.440,0,0,0,0,0,0,0,0,0,0,0,0,0,0,0,0,0,0,0,0,0,0,0,0
12.500,22.091,11.448,6.072,92.145,0,19.972,5.000,21.658,-51.472,15.407,-15.428,91.533,0,-49.411,7.437,1.440,0,0,0,0,0,0,0,0,0,0,0,0,0,0,0,0,0,0,0,0,0,0,0,0
12.550,22.083,11.426,6.170,92.094,0,19.972,5.000,21.658,-51.483,15.413,-15.329,91.482,0,-49.411,7.437,1.440,0,0,0,0,0,0,0,0,0,0,0,0,0,0,0,0,0,0,0,0,0,0,0,0
12.600,22.074,11.404,6.268,92.043,0,19.972,5.000,21.658,-51.493,15.418,-15.230,91.431,0,-49.411,7.437,1.440,0,0,0,0,0,0,0,0,0,0,0,0,0,0,0,0,0,0,0,0,0,0,0,0
12.650,22.065,11.382,6.366,91.992,0,19.972,5.000,21.658,-51.504,15.423,-15.131,91.380,0,-49.411,7.437,1.440,0,0,0,0,0,0,0,0,0,0,0,0,0,0,0,0,0,0,0,0,0,0,0,0
12.700,22.057,11.361,6.464,91.942,0,19.972,5.000,21.658,-51.515,15.427,-15.033,91.328,0,-49.411,7.437,1.440,0,0,0,0,0,0,0,0,0,0,0,0,0,0,0,0,0,0,0,0,0,0,0,0
12.750,22.048,11.339,6.561,91.891,0,19.972,5.000,21.658,-51.526,15.431,-14.934,91.277,0,-49.411,7.437,1.440,0,0,0,0,0,0,0,0,0,0,0,0,0,0,0,0,0,0,0,0,0,0,0,0
12.800,22.040,11.317,6.659,91.840,0,19.972,5.000,21.658,-51.537,15.434,-14.835,91.225,0,-49.411,7.437,1.440,0,0,0,0,0,0,0,0,0,0,0,0,0,0,0,0,0,0,0,0,0,0,0,0
12.850,22.032,11.295,6.757,91.789,0,19.972,5.000,21.658,-51.549,15.436,-14.736,91.174,0,-49.411,7.437,1.440,0,0,0,0,0,0,0,0,0,0,0,0,0,0,0,0,0,0,0,0,0,0,0,0
12.900,22.024,11.274,6.855,91.739,0,19.972,5.000,21.658,-51.560,15.438,-14.637,91.122,0,-49.411,7.437,1.440,0,0,0,0,0,0,0,0,0,0,0,0,0,0,0,0,0,0,0,0,0,0,0,0
12.950,22.016,11.252,6.953,91.688,0,19.972,5.000,21.658,-51.572,15.440,-14.538,91.071,0,-49.411,7.437,1.440,0,0,0,0,0,0,0,0,0,0,0,0,0,0,0,0,0,0,0,0,0,0,0,0
13.000,22.008,11.230,7.050,91.638,0,19.972,5.000,21.658,-51.585,15.441,-14.439,91.019,0,-49.411,7.437,1.440,0,0,0,0,0,0,0,0,0,0,0,0,0,0,0,0,0,0,0,0,0,0,0,0
13.050,22.000,11.209,7.148,91.587,0,19.972,5.000,21.658,-51.597,15.441,-14.340,90.967,0,-49.411,7.437,1.440,0,0,0,0,0,0,0,0,0,0,0,0,0,0,0,0,0,0,0,0,0,0,0,0
13.100,21.992,11.187,7.246,91.536,0,19.972,5.000,21.658,-51.609,15.441,-14.241,90.916,0,-49.411,7.437,1.440,0,0,0,0,0,0,0,0,0,0,0,0,0,0,0,0,0,0,0,0,0,0,0,0
13.150,21.985,11.166,7.344,91.486,0,19.972,5.000,21.658,-51.622,15.440,-14.142,90.864,0,-49.411,7.437,1.440,0,0,0,0,0,0,0,0,0,0,0,0,0,0,0,0,0,0,0,0,0,0,0,0
13.200,21.977,11.144,7.441,91.435,0,19.972,5.000,21.658,-51.635,15.439,-14.042,90.812,0,-49.411,7.437,1.440,0,0,0,0,0,0,0,0,0,0,0,0,0,0,0,0,0,0,0,0,0,0,0,0
13.250,21.970,11.123,7.539,91.385,0,19.972,5.000,21.658,-51.648,15.438,-13.943,90.761,0,-49.411,7.437,1.440,0,0,0,0,0,0,0,0,0,0,0,0,0,0,0,0,0,0,0,0,0,0,0,0
13.300,21.963,11.102,7.637,91.334,0,19.972,5.000,21.658,-51.662,15.436,-13.844,90.709,0,-49.411,7.437,1.440,0,0,0,0,0,0,0,0,0,0,0,0,0,0,0,0,0,0,0,0,0,0,0,0
13.350,21.955,11.081,7.735,91.284,0,19.972,5.000,21.658,-51.675,15.434,-13.745,90.657,0,-49.411,7.437,1.440,0,0,0,0,0,0,0,0,0,0,0,0,0,0,0,0,0,0,0,0,0,0,0,0
13.400,21.948,11.060,7.832,91.234,0,19.972,5.000,21.658,-51.689,15.431,-13.646,90.605,0,-49.411,7.437,1.440,0,0,0,0,0,0,0,0,0,0,0,0,0,0,0,0,0,0,0,0,0,0,0,0
13.450,21.941,11.039,7.930,91.183,0,19.972,5.000,21.658,-51.703,15.428,-13.547,90.553,0,-49.411,7.437,1.440,0,0,0,0,0,0,0,0,0,0,0,0,0,0,0,0,0,0,0,0,0,0,0,0
13.500,21.935,11.018,8.028,91.133,0,19.972,5.000,21.658,-51.717,15.424,-13.447,90.501,0,-49.411,7.437,1.440,0,0,0,0,0,0,0,0,0,0,0,0,0,0,0,0,0,0,0,0,0,0,0,0
13.550,21.928,10.998,8.126,91.083,0,19.972,5.000,21.658,-51.731,15.420,-13.348,90.449,0,-49.411,7.437,1.440,0,0,0,0,0,0,0,0,0,0,0,0,0,0,0,0,0,0,0,0,0,0,0,0
13.600,21.921,10.977,8.223,91.032,0,19.972,5.000,21.658,-51.746,15.415,-13.249,90.397,0,-49.411,7.437,1.440,0,0,0,0,0,0,0,0,0,0,0,0,0,0,0,0,0,0,0,0,0,0,0,0
13.650,21.914,10.957,8.321,90.982,0,19.972,5.000,21.658,-51.760,15.410,-13.150,90.345,0,-49.411,7.437,1.440,0,0,0,0,0,0,0,0,0,0,0,0,0,0,0,0,0,0,0,0,0,0,0,0
13.700,21.908,10.936,8.419,90.932,0,19.972,5.000,21.658,-51.775,15.405,-13.051,90.293,0,-49.411,7.437,1.440,0,0,0,0,0,0,0,0,0,0,0,0,0,0,0,0,0,0,0,0,0,0,0,0
13.750,21.902,10.916,8.517,90.882,0,19.972,5.000,21.658,-51.790,15.399,-12.951,90.241,0,-49.411,7.437,1.440,0,0,0,0,0,0,0,0,0,0,0,0,0,0,0,0,0,0,0,0,0,0,0,0
13.800,21.895,10.896,8.614,90.831,0,19.972,5.000,21.658,-51.805,15.392,-12.852,90.189,0,-49.411,7.437,1.440,0,0,0,0,0,0,0,0,0,0,0,0,0,0,0,0,0,0,0,0,0,0,0,0
13.850,21.889,10.876,8.712,90.781,0,19.972,5.000,21.658,-51.819,15.385,-12.753,90.137,0,-49.411,7.437,1.440,0,0,0,0,0,0,0,0,0,0,0,0,0,0,0,0,0,0,0,0,0,0,0,0
13.900,21.883,10.857,8.810,90.731,0,19.972,5.000,21.658,-51.834,15.378,-12.654,90.085,0,-49.411,7.437,1.440,0,0,0,0,0,0,0,0,0,0,0,0,0,0,0,0,0,0,0,0,0,0,0,0
13.950,21.877,10.837,8.908,90.681,0,19.972,5.000,21.658,-51.849,15.370,-12.555,90.032,0,-49.411,7.437,1.440,0,0,0,0,0,0,0,0,0,0,0,0,0,0,0,0,0,0,0,0,0,0,0,0
14.000,21.871,10.817,9.006,90.631,0,19.972,5.000,21.658,-51.865,15.362,-12.455,89.980,0,-49.411,7.437,1.440,0,0,0,0,0,0,0,0,0,0,0,0,0,0,0,0,0,0,0,0,0,0,0,0
14.050,21.865,10.798,9.104,90.581,0,19.972,5.000,21.658,-51.880,15.353,-12.356,89.928,0,-49.411,7.437,1.440,0,0,0,0,0,0,0,0,0,0,0,0,0,0,0,0,0,0,0,0,0,0,0,0
14.100,21.859,10.779,9.201,90.531,0,19.972,5.000,21.658,-51.895,15.344,-12.257,89.875,0,-49.411,7.437,1.440,0,0,0,0,0,0,0,0,0,0,0,0,0,0,0,0,0,0,0,0,0,0,0,0
14.150,21.853,10.760,9.299,90.480,0,19.972,5.000,21.658,-51.910,15.334,-12.158,89.823,0,-49.411,7.437,1.440,0,0,0,0,0,0,0,0,0,0,0,0,0,0,0,0,0,0,0,0,0,0,0,0
14.200,21.847,10.741,9.397,90.430,0,19.972,5.000,21.658,-51.925,15.323,-12.059,89.771,0,-49.411,7.437,1.440,0,0,0,0,0,0,0,0,0,0,0,0,0,0,0,0,0,0,0,0,0,0,0,0
14.250,21.841,10.722,9.495,90.380,0,19.972,5.000,21.658,-51.940,15.313,-11.959,89.718,0,-49.411,7.437,1.440,0,0,0,0,0,0,0,0,0,0,0,0,0,0,0,0,0,0,0,0,0,0,0,0
14.300,21.835,10.703,9.593,90.330,0,19.972,5.000,21.658,-51.955,15.301,-11.860,89.666,0,-49.411,7.437,1.440,0,0,0,0,0,0,0,0,0,0,0,0,0,0,0,0,0,0,0,0,0,0,0,0
14.350,21.830,10.685,9.691,90.280,0,19.972,5.000,21.658,-51.970,15.290,-11.761,89.613,0,-49.411,7.437,1.440,0,0,0,0,0,0,0,0,0,0,0,0,0,0,0,0,0,0,0,0,0,0,0,0
14.400,21.824,10.667,9.789,90.230,0,19.972,5.000,21.658,-51.985,15.277,-11.662,89.560,0,-49.411,7.437,1.440,0,0,0,0,0,0,0,0,0,0,0,0,0,0,0,0,0,0,0,0,0,0,0,0
14.450,21.818,10.648,9.887,90.180,0,19.972,5.000,21.658,-52.000,15.264,-11.563,89.508,0,-49.411,7.437,1.440,0,0,0,0,0,0,0,0,0,0,0,0,0,0,0,0,0,0,0,0,0,0,0,0
14.500,21.813,10.630,9.984,90.130,0,19.972,5.000,21.658,-52.015,15.251,-11.464,89.455,0,-49.411,7.437,1.440,0,0,0,0,0,0,0,0,0,0,0,0,0,0,0,0,0,0,0,0,0,0,0,0
14.550,21.807,10.612,10.082,90.080,0,19.972,5.000,21.658,-52.030,15.237,-11.365,89.402,0,-49.411,7.437,1.440,0,0,0,0,0,0,0,0,0,0,0,0,0,0,0,0,0,0,0,0,0,0,0,0
14.600,21.802,10.595,10.180,90.030,0,19.972,5.000,21.658,-52.044,15.223,-11.266,89.349,0,-49.411,7.437,1.440,0,0,0,0,0,0,0,0,0,0,0,0,0,0,0,0,0,0,0,0,0,0,0,0
14.650,21.796,10.577,10.278,89.981,0,19.972,5.000,21.658,-52.059,15.208,-11.167,89.296,0,-49.411,7.437,1.440,0,0,0,0,0,0,0,0,0,0,0,0,0,0,0,0,0,0,0,0,0,0,0,0
14.700,21.790,10.559,10.376,89.931,0,19.972,5.000,21.658,-52.073,15.192,-11.068,89.243,0,-49.411,7.437,1.440,0,0,0,0,0,0,0,0,0,0,0,0,0,0,0,0,0,0,0,0,0,0,0,0
14.750,21.785,10.542,10.474,89.881,0,19.972,5.000,21.658,-52.087,15.176,-10.969,89.190,0,-49.411,7.437,1.440,0,0,0,0,0,0,0,0,0,0,0,0,0,0,0,0,0,0,0,0,0,0,0,0
14.800,21.779,10.525,10.572,89.831,0,19.972,5.000,21.658,-52.101,15.160,-10.870,89.136,0,-49.411,7.437,1.440,0,0,0,0,0,0,0,0,0,0,0,0,0,0,0,0,0,0,0,0,0,0,0,0
14.850,21.774,10.508,10.670,89.781,0,19.972,5.000,21.658,-52.115,15.143,-10.771,89.083,0,-49.411,7.437,1.440,0,0,0,0,0,0,0,0,0,0,0,0,0,0,0,0,0,0,0,0,0,0,0,0
14.900,21.769,10.491,10.768,89.731,0,19.972,5.000,21.658,-52.129,15.125,-10.672,89.029,0,-49.411,7.437,1.440,0,0,0,0,0,0,0,0,0,0,0,0,0,0,0,0,0,0,0,0,0,0,0,0
14.950,21.763,10.474,10.866,89.681,0,19.972,5.000,21.658,-52.142,15.106,-10.573,88.976,0,-49.411,7.437,1.440,0,0,0,0,0,0,0,0,0,0,0,0,0,0,0,0,0,0,0,0,0,0,0,0
15.000,21.758,10.457,10.964,89.631,0,19.972,5.000,21.658,-52.155,15.088,-10.474,88.922,0,-49.411,7.437,1.440,0,0,0,0,0,0,0,0,0,0,0,0,0,0,0,0,0,0,0,0,0,0,0,0
15.050,21.752,10.440,11.062,89.581,0,19.972,5.000,21.658,-52.168,15.068,-10.375,88.868,0,-49.411,7.437,1.440,0,0,0,0,0,0,0,0,0,0,0,0,0,0,0,0,0,0,0,0,0,0,0,0
15.100,21.747,10.424,11.160,89.532,0,19.972,5.000,21.658,-52.181,15.048,-10.276,88.814,0,-49.411,7.437,1.440,0,0,0,0,0,0,0,0,0,0,0,0,0,0,0,0,0,0,0,0,0,0,0,0
15.150,21.741,10.408,11.258,89.482,0,19.972,5.000,21.658,-52.193,15.027,-10.177,88.759,0,-49.411,7.437,1.440,0,0,0,0,0,0,0,0,0,0,0,0,0,0,0,0,0,0,0,0,0,0,0,0
15.200,21.736,10.391,11.356,89.432,0,19.972,5.000,21.658,-52.205,15.006,-10.079,88.705,0,-49.411,7.437,1.440,0,0,0,0,0,0,0,0,0,0,0,0,0,0,0,0,0,0,0,0,0,0,0,0
15.250,21.730,10.375,11.454,89.382,0,19.972,5.000,21.658,-52.217,14.983,-9.980,88.650,0,-49.411,7.437,1.440,0,0,0,0,0,0,0,0,0,0,0,0,0,0,0,0,0,0,0,0,0,0,0,0
15.300,21.724,10.359,11.552,89.332,0,19.972,5.000,21.658,-52.228,14.961,-9.881,88.595,0,-49.411,7.437,1.440,0,0,0,0,0,0,0,0,0,0,0,0,0,0,0,0,0,0,0,0,0,0,0,0
15.350,21.719,10.343,11.650,89.282,0,19.972,5.000,21.658,-52.239,14.937,-9.782,88.540,0,-49.411,7.437,1.440,0,0,0,0,0,0,0,0,0,0,0,0,0,0,0,0,0,0,0,0,0,0,0,0
15.400,21.713,10.327,11.748,89.233,0,19.972,5.000,21.658,-52.250,14.913,-9.684,88.485,0,-49.411,7.437,1.440,0,0,0,0,0,0,0,0,0,0,0,0,0,0,0,0,0,0,0,0,0,0,0,0
15.450,21.708,10.312,11.846,89.183,0,19.972,5.000,21.658,-52.260,14.888,-9.585,88.429,0,-49.411,7.437,1.440,0,0,0,0,0,0,0,0,0,0,0,0,0,0,0,0,0,0,0,0,0,0,0,0
15.500,21.702,10.296,11.944,89.133,0,19.972,5.000,21.658,-52.269,14.863,-9.487,88.374,0,-49.411,7.437,1.440,0,0,0,0,0,0,0,0,0,0,0,0,0,0,0,0,0,0,0,0,0,0,0,0
15.550,21.696,10.280,12.042,89.083,0,19.972,5.000,21.658,-52.279,14.837,-9.388,88.318,0,-49.411,7.437,1.440,0,0,0,0,0,0,0,0,0,0,0,0,0,0,0,0,0,0,0,0,0,0,0,0
15.600,21.690,10.265,12.140,89.033,0,19.972,5.000,21.658,-52.288,14.810,-9.290,88.261,0,-49.411,7.437,1.440,0,0,0,0,0,0,0,0,0,0,0,0,0,0,0,0,0,0,0,0,0,0,0,0
15.650,21.685,10.249,12.238,88.984,0,19.972,5.000,21.658,-52.296,14.782,-9.191,88.205,0,-49.411,7.437,1.440,0,0,0,0,0,0,0,0,0,0,0,0,0,0,0,0,0,0,0,0,0,0,0,0
15.700,21.679,10.234,12.336,88.934,0,19.972,5.000,21.658,-52.304,14.753,-9.093,88.148,0,-49.411,7.437,1.440,0,0,0,0,0,0,0,0,0,0,0,0,0,0,0,0,0,0,0,0,0,0,0,0
15.750,21.673,10.219,12.434,88.884,0,19.972,5.000,21.658,-52.311,14.724,-8.994,88.090,0,-49.411,7.437,1.440,0,0,0,0,0,0,0,0,0,0,0,0,0,0,0,0,0,0,0,0,0,0,0,0
15.800,21.667,10.204,12.532,88.834,0,19.972,5.000,21.658,-52.317,14.694,-8.896,88.033,0,-49.411,7.437,1.440,0,0,0,0,0,0,0,0,0,0,0,0,0,0,0,0,0,0,0,0,0,0,0,0
15.850,21.661,10.188,12.630,88.784,0,19.972,5.000,21.658,-52.323,14.663,-8.798,87.975,0,-49.411,7.437,1.440,0,0,0,0,0,0,0,0,0,0,0,0,0,0,0,0,0,0,0,0,0,0,0,0
15.900,21.655,10.173,12.728,88.734,0,19.972,5.000,21.658,-52.329,14.632,-8.699,87.916,0,-49.411,7.437,1.440,0,0,0,0,0,0,0,0,0,0,0,0,0,0,0,0,0,0,0,0,0,0,0,0
15.950,21.649,10.158,12.826,88.685,0,19.972,5.000,21.658,-52.334,14.599,-8.601,87.858,0,-49.411,7.437,1.440,0,0,0,0,0,0,0,0,0,0,0,0,0,0,0,0,0,0,0,0,0,0,0,0
16.000,21.643,10.143,12.924,88.635,0,19.972,5.000,21.658,-52.338,14.566,-8.503,87.798,0,-49.411,7.437,1.440,0,0,0,0,0,0,0,0,0,0,0,0,0,0,0,0,0,0,0,0,0,0,0,0
16.050,21.636,10.128,13.022,88.585,0,19.972,5.000,21.658,-52.342,14.532,-8.405,87.739,0,-49.411,7.437,1.440,0,0,0,0,0,0,0,0,0,0,0,0,0,0,0,0,0,0,0,0,0,0,0,0
16.100,21.630,10.113,13.120,88.535,0,19.972,5.000,21.658,-52.344,14.497,-8.307,87.679,0,-49.411,7.437,1.440,0,0,0,0,0,0,0,0,0,0,0,0,0,0,0,0,0,0,0,0,0,0,0,0
16.150,21.624,10.099,13.218,88.485,0,19.972,5.000,21.658,-52.346,14.461,-8.209,87.618,0,-49.411,7.437,1.440,0,0,0,0,0,0,0,0,0,0,0,0,0,0,0,0,0,0,0,0,0,0,0,0
16.200,21.617,10.084,13.316,88.436,0,19.972,5.000,21.658,-52.348,14.424,-8.112,87.557,0,-49.411,7.437,1.440,0,0,0,0,0,0,0,0,0,0,0,0,0,0,0,0,0,0,0,0,0,0,0,0
16.250,21.611,10.069,13.414,88.386,0,19.972,5.000,21.658,-52.348,14.386,-8.014,87.495,0,-49.411,7.437,1.440,0,0,0,0,0,0,0,0,0,0,0,0,0,0,0,0,0,0,0,0,0,0,0,0
16.300,21.604,10.054,13.512,88.336,0,19.972,5.000,21.658,-52.348,14.348,-7.916,87.434,0,-49.411,7.437,1.440,0,0,0,0,0,0,0,0,0,0,0,0,0,0,0,0,0,0,0,0,0,0,0,0
16.350,21.597,10.039,13.610,88.286,0,19.972,5.000,21.658,-52.347,14.308,-7.819,87.372,0,-49.411,7.437,1.440,0,0,0,0,0,0,0,0,0,0,0,0,0,0,0,0,0,0,0,0,0,0,0,0
16.400,21.591,10.024,13.708,88.236,0,19.972,5.000,21.658,-52.346,14.268,-7.721,87.309,0,-49.411,7.437,1.440,0,0,0,0,0,0,0,0,0,0,0,0,0,0,0,0,0,0,0,0,0,0,0,0
16.450,21.584,10.009,13.806,88.186,0,19.972,5.000,21.658,-52.343,14.227,-7.624,87.247,0,-49.411,7.437,1.440,0,0,0,0,0,0,0,0,0,0,0,0,0,0,0,0,0,0,0,0,0,0,0,0
16.500,21.577,9.995,13.904,88.136,0,19.972,5.000,21.658,-52.340,14.185,-7.527,87.185,0,-49.411,7.437,1.440,0,0,0,0,0,0,0,0,0,0,0,0,0,0,0,0,0,0,0,0,0,0,0,0
16.550,21.570,9.980,14.002,88.087,0,19.972,5.000,21.658,-52.336,14.142,-7.430,87.122,0,-49.411,7.437,1.440,0,0,0,0,0,0,0,0,0,0,0,0,0,0,0,0,0,0,0,0,0,0,0,0
16.600,21.562,9.965,14.100,88.037,0,19.972,5.000,21.658,-52.331,14.098,-7.333,87.060,0,-49.411,7.437,1.440,0,0,0,0,0,0,0,0,0,0,0,0,0,0,0,0,0,0,0,0,0,0,0,0
16.650,21.555,9.950,14.198,87.987,0,19.972,5.000,21.658,-52.325,14.054,-7.236,86.997,0,-49.411,7.437,1.440,0,0,0,0,0,0,0,0,0,0,0,0,0,0,0,0,0,0,0,0,0,0,0,0
16.700,21.548,9.935,14.296,87.937,0,19.972,5.000,21.658,-52.318,14.009,-7.139,86.934,0,-49.411,7.437,1.440,0,0,0,0,0,0,0,0,0,0,0,0,0,0,0,0,0,0,0,0,0,0,0,0
16.750,21.540,9.920,14.394,87.887,0,19.972,5.000,21.658,-52.311,13.963,-7.042,86.871,0,-49.411,7.437,1.440,0,0,0,0,0,0,0,0,0,0,0,0,0,0,0,0,0,0,0,0,0,0,0,0
16.800,21.533,9.905,14.492,87.837,0,19.972,5.000,21.658,-52.303,13.917,-6.946,86.808,0,-49.411,7.437,1.440,0,0,0,0,0,0,0,0,0,0,0,0,0,0,0,0,0,0,0,0,0,0,0,0
16.850,21.525,9.890,14.590,87.787,0,19.972,5.000,21.658,-52.294,13.870,-6.850,86.745,0,-49.411,7.437,1.440,0,0,0,0,0,0,0,0,0,0,0,0,0,0,0,0,0,0,0,0,0,0,0,0
16.900,21.517,9.874,14.688,87.737,0,19.972,5.000,21.658,-52.284,13.822,-6.753,86.681,0,-49.411,7.437,1.440,0,0,0,0,0,0,0,0,0,0,0,0,0,0,0,0,0,0,0,0,0,0,0,0
16.950,21.510,9.859,14.785,87.687,0,19.972,5.000,21.658,-52.274,13.774,-6.657,86.618,0,-49.411,7.437,1.440,0,0,0,0,0,0,0,0,0,0,0,0,0,0,0,0,0,0,0,0,0,0,0,0
17.000,21.502,9.844,14.883,87.637,0,19.972,5.000,21.658,-52.263,13.726,-6.561,86.555,0,-49.411,7.437,1.440,0,0,0,0,0,0,0,0,0,0,0,0,0,0,0,0,0,0,0,0,0,0,0,0
17.050,21.494,9.828,14.981,87.587,0,19.972,5.000,21.658,-52.250,13.676,-6.466,86.491,0,-49.411,7.437,1.440,0,0,0,0,0,0,0,0,0,0,0,0,0,0,0,0,0,0,0,0,0,0,0,0
17.100,21.485,9.813,15.079,87.537,0,19.972,5.000,21.658,-52.238,13.627,-6.370,86.428,0,-49.411,7.437,1.440,0,0,0,0,0,0,0,0,0,0,0,0,0,0,0,0,0,0,0,0,0,0,0,0
17.150,21.477,9.797,15.177,87.487,0,19.972,5.000,21.658,-52.224,13.577,-6.274,86.364,0,-49.411,7.437,1.440,0,0,0,0,0,0,0,0,0,0,0,0,0,0,0,0,0,0,0,0,0,0,0,0
17.200,21.468,9.781,15.274,87.437,0,19.972,5.000,21.658,-52.210,13.526,-6.179,86.300,0,-49.411,7.437,1.440,0,0,0,0,0,0,0,0,0,0,0,0,0,0,0,0,0,0,0,0,0,0,0,0
17.250,21.460,9.766,15.372,87.387,0,19.972,5.000,21.658,-52.195,13.475,-6.084,86.236,0,-49.411,7.437,1.440,0,0,0,0,0,0,0,0,0,0,0,0,0,0,0,0,0,0,0,0,0,0,0,0
17.300,21.451,9.750,15.470,87.337,0,19.972,5.000,21.658,-52.179,13.424,-5.989,86.173,0,-49.411,7.437,1.440,0,0,0,0,0,0,0,0,0,0,0,0,0,0,0,0,0,0,0,0,0,0,0,0
17.350,21.442,9.733,15.568,87.287,0,19.972,5.000,21.658,-52.162,13.372,-5.894,86.109,0,-49.411,7.437,1.440,0,0,0,0,0,0,0,0,0,0,0,0,0,0,0,0,0,0,0,0,0,0,0,0
17.400,21.433,9.717,15.665,87.237,0,19.972,5.000,21.658,-52.145,13.320,-5.799,86.045,0,-49.411,7.437,1.440,0,0,0,0,0,0,0,0,0,0,0,0,0,0,0,0,0,0,0,0,0,0,0,0
17.450,21.424,9.701,15.763,87.187,0,19.972,5.000,21.658,-52.127,13.267,-5.704,85.981,0,-49.411,7.437,1.440,0,0,0,0,0,0,0,0,0,0,0,0,0,0,0,0,0,0,0,0,0,0,0,0
17.500,21.415,9.684,15.861,87.137,0,19.972,5.000,21.658,-52.108,13.214,-5.610,85.917,0,-49.411,7.437,1.440,0,0,0,0,0,0,0,0,0,0,0,0,0,0,0,0,0,0,0,0,0,0,0,0
17.550,21.406,9.668,15.958,87.087,0,19.972,5.000,21.658,-52.089,13.161,-5.515,85.852,0,-49.411,7.437,1.440,0,0,0,0,0,0,0,0,0,0,0,0,0,0,0,0,0,0,0,0,0,0,0,0
17.600,21.396,9.651,16.056,87.037,0,19.972,5.000,21.658,-52.069,13.108,-5.421,85.788,0,-49.411,7.437,1.440,0,0,0,0,0,0,0,0,0,0,0,0,0,0,0,0,0,0,0,0,0,0,0,0
17.650,21.387,9.634,16.153,86.987,0,19.972,5.000,21.658,-52.048,13.054,-5.327,85.724,0,-49.411,7.437,1.440,0,0,0,0,0,0,0,0,0,0,0,0,0,0,0,0,0,0,0,0,0,0,0,0
17.700,21.377,9.617,16.251,86.937,0,19.972,5.000,21.658,-52.027,13.000,-5.233,85.660,0,-49.411,7.437,1.440,0,0,0,0,0,0,0,0,0,0,0,0,0,0,0,0,0,0,0,0,0,0,0,0
17.750,21.367,9.600,16.348,86.887,0,19.972,5.000,21.658,-52.005,12.946,-5.139,85.595,0,-49.411,7.437,1.440,0,0,0,0,0,0,0,0,0,0,0,0,0,0,0,0,0,0,0,0,0,0,0,0
17.800,21.357,9.582,16.445,86.836,0,19.972,5.000,21.658,-51.982,12.891,-5.045,85.531,0,-49.411,7.437,1.440,0,0,0,0,0,0,0,0,0,0,0,0,0,0,0,0,0,0,0,0,0,0,0,0
17.850,21.347,9.565,16.543,86.786,0,19.972,5.000,21.658,-51.959,12.837,-4.952,85.466,0,-49.411,7.437,1.440,0,0,0,0,0,0,0,0,0,0,0,0,0,0,0,0,0,0,0,0,0,0,0,0
17.900,21.337,9.547,16.640,86.736,0,19.972,5.000,21.658,-51.934,12.782,-4.858,85.401,0,-49.411,7.437,1.440,0,0,0,0,0,0,0,0,0,0,0,0,0,0,0,0,0,0,0,0,0,0,0,0
17.950,21.326,9.529,16.737,86.686,0,19.972,5.000,21.658,-51.910,12.727,-4.765,85.336,0,-49.411,7.437,1.440,0,0,0,0,0,0,0,0,0,0,0,0,0,0,0,0,0,0,0,0,0,0,0,0
18.000,21.316,9.510,16.834,86.636,0,19.972,5.000,21.658,-51.884,12.671,-4.672,85.271,0,-49.411,7.437,1.440,0,0,0,0,0,0,0,0,0,0,0,0,0,0,0,0,0,0,0,0,0,0,0,0
18.050,21.305,9.492,16.932,86.585,0,19.972,5.000,21.658,-51.858,12.616,-4.579,85.206,0,-49.411,7.437,1.440,0,0,0,0,0,0,0,0,0,0,0,0,0,0,0,0,0,0,0,0,0,0,0,0
18.100,21.294,9.473,17.029,86.535,0,19.972,5.000,21.658,-51.831,12.561,-4.486,85.140,0,-49.411,7.437,1.440,0,0,0,0,0,0,0,0,0,0,0,0,0,0,0,0,0,0,0,0,0,0,0,0
18.150,21.283,9.454,17.126,86.485,0,19.972,5.000,21.658,-51.804,12.505,-4.393,85.075,0,-49.411,7.437,1.440,0,0,0,0,0,0,0,0,0,0,0,0,0,0,0,0,0,0,0,0,0,0,0,0
18.200,21.272,9.435,17.223,86.434,0,19.972,5.000,21.658,-51.776,12.449,-4.301,85.009,0,-49.411,7.437,1.440,0,0,0,0,0,0,0,0,0,0,0,0,0,0,0,0,0,0,0,0,0,0,0,0
18.250,21.260,9.415,17.320,86.384,0,19.972,5.000,21.658,-51.747,12.393,-4.208,84.942,0,-49.411,7.437,1.440,0,0,0,0,0,0,0,0,0,0,0,0,0,0,0,0,0,0,0,0,0,0,0,0
18.300,21.249,9.396,17.416,86.333,0,19.972,5.000,21.658,-51.718,12.337,-4.116,84.876,0,-49.411,7.437,1.440,0,0,0,0,0,0,0,0,0,0,0,0,0,0,0,0,0,0,0,0,0,0,0,0
18.350,21.237,9.375,17.513,86.282,0,19.972,5.000,21.658,-51.687,12.280,-4.023,84.809,0,-49.411,7.437,1.440,0,0,0,0,0,0,0,0,0,0,0,0,0,0,0,0,0,0,0,0,0,0,0,0
18.400,21.225,9.355,17.610,86.231,0,19.972,5.000,21.658,-51.657,12.224,-3.931,84.741,0,-49.411,7.437,1.440,0,0,0,0,0,0,0,0,0,0,0,0,0,0,0,0,0,0,0,0,0,0,0,0
18.450,21.213,9.334,17.706,86.180,0,19.972,5.000,21.658,-51.625,12.167,-3.839,84.674,0,-49.411,7.437,1.440,0,0,0,0,0,0,0,0,0,0,0,0,0,0,0,0,0,0,0,0,0,0,0,0
18.500,21.200,9.313,17.803,86.129,0,19.972,5.000,21.658,-51.593,12.110,-3.747,84.606,0,-49.411,7.437,1.440,0,0,0,0,0,0,0,0,0,0,0,0,0,0,0,0,0,0,0,0,0,0,0,0
18.550,21.188,9.292,17.899,86.078,0,19.972,5.000,21.658,-51.560,12.053,-3.656,84.538,0,-49.411,7.437,1.440,0,0,0,0,0,0,0,0,0,0,0,0,0,0,0,0,0,0,0,0,0,0,0,0
18.600,21.174,9.270,17.996,86.027,0,19.972,5.000,21.658,-51.526,11.995,-3.564,84.470,0,-49.411,7.437,1.440,0,0,0,0,0,0,0,0,0,0,0,0,0,0,0,0,0,0,0,0,0,0,0,0
18.650,21.161,9.247,18.092,85.976,0,19.972,5.000,21.658,-51.492,11.938,-3.473,84.401,0,-49.411,7.437,1.440,0,0,0,0,0,0,0,0,0,0,0,0,0,0,0,0,0,0,0,0,0,0,0,0
18.700,21.148,9.225,18.188,85.924,0,19.972,5.000,21.658,-51.457,11.880,-3.381,84.333,0,-49.411,7.437,1.440,0,0,0,0,0,0,0,0,0,0,0,0,0,0,0,0,0,0,0,0,0,0,0,0
18.750,21.134,9.202,18.284,85.873,0,19.972,5.000,21.658,-51.422,11.822,-3.290,84.264,0,-49.411,7.437,1.440,0,0,0,0,0,0,0,0,0,0,0,0,0,0,0,0,0,0,0,0,0,0,0,0
18.800,21.120,9.178,18.380,85.821,0,19.972,5.000,21.658,-51.386,11.763,-3.199,84.195,0,-49.411,7.437,1.440,0,0,0,0,0,0,0,0,0,0,0,0,0,0,0,0,0,0,0,0,0,0,0,0
18.850,21.105,9.154,18.476,85.770,0,19.972,5.000,21.658,-51.349,11.705,-3.108,84.126,0,-49.411,7.437,1.440,0,0,0,0,0,0,0,0,0,0,0,0,0,0,0,0,0,0,0,0,0,0,0,0
18.900,21.090,9.130,18.572,85.718,0,19.972,5.000,21.658,-51.312,11.646,-3.018,84.056,0,-49.411,7.437,1.440,0,0,0,0,0,0,0,0,0,0,0,0,0,0,0,0,0,0,0,0,0,0,0,0
18.950,21.075,9.105,18.668,85.666,0,19.972,5.000,21.658,-51.274,11.587,-2.927,83.987,0,-49.411,7.437,1.440,0,0,0,0,0,0,0,0,0,0,0,0,0,0,0,0,0,0,0,0,0,0,0,0
19.000,21.059,9.080,18.763,85.614,0,19.972,5.000,21.658,-51.235,11.528,-2.837,83.918,0,-49.411,7.437,1.440,0,0,0,0,0,0,0,0,0,0,0,0,0,0,0,0,0,0,0,0,0,0,0,0
19.050,21.044,9.054,18.859,85.562,0,19.972,5.000,21.658,-51.196,11.468,-2.746,83.848,0,-49.411,7.437,1.440,0,0,0,0,0,0,0,0,0,0,0,0,0,0,0,0,0,0,0,0,0,0,0,0
19.100,21.027,9.028,18.954,85.510,0,19.972,5.000,21.658,-51.157,11.409,-2.656,83.778,0,-49.411,7.437,1.440,0,0,0,0,0,0,0,0,0,0,0,0,0,0,0,0,0,0,0,0,0,0,0,0
19.150,21.011,9.001,19.049,85.446,0,18.616,28.300,9.150,-51.117,11.349,-2.566,83.709,0,-49.411,7.437,1.440,0,0,0,0,0,0,0,0,0,0,0,0,0,0,0,0,0,0,0,0,0,0,0,0
19.200,20.992,8.979,19.141,85.381,0,18.616,28.300,9.150,-51.076,11.289,-2.476,83.639,0,-49.411,7.437,1.440,0,0,0,0,0,0,0,0,0,0,0,0,0,0,0,0,0,0,0,0,0,0,0,0
19.250,20.971,8.960,19.229,85.317,0,18.616,28.300,9.150,-51.035,11.229,-2.387,83.569,0,-49.411,7.437,1.440,0,0,0,0,0,0,0,0,0,0,0,0,0,0,0,0,0,0,0,0,0,0,0,0
19.300,20.948,8.946,19.315,85.252,0,18.616,28.300,9.150,-50.993,11.169,-2.297,83.500,0,-49.411,7.437,1.440,0,0,0,0,0,0,0,0,0,0,0,0,0,0,0,0,0,0,0,0,0,0,0,0
19.350,20.924,8.935,19.399,85.188,0,18.616,28.300,9.150,-50.951,11.109,-2.208,83.430,0,-49.411,7.437,1.440,0,0,0,0,0,0,0,0,0,0,0,0,0,0,0,0,0,0,0,0,0,0,0,0
19.400,20.897,8.927,19.479,85.123,0,18.616,28.300,9.150,-50.909,11.048,-2.118,83.360,0,-49.411,7.437,1.440,0,0,0,0,0,0,0,0,0,0,0,0,0,0,0,0,0,0,0,0,0,0,0,0
19.450,20.868,8.924,19.557,85.058,0,18.616,28.300,9.150,-50.866,10.988,-2.029,83.290,0,-49.411,7.437,1.440,0,0,0,0,0,0,0,0,0,0,0,0,0,0,0,0,0,0,0,0,0,0,0,0
19.500,20.837,8.923,19.633,84.994,0,18.616,28.300,9.150,-50.822,10.927,-1.940,83.221,0,-49.411,7.437,1.440,0,0,0,0,0,0,0,0,0,0,0,0,0,0,0,0,0,0,0,0,0,0,0,0
19.550,20.805,8.926,19.706,84.929,0,18.616,28.300,9.150,-50.779,10.866,-1.851,83.151,0,-49.411,7.437,1.440,0,0,0,0,0,0,0,0,0,0,0,0,0,0,0,0,0,0,0,0,0,0,0,0
19.600,20.771,8.933,19.777,84.865,0,18.616,28.300,9.150,-50.734,10.805,-1.762,83.081,0,-59.047,31.483,-21.240,0,0,0,0,0,0,0,0,0,0,0,0,0,0,0,0,0,0,0,0,0,0,0,0
19.650,20.734,8.942,19.846,84.800,0,18.616,28.300,9.150,-50.694,10.750,-1.679,83.012,0,-59.047,31.483,-21.240,0,0,0,0,0,0,0,0,0,0,0,0,0,0,0,0,0,0,0,0,0,0,0,0
19.700,20.697,8.954,19.912,84.736,0,18.616,28.300,9.150,-50.658,10.700,-1.601,82.942,0,-59.047,31.483,-21.240,0,0,0,0,0,0,0,0,0,0,0,0,0,0,0,0,0,0,0,0,0,0,0,0
19.750,20.657,8.970,19.976,84.671,0,18.616,28.300,9.150,-50.625,10.655,-1.528,82.873,0,-59.047,31.483,-21.240,0,0,0,0,0,0,0,0,0,0,0,0,0,0,0,0,0,0,0,0,0,0,0,0
19.800,20.616,8.988,20.038,84.606,0,18.616,28.300,9.150,-50.596,10.615,-1.459,82.803,0,-59.047,31.483,-21.240,0,0,0,0,0,0,0,0,0,0,0,0,0,0,0,0,0,0,0,0,0,0,0,0
19.850,20.573,9.009,20.098,84.541,0,18.616,28.300,9.150,-50.570,10.579,-1.395,82.734,0,-59.047,31.483,-21.240,0,0,0,0,0,0,0,0,0,0,0,0,0,0,0,0,0,0,0,0,0,0,0,0
19.900,20.529,9.033,20.155,84.476,0,18.616,28.300,9.150,-50.547,10.548,-1.334,82.665,0,-59.047,31.483,-21.240,0,0,0,0,0,0,0,0,0,0,0,0,0,0,0,0,0,0,0,0,0,0,0,0
19.950,20.483,9.060,20.211,84.411,0,18.616,28.300,9.150,-50.526,10.520,-1.276,82.596,0,-59.047,31.483,-21.240,0,0,0,0,0,0,0,0,0,0,0,0,0,0,0,0,0,0,0,0,0,0,0,0
20.000,20.436,9.089,20.264,84.346,0,18.616,28.300,9.150,-50.509,10.496,-1.223,82.527,0,-59.047,31.483,-21.240,0,0,0,0,0,0,0,0,0,0,0,0,0,0,0,0,0,0,0,0,0,0,0,0
20.050,20.387,9.121,20.315,84.281,0,18.616,28.300,9.150,-50.494,10.476,-1.172,82.458,0,-59.047,31.483,-21.240,0,0,0,0,0,0,0,0,0,0,0,0,0,0,0,0,0,0,0,0,0,0,0,0
20.100,20.337,9.155,20.364,84.216,0,18.616,28.300,9.150,-50.482,10.460,-1.124,82.389,0,-59.047,31.483,-21.240,0,0,0,0,0,0,0,0,0,0,0,0,0,0,0,0,0,0,0,0,0,0,0,0
20.150,20.286,9.192,20.410,84.151,0,18.616,28.300,9.150,-50.472,10.448,-1.080,82.320,0,-59.047,31.483,-21.240,0,0,0,0,0,0,0,0,0,0,0,0,0,0,0,0,0,0,0,0,0,0,0,0
20.200,20.233,9.231,20.455,84.085,0,18.616,28.300,9.150,-50.465,10.439,-1.038,82.252,0,-59.047,31.483,-21.240,0,0,0,0,0,0,0,0,0,0,0,0,0,0,0,0,0,0,0,0,0,0,0,0
20.250,20.179,9.272,20.497,84.020,0,18.616,28.300,9.150,-50.461,10.433,-0.998,82.183,0,-59.047,31.483,-21.240,0,0,0,0,0,0,0,0,0,0,0,0,0,0,0,0,0,0,0,0,0,0,0,0
20.300,20.124,9.315,20.537,83.954,0,18.616,28.300,9.150,-50.458,10.431,-0.962,82.115,0,-59.047,31.483,-21.240,0,0,0,0,0,0,0,0,0,0,0,0,0,0,0,0,0,0,0,0,0,0,0,0
20.350,20.068,9.361,20.575,83.888,0,18.616,28.300,9.150,-50.458,10.432,-0.928,82.046,0,-59.047,31.483,-21.240,0,0,0,0,0,0,0,0,0,0,0,0,0,0,0,0,0,0,0,0,0,0,0,0
20.400,20.010,9.408,20.610,83.822,0,18.616,28.300,9.150,-50.461,10.436,-0.896,81.978,0,-59.047,31.483,-21.240,0,0,0,0,0,0,0,0,0,0,0,0,0,0,0,0,0,0,0,0,0,0,0,0
20.450,19.952,9.458,20.643,83.756,0,18.616,28.300,9.150,-50.465,10.444,-0.867,81.909,0,-59.047,31.483,-21.240,0,0,0,0,0,0,0,0,0,0,0,0,0,0,0,0,0,0,0,0,0,0,0,0
20.500,19.893,9.510,20.674,83.689,0,18.616,28.300,9.150,-50.472,10.454,-0.841,81.841,0,-59.047,31.483,-21.240,0,0,0,0,0,0,0,0,0,0,0,0,0,0,0,0,0,0,0,0,0,0,0,0
20.550,19.833,9.563,20.703,83.623,0,18.616,28.300,9.150,-50.481,10.468,-0.816,81.772,0,-59.047,31.483,-21.240,0,0,0,0,0,0,0,0,0,0,0,0,0,0,0,0,0,0,0,0,0,0,0,0
20.600,19.772,9.618,20.729,83.556,0,18.616,28.300,9.150,-50.492,10.486,-0.794,81.704,0,-59.047,31.483,-21.240,0,0,0,0,0,0,0,0,0,0,0,0,0,0,0,0,0,0,0,0,0,0,0,0
20.650,19.711,9.675,20.753,83.489,0,18.616,28.300,9.150,-50.505,10.506,-0.775,81.635,0,-59.047,31.483,-21.240,0,0,0,0,0,0,0,0,0,0,0,0,0,0,0,0,0,0,0,0,0,0,0,0
20.700,19.648,9.733,20.775,83.422,0,18.616,28.300,9.150,-50.521,10.529,-0.757,81.567,0,-59.047,31.483,-21.240,0,0,0,0,0,0,0,0,0,0,0,0,0,0,0,0,0,0,0,0,0,0,0,0
20.750,19.585,9.793,20.794,83.355,0,18.616,28.300,9.150,-50.538,10.556,-0.743,81.498,0,-59.047,31.483,-21.240,0,0,0,0,0,0,0,0,0,0,0,0,0,0,0,0,0,0,0,0,0,0,0,0
20.800,19.522,9.855,20.811,83.288,0,18.616,28.300,9.150,-50.558,10.585,-0.730,81.430,0,-59.047,31.483,-21.240,0,0,0,0,0,0,0,0,0,0,0,0,0,0,0,0,0,0,0,0,0,0,0,0
20.850,19.458,9.918,20.826,83.221,0,18.616,28.300,9.150,-50.579,10.617,-0.720,81.361,0,-59.047,31.483,-21.240,0,0,0,0,0,0,0,0,0,0,0,0,0,0,0,0,0,0,0,0,0,0,0,0
20.900,19.393,9.982,20.839,83.153,0,18.616,28.300,9.150,-50.602,10.653,-0.712,81.293,0,-59.047,31.483,-21.240,0,0,0,0,0,0,0,0,0,0,0,0,0,0,0,0,0,0,0,0,0,0,0,0
20.950,19.328,10.048,20.849,83.085,0,18.616,28.300,9.150,-50.628,10.691,-0.707,81.224,0,-59.047,31.483,-21.240,0,0,0,0,0,0,0,0,0,0,0,0,0,0,0,0,0,0,0,0,0,0,0,0
21.000,19.263,10.115,20.857,83.018,0,18.616,28.300,9.150,-50.655,10.731,-0.704,81.155,0,-59.047,31.483,-21.240,0,0,0,0,0,0,0,0,0,0,0,0,0,0,0,0,0,0,0,0,0,0,0,0
21.050,19.197,10.183,20.863,82.950,0,18.616,28.300,9.150,-50.683,10.774,-0.703,81.087,0,-59.047,31.483,-21.240,0,0,0,0,0,0,0,0,0,0,0,0,0,0,0,0,0,0,0,0,0,0,0,0
21.100,19.131,10.252,20.867,82.881,0,18.616,28.300,9.150,-50.713,10.820,-0.705,81.018,0,-59.047,31.483,-21.240,0,0,0,0,0,0,0,0,0,0,0,0,0,0,0,0,0,0,0,0,0,0,0,0
21.150,19.065,10.322,20.869,82.813,0,18.616,28.300,9.150,-50.745,10.869,-0.708,80.950,0,-59.047,31.483,-21.240,0,0,0,0,0,0,0,0,0,0,0,0,0,0,0,0,0,0,0,0,0,0,0,0
21.200,18.999,10.393,20.868,82.745,0,18.616,28.300,9.150,-50.778,10.919,-0.715,80.881,0,-59.047,31.483,-21.240,0,0,0,0,0,0,0,0,0,0,0,0,0,0,0,0,0,0,0,0,0,0,0,0
21.250,18.932,10.466,20.865,82.677,0,18.616,28.300,9.150,-50.813,10.972,-0.723,80.813,0,-59.047,31.483,-21.240,0,0,0,0,0,0,0,0,0,0,0,0,0,0,0,0,0,0,0,0,0,0,0,0
21.300,18.866,10.539,20.860,82.608,0,18.616,28.300,9.150,-50.849,11.027,-0.734,80.745,0,-59.047,31.483,-21.240,0,0,0,0,0,0,0,0,0,0,0,0,0,0,0,0,0,0,0,0,0,0,0,0
21.350,18.799,10.612,20.853,82.540,0,18.616,28.300,9.150,-50.886,11.084,-0.746,80.676,0,-59.047,31.483,-21.240,0,0,0,0,0,0,0,0,0,0,0,0,0,0,0,0,0,0,0,0,0,0,0,0
21.400,18.733,10.687,20.844,82.471,0,18.616,28.300,9.150,-50.924,11.144,-0.761,80.608,0,-59.047,31.483,-21.240,0,0,0,0,0,0,0,0,0,0,0,0,0,0,0,0,0,0,0,0,0,0,0,0
21.450,18.667,10.763,20.832,82.403,0,18.616,28.300,9.150,-50.963,11.205,-0.778,80.540,0,-59.047,31.483,-21.240,0,0,0,0,0,0,0,0,0,0,0,0,0,0,0,0,0,0,0,0,0,0,0,0
21.500,18.600,10.839,20.819,82.334,0,18.616,28.300,9.150,-51.003,11.267,-0.797,80.472,0,-59.047,31.483,-21.240,0,0,0,0,0,0,0,0,0,0,0,0,0,0,0,0,0,0,0,0,0,0,0,0
21.550,18.534,10.915,20.804,82.265,0,18.616,28.300,9.150,-51.044,11.332,-0.818,80.404,0,-59.047,31.483,-21.240,0,0,0,0,0,0,0,0,0,0,0,0,0,0,0,0,0,0,0,0,0,0,0,0
21.600,18.469,10.993,20.787,82.196,0,18.616,28.300,9.150,-51.086,11.398,-0.841,80.336,0,-59.047,31.483,-21.240,0,0,0,0,0,0,0,0,0,0,0,0,0,0,0,0,0,0,0,0,0,0,0,0
21.650,18.403,11.071,20.768,82.128,0,18.616,28.300,9.150,-51.128,11.465,-0.866,80.267,0,-59.047,31.483,-21.240,0,0,0,0,0,0,0,0,0,0,0,0,0,0,0,0,0,0,0,0,0,0,0,0
21.700,18.338,11.149,20.747,82.059,0,18.616,28.300,9.150,-51.171,11.534,-0.893,80.199,0,-59.047,31.483,-21.240,0,0,0,0,0,0,0,0,0,0,0,0,0,0,0,0,0,0,0,0,0,0,0,0
21.750,18.273,11.228,20.724,81.990,0,18.616,28.300,9.150,-51.214,11.604,-0.921,80.131,0,-59.047,31.483,-21.240,0,0,0,0,0,0,0,0,0,0,0,0,0,0,0,0,0,0,0,0,0,0,0,0
21.800,18.208,11.308,20.699,81.921,0,18.616,28.300,9.150,-51.258,11.676,-0.952,80.063,0,-59.047,31.483,-21.240,0,0,0,0,0,0,0,0,0,0,0,0,0,0,0,0,0,0,0,0,0,0,0,0
21.850,18.144,11.387,20.673,81.852,0,18.616,28.300,9.150,-51.302,11.748,-0.984,79.995,0,-59.047,31.483,-21.240,0,0,0,0,0,0,0,0,0,0,0,0,0,0,0,0,0,0,0,0,0,0,0,0
21.900,18.080,11.468,20.645,81.784,0,18.616,28.300,9.150,-51.346,11.822,-1.017,79.927,0,-59.047,31.483,-21.240,0,0,0,0,0,0,0,0,0,0,0,0,0,0,0,0,0,0,0,0,0,0,0,0
21.950,18.017,11.548,20.615,81.715,0,18.616,28.300,9.150,-51.391,11.897,-1.053,79.859,0,-59.047,31.483,-21.240,0,0,0,0,0,0,0,0,0,0,0,0,0,0,0,0,0,0,0,0,0,0,0,0
22.000,17.954,11.629,20.584,81.646,0,18.616,28.300,9.150,-51.435,11.972,-1.090,79.791,0,-59.047,31.483,-21.240,0,0,0,0,0,0,0,0,0,0,0,0,0,0,0,0,0,0,0,0,0,0,0,0
22.050,17.892,11.710,20.551,81.577,0,18.616,28.300,9.150,-51.480,12.049,-1.128,79.724,0,-59.047,31.483,-21.240,0,0,0,0,0,0,0,0,0,0,0,0,0,0,0,0,0,0,0,0,0,0,0,0
22.100,17.829,11.792,20.516,81.508,0,18.616,28.300,9.150,-51.525,12.126,-1.168,79.656,0,-59.047,31.483,-21.240,0,0,0,0,0,0,0,0,0,0,0,0,0,0,0,0,0,0,0,0,0,0,0,0
22.150,17.768,11.874,20.480,81.439,0,18.616,28.300,9.150,-51.570,12.204,-1.209,79.589,0,-59.047,31.483,-21.240,0,0,0,0,0,0,0,0,0,0,0,0,0,0,0,0,0,0,0,0,0,0,0,0
22.200,17.707,11.955,20.442,81.370,0,18.616,28.300,9.150,-51.615,12.283,-1.252,79.521,0,-59.047,31.483,-21.240,0,0,0,0,0,0,0,0,0,0,0,0,0,0,0,0,0,0,0,0,0,0,0,0
22.250,17.646,12.038,20.403,81.301,0,18.616,28.300,9.150,-51.659,12.362,-1.296,79.454,0,-59.047,31.483,-21.240,0,0,0,0,0,0,0,0,0,0,0,0,0,0,0,0,0,0,0,0,0,0,0,0
22.300,17.586,12.120,20.363,81.233,0,18.616,28.300,9.150,-51.704,12.442,-1.341,79.387,0,-59.047,31.483,-21.240,0,0,0,0,0,0,0,0,0,0,0,0,0,0,0,0,0,0,0,0,0,0,0,0
22.350,17.527,12.202,20.321,81.164,0,18.616,28.300,9.150,-51.748,12.523,-1.387,79.320,0,-59.047,31.483,-21.240,0,0,0,0,0,0,0,0,0,0,0,0,0,0,0,0,0,0,0,0,0,0,0,0
22.400,17.468,12.285,20.278,81.096,0,18.616,28.300,9.150,-51.791,12.604,-1.435,79.253,0,-59.047,31.483,-21.240,0,0,0,0,0,0,0,0,0,0,0,0,0,0,0,0,0,0,0,0,0,0,0,0
22.450,17.410,12.367,20.234,81.028,0,18.616,28.300,9.150,-51.835,12.685,-1.483,79.186,0,-59.047,31.483,-21.240,0,0,0,0,0,0,0,0,0,0,0,0,0,0,0,0,0,0,0,0,0,0,0,0
22.500,17.353,12.450,20.188,80.960,0,18.616,28.300,9.150,-51.878,12.767,-1.533,79.119,0,-59.047,31.483,-21.240,0,0,0,0,0,0,0,0,0,0,0,0,0,0,0,0,0,0,0,0,0,0,0,0
22.550,17.296,12.533,20.141,80.893,0,18.616,28.300,9.150,-51.921,12.849,-1.584,79.052,0,-59.047,31.483,-21.240,0,0,0,0,0,0,0,0,0,0,0,0,0,0,0,0,0,0,0,0,0,0,0,0
22.600,17.240,12.616,20.093,80.825,0,18.616,28.300,9.150,-51.963,12.932,-1.636,78.985,0,-59.047,31.483,-21.240,0,0,0,0,0,0,0,0,0,0,0,0,0,0,0,0,0,0,0,0,0,0,0,0
22.650,17.185,12.699,20.044,80.758,0,18.616,28.300,9.150,-52.004,13.015,-1.688,78.918,0,-59.047,31.483,-21.240,0,0,0,0,0,0,0,0,0,0,0,0,0,0,0,0,0,0,0,0,0,0,0,0
22.700,17.131,12.782,19.993,80.691,0,18.616,28.300,9.150,-52.046,13.098,-1.742,78.852,0,-59.047,31.483,-21.240,0,0,0,0,0,0,0,0,0,0,0,0,0,0,0,0,0,0,0,0,0,0,0,0
22.750,17.078,12.865,19.942,80.625,0,18.616,28.300,9.150,-52.086,13.182,-1.797,78.785,0,-59.047,31.483,-21.240,0,0,0,0,0,0,0,0,0,0,0,0,0,0,0,0,0,0,0,0,0,0,0,0
22.800,17.026,12.948,19.889,80.558,0,18.616,28.300,9.150,-52.126,13.265,-1.852,78.719,0,-59.047,31.483,-21.240,0,0,0,0,0,0,0,0,0,0,0,0,0,0,0,0,0,0,0,0,0,0,0,0
22.850,16.974,13.031,19.836,80.492,0,18.616,28.300,9.150,-52.166,13.350,-1.909,78.652,0,-59.047,31.483,-21.240,0,0,0,0,0,0,0,0,0,0,0,0,0,0,0,0,0,0,0,0,0,0,0,0
22.900,16.924,13.114,19.781,80.426,0,18.616,28.300,9.150,-52.205,13.434,-1.966,78.586,0,-59.047,31.483,-21.240,0,0,0,0,0,0,0,0,0,0,0,0,0,0,0,0,0,0,0,0,0,0,0,0
22.950,16.875,13.197,19.726,80.360,0,18.616,28.300,9.150,-52.243,13.518,-2.024,78.519,0,-59.047,31.483,-21.240,0,0,0,0,0,0,0,0,0,0,0,0,0,0,0,0,0,0,0,0,0,0,0,0
23.000,16.826,13.281,19.670,80.294,0,18.616,28.300,9.150,-52.280,13.603,-2.082,78.453,0,-59.047,31.483,-21.240,0,0,0,0,0,0,0,0,0,0,0,0,0,0,0,0,0,0,0,0,0,0,0,0
23.050,16.779,13.364,19.612,80.229,0,18.616,28.300,9.150,-52.317,13.688,-2.142,78.386,0,-59.047,31.483,-21.240,0,0,0,0,0,0,0,0,0,0,0,0,0,0,0,0,0,0,0,0,0,0,0,0
23.100,16.733,13.447,19.554,80.163,0,18.616,28.300,9.150,-52.353,13.773,-2.202,78.320,0,-59.047,31.483,-21.240,0,0,0,0,0,0,0,0,0,0,0,0,0,0,0,0,0,0,0,0,0,0,0,0
23.150,16.688,13.530,19.496,80.098,0,18.616,28.300,9.150,-52.389,13.858,-2.263,78.254,0,-59.047,31.483,-21.240,0,0,0,0,0,0,0,0,0,0,0,0,0,0,0,0,0,0,0,0,0,0,0,0
23.200,16.644,13.613,19.436,80.032,0,18.616,28.300,9.150,-52.424,13.943,-2.324,78.187,0,-59.047,31.483,-21.240,0,0,0,0,0,0,0,0,0,0,0,0,0,0,0,0,0,0,0,0,0,0,0,0
23.250,16.600,13.696,19.376,79.967,0,18.616,28.300,9.150,-52.458,14.028,-2.386,78.121,0,-59.047,31.483,-21.240,0,0,0,0,0,0,0,0,0,0,0,0,0,0,0,0,0,0,0,0,0,0,0,0
23.300,16.558,13.780,19.314,79.902,0,18.616,28.300,9.150,-52.491,14.114,-2.449,78.055,0,-59.047,31.483,-21.240,0,0,0,0,0,0,0,0,0,0,0,0,0,0,0,0,0,0,0,0,0,0,0,0
23.350,16.517,13.863,19.253,79.837,0,18.616,28.300,9.150,-52.524,14.199,-2.512,77.988,0,-59.047,31.483,-21.240,0,0,0,0,0,0,0,0,0,0,0,0,0,0,0,0,0,0,0,0,0,0,0,0
23.400,16.477,13.946,19.190,79.772,0,18.616,28.300,9.150,-52.556,14.285,-2.576,77.922,0,-59.047,31.483,-21.240,0,0,0,0,0,0,0,0,0,0,0,0,0,0,0,0,0,0,0,0,0,0,0,0
23.450,16.438,14.029,19.127,79.707,0,18.616,28.300,9.150,-52.587,14.370,-2.640,77.855,0,-59.047,31.483,-21.240,0,0,0,0,0,0,0,0,0,0,0,0,0,0,0,0,0,0,0,0,0,0,0,0
23.500,16.401,14.112,19.063,79.642,0,18.616,28.300,9.150,-52.618,14.456,-2.705,77.788,0,-59.047,31.483,-21.240,0,0,0,0,0,0,0,0,0,0,0,0,0,0,0,0,0,0,0,0,0,0,0,0
23.550,16.364,14.195,18.999,79.578,0,18.616,28.300,9.150,-52.648,14.542,-2.770,77.722,0,-59.047,31.483,-21.240,0,0,0,0,0,0,0,0,0,0,0,0,0,0,0,0,0,0,0,0,0,0,0,0
23.600,16.328,14.278,18.934,79.513,0,18.616,28.300,9.150,-52.678,14.627,-2.836,77.655,0,-59.047,31.483,-21.240,0,0,0,0,0,0,0,0,0,0,0,0,0,0,0,0,0,0,0,0,0,0,0,0
23.650,16.293,14.361,18.868,79.448,0,18.616,28.300,9.150,-52.707,14.713,-2.903,77.588,0,-59.047,31.483,-21.240,0,0,0,0,0,0,0,0,0,0,0,0,0,0,0,0,0,0,0,0,0,0,0,0
23.700,16.259,14.444,18.802,79.384,0,18.616,28.300,9.150,-52.736,14.799,-2.970,77.522,0,-59.047,31.483,-21.240,0,0,0,0,0,0,0,0,0,0,0,0,0,0,0,0,0,0,0,0,0,0,0,0
23.750,16.226,14.526,18.735,79.319,0,18.616,28.300,9.150,-52.763,14.885,-3.037,77.455,0,-59.047,31.483,-21.240,0,0,0,0,0,0,0,0,0,0,0,0,0,0,0,0,0,0,0,0,0,0,0,0
23.800,16.195,14.609,18.668,79.255,0,18.616,28.300,9.150,-52.791,14.970,-3.105,77.388,0,-59.047,31.483,-21.240,0,0,0,0,0,0,0,0,0,0,0,0,0,0,0,0,0,0,0,0,0,0,0,0
23.850,16.164,14.692,18.600,79.191,0,18.616,28.300,9.150,-52.818,15.056,-3.173,77.321,0,-59.047,31.483,-21.240,0,0,0,0,0,0,0,0,0,0,0,0,0,0,0,0,0,0,0,0,0,0,0,0
23.900,16.134,14.775,18.532,79.126,0,18.616,28.300,9.150,-52.844,15.142,-3.242,77.254,0,-59.047,31.483,-21.240,0,0,0,0,0,0,0,0,0,0,0,0,0,0,0,0,0,0,0,0,0,0,0,0
23.950,16.106,14.857,18.463,79.062,0,18.616,28.300,9.150,-52.870,15.228,-3.311,77.188,0,-59.047,31.483,-21.240,0,0,0,0,0,0,0,0,0,0,0,0,0,0,0,0,0,0,0,0,0,0,0,0
24.000,16.078,14.940,18.394,78.998,0,18.616,28.300,9.150,-52.895,15.313,-3.381,77.121,0,-59.047,31.483,-21.240,0,0,0,0,0,0,0,0,0,0,0,0,0,0,0,0,0,0,0,0,0,0,0,0
24.050,16.051,15.023,18.325,78.934,0,18.616,28.300,9.150,-52.920,15.399,-3.451,77.054,0,-59.047,31.483,-21.240,0,0,0,0,0,0,0,0,0,0,0,0,0,0,0,0,0,0,0,0,0,0,0,0
24.100,16.025,15.105,18.255,78.870,0,18.616,28.300,9.150,-52.945,15.485,-3.521,76.987,0,-59.047,31.483,-21.240,0,0,0,0,0,0,0,0,0,0,0,0,0,0,0,0,0,0,0,0,0,0,0,0
24.150,16.001,15.188,18.184,78.805,0,18.616,28.300,9.150,-52.969,15.570,-3.592,76.920,0,-59.047,31.483,-21.240,0,0,0,0,0,0,0,0,0,0,0,0,0,0,0,0,0,0,0,0,0,0,0,0
24.200,15.977,15.270,18.114,78.741,0,18.616,28.300,9.150,-52.992,15.656,-3.663,76.853,0,-59.047,31.483,-21.240,0,0,0,0,0,0,0,0,0,0,0,0,0,0,0,0,0,0,0,0,0,0,0,0
24.250,15.954,15.352,18.042,78.677,0,18.616,28.300,9.150,-53.015,15.741,-3.734,76.787,0,-59.047,31.483,-21.240,0,0,0,0,0,0,0,0,0,0,0,0,0,0,0,0,0,0,0,0,0,0,0,0
24.300,15.932,15.435,17.971,78.613,0,18.616,28.300,9.150,-53.038,15.827,-3.806,76.720,0,-59.047,31.483,-21.240,0,0,0,0,0,0,0,0,0,0,0,0,0,0,0,0,0,0,0,0,0,0,0,0
24.350,15.911,15.517,17.899,78.549,0,18.616,28.300,9.150,-53.061,15.912,-3.877,76.653,0,-59.047,31.483,-21.240,0,0,0,0,0,0,0,0,0,0,0,0,0,0,0,0,0,0,0,0,0,0,0,0
24.400,15.891,15.599,17.827,78.485,0,18.616,28.300,9.150,-53.083,15.998,-3.950,76.586,0,-59.047,31.483,-21.240,0,0,0,0,0,0,0,0,0,0,0,0,0,0,0,0,0,0,0,0,0,0,0,0
24.450,15.872,15.681,17.754,78.420,0,18.616,28.300,9.150,-53.105,16.083,-4.022,76.519,0,-59.047,31.483,-21.240,0,0,0,0,0,0,0,0,0,0,0,0,0,0,0,0,0,0,0,0,0,0,0,0
24.500,15.854,15.764,17.682,78.356,0,18.616,28.300,9.150,-53.126,16.168,-4.095,76.452,0,-59.047,31.483,-21.240,0,0,0,0,0,0,0,0,0,0,0,0,0,0,0,0,0,0,0,0,0,0,0,0
24.550,15.836,15.846,17.609,78.292,0,18.616,28.300,9.150,-53.147,16.253,-4.168,76.385,0,-59.047,31.483,-21.240,0,0,0,0,0,0,0,0,0,0,0,0,0,0,0,0,0,0,0,0,0,0,0,0
24.600,15.820,15.928,17.535,78.228,0,18.616,28.300,9.150,-53.168,16.338,-4.242,76.318,0,-59.047,31.483,-21.240,0,0,0,0,0,0,0,0,0,0,0,0,0,0,0,0,0,0,0,0,0,0,0,0
24.650,15.804,16.010,17.462,78.164,0,18.616,28.300,9.150,-53.189,16.423,-4.315,76.251,0,-59.047,31.483,-21.240,0,0,0,0,0,0,0,0,0,0,0,0,0,0,0,0,0,0,0,0,0,0,0,0
24.700,15.789,16.092,17.388,78.100,0,18.616,28.300,9.150,-53.210,16.508,-4.389,76.184,0,-59.047,31.483,-21.240,0,0,0,0,0,0,0,0,0,0,0,0,0,0,0,0,0,0,0,0,0,0,0,0
24.750,15.774,16.174,17.314,78.036,0,18.616,28.300,9.150,-53.230,16.593,-4.463,76.117,0,-59.047,31.483,-21.240,0,0,0,0,0,0,0,0,0,0,0,0,0,0,0,0,0,0,0,0,0,0,0,0
24.800,15.761,16.256,17.239,77.971,0,18.616,28.300,9.150,-53.250,16.677,-4.538,76.050,0,-59.047,31.483,-21.240,0,0,0,0,0,0,0,0,0,0,0,0,0,0,0,0,0,0,0,0,0,0,0,0
24.850,15.748,16.338,17.165,77.907,0,18.616,28.300,9.150,-53.270,16.762,-4.612,75.984,0,-59.047,31.483,-21.240,0,0,0,0,0,0,0,0,0,0,0,0,0,0,0,0,0,0,0,0,0,0,0,0
24.900,15.736,16.419,17.090,77.843,0,18.616,28.300,9.150,-53.290,16.847,-4.687,75.917,0,-59.047,31.483,-21.240,0,0,0,0,0,0,0,0,0,0,0,0,0,0,0,0,0,0,0,0,0,0,0,0
24.950,15.724,16.501,17.015,77.779,0,18.616,28.300,9.150,-53.310,16.931,-4.762,75.850,0,-59.047,31.483,-21.240,0,0,0,0,0,0,0,0,0,0,0,0,0,0,0,0,0,0,0,0,0,0,0,0
25.000,15.713,16.583,16.940,77.715,0,18.616,28.300,9.150,-53.330,17.015,-4.837,75.783,0,-59.047,31.483,-21.240,0,0,0,0,0,0,0,0,0,0,0,0,0,0,0,0,0,0,0,0,0,0,0,0
25.050,15.703,16.665,16.864,77.651,0,18.616,28.300,9.150,-53.349,17.100,-4.912,75.716,0,-59.047,31.483,-21.240,0,0,0,0,0,0,0,0,0,0,0,0,0,0,0,0,0,0,0,0,0,0,0,0
25.100,15.694,16.746,16.789,77.586,0,18.616,28.300,9.150,-53.368,17.184,-4.988,75.649,0,-59.047,31.483,-21.240,0,0,0,0,0,0,0,0,0,0,0,0,0,0,0,0,0,0,0,0,0,0,0,0
25.150,15.685,16.828,16.713,77.522,0,18.616,28.300,9.150,-53.388,17.268,-5.064,75.582,0,-59.047,31.483,-21.240,0,0,0,0,0,0,0,0,0,0,0,0,0,0,0,0,0,0,0,0,0,0,0,0
25.200,15.677,16.910,16.637,77.458,0,18.616,28.300,9.150,-53.407,17.352,-5.139,75.516,0,-59.047,31.483,-21.240,0,0,0,0,0,0,0,0,0,0,0,0,0,0,0,0,0,0,0,0,0,0,0,0
25.250,15.669,16.991,16.561,77.394,0,18.616,28.300,9.150,-53.426,17.436,-5.215,75.449,0,-59.047,31.483,-21.240,0,0,0,0,0,0,0,0,0,0,0,0,0,0,0,0,0,0,0,0,0,0,0,0
25.300,15.662,17.073,16.485,77.330,0,18.616,28.300,9.150,-53.445,17.520,-5.292,75.382,0,-59.047,31.483,-21.240,0,0,0,0,0,0,0,0,0,0,0,0,0,0,0,0,0,0,0,0,0,0,0,0
25.350,15.656,17.154,16.409,77.265,0,18.616,28.300,9.150,-53.464,17.604,-5.368,75.315,0,-59.047,31.483,-21.240,0,0,0,0,0,0,0,0,0,0,0,0,0,0,0,0,0,0,0,0,0,0,0,0
25.400,15.650,17.236,16.332,77.201,0,18.616,28.300,9.150,-53.483,17.687,-5.444,75.248,0,-59.047,31.483,-21.240,0,0,0,0,0,0,0,0,0,0,0,0,0,0,0,0,0,0,0,0,0,0,0,0
25.450,15.645,17.317,16.256,77.137,0,18.616,28.300,9.150,-53.503,17.771,-5.521,75.181,0,-59.047,31.483,-21.240,0,0,0,0,0,0,0,0,0,0,0,0,0,0,0,0,0,0,0,0,0,0,0,0
25.500,15.640,17.399,16.179,77.073,0,18.616,28.300,9.150,-53.522,17.854,-5.598,75.114,0,-59.047,31.483,-21.240,0,0,0,0,0,0,0,0,0,0,0,0,0,0,0,0,0,0,0,0,0,0,0,0
25.550,15.636,17.480,16.102,77.009,0,18.616,28.300,9.150,-53.541,17.937,-5.674,75.047,0,-59.047,31.483,-21.240,0,0,0,0,0,0,0,0,0,0,0,0,0,0,0,0,0,0,0,0,0,0,0,0
25.600,15.632,17.561,16.025,76.945,0,18.616,28.300,9.150,-53.560,18.021,-5.751,74.981,0,-59.047,31.483,-21.240,0,0,0,0,0,0,0,0,0,0,0,0,0,0,0,0,0,0,0,0,0,0,0,0
25.650,15.628,17.643,15.948,76.881,0,18.616,28.300,9.150,-53.578,18.104,-5.829,74.914,0,-59.047,31.483,-21.240,0,0,0,0,0,0,0,0,0,0,0,0,0,0,0,0,0,0,0,0,0,0,0,0
25.700,15.626,17.724,15.871,76.816,0,18.616,28.300,9.150,-53.597,18.187,-5.906,74.847,0,-59.047,31.483,-21.240,0,0,0,0,0,0,0,0,0,0,0,0,0,0,0,0,0,0,0,0,0,0,0,0
25.750,15.623,17.805,15.793,76.752,0,18.616,28.300,9.150,-53.616,18.270,-5.983,74.780,0,-59.047,31.483,-21.240,0,0,0,0,0,0,0,0,0,0,0,0,0,0,0,0,0,0,0,0,0,0,0,0
25.800,15.621,17.886,15.716,76.688,0,18.616,28.300,9.150,-53.635,18.353,-6.061,74.713,0,-59.047,31.483,-21.240,0,0,0,0,0,0,0,0,0,0,0,0,0,0,0,0,0,0,0,0,0,0,0,0
25.850,15.619,17.967,15.639,76.624,0,18.616,28.300,9.150,-53.654,18.436,-6.138,74.647,0,-59.047,31.483,-21.240,0,0,0,0,0,0,0,0,0,0,0,0,0,0,0,0,0,0,0,0,0,0,0,0
25.900,15.618,18.048,15.561,76.560,0,18.616,28.300,9.150,-53.673,18.518,-6.216,74.580,0,-59.047,31.483,-21.240,0,0,0,0,0,0,0,0,0,0,0,0,0,0,0,0,0,0,0,0,0,0,0,0
25.950,15.617,18.130,15.483,76.496,0,18.616,28.300,9.150,-53.692,18.601,-6.294,74.513,0,-59.047,31.483,-21.240,0,0,0,0,0,0,0,0,0,0,0,0,0,0,0,0,0,0,0,0,0,0,0,0
26.000,15.617,18.211,15.406,76.432,0,18.616,28.300,9.150,-53.711,18.683,-6.372,74.446,0,-59.047,31.483,-21.240,0,0,0,0,0,0,0,0,0,0,0,0,0,0,0,0,0,0,0,0,0,0,0,0
26.050,15.617,18.292,15.328,76.367,0,18.616,28.300,9.150,-53.730,18.766,-6.450,74.380,0,-59.047,31.483,-21.240,0,0,0,0,0,0,0,0,0,0,0,0,0,0,0,0,0,0,0,0,0,0,0,0
26.100,15.617,18.373,15.250,76.303,0,18.616,28.300,9.150,-53.749,18.848,-6.528,74.313,0,-59.047,31.483,-21.240,0,0,0,0,0,0,0,0,0,0,0,0,0,0,0,0,0,0,0,0,0,0,0,0
26.150,15.618,18.454,15.172,76.239,0,18.616,28.300,9.150,-53.768,18.930,-6.606,74.246,0,-59.047,31.483,-21.240,0,0,0,0,0,0,0,0,0,0,0,0,0,0,0,0,0,0,0,0,0,0,0,0
26.200,15.619,18.535,15.094,76.175,0,18.616,28.300,9.150,-53.787,19.012,-6.684,74.180,0,-59.047,31.483,-21.240,0,0,0,0,0,0,0,0,0,0,0,0,0,0,0,0,0,0,0,0,0,0,0,0
26.250,15.620,18.615,15.016,76.111,0,18.616,28.300,9.150,-53.806,19.094,-6.763,74.113,0,-59.047,31.483,-21.240,0,0,0,0,0,0,0,0,0,0,0,0,0,0,0,0,0,0,0,0,0,0,0,0
26.300,15.622,18.696,14.938,76.046,0,18.616,28.300,9.150,-53.825,19.176,-6.841,74.047,0,-59.047,31.483,-21.240,0,0,0,0,0,0,0,0,0,0,0,0,0,0,0,0,0,0,0,0,0,0,0,0
26.350,15.625,18.777,14.860,75.982,0,18.616,28.300,9.150,-53.844,19.258,-6.920,73.980,0,-59.047,31.483,-21.240,0,0,0,0,0,0,0,0,0,0,0,0,0,0,0,0,0,0,0,0,0,0,0,0
26.400,15.627,18.858,14.782,75.918,0,18.616,28.300,9.150,-53.863,19.340,-6.998,73.914,0,-59.047,31.483,-21.240,0,0,0,0,0,0,0,0,0,0,0,0,0,0,0,0,0,0,0,0,0,0,0,0
26.450,15.630,18.939,14.704,75.854,0,18.616,28.300,9.150,-53.881,19.422,-7.077,73.847,0,-59.047,31.483,-21.240,0,0,0,0,0,0,0,0,0,0,0,0,0,0,0,0,0,0,0,0,0,0,0,0
26.500,15.633,19.020,14.626,75.790,0,18.616,28.300,9.150,-53.900,19.503,-7.156,73.781,0,-59.047,31.483,-21.240,0,0,0,0,0,0,0,0,0,0,0,0,0,0,0,0,0,0,0,0,0,0,0,0
26.550,15.637,19.101,14.548,75.726,0,18.616,28.300,9.150,-53.919,19.585,-7.235,73.714,0,-59.047,31.483,-21.240,0,0,0,0,0,0,0,0,0,0,0,0,0,0,0,0,0,0,0,0,0,0,0,0
26.600,15.641,19.182,14.470,75.661,0,18.616,28.300,9.150,-53.937,19.666,-7.314,73.648,0,-59.047,31.483,-21.240,0,0,0,0,0,0,0,0,0,0,0,0,0,0,0,0,0,0,0,0,0,0,0,0
26.650,15.645,19.263,14.392,75.597,0,18.616,28.300,9.150,-53.956,19.747,-7.393,73.582,0,-59.047,31.483,-21.240,0,0,0,0,0,0,0,0,0,0,0,0,0,0,0,0,0,0,0,0,0,0,0,0
26.700,15.649,19.343,14.314,75.533,0,18.616,28.300,9.150,-53.974,19.829,-7.472,73.516,0,-59.047,31.483,-21.240,0,0,0,0,0,0,0,0,0,0,0,0,0,0,0,0,0,0,0,0,0,0,0,0
26.750,15.654,19.424,14.236,75.468,0,18.616,28.300,9.150,-53.992,19.910,-7.551,73.449,0,-59.047,31.483,-21.240,0,0,0,0,0,0,0,0,0,0,0,0,0,0,0,0,0,0,0,0,0,0,0,0
26.800,15.660,19.505,14.158,75.404,0,18.616,28.300,9.150,-54.009,19.991,-7.631,73.383,0,-59.047,31.483,-21.240,0,0,0,0,0,0,0,0,0,0,0,0,0,0,0,0,0,0,0,0,0,0,0,0
26.850,15.665,19.586,14.079,75.339,0,18.616,28.300,9.150,-54.027,20.072,-7.710,73.317,0,-59.047,31.483,-21.240,0,0,0,0,0,0,0,0,0,0,0,0,0,0,0,0,0,0,0,0,0,0,0,0
26.900,15.672,19.667,14.001,75.275,0,18.616,28.300,9.150,-54.044,20.153,-7.790,73.251,0,-59.047,31.483,-21.240,0,0,0,0,0,0,0,0,0,0,0,0,0,0,0,0,0,0,0,0,0,0,0,0
26.950,15.678,19.748,13.923,75.210,0,18.616,28.300,9.150,-54.061,20.234,-7.870,73.185,0,-59.047,31.483,-21.240,0,0,0,0,0,0,0,0,0,0,0,0,0,0,0,0,0,0,0,0,0,0,0,0
27.000,15.685,19.829,13.845,75.145,0,18.616,28.300,9.150,-54.078,20.314,-7.949,73.119,0,-59.047,31.483,-21.240,0,0,0,0,0,0,0,0,0,0,0,0,0,0,0,0,0,0,0,0,0,0,0,0
27.050,15.693,19.910,13.767,75.080,0,18.616,28.300,9.150,-54.094,20.395,-8.029,73.053,0,-59.047,31.483,-21.240,0,0,0,0,0,0,0,0,0,0,0,0,0,0,0,0,0,0,0,0,0,0,0,0
27.100,15.701,19.991,13.689,75.015,0,18.616,28.300,9.150,-54.110,20.476,-8.109,72.987,0,-59.047,31.483,-21.240,0,0,0,0,0,0,0,0,0,0,0,0,0,0,0,0,0,0,0,0,0,0,0,0
27.150,15.710,20.072,13.611,74.949,0,18.616,28.300,9.150,-54.126,20.556,-8.189,72.922,0,-59.047,31.483,-21.240,0,0,0,0,0,0,0,0,0,0,0,0,0,0,0,0,0,0,0,0,0,0,0,0
27.200,15.719,20.153,13.534,74.884,0,18.616,28.300,9.150,-54.142,20.637,-8.269,72.856,0,-59.047,31.483,-21.240,0,0,0,0,0,0,0,0,0,0,0,0,0,0,0,0,0,0,0,0,0,0,0,0
27.250,15.729,20.235,13.456,74.818,0,18.616,28.300,9.150,-54.157,20.717,-8.349,72.790,0,-59.047,31.483,-21.240,0,0,0,0,0,0,0,0,0,0,0,0,0,0,0,0,0,0,0,0,0,0,0,0
27.300,15.740,20.316,13.378,74.753,0,18.616,28.300,9.150,-54.172,20.797,-8.430,72.724,0,-59.047,31.483,-21.240,0,0,0,0,0,0,0,0,0,0,0,0,0,0,0,0,0,0,0,0,0,0,0,0
27.350,15.751,20.397,13.300,74.687,0,18.616,28.300,9.150,-54.186,20.877,-8.510,72.658,0,-59.047,31.483,-21.240,0,0,0,0,0,0,0,0,0,0,0,0,0,0,0,0,0,0,0,0,0,0,0,0
27.400,15.763,20.478,13.223,74.622,0,18.616,28.300,9.150,-54.200,20.958,-8.591,72.593,0,-59.047,31.483,-21.240,0,0,0,0,0,0,0,0,0,0,0,0,0,0,0,0,0,0,0,0,0,0,0,0
27.450,15.776,20.559,13.145,74.556,0,18.616,28.300,9.150,-54.214,21.038,-8.671,72.527,0,-59.047,31.483,-21.240,0,0,0,0,0,0,0,0,0,0,0,0,0,0,0,0,0,0,0,0,0,0,0,0
27.500,15.789,20.641,13.068,74.490,0,18.616,28.300,9.150,-54.227,21.118,-8.752,72.461,0,-59.047,31.483,-21.240,0,0,0,0,0,0,0,0,0,0,0,0,0,0,0,0,0,0,0,0,0,0,0,0
27.550,15.803,20.722,12.990,74.424,0,18.616,28.300,9.150,-54.240,21.197,-8.833,72.395,0,-59.047,31.483,-21.240,0,0,0,0,0,0,0,0,0,0,0,0,0,0,0,0,0,0,0,0,0,0,0,0
27.600,15.818,20.803,12.913,74.358,0,18.616,28.300,9.150,-54.253,21.277,-8.914,72.330,0,-59.047,31.483,-21.240,0,0,0,0,0,0,0,0,0,0,0,0,0,0,0,0,0,0,0,0,0,0,0,0
27.650,15.833,20.885,12.836,74.292,0,18.616,28.300,9.150,-54.266,21.357,-8.994,72.264,0,-59.047,31.483,-21.240,0,0,0,0,0,0,0,0,0,0,0,0,0,0,0,0,0,0,0,0,0,0,0,0
27.700,15.850,20.966,12.759,74.226,0,18.616,28.300,9.150,-54.278,21.437,-9.075,72.198,0,-59.047,31.483,-21.240,0,0,0,0,0,0,0,0,0,0,0,0,0,0,0,0,0,0,0,0,0,0,0,0
27.750,15.866,21.048,12.682,74.160,0,18.616,28.300,9.150,-54.290,21.516,-9.157,72.133,0,-59.047,31.483,-21.240,0,0,0,0,0,0,0,0,0,0,0,0,0,0,0,0,0,0,0,0,0,0,0,0
27.800,15.884,21.129,12.606,74.094,0,18.616,28.300,9.150,-54.301,21.596,-9.238,72.067,0,-59.047,31.483,-21.240,0,0,0,0,0,0,0,0,0,0,0,0,0,0,0,0,0,0,0,0,0,0,0,0
27.850,15.902,21.211,12.529,74.027,0,18.616,28.300,9.150,-54.312,21.676,-9.319,72.002,0,-59.047,31.483,-21.240,0,0,0,0,0,0,0,0,0,0,0,0,0,0,0,0,0,0,0,0,0,0,0,0
27.900,15.921,21.292,12.453,73.961,0,18.616,28.300,9.150,-54.323,21.755,-9.400,71.936,0,-59.047,31.483,-21.240,0,0,0,0,0,0,0,0,0,0,0,0,0,0,0,0,0,0,0,0,0,0,0,0
27.950,15.941,21.374,12.377,73.895,0,18.616,28.300,9.150,-54.334,21.834,-9.482,71.870,0,-59.047,31.483,-21.240,0,0,0,0,0,0,0,0,0,0,0,0,0,0,0,0,0,0,0,0,0,0,0,0
28.000,15.961,21.456,12.301,73.828,0,18.616,28.300,9.150,-54.344,21.914,-9.563,71.805,0,-59.047,31.483,-21.240,0,0,0,0,0,0,0,0,0,0,0,0,0,0,0,0,0,0,0,0,0,0,0,0
28.050,15.983,21.538,12.225,73.762,0,18.616,28.300,9.150,-54.354,21.993,-9.645,71.739,0,-59.047,31.483,-21.240,0,0,0,0,0,0,0,0,0,0,0,0,0,0,0,0,0,0,0,0,0,0,0,0
28.100,16.005,21.619,12.149,73.695,0,18.616,28.300,9.150,-54.364,22.072,-9.726,71.674,0,-59.047,31.483,-21.240,0,0,0,0,0,0,0,0,0,0,0,0,0,0,0,0,0,0,0,0,0,0,0,0
28.150,16.027,21.701,12.074,73.629,0,18.616,28.300,9.150,-54.373,22.151,-9.808,71.608,0,-59.047,31.483,-21.240,0,0,0,0,0,0,0,0,0,0,0,0,0,0,0,0,0,0,0,0,0,0,0,0
28.200,16.051,21.783,11.999,73.562,0,18.616,28.300,9.150,-54.383,22.231,-9.889,71.543,0,-59.047,31.483,-21.240,0,0,0,0,0,0,0,0,0,0,0,0,0,0,0,0,0,0,0,0,0,0,0,0
28.250,16.075,21.865,11.924,73.496,0,18.616,28.300,9.150,-54.392,22.310,-9.971,71.478,0,-59.047,31.483,-21.240,0,0,0,0,0,0,0,0,0,0,0,0,0,0,0,0,0,0,0,0,0,0,0,0
28.300,16.100,21.947,11.849,73.429,0,18.616,28.300,9.150,-54.401,22.389,-10.053,71.412,0,-59.047,31.483,-21.240,0,0,0,0,0,0,0,0,0,0,0,0,0,0,0,0,0,0,0,0,0,0,0,0
28.350,16.126,22.029,11.775,73.363,0,18.616,28.300,9.150,-54.409,22.468,-10.135,71.347,0,-59.047,31.483,-21.240,0,0,0,0,0,0,0,0,0,0,0,0,0,0,0,0,0,0,0,0,0,0,0,0
28.400,16.152,22.111,11.701,73.297,0,18.616,28.300,9.150,-54.418,22.546,-10.217,71.281,0,-59.047,31.483,-21.240,0,0,0,0,0,0,0,0,0,0,0,0,0,0,0,0,0,0,0,0,0,0,0,0
28.450,16.179,22.194,11.627,73.230,0,18.616,28.300,9.150,-54.426,22.625,-10.299,71.216,0,-59.047,31.483,-21.240,0,0,0,0,0,0,0,0,0,0,0,0,0,0,0,0,0,0,0,0,0,0,0,0
28.500,16.207,22.276,11.553,73.164,0,18.616,28.300,9.150,-54.434,22.704,-10.381,71.151,0,-59.047,31.483,-21.240,0,0,0,0,0,0,0,0,0,0,0,0,0,0,0,0,0,0,0,0,0,0,0,0
28.550,16.235,22.358,11.480,73.098,0,18.616,28.300,9.150,-54.442,22.783,-10.463,71.085,0,-59.047,31.483,-21.240,0,0,0,0,0,0,0,0,0,0,0,0,0,0,0,0,0,0,0,0,0,0,0,0
28.600,16.265,22.441,11.407,73.031,0,18.616,28.300,9.150,-54.450,22.862,-10.545,71.020,0,-59.047,31.483,-21.240,0,0,0,0,0,0,0,0,0,0,0,0,0,0,0,0,0,0,0,0,0,0,0,0
28.650,16.295,22.523,11.335,72.965,0,18.616,28.300,9.150,-54.458,22.940,-10.627,70.955,0,-59.047,31.483,-21.240,0,0,0,0,0,0,0,0,0,0,0,0,0,0,0,0,0,0,0,0,0,0,0,0
28.700,16.325,22.606,11.263,72.899,0,18.616,28.300,9.150,-54.465,23.019,-10.709,70.890,0,-59.047,31.483,-21.240,0,0,0,0,0,0,0,0,0,0,0,0,0,0,0,0,0,0,0,0,0,0,0,0
28.750,16.357,22.688,11.191,72.834,0,18.616,28.300,9.150,-54.473,23.097,-10.791,70.824,0,-59.047,31.483,-21.240,0,0,0,0,0,0,0,0,0,0,0,0,0,0,0,0,0,0,0,0,0,0,0,0
28.800,16.389,22.771,11.120,72.768,0,18.616,28.300,9.150,-54.480,23.176,-10.873,70.759,0,-59.047,31.483,-21.240,0,0,0,0,0,0,0,0,0,0,0,0,0,0,0,0,0,0,0,0,0,0,0,0
28.850,16.421,22.853,11.050,72.702,0,18.616,28.300,9.150,-54.488,23.254,-10.956,70.694,0,-59.047,31.483,-21.240,0,0,0,0,0,0,0,0,0,0,0,0,0,0,0,0,0,0,0,0,0,0,0,0
28.900,16.455,22.936,10.979,72.637,0,18.616,28.300,9.150,-54.495,23.333,-11.038,70.629,0,-59.047,31.483,-21.240,0,0,0,0,0,0,0,0,0,0,0,0,0,0,0,0,0,0,0,0,0,0,0,0
28.950,16.489,23.019,10.910,72.571,0,18.616,28.300,9.150,-54.503,23.411,-11.120,70.564,0,-59.047,31.483,-21.240,0,0,0,0,0,0,0,0,0,0,0,0,0,0,0,0,0,0,0,0,0,0,0,0
29.000,16.524,23.102,10.840,72.506,0,18.616,28.300,9.150,-54.510,23.489,-11.203,70.499,0,-59.047,31.483,-21.240,0,0,0,0,0,0,0,0,0,0,0,0,0,0,0,0,0,0,0,0,0,0,0,0
29.050,16.559,23.185,10.772,72.441,0,18.616,28.300,9.150,-54.517,23.568,-11.285,70.434,0,-59.047,31.483,-21.240,0,0,0,0,0,0,0,0,0,0,0,0,0,0,0,0,0,0,0,0,0,0,0,0
29.100,16.595,23.268,10.704,72.377,0,18.616,28.300,9.150,-54.525,23.646,-11.367,70.369,0,-59.047,31.483,-21.240,0,0,0,0,0,0,0,0,0,0,0,0,0,0,0,0,0,0,0,0,0,0,0,0
29.150,16.632,23.351,10.636,72.312,0,18.616,28.300,9.150,-54.532,23.724,-11.450,70.303,0,-59.047,31.483,-21.240,0,0,0,0,0,0,0,0,0,0,0,0,0,0,0,0,0,0,0,0,0,0,0,0
29.200,16.669,23.435,10.569,72.248,0,18.616,28.300,9.150,-54.540,23.802,-11.532,70.238,0,-59.047,31.483,-21.240,0,0,0,0,0,0,0,0,0,0,0,0,0,0,0,0,0,0,0,0,0,0,0,0
29.250,16.707,23.518,10.503,72.184,0,18.616,28.300,9.150,-54.548,23.880,-11.615,70.173,0,-59.047,31.483,-21.240,0,0,0,0,0,0,0,0,0,0,0,0,0,0,0,0,0,0,0,0,0,0,0,0
29.300,16.746,23.601,10.437,72.120,0,18.616,28.300,9.150,-54.556,23.958,-11.697,70.108,0,-59.047,31.483,-21.240,0,0,0,0,0,0,0,0,0,0,0,0,0,0,0,0,0,0,0,0,0,0,0,0
29.350,16.785,23.685,10.372,72.057,0,18.616,28.300,9.150,-54.564,24.036,-11.779,70.043,0,-59.047,31.483,-21.240,0,0,0,0,0,0,0,0,0,0,0,0,0,0,0,0,0,0,0,0,0,0,0,0
29.400,16.825,23.769,10.308,71.993,0,18.616,28.300,9.150,-54.572,24.114,-11.862,69.978,0,-59.047,31.483,-21.240,0,0,0,0,0,0,0,0,0,0,0,0,0,0,0,0,0,0,0,0,0,0,0,0
29.450,16.865,23.852,10.245,71.930,0,18.616,28.300,9.150,-54.580,24.192,-11.944,69.913,0,-59.047,31.483,-21.240,0,0,0,0,0,0,0,0,0,0,0,0,0,0,0,0,0,0,0,0,0,0,0,0
29.500,16.906,23.936,10.182,71.856,0,32.719,5.000,-1.595,-54.588,24.270,-12.027,69.849,0,-59.047,31.483,-21.240,0,0,0,0,0,0,0,0,0,0,0,0,0,0,0,0,0,0,0,0,0,0,0,0
29.550,16.948,24.014,10.119,71.782,0,32.719,5.000,-1.595,-54.597,24.348,-12.109,69.784,0,-59.047,31.483,-21.240,0,0,0,0,0,0,0,0,0,0,0,0,0,0,0,0,0,0,0,0,0,0,0,0
29.600,16.992,24.086,10.057,71.708,0,32.719,5.000,-1.595,-54.605,24.425,-12.192,69.719,0,-59.047,31.483,-21.240,0,0,0,0,0,0,0,0,0,0,0,0,0,0,0,0,0,0,0,0,0,0,0,0
29.650,17.037,24.152,9.994,71.633,0,32.719,5.000,-1.595,-54.614,24.503,-12.274,69.654,0,-59.047,31.483,-21.240,0,0,0,0,0,0,0,0,0,0,0,0,0,0,0,0,0,0,0,0,0,0,0,0
29.700,17.084,24.213,9.931,71.559,0,32.719,5.000,-1.595,-54.623,24.581,-12.357,69.589,0,-59.047,31.483,-21.240,0,0,0,0,0,0,0,0,0,0,0,0,0,0,0,0,0,0,0,0,0,0,0,0
29.750,17.132,24.269,9.867,71.485,0,32.719,5.000,-1.595,-54.632,24.658,-12.439,69.524,0,-59.047,31.483,-21.240,0,0,0,0,0,0,0,0,0,0,0,0,0,0,0,0,0,0,0,0,0,0,0,0
29.800,17.182,24.320,9.803,71.412,0,32.719,5.000,-1.595,-54.641,24.736,-12.522,69.459,0,-59.047,31.483,-21.240,0,0,0,0,0,0,0,0,0,0,0,0,0,0,0,0,0,0,0,0,0,0,0,0
29.850,17.233,24.366,9.739,71.338,0,32.719,5.000,-1.595,-54.651,24.813,-12.604,69.394,0,-59.047,31.483,-21.240,0,0,0,0,0,0,0,0,0,0,0,0,0,0,0,0,0,0,0,0,0,0,0,0
29.900,17.286,24.408,9.675,71.264,0,32.719,5.000,-1.595,-54.661,24.891,-12.687,69.329,0,-59.047,31.483,-21.240,0,0,0,0,0,0,0,0,0,0,0,0,0,0,0,0,0,0,0,0,0,0,0,0
29.950,17.340,24.445,9.611,71.191,0,32.719,5.000,-1.595,-54.671,24.968,-12.769,69.264,0,-59.047,31.483,-21.240,0,0,0,0,0,0,0,0,0,0,0,0,0,0,0,0,0,0,0,0,0,0,0,0
30.000,17.395,24.478,9.546,71.117,0,32.719,5.000,-1.595,-54.681,25.046,-12.852,69.200,0,-59.047,31.483,-21.240,0,0,0,0,0,0,0,0,0,0,0,0,0,0,0,0,0,0,0,0,0,0,0,0
30.050,17.451,24.507,9.481,71.044,0,32.719,5.000,-1.595,-54.692,25.123,-12.934,69.135,0,-59.047,31.483,-21.240,0,0,0,0,0,0,0,0,0,0,0,0,0,0,0,0,0,0,0,0,0,0,0,0
30.100,17.509,24.532,9.415,70.970,0,32.719,5.000,-1.595,-54.702,25.200,-13.017,69.070,0,-59.047,31.483,-21.240,0,0,0,0,0,0,0,0,0,0,0,0,0,0,0,0,0,0,0,0,0,0,0,0
30.150,17.568,24.553,9.349,70.897,0,32.719,5.000,-1.595,-54.713,25.277,-13.099,69.005,0,-59.047,31.483,-21.240,0,0,0,0,0,0,0,0,0,0,0,0,0,0,0,0,0,0,0,0,0,0,0,0
30.200,17.628,24.570,9.284,70.824,0,32.719,5.000,-1.595,-54.725,25.354,-13.182,68.940,0,-59.047,31.483,-21.240,0,0,0,0,0,0,0,0,0,0,0,0,0,0,0,0,0,0,0,0,0,0,0,0
30.250,17.690,24.584,9.218,70.751,0,32.719,5.000,-1.595,-54.736,25.432,-13.264,68.875,0,-59.047,31.483,-21.240,0,0,0,0,0,0,0,0,0,0,0,0,0,0,0,0,0,0,0,0,0,0,0,0
30.300,17.752,24.594,9.151,70.678,0,32.719,5.000,-1.595,-54.748,25.509,-13.347,68.811,0,-59.047,31.483,-21.240,0,0,0,0,0,0,0,0,0,0,0,0,0,0,0,0,0,0,0,0,0,0,0,0
30.350,17.816,24.601,9.085,70.605,0,32.719,5.000,-1.595,-54.760,25.586,-13.429,68.746,0,-59.047,31.483,-21.240,0,0,0,0,0,0,0,0,0,0,0,0,0,0,0,0,0,0,0,0,0,0,0,0
30.400,17.880,24.604,9.018,70.532,0,32.719,5.000,-1.595,-54.773,25.662,-13.512,68.681,0,-59.047,31.483,-21.240,0,0,0,0,0,0,0,0,0,0,0,0,0,0,0,0,0,0,0,0,0,0,0,0
30.450,17.946,24.604,8.952,70.460,0,32.719,5.000,-1.595,-54.785,25.739,-13.594,68.616,0,-59.047,31.483,-21.240,0,0,0,0,0,0,0,0,0,0,0,0,0,0,0,0,0,0,0,0,0,0,0,0
30.500,18.012,24.601,8.885,70.387,0,32.719,5.000,-1.595,-54.798,25.816,-13.677,68.551,0,-59.047,31.483,-21.240,0,0,0,0,0,0,0,0,0,0,0,0,0,0,0,0,0,0,0,0,0,0,0,0
30.550,18.079,24.595,8.818,70.314,0,32.719,5.000,-1.595,-54.812,25.893,-13.759,68.487,0,-59.047,31.483,-21.240,0,0,0,0,0,0,0,0,0,0,0,0,0,0,0,0,0,0,0,0,0,0,0,0
30.600,18.147,24.585,8.752,70.242,0,32.719,5.000,-1.595,-54.825,25.970,-13.841,68.422,0,-59.047,31.483,-21.240,0,0,0,0,0,0,0,0,0,0,0,0,0,0,0,0,0,0,0,0,0,0,0,0
30.650,18.216,24.573,8.685,70.169,0,32.719,5.000,-1.595,-54.839,26.046,-13.924,68.357,0,-59.047,31.483,-21.240,0,0,0,0,0,0,0,0,0,0,0,0,0,0,0,0,0,0,0,0,0,0,0,0
30.700,18.286,24.559,8.619,70.097,0,32.719,5.000,-1.595,-54.853,26.123,-14.006,68.292,0,-59.047,31.483,-21.240,0,0,0,0,0,0,0,0,0,0,0,0,0,0,0,0,0,0,0,0,0,0,0,0
30.750,18.356,24.541,8.552,70.025,0,32.719,5.000,-1.595,-54.868,26.199,-14.088,68.228,0,-59.047,31.483,-21.240,0,0,0,0,0,0,0,0,0,0,0,0,0,0,0,0,0,0,0,0,0,0,0,0
30.800,18.427,24.521,8.486,69.953,0,32.719,5.000,-1.595,-54.883,26.276,-14.171,68.163,0,-59.047,31.483,-21.240,0,0,0,0,0,0,0,0,0,0,0,0,0,0,0,0,0,0,0,0,0,0,0,0
30.850,18.498,24.498,8.420,69.881,0,32.719,5.000,-1.595,-54.898,26.352,-14.253,68.098,0,-59.047,31.483,-21.240,0,0,0,0,0,0,0,0,0,0,0,0,0,0,0,0,0,0,0,0,0,0,0,0
30.900,18.570,24.473,8.353,69.809,0,32.719,5.000,-1.595,-54.914,26.429,-14.335,68.034,0,-59.047,31.483,-21.240,0,0,0,0,0,0,0,0,0,0,0,0,0,0,0,0,0,0,0,0,0,0,0,0
30.950,18.643,24.446,8.288,69.737,0,32.719,5.000,-1.595,-54.930,26.505,-14.417,67.969,0,-59.047,31.483,-21.240,0,0,0,0,0,0,0,0,0,0,0,0,0,0,0,0,0,0,0,0,0,0,0,0
31.000,18.716,24.416,8.222,69.665,0,32.719,5.000,-1.595,-54.946,26.581,-14.500,67.904,0,-59.047,31.483,-21.240,0,0,0,0,0,0,0,0,0,0,0,0,0,0,0,0,0,0,0,0,0,0,0,0
31.050,18.789,24.385,8.157,69.593,0,32.719,5.000,-1.595,-54.963,26.657,-14.582,67.839,0,-59.047,31.483,-21.240,0,0,0,0,0,0,0,0,0,0,0,0,0,0,0,0,0,0,0,0,0,0,0,0
31.100,18.863,24.351,8.091,69.521,0,32.719,5.000,-1.595,-54.980,26.733,-14.664,67.775,0,-59.047,31.483,-21.240,0,0,0,0,0,0,0,0,0,0,0,0,0,0,0,0,0,0,0,0,0,0,0,0
31.150,18.937,24.315,8.027,69.449,0,32.719,5.000,-1.595,-54.997,26.809,-14.746,67.710,0,-59.047,31.483,-21.240,0,0,0,0,0,0,0,0,0,0,0,0,0,0,0,0,0,0,0,0,0,0,0,0
31.200,19.011,24.277,7.962,69.378,0,32.719,5.000,-1.595,-55.015,26.885,-14.828,67.645,0,-59.047,31.483,-21.240,0,0,0,0,0,0,0,0,0,0,0,0,0,0,0,0,0,0,0,0,0,0,0,0
31.250,19.086,24.237,7.898,69.306,0,32.719,5.000,-1.595,-55.033,26.961,-14.911,67.581,0,-59.047,31.483,-21.240,0,0,0,0,0,0,0,0,0,0,0,0,0,0,0,0,0,0,0,0,0,0,0,0
31.300,19.161,24.196,7.834,69.235,0,32.719,5.000,-1.595,-55.051,27.037,-14.993,67.516,0,-59.047,31.483,-21.240,0,0,0,0,0,0,0,0,0,0,0,0,0,0,0,0,0,0,0,0,0,0,0,0
31.350,19.236,24.152,7.770,69.163,0,32.719,5.000,-1.595,-55.070,27.112,-15.075,67.451,0,-59.047,31.483,-21.240,0,0,0,0,0,0,0,0,0,0,0,0,0,0,0,0,0,0,0,0,0,0,0,0
31.400,19.311,24.107,7.707,69.092,0,32.719,5.000,-1.595,-55.089,27.188,-15.157,67.387,0,-59.047,31.483,-21.240,0,0,0,0,0,0,0,0,0,0,0,0,0,0,0,0,0,0,0,0,0,0,0,0
31.450,19.387,24.061,7.644,69.021,0,32.719,5.000,-1.595,-55.109,27.263,-15.239,67.322,0,-59.047,31.483,-21.240,0,0,0,0,0,0,0,0,0,0,0,0,0,0,0,0,0,0,0,0,0,0,0,0
31.500,19.462,24.013,7.581,68.949,0,32.719,5.000,-1.595,-55.128,27.339,-15.321,67.257,0,-59.047,31.483,-21.240,0,0,0,0,0,0,0,0,0,0,0,0,0,0,0,0,0,0,0,0,0,0,0,0
31.550,19.538,23.964,7.519,68.878,0,32.719,5.000,-1.595,-55.148,27.414,-15.403,67.193,0,-59.047,31.483,-21.240,0,0,0,0,0,0,0,0,0,0,0,0,0,0,0,0,0,0,0,0,0,0,0,0
31.600,19.614,23.913,7.457,68.807,0,32.719,5.000,-1.595,-55.169,27.490,-15.485,67.128,0,-59.047,31.483,-21.240,0,0,0,0,0,0,0,0,0,0,0,0,0,0,0,0,0,0,0,0,0,0,0,0
31.650,19.690,23.861,7.396,68.736,0,32.719,5.000,-1.595,-55.190,27.565,-15.567,67.063,0,-59.047,31.483,-21.240,0,0,0,0,0,0,0,0,0,0,0,0,0,0,0,0,0,0,0,0,0,0,0,0
31.700,19.766,23.807,7.334,68.665,0,32.719,5.000,-1.595,-55.211,27.640,-15.649,66.999,0,-59.047,31.483,-21.240,0,0,0,0,0,0,0,0,0,0,0,0,0,0,0,0,0,0,0,0,0,0,0,0
31.750,19.842,23.752,7.274,68.594,0,32.719,5.000,-1.595,-55.232,27.715,-15.731,66.934,0,-59.047,31.483,-21.240,0,0,0,0,0,0,0,0,0,0,0,0,0,0,0,0,0,0,0,0,0,0,0,0
31.800,19.918,23.697,7.213,68.523,0,32.719,5.000,-1.595,-55.254,27.790,-15.813,66.870,0,-59.047,31.483,-21.240,0,0,0,0,0,0,0,0,0,0,0,0,0,0,0,0,0,0,0,0,0,0,0,0
31.850,19.994,23.640,7.153,68.452,0,32.719,5.000,-1.595,-55.276,27.865,-15.895,66.805,0,-59.047,31.483,-21.240,0,0,0,0,0,0,0,0,0,0,0,0,0,0,0,0,0,0,0,0,0,0,0,0
31.900,20.070,23.582,7.094,68.382,0,32.719,5.000,-1.595,-55.298,27.940,-15.976,66.740,0,-59.047,31.483,-21.240,0,0,0,0,0,0,0,0,0,0,0,0,0,0,0,0,0,0,0,0,0,0,0,0
31.950,20.147,23.522,7.035,68.311,0,32.719,5.000,-1.595,-55.321,28.014,-16.058,66.676,0,-59.047,31.483,-21.240,0,0,0,0,0,0,0,0,0,0,0,0,0,0,0,0,0,0,0,0,0,0,0,0
32.000,20.223,23.462,6.976,68.240,0,32.719,5.000,-1.595,-55.344,28.089,-16.140,66.611,0,-59.047,31.483,-21.240,0,0,0,0,0,0,0,0,0,0,0,0,0,0,0,0,0,0,0,0,0,0,0,0
32.050,20.299,23.401,6.917,68.170,0,32.719,5.000,-1.595,-55.367,28.163,-16.222,66.547,0,-59.047,31.483,-21.240,0,0,0,0,0,0,0,0,0,0,0,0,0,0,0,0,0,0,0,0,0,0,0,0
32.100,20.375,23.339,6.859,68.099,0,32.719,5.000,-1.595,-55.390,28.238,-16.304,66.482,0,-59.047,31.483,-21.240,0,0,0,0,0,0,0,0,0,0,0,0,0,0,0,0,0,0,0,0,0,0,0,0
32.150,20.451,23.277,6.801,68.028,0,32.719,5.000,-1.595,-55.414,28.312,-16.386,66.417,0,-59.047,31.483,-21.240,0,0,0,0,0,0,0,0,0,0,0,0,0,0,0,0,0,0,0,0,0,0,0,0
32.200,20.527,23.213,6.744,67.958,0,32.719,5.000,-1.595,-55.439,28.387,-16.468,66.353,0,-59.047,31.483,-21.240,0,0,0,0,0,0,0,0,0,0,0,0,0,0,0,0,0,0,0,0,0,0,0,0
32.250,20.603,23.148,6.687,67.887,0,32.719,5.000,-1.595,-55.463,28.461,-16.549,66.288,0,-59.047,31.483,-21.240,0,0,0,0,0,0,0,0,0,0,0,0,0,0,0,0,0,0,0,0,0,0,0,0
32.300,20.678,23.083,6.630,67.817,0,32.719,5.000,-1.595,-55.488,28.535,-16.631,66.224,0,-59.047,31.483,-21.240,0,0,0,0,0,0,0,0,0,0,0,0,0,0,0,0,0,0,0,0,0,0,0,0
32.350,20.754,23.017,6.574,67.747,0,32.719,5.000,-1.595,-55.513,28.609,-16.713,66.159,0,-59.047,31.483,-21.240,0,0,0,0,0,0,0,0,0,0,0,0,0,0,0,0,0,0,0,0,0,0,0,0
32.400,20.830,22.951,6.518,67.676,0,32.719,5.000,-1.595,-55.539,28.682,-16.795,66.094,0,-59.047,31.483,-21.240,0,0,0,0,0,0,0,0,0,0,0,0,0,0,0,0,0,0,0,0,0,0,0,0
32.450,20.905,22.883,6.463,67.606,0,32.719,5.000,-1.595,-55.564,28.756,-16.877,66.030,0,-59.047,31.483,-21.240,0,0,0,0,0,0,0,0,0,0,0,0,0,0,0,0,0,0,0,0,0,0,0,0
32.500,20.981,22.816,6.407,67.536,0,32.719,5.000,-1.595,-55.591,28.830,-16.958,65.965,0,-59.047,31.483,-21.240,0,0,0,0,0,0,0,0,0,0,0,0,0,0,0,0,0,0,0,0,0,0,0,0
32.550,21.056,22.747,6.352,67.466,0,32.719,5.000,-1.595,-55.617,28.903,-17.040,65.900,0,-59.047,31.483,-21.240,0,0,0,0,0,0,0,0,0,0,0,0,0,0,0,0,0,0,0,0,0,0,0,0
32.600,21.132,22.678,6.298,67.396,0,32.719,5.000,-1.595,-55.644,28.977,-17.122,65.835,0,-59.047,31.483,-21.240,0,0,0,0,0,0,0,0,0,0,0,0,0,0,0,0,0,0,0,0,0,0,0,0
32.650,21.207,22.608,6.244,67.326,0,32.719,5.000,-1.595,-55.671,29.050,-17.204,65.771,0,-59.047,31.483,-21.240,0,0,0,0,0,0,0,0,0,0,0,0,0,0,0,0,0,0,0,0,0,0,0,0
32.700,21.282,22.538,6.190,67.255,0,32.719,5.000,-1.595,-55.699,29.123,-17.285,65.706,0,-59.047,31.483,-21.240,0,0,0,0,0,0,0,0,0,0,0,0,0,0,0,0,0,0,0,0,0,0,0,0
32.750,21.357,22.467,6.136,67.185,0,32.719,5.000,-1.595,-55.727,29.197,-17.367,65.641,0,-59.047,31.483,-21.240,0,0,0,0,0,0,0,0,0,0,0,0,0,0,0,0,0,0,0,0,0,0,0,0
32.800,21.432,22.396,6.083,67.115,0,32.719,5.000,-1.595,-55.755,29.270,-17.449,65.576,0,-59.047,31.483,-21.240,0,0,0,0,0,0,0,0,0,0,0,0,0,0,0,0,0,0,0,0,0,0,0,0
32.850,21.507,22.324,6.030,67.046,0,32.719,5.000,-1.595,-55.784,29.342,-17.530,65.511,0,-59.047,31.483,-21.240,0,0,0,0,0,0,0,0,0,0,0,0,0,0,0,0,0,0,0,0,0,0,0,0
32.900,21.581,22.252,5.977,66.976,0,32.719,5.000,-1.595,-55.813,29.415,-17.612,65.446,0,-59.047,31.483,-21.240,0,0,0,0,0,0,0,0,0,0,0,0,0,0,0,0,0,0,0,0,0,0,0,0
32.950,21.656,22.180,5.924,66.906,0,32.719,5.000,-1.595,-55.842,29.488,-17.693,65.381,0,-59.047,31.483,-21.240,0,0,0,0,0,0,0,0,0,0,0,0,0,0,0,0,0,0,0,0,0,0,0,0
33.000,21.731,22.107,5.872,66.836,0,32.719,5.000,-1.595,-55.872,29.560,-17.775,65.316,0,-59.047,31.483,-21.240,0,0,0,0,0,0,0,0,0,0,0,0,0,0,0,0,0,0,0,0,0,0,0,0
33.050,21.805,22.033,5.820,66.766,0,32.719,5.000,-1.595,-55.903,29.633,-17.856,65.252,0,-59.047,31.483,-21.240,0,0,0,0,0,0,0,0,0,0,0,0,0,0,0,0,0,0,0,0,0,0,0,0
33.100,21.879,21.959,5.769,66.697,0,32.719,5.000,-1.595,-55.933,29.705,-17.938,65.189,0,-59.047,22.478,-30.358,0,0,0,0,0,0,0,0,0,0,0,0,0,0,0,0,0,0,0,0,0,0,0,0
33.150,21.953,21.885,5.717,66.627,0,32.719,5.000,-1.595,-55.962,29.772,-18.019,65.125,0,-59.047,22.478,-30.358,0,0,0,0,0,0,0,0,0,0,0,0,0,0,0,0,0,0,0,0,0,0,0,0
33.200,22.028,21.811,5.666,66.557,0,32.719,5.000,-1.595,-55.989,29.834,-18.101,65.062,0,-59.047,22.478,-30.358,0,0,0,0,0,0,0,0,0,0,0,0,0,0,0,0,0,0,0,0,0,0,0,0
33.250,22.102,21.736,5.615,66.488,0,32.719,5.000,-1.595,-56.014,29.891,-18.183,64.998,0,-59.047,22.478,-30.358,0,0,0,0,0,0,0,0,0,0,0,0,0,0,0,0,0,0,0,0,0,0,0,0
33.300,22.175,21.661,5.565,66.418,0,32.719,5.000,-1.595,-56.037,29.944,-18.266,64.934,0,-59.047,22.478,-30.358,0,0,0,0,0,0,0,0,0,0,0,0,0,0,0,0,0,0,0,0,0,0,0,0
33.350,22.249,21.585,5.514,66.349,0,32.719,5.000,-1.595,-56.059,29.992,-18.348,64.870,0,-59.047,22.478,-30.358,0,0,0,0,0,0,0,0,0,0,0,0,0,0,0,0,0,0,0,0,0,0,0,0
33.400,22.323,21.509,5.464,66.279,0,32.719,5.000,-1.595,-56.080,30.036,-18.432,64.805,0,-59.047,22.478,-30.358,0,0,0,0,0,0,0,0,0,0,0,0,0,0,0,0,0,0,0,0,0,0,0,0
33.450,22.396,21.433,5.414,66.210,0,32.719,5.000,-1.595,-56.099,30.075,-18.515,64.741,0,-59.047,22.478,-30.358,0,0,0,0,0,0,0,0,0,0,0,0,0,0,0,0,0,0,0,0,0,0,0,0
33.500,22.470,21.357,5.365,66.140,0,32.719,5.000,-1.595,-56.117,30.111,-18.600,64.676,0,-59.047,22.478,-30.358,0,0,0,0,0,0,0,0,0,0,0,0,0,0,0,0,0,0,0,0,0,0,0,0
33.550,22.543,21.280,5.315,66.071,0,32.719,5.000,-1.595,-56.134,30.142,-18.684,64.611,0,-59.047,22.478,-30.358,0,0,0,0,0,0,0,0,0,0,0,0,0,0,0,0,0,0,0,0,0,0,0,0
33.600,22.616,21.204,5.266,66.001,0,32.719,5.000,-1.595,-56.150,30.170,-18.770,64.546,0,-59.047,22.478,-30.358,0,0,0,0,0,0,0,0,0,0,0,0,0,0,0,0,0,0,0,0,0,0,0,0
33.650,22.690,21.127,5.217,65.932,0,32.719,5.000,-1.595,-56.166,30.194,-18.856,64.481,0,-59.047,22.478,-30.358,0,0,0,0,0,0,0,0,0,0,0,0,0,0,0,0,0,0,0,0,0,0,0,0
33.700,22.763,21.049,5.168,65.863,0,32.719,5.000,-1.595,-56.180,30.214,-18.942,64.416,0,-59.047,22.478,-30.358,0,0,0,0,0,0,0,0,0,0,0,0,0,0,0,0,0,0,0,0,0,0,0,0
33.750,22.836,20.972,5.119,65.794,0,32.719,5.000,-1.595,-56.193,30.231,-19.029,64.351,0,-59.047,22.478,-30.358,0,0,0,0,0,0,0,0,0,0,0,0,0,0,0,0,0,0,0,0,0,0,0,0
33.800,22.908,20.894,5.071,65.724,0,32.719,5.000,-1.595,-56.206,30.244,-19.116,64.286,0,-59.047,22.478,-30.358,0,0,0,0,0,0,0,0,0,0,0,0,0,0,0,0,0,0,0,0,0,0,0,0
33.850,22.981,20.816,5.022,65.655,0,32.719,5.000,-1.595,-56.218,30.254,-19.204,64.221,0,-59.047,22.478,-30.358,0,0,0,0,0,0,0,0,0,0,0,0,0,0,0,0,0,0,0,0,0,0,0,0
33.900,23.054,20.738,4.974,65.586,0,32.719,5.000,-1.595,-56.230,30.260,-19.293,64.156,0,-59.047,22.478,-30.358,0,0,0,0,0,0,0,0,0,0,0,0,0,0,0,0,0,0,0,0,0,0,0,0
33.950,23.126,20.659,4.926,65.517,0,32.719,5.000,-1.595,-56.240,30.264,-19.382,64.090,0,-59.047,22.478,-30.358,0,0,0,0,0,0,0,0,0,0,0,0,0,0,0,0,0,0,0,0,0,0,0,0
34.000,23.199,20.581,4.879,65.448,0,32.719,5.000,-1.595,-56.251,30.264,-19.471,64.025,0,-59.047,22.478,-30.358,0,0,0,0,0,0,0,0,0,0,0,0,0,0,0,0,0,0,0,0,0,0,0,0
34.050,23.271,20.502,4.831,65.379,0,32.719,5.000,-1.595,-56.260,30.261,-19.561,63.959,0,-59.047,22.478,-30.358,0,0,0,0,0,0,0,0,0,0,0,0,0,0,0,0,0,0,0,0,0,0,0,0
34.100,23.343,20.423,4.784,65.310,0,32.719,5.000,-1.595,-56.270,30.255,-19.651,63.894,0,-59.047,22.478,-30.358,0,0,0,0,0,0,0,0,0,0,0,0,0,0,0,0,0,0,0,0,0,0,0,0
34.150,23.415,20.344,4.736,65.241,0,32.719,5.000,-1.595,-56.278,30.247,-19.741,63.829,0,-59.047,22.478,-30.358,0,0,0,0,0,0,0,0,0,0,0,0,0,0,0,0,0,0,0,0,0,0,0,0
34.200,23.487,20.264,4.689,65.172,0,32.719,5.000,-1.595,-56.287,30.235,-19.832,63.763,0,-59.047,22.478,-30.358,0,0,0,0,0,0,0,0,0,0,0,0,0,0,0,0,0,0,0,0,0,0,0,0
34.250,23.559,20.185,4.642,65.103,0,32.719,5.000,-1.595,-56.295,30.221,-19.923,63.698,0,-59.047,22.478,-30.358,0,0,0,0,0,0,0,0,0,0,0,0,0,0,0,0,0,0,0,0,0,0,0,0
34.300,23.631,20.105,4.595,65.035,0,32.719,5.000,-1.595,-56.302,30.205,-20.014,63.632,0,-59.047,22.478,-30.358,0,0,0,0,0,0,0,0,0,0,0,0,0,0,0,0,0,0,0,0,0,0,0,0
34.350,23.703,20.026,4.549,64.966,0,32.719,5.000,-1.595,-56.309,30.185,-20.106,63.567,0,-59.047,22.478,-30.358,0,0,0,0,0,0,0,0,0,0,0,0,0,0,0,0,0,0,0,0,0,0,0,0
34.400,23.775,19.946,4.502,64.897,0,32.719,5.000,-1.595,-56.316,30.164,-20.198,63.501,0,-59.047,22.478,-30.358,0,0,0,0,0,0,0,0,0,0,0,0,0,0,0,0,0,0,0,0,0,0,0,0
34.450,23.846,19.866,4.456,64.828,0,32.719,5.000,-1.595,-56.323,30.140,-20.290,63.436,0,-59.047,22.478,-30.358,0,0,0,0,0,0,0,0,0,0,0,0,0,0,0,0,0,0,0,0,0,0,0,0
34.500,23.918,19.786,4.409,64.760,0,32.719,5.000,-1.595,-56.329,30.113,-20.382,63.370,0,-59.047,22.478,-30.358,0,0,0,0,0,0,0,0,0,0,0,0,0,0,0,0,0,0,0,0,0,0,0,0
34.550,23.989,19.705,4.363,64.691,0,32.719,5.000,-1.595,-56.335,30.085,-20.474,63.305,0,-59.047,22.478,-30.358,0,0,0,0,0,0,0,0,0,0,0,0,0,0,0,0,0,0,0,0,0,0,0,0
34.600,24.060,19.625,4.317,64.622,0,32.719,5.000,-1.595,-56.341,30.054,-20.566,63.239,0,-59.047,22.478,-30.358,0,0,0,0,0,0,0,0,0,0,0,0,0,0,0,0,0,0,0,0,0,0,0,0
34.650,24.131,19.544,4.271,64.553,0,32.719,5.000,-1.595,-56.346,30.021,-20.659,63.174,0,-59.047,22.478,-30.358,0,0,0,0,0,0,0,0,0,0,0,0,0,0,0,0,0,0,0,0,0,0,0,0
34.700,24.202,19.464,4.225,64.485,0,32.719,5.000,-1.595,-56.351,29.986,-20.751,63.108,0,-59.047,22.478,-30.358,0,0,0,0,0,0,0,0,0,0,0,0,0,0,0,0,0,0,0,0,0,0,0,0
34.750,24.273,19.383,4.179,64.416,0,32.719,5.000,-1.595,-56.356,29.949,-20.843,63.043,0,-59.047,22.478,-30.358,0,0,0,0,0,0,0,0,0,0,0,0,0,0,0,0,0,0,0,0,0,0,0,0
34.800,24.344,19.302,4.134,64.348,0,32.719,5.000,-1.595,-56.361,29.911,-20.935,62.977,0,-59.047,22.478,-30.358,0,0,0,0,0,0,0,0,0,0,0,0,0,0,0,0,0,0,0,0,0,0,0,0
34.850,24.415,19.221,4.088,64.279,0,32.719,5.000,-1.595,-56.366,29.870,-21.028,62.912,0,-59.047,22.478,-30.358,0,0,0,0,0,0,0,0,0,0,0,0,0,0,0,0,0,0,0,0,0,0,0,0
34.900,24.486,19.140,4.042,64.210,0,32.719,5.000,-1.595,-56.370,29.828,-21.120,62.846,0,-59.047,22.478,-30.358,0,0,0,0,0,0,0,0,0,0,0,0,0,0,0,0,0,0,0,0,0,0,0,0
34.950,24.556,19.059,3.997,64.142,0,32.719,5.000,-1.595,-56.375,29.784,-21.212,62.781,0,-59.047,22.478,-30.358,0,0,0,0,0,0,0,0,0,0,0,0,0,0,0,0,0,0,0,0,0,0,0,0
35.000,24.627,18.977,3.952,64.073,0,32.719,5.000,-1.595,-56.379,29.739,-21.304,62.715,0,-59.047,22.478,-30.358,0,0,0,0,0,0,0,0,0,0,0,0,0,0,0,0,0,0,0,0,0,0,0,0
35.050,24.697,18.896,3.906,64.004,0,32.719,5.000,-1.595,-56.383,29.692,-21.396,62.650,0,-59.047,22.478,-30.358,0,0,0,0,0,0,0,0,0,0,0,0,0,0,0,0,0,0,0,0,0,0,0,0
35.100,24.768,18.815,3.861,63.936,0,32.719,5.000,-1.595,-56.387,29.643,-21.488,62.584,0,-59.047,22.478,-30.358,0,0,0,0,0,0,0,0,0,0,0,0,0,0,0,0,0,0,0,0,0,0,0,0
35.150,24.838,18.733,3.816,63.867,0,32.719,5.000,-1.595,-56.391,29.594,-21.579,62.519,0,-59.047,22.478,-30.358,0,0,0,0,0,0,0,0,0,0,0,0,0,0,0,0,0,0,0,0,0,0,0,0
35.200,24.908,18.652,3.770,63.799,0,32.719,5.000,-1.595,-56.394,29.542,-21.671,62.453,0,-59.047,22.478,-30.358,0,0,0,0,0,0,0,0,0,0,0,0,0,0,0,0,0,0,0,0,0,0,0,0
35.250,24.979,18.570,3.725,63.730,0,32.719,5.000,-1.595,-56.398,29.490,-21.762,62.388,0,-59.047,22.478,-30.358,0,0,0,0,0,0,0,0,0,0,0,0,0,0,0,0,0,0,0,0,0,0,0,0
35.300,25.049,18.488,3.680,63.661,0,32.719,5.000,-1.595,-56.401,29.436,-21.853,62.322,0,-59.047,22.478,-30.358,0,0,0,0,0,0,0,0,0,0,0,0,0,0,0,0,0,0,0,0,0,0,0,0
35.350,25.119,18.406,3.635,63.593,0,32.719,5.000,-1.595,-56.405,29.381,-21.944,62.257,0,-59.047,22.478,-30.358,0,0,0,0,0,0,0,0,0,0,0,0,0,0,0,0,0,0,0,0,0,0,0,0
35.400,25.189,18.324,3.590,63.524,0,32.719,5.000,-1.595,-56.408,29.325,-22.035,62.191,0,-59.047,22.478,-30.358,0,0,0,0,0,0,0,0,0,0,0,0,0,0,0,0,0,0,0,0,0,0,0,0
35.450,25.259,18.242,3.545,63.455,0,32.719,5.000,-1.595,-56.411,29.268,-22.126,62.126,0,-59.047,22.478,-30.358,0,0,0,0,0,0,0,0,0,0,0,0,0,0,0,0,0,0,0,0,0,0,0,0
35.500,25.329,18.160,3.500,63.386,0,32.719,5.000,-1.595,-56.415,29.210,-22.216,62.061,0,-59.047,22.478,-30.358,0,0,0,0,0,0,0,0,0,0,0,0,0,0,0,0,0,0,0,0,0,0,0,0
35.550,25.399,18.078,3.455,63.318,0,32.719,5.000,-1.595,-56.418,29.150,-22.306,61.995,0,-59.047,22.478,-30.358,0,0,0,0,0,0,0,0,0,0,0,0,0,0,0,0,0,0,0,0,0,0,0,0
35.600,25.469,17.996,3.411,63.249,0,32.719,5.000,-1.595,-56.421,29.090,-22.396,61.930,0,-59.047,22.478,-30.358,0,0,0,0,0,0,0,0,0,0,0,0,0,0,0,0,0,0,0,0,0,0,0,0
35.650,25.539,17.914,3.366,63.180,0,32.719,5.000,-1.595,-56.424,29.029,-22.486,61.864,0,-59.047,22.478,-30.358,0,0,0,0,0,0,0,0,0,0,0,0,0,0,0,0,0,0,0,0,0,0,0,0
35.700,25.609,17.832,3.321,63.111,0,32.719,5.000,-1.595,-56.427,28.967,-22.575,61.799,0,-59.047,22.478,-30.358,0,0,0,0,0,0,0,0,0,0,0,0,0,0,0,0,0,0,0,0,0,0,0,0
35.750,25.679,17.750,3.277,63.042,0,32.719,5.000,-1.595,-56.430,28.904,-22.665,61.733,0,-59.047,22.478,-30.358,0,0,0,0,0,0,0,0,0,0,0,0,0,0,0,0,0,0,0,0,0,0,0,0
35.800,25.749,17.667,3.232,62.973,0,32.719,5.000,-1.595,-56.433,28.840,-22.754,61.668,0,-59.047,22.478,-30.358,0,0,0,0,0,0,0,0,0,0,0,0,0,0,0,0,0,0,0,0,0,0,0,0
35.850,25.818,17.585,3.188,62.905,0,32.719,5.000,-1.595,-56.436,28.776,-22.843,61.602,0,-59.047,22.478,-30.358,0,0,0,0,0,0,0,0,0,0,0,0,0,0,0,0,0,0,0,0,0,0,0,0
35.900,25.888,17.503,3.143,62.836,0,32.719,5.000,-1.595,-56.439,28.711,-22.931,61.537,0,-59.047,22.478,-30.358,0,0,0,0,0,0,0,0,0,0,0,0,0,0,0,0,0,0,0,0,0,0,0,0
35.950,25.958,17.420,3.099,62.767,0,32.719,5.000,-1.595,-56.443,28.645,-23.020,61.471,0,-59.047,22.478,-30.358,0,0,0,0,0,0,0,0,0,0,0,0,0,0,0,0,0,0,0,0,0,0,0,0
36.000,26.028,17.338,3.054,62.698,0,32.719,5.000,-1.595,-56.446,28.578,-23.108,61.406,0,-59.047,22.478,-30.358,0,0,0,0,0,0,0,0,0,0,0,0,0,0,0,0,0,0,0,0,0,0,0,0
36.050,26.098,17.255,3.010,62.629,0,32.719,5.000,-1.595,-56.449,28.511,-23.196,61.340,0,-59.047,22.478,-30.358,0,0,0,0,0,0,0,0,0,0,0,0,0,0,0,0,0,0,0,0,0,0,0,0
36.100,26.168,17.173,2.965,62.560,0,32.719,5.000,-1.595,-56.452,28.443,-23.283,61.275,0,-59.047,22.478,-30.358,0,0,0,0,0,0,0,0,0,0,0,0,0,0,0,0,0,0,0,0,0,0,0,0
36.150,26.238,17.090,2.921,62.492,0,32.719,5.000,-1.595,-56.455,28.375,-23.371,61.209,0,-59.047,22.478,-30.358,0,0,0,0,0,0,0,0,0,0,0,0,0,0,0,0,0,0,0,0,0,0,0,0
36.200,26.307,17.008,2.877,62.423,0,32.719,5.000,-1.595,-56.458,28.306,-23.458,61.144,0,-59.047,22.478,-30.358,0,0,0,0,0,0,0,0,0,0,0,0,0,0,0,0,0,0,0,0,0,0,0,0
36.250,26.377,16.925,2.833,62.354,0,32.719,5.000,-1.595,-56.462,28.237,-23.545,61.078,0,-59.047,22.478,-30.358,0,0,0,0,0,0,0,0,0,0,0,0,0,0,0,0,0,0,0,0,0,0,0,0
36.300,26.447,16.842,2.789,62.285,0,32.719,5.000,-1.595,-56.465,28.167,-23.632,61.013,0,-59.047,22.478,-30.358,0,0,0,0,0,0,0,0,0,0,0,0,0,0,0,0,0,0,0,0,0,0,0,0
36.350,26.517,16.760,2.745,62.216,0,32.719,5.000,-1.595,-56.469,28.096,-23.719,60.947,0,-59.047,22.478,-30.358,0,0,0,0,0,0,0,0,0,0,0,0,0,0,0,0,0,0,0,0,0,0,0,0
36.400,26.587,16.677,2.701,62.147,0,32.719,5.000,-1.595,-56.472,28.025,-23.805,60.882,0,-59.047,22.478,-30.358,0,0,0,0,0,0,0,0,0,0,0,0,0,0,0,0,0,0,0,0,0,0,0,0
36.450,26.657,16.594,2.657,62.078,0,32.719,5.000,-1.595,-56.476,27.954,-23.891,60.816,0,-59.047,22.478,-30.358,0,0,0,0,0,0,0,0,0,0,0,0,0,0,0,0,0,0,0,0,0,0,0,0
36.500,26.728,16.512,2.613,62.009,0,32.719,5.000,-1.595,-56.480,27.882,-23.977,60.751,0,-59.047,22.478,-30.358,0,0,0,0,0,0,0,0,0,0,0,0,0,0,0,0,0,0,0,0,0,0,0,0
36.550,26.798,16.429,2.570,61.940,0,32.719,5.000,-1.595,-56.484,27.809,-24.063,60.685,0,-59.047,22.478,-30.358,0,0,0,0,0,0,0,0,0,0,0,0,0,0,0,0,0,0,0,0,0,0,0,0
36.600,26.868,16.346,2.526,61.870,0,32.719,5.000,-1.595,-56.488,27.737,-24.149,60.619,0,-59.047,22.478,-30.358,0,0,0,0,0,0,0,0,0,0,0,0,0,0,0,0,0,0,0,0,0,0,0,0
36.650,26.938,16.264,2.482,61.801,0,32.719,5.000,-1.595,-56.493,27.664,-24.234,60.554,0,-59.047,22.478,-30.358,0,0,0,0,0,0,0,0,0,0,0,0,0,0,0,0,0,0,0,0,0,0,0,0
36.700,27.008,16.181,2.439,61.732,0,32.719,5.000,-1.595,-56.497,27.590,-24.320,60.488,0,-59.047,22.478,-30.358,0,0,0,0,0,0,0,0,0,0,0,0,0,0,0,0,0,0,0,0,0,0,0,0
36.750,27.079,16.098,2.395,61.663,0,32.719,5.000,-1.595,-56.502,27.517,-24.405,60.423,0,-59.047,22.478,-30.358,0,0,0,0,0,0,0,0,0,0,0,0,0,0,0,0,0,0,0,0,0,0,0,0
36.800,27.149,16.015,2.352,61.594,0,32.719,5.000,-1.595,-56.507,27.442,-24.490,60.357,0,-59.047,22.478,-30.358,0,0,0,0,0,0,0,0,0,0,0,0,0,0,0,0,0,0,0,0,0,0,0,0
36.850,27.220,15.933,2.308,61.524,0,32.719,5.000,-1.595,-56.513,27.368,-24.574,60.291,0,-59.047,22.478,-30.358,0,0,0,0,0,0,0,0,0,0,0,0,0,0,0,0,0,0,0,0,0,0,0,0
36.900,27.290,15.850,2.265,61.455,0,32.719,5.000,-1.595,-56.518,27.293,-24.659,60.226,0,-59.047,22.478,-30.358,0,0,0,0,0,0,0,0,0,0,0,0,0,0,0,0,0,0,0,0,0,0,0,0
36.950,27.360,15.767,2.221,61.386,0,32.719,5.000,-1.595,-56.524,27.218,-24.743,60.160,0,-59.047,22.478,-30.358,0,0,0,0,0,0,0,0,0,0,0,0,0,0,0,0,0,0,0,0,0,0,0,0
37.000,27.431,15.684,2.178,61.316,0,32.719,5.000,-1.595,-56.530,27.143,-24.828,60.094,0,-59.047,22.478,-30.358,0,0,0,0,0,0,0,0,0,0,0,0,0,0,0,0,0,0,0,0,0,0,0,0
37.050,27.502,15.602,2.134,61.247,0,32.719,5.000,-1.595,-56.537,27.068,-24.912,60.028,0,-59.047,22.478,-30.358,0,0,0,0,0,0,0,0,0,0,0,0,0,0,0,0,0,0,0,0,0,0,0,0
37.100,27.572,15.519,2.091,61.178,0,32.719,5.000,-1.595,-56.543,26.992,-24.996,59.963,0,-59.047,22.478,-30.358,0,0,0,0,0,0,0,0,0,0,0,0,0,0,0,0,0,0,0,0,0,0,0,0
37.150,27.643,15.436,2.048,61.108,0,32.719,5.000,-1.595,-56.551,26.916,-25.079,59.897,0,-59.047,22.478,-30.358,0,0,0,0,0,0,0,0,0,0,0,0,0,0,0,0,0,0,0,0,0,0,0,0
37.200,27.714,15.353,2.004,61.039,0,32.719,5.000,-1.595,-56.558,26.840,-25.163,59.831,0,-59.047,22.478,-30.358,0,0,0,0,0,0,0,0,0,0,0,0,0,0,0,0,0,0,0,0,0,0,0,0
37.250,27.784,15.271,1.961,60.970,0,32.719,5.000,-1.595,-56.566,26.764,-25.247,59.765,0,-59.047,22.478,-30.358,0,0,0,0,0,0,0,0,0,0,0,0,0,0,0,0,0,0,0,0,0,0,0,0
37.300,27.855,15.188,1.918,60.900,0,32.719,5.000,-1.595,-56.574,26.687,-25.330,59.699,0,-59.047,22.478,-30.358,0,0,0,0,0,0,0,0,0,0,0,0,0,0,0,0,0,0,0,0,0,0,0,0
37.350,27.926,15.105,1.874,60.831,0,32.719,5.000,-1.595,-56.582,26.610,-25.413,59.633,0,-59.047,22.478,-30.358,0,0,0,0,0,0,0,0,0,0,0,0,0,0,0,0,0,0,0,0,0,0,0,0
37.400,27.997,15.023,1.831,60.761,0,32.719,5.000,-1.595,-56.591,26.534,-25.496,59.568,0,-59.047,22.478,-30.358,0,0,0,0,0,0,0,0,0,0,0,0,0,0,0,0,0,0,0,0,0,0,0,0
37.450,28.068,14.940,1.788,60.692,0,32.719,5.000,-1.595,-56.600,26.456,-25.579,59.502,0,-59.047,22.478,-30.358,0,0,0,0,0,0,0,0,0,0,0,0,0,0,0,0,0,0,0,0,0,0,0,0
37.500,28.139,14.857,1.744,60.622,0,32.719,5.000,-1.595,-56.609,26.379,-25.662,59.436,0,-59.047,22.478,-30.358,0,0,0,0,0,0,0,0,0,0,0,0,0,0,0,0,0,0,0,0,0,0,0,0
37.550,28.210,14.775,1.701,60.553,0,32.719,5.000,-1.595,-56.619,26.302,-25.745,59.370,0,-59.047,22.478,-30.358,0,0,0,0,0,0,0,0,0,0,0,0,0,0,0,0,0,0,0,0,0,0,0,0
37.600,28.281,14.692,1.657,60.483,0,32.719,5.000,-1.595,-56.630,26.224,-25.827,59.303,0,-59.047,22.478,-30.358,0,0,0,0,0,0,0,0,0,0,0,0,0,0,0,0,0,0,0,0,0,0,0,0
37.650,28.352,14.609,1.614,60.414,0,32.719,5.000,-1.595,-56.640,26.147,-25.910,59.237,0,-59.047,22.478,-30.358,0,0,0,0,0,0,0,0,0,0,0,0,0,0,0,0,0,0,0,0,0,0,0,0
37.700,28.423,14.527,1.570,60.344,0,32.719,5.000,-1.595,-56.652,26.069,-25.992,59.171,0,-59.047,22.478,-30.358,0,0,0,0,0,0,0,0,0,0,0,0,0,0,0,0,0,0,0,0,0,0,0,0
37.750,28.494,14.444,1.527,60.274,0,32.719,5.000,-1.595,-56.663,25.991,-26.074,59.105,0,-59.047,22.478,-30.358,0,0,0,0,0,0,0,0,0,0,0,0,0,0,0,0,0,0,0,0,0,0,0,0
37.800,28.565,14.362,1.483,60.205,0,32.719,5.000,-1.595,-56.675,25.913,-26.156,59.039,0,-59.047,22.478,-30.358,0,0,0,0,0,0,0,0,0,0,0,0,0,0,0,0,0,0,0,0,0,0,0,0
37.850,28.636,14.279,1.439,60.135,0,32.719,5.000,-1.595,-56.688,25.835,-26.238,58.972,0,-59.047,22.478,-30.358,0,0,0,0,0,0,0,0,0,0,0,0,0,0,0,0,0,0,0,0,0,0,0,0
37.900,28.707,14.196,1.396,60.066,0,32.719,5.000,-1.595,-56.701,25.757,-26.320,58.906,0,-59.047,22.478,-30.358,0,0,0,0,0,0,0,0,0,0,0,0,0,0,0,0,0,0,0,0,0,0,0,0
37.950,28.778,14.114,1.352,59.996,0,32.719,5.000,-1.595,-56.715,25.679,-26.402,58.840,0,-59.047,22.478,-30.358,0,0,0,0,0,0,0,0,0,0,0,0,0,0,0,0,0,0,0,0,0,0,0,0
38.000,28.849,14.031,1.308,59.926,0,32.719,5.000,-1.595,-56.729,25.601,-26.484,58.773,0,-59.047,22.478,-30.358,0,0,0,0,0,0,0,0,0,0,0,0,0,0,0,0,0,0,0,0,0,0,0,0
38.050,28.920,13.949,1.263,59.856,0,32.719,5.000,-1.595,-56.744,25.522,-26.565,58.707,0,-59.047,22.478,-30.358,0,0,0,0,0,0,0,0,0,0,0,0,0,0,0,0,0,0,0,0,0,0,0,0
38.100,28.991,13.866,1.219,59.787,0,32.719,5.000,-1.595,-56.759,25.444,-26.647,58.640,0,-59.047,22.478,-30.358,0,0,0,0,0,0,0,0,0,0,0,0,0,0,0,0,0,0,0,0,0,0,0,0
38.150,29.062,13.784,1.175,59.717,0,32.719,5.000,-1.595,-56.774,25.366,-26.728,58.573,0,-59.047,22.478,-30.358,0,0,0,0,0,0,0,0,0,0,0,0,0,0,0,0,0,0,0,0,0,0,0,0
38.200,29.133,13.701,1.130,59.647,0,32.719,5.000,-1.595,-56.791,25.287,-26.810,58.507,0,-59.047,22.478,-30.358,0,0,0,0,0,0,0,0,0,0,0,0,0,0,0,0,0,0,0,0,0,0,0,0
38.250,29.203,13.619,1.085,59.577,0,32.719,5.000,-1.595,-56.808,25.209,-26.891,58.440,0,-59.047,22.478,-30.358,0,0,0,0,0,0,0,0,0,0,0,0,0,0,0,0,0,0,0,0,0,0,0,0
38.300,29.274,13.536,1.040,59.507,0,32.719,5.000,-1.595,-56.825,25.130,-26.972,58.369,0,-52.019,38.020,-62.338,0,0,0,0,0,0,0,0,0,0,0,0,0,0,0,0,0,0,0,0,0,0,0,0
38.350,29.345,13.454,0.995,59.438,0,32.719,5.000,-1.595,-56.839,25.057,-27.053,58.297,0,-52.019,38.020,-62.338,0,0,0,0,0,0,0,0,0,0,0,0,0,0,0,0,0,0,0,0,0,0,0,0
38.400,29.415,13.372,0.950,59.368,0,32.719,5.000,-1.595,-56.850,24.989,-27.135,58.226,0,-52.019,38.020,-62.338,0,0,0,0,0,0,0,0,0,0,0,0,0,0,0,0,0,0,0,0,0,0,0,0
38.450,29.485,13.289,0.904,59.298,0,32.719,5.000,-1.595,-56.859,24.925,-27.217,58.155,0,-52.019,38.020,-62.338,0,0,0,0,0,0,0,0,0,0,0,0,0,0,0,0,0,0,0,0,0,0,0,0
38.500,29.556,13.207,0.859,59.228,0,32.719,5.000,-1.595,-56.864,24.865,-27.299,58.084,0,-52.019,38.020,-62.338,0,0,0,0,0,0,0,0,0,0,0,0,0,0,0,0,0,0,0,0,0,0,0,0
38.550,29.626,13.124,0.813,59.158,0,32.719,5.000,-1.595,-56.866,24.810,-27.382,58.012,0,-52.019,38.020,-62.338,0,0,0,0,0,0,0,0,0,0,0,0,0,0,0,0,0,0,0,0,0,0,0,0
38.600,29.696,13.042,0.766,59.088,0,32.719,5.000,-1.595,-56.866,24.759,-27.466,57.941,0,-52.019,38.020,-62.338,0,0,0,0,0,0,0,0,0,0,0,0,0,0,0,0,0,0,0,0,0,0,0,0
38.650,29.766,12.960,0.720,59.018,0,32.719,5.000,-1.595,-56.864,24.712,-27.550,57.870,0,-52.019,38.020,-62.338,0,0,0,0,0,0,0,0,0,0,0,0,0,0,0,0,0,0,0,0,0,0,0,0
38.700,29.836,12.878,0.673,58.948,0,32.719,5.000,-1.595,-56.858,24.668,-27.635,57.798,0,-52.019,38.020,-62.338,0,0,0,0,0,0,0,0,0,0,0,0,0,0,0,0,0,0,0,0,0,0,0,0
38.750,29.906,12.795,0.626,58.878,0,32.719,5.000,-1.595,-56.851,24.628,-27.720,57.727,0,-52.019,38.020,-62.338,0,0,0,0,0,0,0,0,0,0,0,0,0,0,0,0,0,0,0,0,0,0,0,0
38.800,29.975,12.713,0.579,58.809,0,32.719,5.000,-1.595,-56.841,24.592,-27.806,57.655,0,-52.019,38.020,-62.338,0,0,0,0,0,0,0,0,0,0,0,0,0,0,0,0,0,0,0,0,0,0,0,0
38.850,30.045,12.631,0.531,58.739,0,32.719,5.000,-1.595,-56.829,24.558,-27.892,57.584,0,-52.019,38.020,-62.338,0,0,0,0,0,0,0,0,0,0,0,0,0,0,0,0,0,0,0,0,0,0,0,0
38.900,30.114,12.549,0.483,58.669,0,32.719,5.000,-1.595,-56.814,24.528,-27.979,57.512,0,-52.019,38.020,-62.338,0,0,0,0,0,0,0,0,0,0,0,0,0,0,0,0,0,0,0,0,0,0,0,0
38.950,30.183,12.467,0.435,58.599,0,32.719,5.000,-1.595,-56.798,24.502,-28.067,57.441,0,-52.019,38.020,-62.338,0,0,0,0,0,0,0,0,0,0,0,0,0,0,0,0,0,0,0,0,0,0,0,0
39.000,30.252,12.384,0.387,58.530,0,32.719,5.000,-1.595,-56.779,24.478,-28.155,57.369,0,-52.019,38.020,-62.338,0,0,0,0,0,0,0,0,0,0,0,0,0,0,0,0,0,0,0,0,0,0,0,0
39.050,30.320,12.302,0.338,58.460,0,32.719,5.000,-1.595,-56.758,24.457,-28.244,57.298,0,-52.019,38.020,-62.338,0,0,0,0,0,0,0,0,0,0,0,0,0,0,0,0,0,0,0,0,0,0,0,0
39.100,30.389,12.220,0.289,58.391,0,32.719,5.000,-1.595,-56.736,24.439,-28.333,57.226,0,-52.019,38.020,-62.338,0,0,0,0,0,0,0,0,0,0,0,0,0,0,0,0,0,0,0,0,0,0,0,0
39.150,30.457,12.138,0.240,58.321,0,32.719,5.000,-1.595,-56.712,24.424,-28.423,57.155,0,-52.019,38.020,-62.338,0,0,0,0,0,0,0,0,0,0,0,0,0,0,0,0,0,0,0,0,0,0,0,0
39.200,30.525,12.056,0.190,58.252,0,32.719,5.000,-1.595,-56.685,24.412,-28.513,57.083,0,-52.019,38.020,-62.338,0,0,0,0,0,0,0,0,0,0,0,0,0,0,0,0,0,0,0,0,0,0,0,0
39.250,30.592,11.974,0.140,58.183,0,32.719,5.000,-1.595,-56.657,24.402,-28.604,57.011,0,-52.019,38.020,-62.338,0,0,0,0,0,0,0,0,0,0,0,0,0,0,0,0,0,0,0,0,0,0,0,0
39.300,30.660,11.892,0.090,58.114,0,32.719,5.000,-1.595,-56.628,24.395,-28.695,56.940,0,-52.019,38.020,-62.338,0,0,0,0,0,0,0,0,0,0,0,0,0,0,0,0,0,0,0,0,0,0,0,0
39.350,30.727,11.810,0.039,58.045,0,32.719,5.000,-1.595,-56.596,24.390,-28.786,56.868,0,-52.019,38.020,-62.338,0,0,0,0,0,0,0,0,0,0,0,0,0,0,0,0,0,0,0,0,0,0,0,0
39.400,30.794,11.728,-0.012,57.976,0,32.719,5.000,-1.595,-56.563,24.387,-28.878,56.796,0,-52.019,38.020,-62.338,0,0,0,0,0,0,0,0,0,0,0,0,0,0,0,0,0,0,0,0,0,0,0,0
39.450,30.861,11.647,-0.063,57.908,0,32.719,5.000,-1.595,-56.529,24.387,-28.970,56.725,0,-52.019,38.020,-62.338,0,0,0,0,0,0,0,0,0,0,0,0,0,0,0,0,0,0,0,0,0,0,0,0
39.500,30.927,11.565,-0.114,57.840,0,32.719,5.000,-1.595,-56.493,24.389,-29.063,56.653,0,-52.019,38.020,-62.338,0,0,0,0,0,0,0,0,0,0,0,0,0,0,0,0,0,0,0,0,0,0,0,0
39.550,30.994,11.483,-0.165,57.772,0,32.719,5.000,-1.595,-56.456,24.394,-29.155,56.582,0,-52.019,38.020,-62.338,0,0,0,0,0,0,0,0,0,0,0,0,0,0,0,0,0,0,0,0,0,0,0,0
39.600,31.060,11.401,-0.217,57.704,0,32.719,5.000,-1.595,-56.417,24.400,-29.248,56.510,0,-52.019,38.020,-62.338,0,0,0,0,0,0,0,0,0,0,0,0,0,0,0,0,0,0,0,0,0,0,0,0
39.650,31.126,11.319,-0.268,57.636,0,32.719,5.000,-1.595,-56.377,24.408,-29.341,56.438,0,-52.019,38.020,-62.338,0,0,0,0,0,0,0,0,0,0,0,0,0,0,0,0,0,0,0,0,0,0,0,0
39.700,31.191,11.238,-0.320,57.569,0,32.719,5.000,-1.595,-56.336,24.419,-29.434,56.367,0,-52.019,38.020,-62.338,0,0,0,0,0,0,0,0,0,0,0,0,0,0,0,0,0,0,0,0,0,0,0,0
39.750,31.256,11.156,-0.372,57.501,0,32.719,5.000,-1.595,-56.294,24.431,-29.528,56.295,0,-52.019,38.020,-62.338,0,0,0,0,0,0,0,0,0,0,0,0,0,0,0,0,0,0,0,0,0,0,0,0
39.800,31.322,11.074,-0.424,57.434,0,32.719,5.000,-1.595,-56.250,24.445,-29.621,56.223,0,-52.019,38.020,-62.338,0,0,0,0,0,0,0,0,0,0,0,0,0,0,0,0,0,0,0,0,0,0,0,0
39.850,31.387,10.993,-0.476,57.368,0,32.719,5.000,-1.595,-56.206,24.461,-29.714,56.151,0,-52.019,38.020,-62.338,0,0,0,0,0,0,0,0,0,0,0,0,0,0,0,0,0,0,0,0,0,0,0,0
39.900,31.451,10.911,-0.528,57.302,0,32.719,5.000,-1.595,-56.160,24.478,-29.808,56.080,0,-52.019,38.020,-62.338,0,0,0,0,0,0,0,0,0,0,0,0,0,0,0,0,0,0,0,0,0,0,0,0
39.950,31.516,10.829,-0.580,57.236,0,32.719,5.000,-1.595,-56.114,24.497,-29.901,56.008,0,-52.019,38.020,-62.338,0,0,0,0,0,0,0,0,0,0,0,0,0,0,0,0,0,0,0,0,0,0,0,0
40.000,31.580,10.748,-0.632,57.171,0,32.719,5.000,-1.595,-56.066,24.518,-29.995,55.936,0,-52.019,38.020,-62.338,0,0,0,0,0,0,0,0,0,0,0,0,0,0,0,0,0,0,0,0,0,0,0,0
40.050,31.644,10.666,-0.684,57.106,0,32.719,5.000,-1.595,-56.018,24.540,-30.088,55.865,0,-52.019,38.020,-62.338,0,0,0,0,0,0,0,0,0,0,0,0,0,0,0,0,0,0,0,0,0,0,0,0
40.100,31.707,10.585,-0.737,57.042,0,32.719,5.000,-1.595,-55.968,24.563,-30.182,55.793,0,-52.019,38.020,-62.338,0,0,0,0,0,0,0,0,0,0,0,0,0,0,0,0,0,0,0,0,0,0,0,0
40.150,31.771,10.503,-0.789,56.978,0,32.719,5.000,-1.595,-55.918,24.588,-30.275,55.721,0,-52.019,38.020,-62.338,0,0,0,0,0,0,0,0,0,0,0,0,0,0,0,0,0,0,0,0,0,0,0,0
40.200,31.834,10.422,-0.841,56.915,0,32.719,5.000,-1.595,-55.868,24.614,-30.368,55.650,0,-52.019,38.020,-62.338,0,0,0,0,0,0,0,0,0,0,0,0,0,0,0,0,0,0,0,0,0,0,0,0
40.250,31.896,10.341,-0.893,56.853,0,32.719,5.000,-1.595,-55.816,24.642,-30.461,55.578,0,-52.019,38.020,-62.338,0,0,0,0,0,0,0,0,0,0,0,0,0,0,0,0,0,0,0,0,0,0,0,0
40.300,31.958,10.259,-0.944,56.792,0,32.719,5.000,-1.595,-55.764,24.671,-30.554,55.506,0,-52.019,38.020,-62.338,0,0,0,0,0,0,0,0,0,0,0,0,0,0,0,0,0,0,0,0,0,0,0,0
40.350,32.020,10.178,-0.996,56.732,0,32.719,5.000,-1.595,-55.711,24.700,-30.647,55.434,0,-52.019,38.020,-62.338,0,0,0,0,0,0,0,0,0,0,0,0,0,0,0,0,0,0,0,0,0,0,0,0
40.400,32.081,10.097,-1.047,56.673,0,32.719,5.000,-1.595,-55.657,24.731,-30.740,55.363,0,-52.019,38.020,-62.338,0,0,0,0,0,0,0,0,0,0,0,0,0,0,0,0,0,0,0,0,0,0,0,0
40.450,32.141,10.015,-1.098,56.615,0,32.719,5.000,-1.595,-55.603,24.763,-30.832,55.291,0,-52.019,38.020,-62.338,0,0,0,0,0,0,0,0,0,0,0,0,0,0,0,0,0,0,0,0,0,0,0,0
40.500,32.201,9.934,-1.149,56.557,0,32.719,5.000,-1.595,-55.548,24.796,-30.925,55.219,0,-52.019,38.020,-62.338,0,0,0,0,0,0,0,0,0,0,0,0,0,0,0,0,0,0,0,0,0,0,0,0
40.550,32.261,9.853,-1.200,56.498,0,23.189,6.117,18.508,-55.492,24.830,-31.017,55.148,0,-52.019,38.020,-62.338,0,0,0,0,0,0,0,0,0,0,0,0,0,0,0,0,0,0,0,0,0,0,0,0
40.600,32.316,9.777,-1.245,56.439,0,23.189,6.117,18.508,-55.436,24.865,-31.109,55.076,0,-52.019,38.020,-62.338,0,0,0,0,0,0,0,0,0,0,0,0,0,0,0,0,0,0,0,0,0,0,0,0
40.650,32.368,9.705,-1.286,56.379,0,23.189,6.117,18.508,-55.380,24.901,-31.201,55.004,0,-52.019,38.020,-62.338,0,0,0,0,0,0,0,0,0,0,0,0,0,0,0,0,0,0,0,0,0,0,0,0
40.700,32.417,9.637,-1.322,56.318,0,23.189,6.117,18.508,-55.323,24.937,-31.293,54.933,0,-52.019,38.020,-62.338,0,0,0,0,0,0,0,0,0,0,0,0,0,0,0,0,0,0,0,0,0,0,0,0
40.750,32.462,9.574,-1.354,56.257,0,23.189,6.117,18.508,-55.266,24.975,-31.384,54.861,0,-52.019,38.020,-62.338,0,0,0,0,0,0,0,0,0,0,0,0,0,0,0,0,0,0,0,0,0,0,0,0
40.800,32.505,9.514,-1.383,56.196,0,23.189,6.117,18.508,-55.208,25.013,-31.476,54.789,0,-52.019,38.020,-62.338,0,0,0,0,0,0,0,0,0,0,0,0,0,0,0,0,0,0,0,0,0,0,0,0
40.850,32.545,9.458,-1.407,56.134,0,23.189,6.117,18.508,-55.150,25.052,-31.567,54.718,0,-52.019,38.020,-62.338,0,0,0,0,0,0,0,0,0,0,0,0,0,0,0,0,0,0,0,0,0,0,0,0
40.900,32.583,9.406,-1.428,56.072,0,23.189,6.117,18.508,-55.091,25.091,-31.658,54.646,0,-52.019,38.020,-62.338,0,0,0,0,0,0,0,0,0,0,0,0,0,0,0,0,0,0,0,0,0,0,0,0
40.950,32.617,9.357,-1.445,56.009,0,23.189,6.117,18.508,-55.032,25.132,-31.749,54.575,0,-52.019,38.020,-62.338,0,0,0,0,0,0,0,0,0,0,0,0,0,0,0,0,0,0,0,0,0,0,0,0
41.000,32.650,9.311,-1.459,55.946,0,23.189,6.117,18.508,-54.973,25.172,-31.839,54.503,0,-52.019,38.020,-62.338,0,0,0,0,0,0,0,0,0,0,0,0,0,0,0,0,0,0,0,0,0,0,0,0
41.050,32.680,9.269,-1.470,55.883,0,23.189,6.117,18.508,-54.913,25.214,-31.930,54.432,0,-52.019,38.020,-62.338,0,0,0,0,0,0,0,0,0,0,0,0,0,0,0,0,0,0,0,0,0,0,0,0
41.100,32.708,9.229,-1.477,55.820,0,23.189,6.117,18.508,-54.853,25.256,-32.020,54.360,0,-52.019,38.020,-62.338,0,0,0,0,0,0,0,0,0,0,0,0,0,0,0,0,0,0,0,0,0,0,0,0
41.150,32.734,9.193,-1.481,55.756,0,23.189,6.117,18.508,-54.793,25.298,-32.110,54.289,0,-52.019,38.020,-62.338,0,0,0,0,0,0,0,0,0,0,0,0,0,0,0,0,0,0,0,0,0,0,0,0
41.200,32.758,9.159,-1.482,55.692,0,23.189,6.117,18.508,-54.733,25.341,-32.200,54.217,0,-52.019,38.020,-62.338,0,0,0,0,0,0,0,0,0,0,0,0,0,0,0,0,0,0,0,0,0,0,0,0
41.250,32.780,9.128,-1.480,55.628,0,23.189,6.117,18.508,-54.672,25.385,-32.289,54.146,0,-52.019,38.020,-62.338,0,0,0,0,0,0,0,0,0,0,0,0,0,0,0,0,0,0,0,0,0,0,0,0
41.300,32.800,9.100,-1.475,55.564,0,23.189,6.117,18.508,-54.611,25.429,-32.379,54.074,0,-52.019,38.020,-62.338,0,0,0,0,0,0,0,0,0,0,0,0,0,0,0,0,0,0,0,0,0,0,0,0
41.350,32.818,9.075,-1.466,55.499,0,23.189,6.117,18.508,-54.550,25.473,-32.468,54.003,0,-52.019,38.020,-62.338,0,0,0,0,0,0,0,0,0,0,0,0,0,0,0,0,0,0,0,0,0,0,0,0
41.400,32.834,9.053,-1.455,55.435,0,23.189,6.117,18.508,-54.488,25.518,-32.557,53.932,0,-52.019,38.020,-62.338,0,0,0,0,0,0,0,0,0,0,0,0,0,0,0,0,0,0,0,0,0,0,0,0
41.450,32.849,9.033,-1.441,55.370,0,23.189,6.117,18.508,-54.426,25.564,-32.646,53.860,0,-52.019,38.020,-62.338,0,0,0,0,0,0,0,0,0,0,0,0,0,0,0,0,0,0,0,0,0,0,0,0
41.500,32.861,9.016,-1.424,55.305,0,23.189,6.117,18.508,-54.365,25.609,-32.734,53.789,0,-52.019,38.020,-62.338,0,0,0,0,0,0,0,0,0,0,0,0,0,0,0,0,0,0,0,0,0,0,0,0
41.550,32.872,9.001,-1.404,55.240,0,23.189,6.117,18.508,-54.303,25.655,-32.823,53.717,0,-52.019,38.020,-62.338,0,0,0,0,0,0,0,0,0,0,0,0,0,0,0,0,0,0,0,0,0,0,0,0
41.600,32.881,8.989,-1.381,55.175,0,23.189,6.117,18.508,-54.240,25.702,-32.911,53.646,0,-52.019,38.020,-62.338,0,0,0,0,0,0,0,0,0,0,0,0,0,0,0,0,0,0,0,0,0,0,0,0
41.650,32.888,8.980,-1.355,55.110,0,23.189,6.117,18.508,-54.178,25.748,-33.000,53.575,0,-52.019,38.020,-62.338,0,0,0,0,0,0,0,0,0,0,0,0,0,0,0,0,0,0,0,0,0,0,0,0
41.700,32.893,8.973,-1.327,55.044,0,23.189,6.117,18.508,-54.115,25.795,-33.088,53.503,0,-52.019,38.020,-62.338,0,0,0,0,0,0,0,0,0,0,0,0,0,0,0,0,0,0,0,0,0,0,0,0
41.750,32.896,8.968,-1.296,54.979,0,23.189,6.117,18.508,-54.053,25.843,-33.176,53.432,0,-52.019,38.020,-62.338,0,0,0,0,0,0,0,0,0,0,0,0,0,0,0,0,0,0,0,0,0,0,0,0
41.800,32.898,8.967,-1.262,54.914,0,23.189,6.117,18.508,-53.990,25.890,-33.263,53.361,0,-52.019,38.020,-62.338,0,0,0,0,0,0,0,0,0,0,0,0,0,0,0,0,0,0,0,0,0,0,0,0
41.850,32.898,8.968,-1.225,54.849,0,23.189,6.117,18.508,-53.927,25.938,-33.351,53.289,0,-52.019,38.020,-62.338,0,0,0,0,0,0,0,0,0,0,0,0,0,0,0,0,0,0,0,0,0,0,0,0
41.900,32.896,8.971,-1.185,54.783,0,23.189,6.117,18.508,-53.864,25.987,-33.438,53.218,0,-52.019,38.020,-62.338,0,0,0,0,0,0,0,0,0,0,0,0,0,0,0,0,0,0,0,0,0,0,0,0
41.950,32.893,8.977,-1.143,54.718,0,23.189,6.117,18.508,-53.801,26.035,-33.526,53.147,0,-52.019,38.020,-62.338,0,0,0,0,0,0,0,0,0,0,0,0,0,0,0,0,0,0,0,0,0,0,0,0
42.000,32.887,8.985,-1.099,54.653,0,23.189,6.117,18.508,-53.737,26.084,-33.613,53.076,0,-52.019,38.020,-62.338,0,0,0,0,0,0,0,0,0,0,0,0,0,0,0,0,0,0,0,0,0,0,0,0
42.050,32.881,8.995,-1.052,54.588,0,23.189,6.117,18.508,-53.674,26.132,-33.700,53.005,0,-52.019,38.020,-62.338,0,0,0,0,0,0,0,0,0,0,0,0,0,0,0,0,0,0,0,0,0,0,0,0
42.100,32.872,9.008,-1.003,54.523,0,23.189,6.117,18.508,-53.610,26.181,-33.787,52.934,0,-52.019,38.020,-62.338,0,0,0,0,0,0,0,0,0,0,0,0,0,0,0,0,0,0,0,0,0,0,0,0
42.150,32.862,9.023,-0.952,54.458,0,23.189,6.117,18.508,-53.547,26.231,-33.874,52.863,0,-52.019,38.020,-62.338,0,0,0,0,0,0,0,0,0,0,0,0,0,0,0,0,0,0,0,0,0,0,0,0
42.200,32.850,9.041,-0.899,54.393,0,23.189,6.117,18.508,-53.483,26.280,-33.960,52.792,0,-52.019,38.020,-62.338,0,0,0,0,0,0,0,0,0,0,0,0,0,0,0,0,0,0,0,0,0,0,0,0
42.250,32.837,9.060,-0.843,54.328,0,23.189,6.117,18.508,-53.419,26.330,-34.047,52.721,0,-52.019,38.020,-62.338,0,0,0,0,0,0,0,0,0,0,0,0,0,0,0,0,0,0,0,0,0,0,0,0
42.300,32.823,9.082,-0.786,54.263,0,23.189,6.117,18.508,-53.356,26.379,-34.133,52.651,0,-52.019,38.020,-62.338,0,0,0,0,0,0,0,0,0,0,0,0,0,0,0,0,0,0,0,0,0,0,0,0
42.350,32.806,9.105,-0.727,54.199,0,23.189,6.117,18.508,-53.292,26.429,-34.219,52.580,0,-52.019,38.020,-62.338,0,0,0,0,0,0,0,0,0,0,0,0,0,0,0,0,0,0,0,0,0,0,0,0
42.400,32.789,9.130,-0.666,54.134,0,23.189,6.117,18.508,-53.228,26.479,-34.306,52.510,0,-52.019,38.020,-62.338,0,0,0,0,0,0,0,0,0,0,0,0,0,0,0,0,0,0,0,0,0,0,0,0
42.450,32.770,9.158,-0.603,54.070,0,23.189,6.117,18.508,-53.164,26.529,-34.392,52.440,0,-52.019,38.020,-62.338,0,0,0,0,0,0,0,0,0,0,0,0,0,0,0,0,0,0,0,0,0,0,0,0
42.500,32.750,9.187,-0.539,54.006,0,23.189,6.117,18.508,-53.100,26.579,-34.478,52.370,0,-52.019,38.020,-62.338,0,0,0,0,0,0,0,0,0,0,0,0,0,0,0,0,0,0,0,0,0,0,0,0
42.550,32.728,9.217,-0.473,53.942,0,23.189,6.117,18.508,-53.036,26.629,-34.564,52.300,0,-52.019,38.020,-62.338,0,0,0,0,0,0,0,0,0,0,0,0,0,0,0,0,0,0,0,0,0,0,0,0
42.600,32.706,9.249,-0.406,53.878,0,23.189,6.117,18.508,-52.972,26.679,-34.650,52.230,0,-52.019,38.020,-62.338,0,0,0,0,0,0,0,0,0,0,0,0,0,0,0,0,0,0,0,0,0,0,0,0
42.650,32.682,9.283,-0.338,53.815,0,23.189,6.117,18.508,-52.908,26.729,-34.735,52.161,0,-52.019,38.020,-62.338,0,0,0,0,0,0,0,0,0,0,0,0,0,0,0,0,0,0,0,0,0,0,0,0
42.700,32.657,9.318,-0.268,53.751,0,23.189,6.117,18.508,-52.844,26.779,-34.821,52.092,0,-52.019,38.020,-62.338,0,0,0,0,0,0,0,0,0,0,0,0,0,0,0,0,0,0,0,0,0,0,0,0
42.750,32.631,9.355,-0.197,53.688,0,23.189,6.117,18.508,-52.780,26.830,-34.907,52.022,0,-52.019,38.020,-62.338,0,0,0,0,0,0,0,0,0,0,0,0,0,0,0,0,0,0,0,0,0,0,0,0
42.800,32.604,9.392,-0.125,53.625,0,23.189,6.117,18.508,-52.716,26.880,-34.992,51.953,0,-52.019,38.020,-62.338,0,0,0,0,0,0,0,0,0,0,0,0,0,0,0,0,0,0,0,0,0,0,0,0
42.850,32.576,9.431,-0.053,53.563,0,23.189,6.117,18.508,-52.652,26.930,-35.078,51.885,0,-52.019,38.020,-62.338,0,0,0,0,0,0,0,0,0,0,0,0,0,0,0,0,0,0,0,0,0,0,0,0
42.900,32.547,9.471,0.021,53.500,0,23.189,6.117,18.508,-52.589,26.980,-35.163,51.816,0,-52.019,38.020,-62.338,0,0,0,0,0,0,0,0,0,0,0,0,0,0,0,0,0,0,0,0,0,0,0,0
42.950,32.517,9.512,0.096,53.438,0,23.189,6.117,18.508,-52.525,27.030,-35.249,51.748,0,-52.019,38.020,-62.338,0,0,0,0,0,0,0,0,0,0,0,0,0,0,0,0,0,0,0,0,0,0,0,0
43.000,32.486,9.554,0.171,53.377,0,23.189,6.117,18.508,-52.461,27.080,-35.334,51.680,0,-52.019,38.020,-62.338,0,0,0,0,0,0,0,0,0,0,0,0,0,0,0,0,0,0,0,0,0,0,0,0
43.050,32.454,9.596,0.247,53.315,0,23.189,6.117,18.508,-52.398,27.130,-35.419,51.612,0,-52.019,38.020,-62.338,0,0,0,0,0,0,0,0,0,0,0,0,0,0,0,0,0,0,0,0,0,0,0,0
43.100,32.422,9.640,0.324,53.254,0,23.189,6.117,18.508,-52.334,27.180,-35.505,51.544,0,-52.019,38.020,-62.338,0,0,0,0,0,0,0,0,0,0,0,0,0,0,0,0,0,0,0,0,0,0,0,0
43.150,32.389,9.684,0.401,53.193,0,23.189,6.117,18.508,-52.271,27.230,-35.590,51.477,0,-52.019,38.020,-62.338,0,0,0,0,0,0,0,0,0,0,0,0,0,0,0,0,0,0,0,0,0,0,0,0
43.200,32.355,9.728,0.479,53.132,0,23.189,6.117,18.508,-52.208,27.280,-35.675,51.410,0,-52.019,38.020,-62.338,0,0,0,0,0,0,0,0,0,0,0,0,0,0,0,0,0,0,0,0,0,0,0,0
43.250,32.320,9.774,0.557,53.072,0,23.189,6.117,18.508,-52.145,27.330,-35.760,51.343,0,-52.019,38.020,-62.338,0,0,0,0,0,0,0,0,0,0,0,0,0,0,0,0,0,0,0,0,0,0,0,0
43.300,32.285,9.819,0.636,53.012,0,23.189,6.117,18.508,-52.082,27.379,-35.846,51.277,0,-52.019,38.020,-62.338,0,0,0,0,0,0,0,0,0,0,0,0,0,0,0,0,0,0,0,0,0,0,0,0
43.350,32.249,9.866,0.716,52.952,0,23.189,6.117,18.508,-52.020,27.429,-35.931,51.211,0,-52.019,38.020,-62.338,0,0,0,0,0,0,0,0,0,0,0,0,0,0,0,0,0,0,0,0,0,0,0,0
43.400,32.213,9.912,0.795,52.892,0,23.189,6.117,18.508,-51.957,27.478,-36.016,51.145,0,-52.019,38.020,-62.338,0,0,0,0,0,0,0,0,0,0,0,0,0,0,0,0,0,0,0,0,0,0,0,0
43.450,32.176,9.959,0.875,52.833,0,23.189,6.117,18.508,-51.895,27.527,-36.101,51.080,0,-52.019,38.020,-62.338,0,0,0,0,0,0,0,0,0,0,0,0,0,0,0,0,0,0,0,0,0,0,0,0
43.500,32.139,10.006,0.956,52.774,0,23.189,6.117,18.508,-51.833,27.576,-36.186,51.014,0,-52.019,38.020,-62.338,0,0,0,0,0,0,0,0,0,0,0,0,0,0,0,0,0,0,0,0,0,0,0,0
43.550,32.101,10.053,1.037,52.716,0,23.189,6.117,18.508,-51.771,27.625,-36.272,50.949,0,-52.019,38.020,-62.338,0,0,0,0,0,0,0,0,0,0,0,0,0,0,0,0,0,0,0,0,0,0,0,0
43.600,32.062,10.100,1.118,52.657,0,23.189,6.117,18.508,-51.710,27.674,-36.357,50.884,0,-52.019,38.020,-62.338,0,0,0,0,0,0,0,0,0,0,0,0,0,0,0,0,0,0,0,0,0,0,0,0
43.650,32.023,10.148,1.199,52.599,0,23.189,6.117,18.508,-51.649,27.722,-36.442,50.820,0,-52.019,38.020,-62.338,0,0,0,0,0,0,0,0,0,0,0,0,0,0,0,0,0,0,0,0,0,0,0,0
43.700,31.984,10.195,1.281,52.542,0,23.189,6.117,18.508,-51.588,27.771,-36.527,50.756,0,-52.019,38.020,-62.338,0,0,0,0,0,0,0,0,0,0,0,0,0,0,0,0,0,0,0,0,0,0,0,0
43.750,31.944,10.242,1.363,52.484,0,23.189,6.117,18.508,-51.528,27.819,-36.612,50.692,0,-52.019,38.020,-62.338,0,0,0,0,0,0,0,0,0,0,0,0,0,0,0,0,0,0,0,0,0,0,0,0
43.800,31.904,10.289,1.445,52.427,0,23.189,6.117,18.508,-51.467,27.867,-36.698,50.629,0,-52.019,38.020,-62.338,0,0,0,0,0,0,0,0,0,0,0,0,0,0,0,0,0,0,0,0,0,0,0,0
43.850,31.864,10.336,1.527,52.370,0,23.189,6.117,18.508,-51.408,27.915,-36.783,50.565,0,-52.019,38.020,-62.338,0,0,0,0,0,0,0,0,0,0,0,0,0,0,0,0,0,0,0,0,0,0,0,0
43.900,31.823,10.383,1.609,52.313,0,23.189,6.117,18.508,-51.348,27.963,-36.869,50.503,0,-52.019,38.020,-62.338,0,0,0,0,0,0,0,0,0,0,0,0,0,0,0,0,0,0,0,0,0,0,0,0
43.950,31.781,10.429,1.692,52.257,0,23.189,6.117,18.508,-51.289,28.011,-36.954,50.440,0,-52.019,38.020,-62.338,0,0,0,0,0,0,0,0,0,0,0,0,0,0,0,0,0,0,0,0,0,0,0,0
44.000,31.740,10.476,1.775,52.200,0,23.189,6.117,18.508,-51.230,28.059,-37.039,50.378,0,-52.019,38.020,-62.338,0,0,0,0,0,0,0,0,0,0,0,0,0,0,0,0,0,0,0,0,0,0,0,0
44.050,31.698,10.521,1.858,52.144,0,23.189,6.117,18.508,-51.172,28.106,-37.125,50.316,0,-52.019,38.020,-62.338,0,0,0,0,0,0,0,0,0,0,0,0,0,0,0,0,0,0,0,0,0,0,0,0
44.100,31.656,10.567,1.941,52.089,0,23.189,6.117,18.508,-51.114,28.153,-37.211,50.254,0,-52.019,38.020,-62.338,0,0,0,0,0,0,0,0,0,0,0,0,0,0,0,0,0,0,0,0,0,0,0,0
44.150,31.613,10.612,2.024,52.033,0,23.189,6.117,18.508,-51.057,28.200,-37.296,50.193,0,-52.019,38.020,-62.338,0,0,0,0,0,0,0,0,0,0,0,0,0,0,0,0,0,0,0,0,0,0,0,0
44.200,31.570,10.657,2.108,51.978,0,23.189,6.117,18.508,-51.000,28.247,-37.382,50.132,0,-52.019,38.020,-62.338,0,0,0,0,0,0,0,0,0,0,0,0,0,0,0,0,0,0,0,0,0,0,0,0
44.250,31.527,10.701,2.191,51.922,0,23.189,6.117,18.508,-50.944,28.294,-37.468,50.071,0,-52.019,38.020,-62.338,0,0,0,0,0,0,0,0,0,0,0,0,0,0,0,0,0,0,0,0,0,0,0,0
44.300,31.484,10.745,2.275,51.867,0,23.189,6.117,18.508,-50.888,28.341,-37.554,50.011,0,-52.019,38.020,-62.338,0,0,0,0,0,0,0,0,0,0,0,0,0,0,0,0,0,0,0,0,0,0,0,0
44.350,31.440,10.788,2.359,51.812,0,23.189,6.117,18.508,-50.833,28.387,-37.640,49.951,0,-52.019,38.020,-62.338,0,0,0,0,0,0,0,0,0,0,0,0,0,0,0,0,0,0,0,0,0,0,0,0
44.400,31.396,10.830,2.443,51.757,0,23.189,6.117,18.508,-50.778,28.434,-37.726,49.891,0,-52.019,38.020,-62.338,0,0,0,0,0,0,0,0,0,0,0,0,0,0,0,0,0,0,0,0,0,0,0,0
44.450,31.352,10.872,2.527,51.703,0,23.189,6.117,18.508,-50.724,28.480,-37.812,49.831,0,-52.019,38.020,-62.338,0,0,0,0,0,0,0,0,0,0,0,0,0,0,0,0,0,0,0,0,0,0,0,0
44.500,31.308,10.913,2.611,51.648,0,23.189,6.117,18.508,-50.670,28.526,-37.898,49.772,0,-52.019,38.020,-62.338,0,0,0,0,0,0,0,0,0,0,0,0,0,0,0,0,0,0,0,0,0,0,0,0
44.550,31.263,10.954,2.695,51.594,0,23.189,6.117,18.508,-50.617,28.572,-37.985,49.713,0,-52.019,38.020,-62.338,0,0,0,0,0,0,0,0,0,0,0,0,0,0,0,0,0,0,0,0,0,0,0,0
44.600,31.218,10.994,2.780,51.539,0,23.189,6.117,18.508,-50.565,28.617,-38.071,49.654,0,-52.019,38.020,-62.338,0,0,0,0,0,0,0,0,0,0,0,0,0,0,0,0,0,0,0,0,0,0,0,0
44.650,31.173,11.033,2.864,51.485,0,23.189,6.117,18.508,-50.513,28.663,-38.158,49.596,0,-52.019,38.020,-62.338,0,0,0,0,0,0,0,0,0,0,0,0,0,0,0,0,0,0,0,0,0,0,0,0
44.700,31.128,11.072,2.949,51.431,0,23.189,6.117,18.508,-50.461,28.708,-38.245,49.538,0,-52.019,38.020,-62.338,0,0,0,0,0,0,0,0,0,0,0,0,0,0,0,0,0,0,0,0,0,0,0,0
44.750,31.082,11.110,3.034,51.377,0,23.189,6.117,18.508,-50.411,28.753,-38.331,49.480,0,-52.019,38.020,-62.338,0,0,0,0,0,0,0,0,0,0,0,0,0,0,0,0,0,0,0,0,0,0,0,0
44.800,31.036,11.147,3.119,51.323,0,23.189,6.117,18.508,-50.361,28.798,-38.418,49.422,0,-52.019,38.020,-62.338,0,0,0,0,0,0,0,0,0,0,0,0,0,0,0,0,0,0,0,0,0,0,0,0
44.850,30.990,11.183,3.204,51.269,0,23.189,6.117,18.508,-50.311,28.843,-38.505,49.364,0,-52.019,38.020,-62.338,0,0,0,0,0,0,0,0,0,0,0,0,0,0,0,0,0,0,0,0,0,0,0,0
44.900,30.944,11.218,3.289,51.215,0,23.189,6.117,18.508,-50.263,28.888,-38.593,49.307,0,-52.019,38.020,-62.338,0,0,0,0,0,0,0,0,0,0,0,0,0,0,0,0,0,0,0,0,0,0,0,0
44.950,30.898,11.253,3.374,51.161,0,23.189,6.117,18.508,-50.215,28.933,-38.680,49.250,0,-52.019,38.020,-62.338,0,0,0,0,0,0,0,0,0,0,0,0,0,0,0,0,0,0,0,0,0,0,0,0
45.000,30.851,11.286,3.460,51.107,0,23.189,6.117,18.508,-50.168,28.977,-38.767,49.193,0,-52.019,38.020,-62.338,0,0,0,0,0,0,0,0,0,0,0,0,0,0,0,0,0,0,0,0,0,0,0,0
45.050,30.804,11.319,3.545,51.053,0,23.189,6.117,18.508,-50.121,29.021,-38.855,49.136,0,-52.019,38.020,-62.338,0,0,0,0,0,0,0,0,0,0,0,0,0,0,0,0,0,0,0,0,0,0,0,0
45.100,30.757,11.351,3.631,50.999,0,23.189,6.117,18.508,-50.075,29.065,-38.943,49.079,0,-52.019,38.020,-62.338,0,0,0,0,0,0,0,0,0,0,0,0,0,0,0,0,0,0,0,0,0,0,0,0
45.150,30.710,11.382,3.717,50.945,0,23.189,6.117,18.508,-50.030,29.110,-39.031,49.023,0,-52.019,38.020,-62.338,0,0,0,0,0,0,0,0,0,0,0,0,0,0,0,0,0,0,0,0,0,0,0,0
45.200,30.663,11.413,3.803,50.891,0,23.189,6.117,18.508,-49.986,29.154,-39.119,48.967,0,-52.019,38.020,-62.338,0,0,0,0,0,0,0,0,0,0,0,0,0,0,0,0,0,0,0,0,0,0,0,0
45.250,30.615,11.442,3.889,50.837,0,23.189,6.117,18.508,-49.942,29.197,-39.207,48.910,0,-52.019,38.020,-62.338,0,0,0,0,0,0,0,0,0,0,0,0,0,0,0,0,0,0,0,0,0,0,0,0
45.300,30.567,11.470,3.975,50.783,0,23.189,6.117,18.508,-49.899,29.241,-39.295,48.854,0,-52.019,38.020,-62.338,0,0,0,0,0,0,0,0,0,0,0,0,0,0,0,0,0,0,0,0,0,0,0,0
45.350,30.519,11.498,4.062,50.729,0,23.189,6.117,18.508,-49.857,29.285,-39.384,48.798,0,-52.019,38.020,-62.338,0,0,0,0,0,0,0,0,0,0,0,0,0,0,0,0,0,0,0,0,0,0,0,0
45.400,30.471,11.524,4.148,50.675,0,23.189,6.117,18.508,-49.816,29.329,-39.472,48.742,0,-52.019,38.020,-62.338,0,0,0,0,0,0,0,0,0,0,0,0,0,0,0,0,0,0,0,0,0,0,0,0
45.450,30.423,11.550,4.235,50.620,0,23.189,6.117,18.508,-49.775,29.372,-39.561,48.687,0,-52.019,38.020,-62.338,0,0,0,0,0,0,0,0,0,0,0,0,0,0,0,0,0,0,0,0,0,0,0,0
45.500,30.374,11.575,4.321,50.566,0,23.189,6.117,18.508,-49.736,29.416,-39.650,48.631,0,-52.019,38.020,-62.338,0,0,0,0,0,0,0,0,0,0,0,0,0,0,0,0,0,0,0,0,0,0,0,0
45.550,30.325,11.598,4.408,50.512,0,23.189,6.117,18.508,-49.697,29.459,-39.739,48.575,0,-52.019,38.020,-62.338,0,0,0,0,0,0,0,0,0,0,0,0,0,0,0,0,0,0,0,0,0,0,0,0
45.600,30.277,11.621,4.495,50.458,0,23.189,6.117,18.508,-49.658,29.502,-39.828,48.519,0,-52.019,38.020,-62.338,0,0,0,0,0,0,0,0,0,0,0,0,0,0,0,0,0,0,0,0,0,0,0,0
45.650,30.227,11.643,4.582,50.403,0,23.189,6.117,18.508,-49.621,29.546,-39.917,48.464,0,-52.019,38.020,-62.338,0,0,0,0,0,0,0,0,0,0,0,0,0,0,0,0,0,0,0,0,0,0,0,0
45.700,30.178,11.664,4.669,50.349,0,23.189,6.117,18.508,-49.584,29.589,-40.007,48.408,0,-52.019,38.020,-62.338,0,0,0,0,0,0,0,0,0,0,0,0,0,0,0,0,0,0,0,0,0,0,0,0
45.750,30.129,11.684,4.756,50.294,0,23.189,6.117,18.508,-49.549,29.632,-40.097,48.353,0,-52.019,38.020,-62.338,0,0,0,0,0,0,0,0,0,0,0,0,0,0,0,0,0,0,0,0,0,0,0,0
45.800,30.079,11.703,4.844,50.240,0,23.189,6.117,18.508,-49.514,29.676,-40.186,48.297,0,-52.019,38.020,-62.338,0,0,0,0,0,0,0,0,0,0,0,0,0,0,0,0,0,0,0,0,0,0,0,0
45.850,30.029,11.721,4.931,50.185,0,23.189,6.117,18.508,-49.479,29.719,-40.276,48.242,0,-52.019,38.020,-62.338,0,0,0,0,0,0,0,0,0,0,0,0,0,0,0,0,0,0,0,0,0,0,0,0
45.900,29.979,11.739,5.018,50.130,0,23.189,6.117,18.508,-49.446,29.762,-40.366,48.187,0,-52.019,38.020,-62.338,0,0,0,0,0,0,0,0,0,0,0,0,0,0,0,0,0,0,0,0,0,0,0,0
45.950,29.929,11.755,5.106,50.076,0,23.189,6.117,18.508,-49.413,29.805,-40.457,48.131,0,-52.019,38.020,-62.338,0,0,0,0,0,0,0,0,0,0,0,0,0,0,0,0,0,0,0,0,0,0,0,0
46.000,29.879,11.770,5.194,50.021,0,23.189,6.117,18.508,-49.381,29.848,-40.547,48.076,0,-52.019,38.020,-62.338,0,0,0,0,0,0,0,0,0,0,0,0,0,0,0,0,0,0,0,0,0,0,0,0
46.050,29.829,11.785,5.282,49.966,0,23.189,6.117,18.508,-49.350,29.892,-40.637,48.020,0,-52.019,38.020,-62.338,0,0,0,0,0,0,0,0,0,0,0,0,0,0,0,0,0,0,0,0,0,0,0,0
46.100,29.778,11.798,5.369,49.911,0,23.189,6.117,18.508,-49.320,29.935,-40.728,47.965,0,-52.019,38.020,-62.338,0,0,0,0,0,0,0,0,0,0,0,0,0,0,0,0,0,0,0,0,0,0,0,0
46.150,29.727,11.811,5.457,49.856,0,23.189,6.117,18.508,-49.290,29.978,-40.819,47.910,0,-52.019,38.020,-62.338,0,0,0,0,0,0,0,0,0,0,0,0,0,0,0,0,0,0,0,0,0,0,0,0
46.200,29.677,11.823,5.546,49.801,0,23.189,6.117,18.508,-49.261,30.022,-40.910,47.855,0,-52.019,38.020,-62.338,0,0,0,0,0,0,0,0,0,0,0,0,0,0,0,0,0,0,0,0,0,0,0,0
46.250,29.626,11.834,5.634,49.747,0,23.189,6.117,18.508,-49.233,30.065,-41.001,47.799,0,-52.019,38.020,-62.338,0,0,0,0,0,0,0,0,0,0,0,0,0,0,0,0,0,0,0,0,0,0,0,0
46.300,29.575,11.844,5.722,49.692,0,23.189,6.117,18.508,-49.206,30.108,-41.092,47.744,0,-52.019,38.020,-62.338,0,0,0,0,0,0,0,0,0,0,0,0,0,0,0,0,0,0,0,0,0,0,0,0
46.350,29.524,11.853,5.810,49.636,0,23.189,6.117,18.508,-49.180,30.151,-41.183,47.689,0,-52.019,38.020,-62.338,0,0,0,0,0,0,0,0,0,0,0,0,0,0,0,0,0,0,0,0,0,0,0,0
46.400,29.472,11.861,5.898,49.581,0,23.189,6.117,18.508,-49.154,30.195,-41.275,47.634,0,-52.019,38.020,-62.338,0,0,0,0,0,0,0,0,0,0,0,0,0,0,0,0,0,0,0,0,0,0,0,0
46.450,29.421,11.869,5.987,49.526,0,23.189,6.117,18.508,-49.129,30.238,-41.366,47.579,0,-52.019,38.020,-62.338,0,0,0,0,0,0,0,0,0,0,0,0,0,0,0,0,0,0,0,0,0,0,0,0
46.500,29.370,11.875,6.075,49.471,0,23.189,6.117,18.508,-49.104,30.281,-41.458,47.523,0,-52.019,38.020,-62.338,0,0,0,0,0,0,0,0,0,0,0,0,0,0,0,0,0,0,0,0,0,0,0,0
46.550,29.318,11.881,6.164,49.416,0,23.189,6.117,18.508,-49.081,30.325,-41.550,47.468,0,-52.019,38.020,-62.338,0,0,0,0,0,0,0,0,0,0,0,0,0,0,0,0,0,0,0,0,0,0,0,0
46.600,29.267,11.886,6.253,49.361,0,23.189,6.117,18.508,-49.058,30.368,-41.642,47.413,0,-52.019,38.020,-62.338,0,0,0,0,0,0,0,0,0,0,0,0,0,0,0,0,0,0,0,0,0,0,0,0
46.650,29.215,11.890,6.341,49.306,0,23.189,6.117,18.508,-49.036,30.412,-41.734,47.358,0,-52.019,38.020,-62.338,0,0,0,0,0,0,0,0,0,0,0,0,0,0,0,0,0,0,0,0,0,0,0,0
46.700,29.163,11.893,6.430,49.250,0,23.189,6.117,18.508,-49.015,30.455,-41.826,47.303,0,-52.019,38.020,-62.338,0,0,0,0,0,0,0,0,0,0,0,0,0,0,0,0,0,0,0,0,0,0,0,0
46.750,29.112,11.896,6.519,49.195,0,23.189,6.117,18.508,-48.994,30.498,-41.918,47.248,0,-52.019,38.020,-62.338,0,0,0,0,0,0,0,0,0,0,0,0,0,0,0,0,0,0,0,0,0,0,0,0
46.800,29.060,11.898,6.608,49.140,0,23.189,6.117,18.508,-48.974,30.542,-42.011,47.193,0,-52.019,38.020,-62.338,0,0,0,0,0,0,0,0,0,0,0,0,0,0,0,0,0,0,0,0,0,0,0,0
46.850,29.008,11.899,6.697,49.084,0,23.189,6.117,18.508,-48.955,30.585,-42.103,47.138,0,-52.019,38.020,-62.338,0,0,0,0,0,0,0,0,0,0,0,0,0,0,0,0,0,0,0,0,0,0,0,0
46.900,28.956,11.899,6.785,49.029,0,23.189,6.117,18.508,-48.936,30.629,-42.196,47.083,0,-52.019,38.020,-62.338,0,0,0,0,0,0,0,0,0,0,0,0,0,0,0,0,0,0,0,0,0,0,0,0
46.950,28.904,11.899,6.874,48.973,0,23.189,6.117,18.508,-48.918,30.672,-42.288,47.028,0,-52.019,38.020,-62.338,0,0,0,0,0,0,0,0,0,0,0,0,0,0,0,0,0,0,0,0,0,0,0,0
47.000,28.852,11.898,6.963,48.918,0,23.189,6.117,18.508,-48.901,30.716,-42.381,46.973,0,-52.019,38.020,-62.338,0,0,0,0,0,0,0,0,0,0,0,0,0,0,0,0,0,0,0,0,0,0,0,0
47.050,28.800,11.896,7.052,48.863,0,23.189,6.117,18.508,-48.884,30.759,-42.474,46.918,0,-52.019,38.020,-62.338,0,0,0,0,0,0,0,0,0,0,0,0,0,0,0,0,0,0,0,0,0,0,0,0
47.100,28.748,11.893,7.142,48.807,0,23.189,6.117,18.508,-48.868,30.803,-42.567,46.863,0,-52.019,38.020,-62.338,0,0,0,0,0,0,0,0,0,0,0,0,0,0,0,0,0,0,0,0,0,0,0,0
47.150,28.696,11.890,7.231,48.752,0,23.189,6.117,18.508,-48.853,30.846,-42.660,46.808,0,-52.019,38.020,-62.338,0,0,0,0,0,0,0,0,0,0,0,0,0,0,0,0,0,0,0,0,0,0,0,0
47.200,28.644,11.886,7.320,48.696,0,23.189,6.117,18.508,-48.838,30.889,-42.753,46.753,0,-52.019,38.020,-62.338,0,0,0,0,0,0,0,0,0,0,0,0,0,0,0,0,0,0,0,0,0,0,0,0
47.250,28.592,11.882,7.409,48.640,0,23.189,6.117,18.508,-48.823,30.933,-42.847,46.699,0,-52.019,38.020,-62.338,0,0,0,0,0,0,0,0,0,0,0,0,0,0,0,0,0,0,0,0,0,0,0,0
47.300,28.540,11.876,7.498,48.585,0,23.189,6.117,18.508,-48.809,30.976,-42.940,46.644,0,-52.019,38.020,-62.338,0,0,0,0,0,0,0,0,0,0,0,0,0,0,0,0,0,0,0,0,0,0,0,0
47.350,28.488,11.870,7.588,48.529,0,23.189,6.117,18.508,-48.796,31.019,-43.033,46.589,0,-52.019,38.020,-62.338,0,0,0,0,0,0,0,0,0,0,0,0,0,0,0,0,0,0,0,0,0,0,0,0
47.400,28.436,11.864,7.677,48.474,0,23.189,6.117,18.508,-48.783,31.063,-43.127,46.534,0,-52.019,38.020,-62.338,0,0,0,0,0,0,0,0,0,0,0,0,0,0,0,0,0,0,0,0,0,0,0,0
47.450,28.385,11.857,7.766,48.418,0,23.189,6.117,18.508,-48.771,31.106,-43.220,46.480,0,-52.019,38.020,-62.338,0,0,0,0,0,0,0,0,0,0,0,0,0,0,0,0,0,0,0,0,0,0,0,0
47.500,28.333,11.849,7.855,48.363,0,23.189,6.117,18.508,-48.759,31.149,-43.314,46.425,0,-52.019,38.020,-62.338,0,0,0,0,0,0,0,0,0,0,0,0,0,0,0,0,0,0,0,0,0,0,0,0
47.550,28.281,11.841,7.945,48.307,0,23.189,6.117,18.508,-48.747,31.192,-43.408,46.371,0,-52.019,38.020,-62.338,0,0,0,0,0,0,0,0,0,0,0,0,0,0,0,0,0,0,0,0,0,0,0,0
47.600,28.229,11.832,8.034,48.251,0,23.189,6.117,18.508,-48.736,31.235,-43.501,46.317,0,-52.019,38.020,-62.338,0,0,0,0,0,0,0,0,0,0,0,0,0,0,0,0,0,0,0,0,0,0,0,0
47.650,28.177,11.822,8.123,48.196,0,23.189,6.117,18.508,-48.726,31.278,-43.595,46.262,0,-52.019,38.020,-62.338,0,0,0,0,0,0,0,0,0,0,0,0,0,0,0,0,0,0,0,0,0,0,0,0
47.700,28.125,11.812,8.213,48.140,0,23.189,6.117,18.508,-48.716,31.321,-43.689,46.208,0,-52.019,38.020,-62.338,0,0,0,0,0,0,0,0,0,0,0,0,0,0,0,0,0,0,0,0,0,0,0,0
47.750,28.073,11.802,8.302,48.084,0,23.189,6.117,18.508,-48.706,31.363,-43.783,46.154,0,-52.019,38.020,-62.338,0,0,0,0,0,0,0,0,0,0,0,0,0,0,0,0,0,0,0,0,0,0,0,0
47.800,28.022,11.791,8.392,48.029,0,23.189,6.117,18.508,-48.697,31.406,-43.877,46.100,0,-52.019,38.020,-62.338,0,0,0,0,0,0,0,0,0,0,0,0,0,0,0,0,0,0,0,0,0,0,0,0
47.850,27.970,11.779,8.481,47.973,0,23.189,6.117,18.508,-48.688,31.448,-43.971,46.046,0,-52.019,38.020,-62.338,0,0,0,0,0,0,0,0,0,0,0,0,0,0,0,0,0,0,0,0,0,0,0,0
47.900,27.918,11.767,8.570,47.917,0,23.189,6.117,18.508,-48.679,31.490,-44.065,45.992,0,-52.019,38.020,-62.338,0,0,0,0,0,0,0,0,0,0,0,0,0,0,0,0,0,0,0,0,0,0,0,0
47.950,27.867,11.754,8.660,47.862,0,23.189,6.117,18.508,-48.671,31.532,-44.159,45.939,0,-52.019,38.020,-62.338,0,0,0,0,0,0,0,0,0,0,0,0,0,0,0,0,0,0,0,0,0,0,0,0
48.000,27.815,11.741,8.749,47.806,0,23.189,6.117,18.508,-48.663,31.574,-44.254,45.885,0,-52.019,38.020,-62.338,0,0,0,0,0,0,0,0,0,0,0,0,0,0,0,0,0,0,0,0,0,0,0,0
48.050,27.764,11.727,8.839,47.750,0,23.189,6.117,18.508,-48.655,31.616,-44.348,45.831,0,-52.019,38.020,-62.338,0,0,0,0,0,0,0,0,0,0,0,0,0,0,0,0,0,0,0,0,0,0,0,0
48.100,27.713,11.713,8.928,47.695,0,23.189,6.117,18.508,-48.647,31.658,-44.442,45.778,0,-52.019,38.020,-62.338,0,0,0,0,0,0,0,0,0,0,0,0,0,0,0,0,0,0,0,0,0,0,0,0
48.150,27.661,11.698,9.018,47.639,0,23.189,6.117,18.508,-48.640,31.699,-44.537,45.724,0,-52.019,38.020,-62.338,0,0,0,0,0,0,0,0,0,0,0,0,0,0,0,0,0,0,0,0,0,0,0,0
48.200,27.610,11.683,9.107,47.584,0,23.189,6.117,18.508,-48.633,31.740,-44.631,45.671,0,-52.019,38.020,-62.338,0,0,0,0,0,0,0,0,0,0,0,0,0,0,0,0,0,0,0,0,0,0,0,0
48.250,27.559,11.668,9.197,47.528,0,23.189,6.117,18.508,-48.627,31.781,-44.726,45.618,0,-52.019,38.020,-62.338,0,0,0,0,0,0,0,0,0,0,0,0,0,0,0,0,0,0,0,0,0,0,0,0
48.300,27.508,11.652,9.286,47.473,0,23.189,6.117,18.508,-48.621,31.822,-44.820,45.565,0,-52.019,38.020,-62.338,0,0,0,0,0,0,0,0,0,0,0,0,0,0,0,0,0,0,0,0,0,0,0,0
48.350,27.457,11.635,9.375,47.417,0,23.189,6.117,18.508,-48.615,31.862,-44.915,45.512,0,-52.019,38.020,-62.338,0,0,0,0,0,0,0,0,0,0,0,0,0,0,0,0,0,0,0,0,0,0,0,0
48.400,27.406,11.618,9.465,47.362,0,23.189,6.117,18.508,-48.609,31.902,-45.010,45.459,0,-52.019,38.020,-62.338,0,0,0,0,0,0,0,0,0,0,0,0,0,0,0,0,0,0,0,0,0,0,0,0
48.450,27.356,11.601,9.554,47.306,0,23.189,6.117,18.508,-48.603,31.942,-45.105,45.406,0,-52.019,38.020,-62.338,0,0,0,0,0,0,0,0,0,0,0,0,0,0,0,0,0,0,0,0,0,0,0,0
48.500,27.305,11.584,9.644,47.251,0,23.189,6.117,18.508,-48.598,31.982,-45.199,45.353,0,-52.019,38.020,-62.338,0,0,0,0,0,0,0,0,0,0,0,0,0,0,0,0,0,0,0,0,0,0,0,0
48.550,27.254,11.566,9.733,47.196,0,23.189,6.117,18.508,-48.592,32.022,-45.294,45.300,0,-52.019,38.020,-62.338,0,0,0,0,0,0,0,0,0,0,0,0,0,0,0,0,0,0,0,0,0,0,0,0
48.600,27.204,11.547,9.823,47.140,0,23.189,6.117,18.508,-48.587,32.061,-45.389,45.247,0,-52.019,38.020,-62.338,0,0,0,0,0,0,0,0,0,0,0,0,0,0,0,0,0,0,0,0,0,0,0,0
48.650,27.154,11.528,9.912,47.085,0,23.189,6.117,18.508,-48.582,32.100,-45.484,45.195,0,-52.019,38.020,-62.338,0,0,0,0,0,0,0,0,0,0,0,0,0,0,0,0,0,0,0,0,0,0,0,0
48.700,27.104,11.509,10.002,47.030,0,23.189,6.117,18.508,-48.577,32.138,-45.579,45.142,0,-52.019,38.020,-62.338,0,0,0,0,0,0,0,0,0,0,0,0,0,0,0,0,0,0,0,0,0,0,0,0
48.750,27.054,11.490,10.091,46.975,0,23.189,6.117,18.508,-48.573,32.177,-45.674,45.090,0,-52.019,38.020,-62.338,0,0,0,0,0,0,0,0,0,0,0,0,0,0,0,0,0,0,0,0,0,0,0,0
48.800,27.004,11.470,10.181,46.920,0,23.189,6.117,18.508,-48.568,32.215,-45.770,45.037,0,-52.019,38.020,-62.338,0,0,0,0,0,0,0,0,0,0,0,0,0,0,0,0,0,0,0,0,0,0,0,0
48.850,26.954,11.450,10.270,46.865,0,23.189,6.117,18.508,-48.564,32.252,-45.865,44.985,0,-52.019,38.020,-62.338,0,0,0,0,0,0,0,0,0,0,0,0,0,0,0,0,0,0,0,0,0,0,0,0
48.900,26.905,11.430,10.360,46.810,0,23.189,6.117,18.508,-48.559,32.290,-45.960,44.933,0,-52.019,38.020,-62.338,0,0,0,0,0,0,0,0,0,0,0,0,0,0,0,0,0,0,0,0,0,0,0,0
48.950,26.855,11.409,10.449,46.755,0,23.189,6.117,18.508,-48.555,32.327,-46.055,44.881,0,-52.019,38.020,-62.338,0,0,0,0,0,0,0,0,0,0,0,0,0,0,0,0,0,0,0,0,0,0,0,0
49.000,26.806,11.388,10.539,46.700,0,23.189,6.117,18.508,-48.551,32.364,-46.151,44.828,0,-52.019,38.020,-62.338,0,0,0,0,0,0,0,0,0,0,0,0,0,0,0,0,0,0,0,0,0,0,0,0
49.050,26.757,11.367,10.628,46.645,0,23.189,6.117,18.508,-48.547,32.400,-46.246,44.776,0,-52.019,38.020,-62.338,0,0,0,0,0,0,0,0,0,0,0,0,0,0,0,0,0,0,0,0,0,0,0,0
49.100,26.708,11.345,10.718,46.590,0,23.189,6.117,18.508,-48.543,32.437,-46.342,44.724,0,-52.019,38.020,-62.338,0,0,0,0,0,0,0,0,0,0,0,0,0,0,0,0,0,0,0,0,0,0,0,0
49.150,26.659,11.323,10.807,46.536,0,23.189,6.117,18.508,-48.539,32.472,-46.437,44.672,0,-52.019,38.020,-62.338,0,0,0,0,0,0,0,0,0,0,0,0,0,0,0,0,0,0,0,0,0,0,0,0
49.200,26.611,11.301,10.897,46.481,0,23.189,6.117,18.508,-48.535,32.508,-46.533,44.620,0,-52.019,38.020,-62.338,0,0,0,0,0,0,0,0,0,0,0,0,0,0,0,0,0,0,0,0,0,0,0,0
49.250,26.563,11.279,10.986,46.426,0,23.189,6.117,18.508,-48.531,32.543,-46.629,44.568,0,-52.019,38.020,-62.338,0,0,0,0,0,0,0,0,0,0,0,0,0,0,0,0,0,0,0,0,0,0,0,0
49.300,26.514,11.256,11.076,46.372,0,23.189,6.117,18.508,-48.527,32.578,-46.724,44.517,0,-52.019,38.020,-62.338,0,0,0,0,0,0,0,0,0,0,0,0,0,0,0,0,0,0,0,0,0,0,0,0
49.350,26.466,11.234,11.165,46.317,0,23.189,6.117,18.508,-48.524,32.613,-46.820,44.465,0,-52.019,38.020,-62.338,0,0,0,0,0,0,0,0,0,0,0,0,0,0,0,0,0,0,0,0,0,0,0,0
49.400,26.419,11.210,11.255,46.263,0,23.189,6.117,18.508,-48.520,32.647,-46.916,44.413,0,-52.019,38.020,-62.338,0,0,0,0,0,0,0,0,0,0,0,0,0,0,0,0,0,0,0,0,0,0,0,0
49.450,26.371,11.187,11.345,46.209,0,23.189,6.117,18.508,-48.516,32.681,-47.012,44.361,0,-52.019,38.020,-62.338,0,0,0,0,0,0,0,0,0,0,0,0,0,0,0,0,0,0,0,0,0,0,0,0
49.500,26.324,11.164,11.434,46.154,0,23.189,6.117,18.508,-48.513,32.715,-47.108,44.309,0,-52.019,38.020,-62.338,0,0,0,0,0,0,0,0,0,0,0,0,0,0,0,0,0,0,0,0,0,0,0,0
49.550,26.276,11.140,11.524,46.100,0,23.189,6.117,18.508,-48.509,32.748,-47.204,44.258,0,-52.019,38.020,-62.338,0,0,0,0,0,0,0,0,0,0,0,0,0,0,0,0,0,0,0,0,0,0,0,0
49.600,26.229,11.116,11.613,46.046,0,23.189,6.117,18.508,-48.506,32.781,-47.300,44.206,0,-52.019,38.020,-62.338,0,0,0,0,0,0,0,0,0,0,0,0,0,0,0,0,0,0,0,0,0,0,0,0
49.650,26.183,11.091,11.703,45.992,0,23.189,6.117,18.508,-48.502,32.814,-47.396,44.155,0,-52.019,38.020,-62.338,0,0,0,0,0,0,0,0,0,0,0,0,0,0,0,0,0,0,0,0,0,0,0,0
49.700,26.136,11.067,11.793,45.938,0,23.189,6.117,18.508,-48.498,32.846,-47.492,44.103,0,-52.019,38.020,-62.338,0,0,0,0,0,0,0,0,0,0,0,0,0,0,0,0,0,0,0,0,0,0,0,0
49.750,26.090,11.042,11.882,45.883,0,23.189,6.117,18.508,-48.495,32.878,-47.589,44.051,0,-52.019,38.020,-62.338,0,0,0,0,0,0,0,0,0,0,0,0,0,0,0,0,0,0,0,0,0,0,0,0
49.800,26.044,11.018,11.972,45.829,0,23.189,6.117,18.508,-48.491,32.910,-47.685,44.000,0,-52.019,38.020,-62.338,0,0,0,0,0,0,0,0,0,0,0,0,0,0,0,0,0,0,0,0,0,0,0,0
49.850,25.998,10.992,12.062,45.776,0,23.189,6.117,18.508,-48.488,32.941,-47.781,43.948,0,-52.019,38.020,-62.338,0,0,0,0,0,0,0,0,0,0,0,0,0,0,0,0,0,0,0,0,0,0,0,0
49.900,25.952,10.967,12.151,45.722,0,23.189,6.117,18.508,-48.485,32.972,-47.878,43.897,0,-52.019,38.020,-62.338,0,0,0,0,0,0,0,0,0,0,0,0,0,0,0,0,0,0,0,0,0,0,0,0
49.950,25.907,10.942,12.241,45.668,0,23.189,6.117,18.508,-48.481,33.003,-47.974,43.845,0,-52.019,38.020,-62.338,0,0,0,0,0,0,0,0,0,0,0,0,0,0,0,0,0,0,0,0,0,0,0,0
50.000,25.861,10.916,12.331,45.614,0,23.189,6.117,18.508,-48.478,33.034,-48.071,43.794,0,-52.019,38.020,-62.338,0,0,0,0,0,0,0,0,0,0,0,0,0,0,0,0,0,0,0,0,0,0,0,0
50.050,25.816,10.890,12.420,45.560,0,23.189,6.117,18.508,-48.474,33.064,-48.167,43.743,0,-52.019,38.020,-62.338,0,0,0,0,0,0,0,0,0,0,0,0,0,0,0,0,0,0,0,0,0,0,0,0
50.100,25.772,10.865,12.510,45.506,0,23.189,6.117,18.508,-48.471,33.094,-48.264,43.691,0,-52.019,38.020,-62.338,0,0,0,0,0,0,0,0,0,0,0,0,0,0,0,0,0,0,0,0,0,0,0,0
50.150,25.727,10.838,12.600,45.453,0,23.189,6.117,18.508,-48.467,33.123,-48.361,43.640,0,-52.019,38.020,-62.338,0,0,0,0,0,0,0,0,0,0,0,0,0,0,0,0,0,0,0,0,0,0,0,0
50.200,25.683,10.812,12.690,45.399,0,23.189,6.117,18.508,-48.464,33.153,-48.458,43.589,0,-52.019,38.020,-62.338,0,0,0,0,0,0,0,0,0,0,0,0,0,0,0,0,0,0,0,0,0,0,0,0
50.250,25.639,10.786,12.779,45.346,0,23.189,6.117,18.508,-48.460,33.182,-48.554,43.537,0,-52.019,38.020,-62.338,0,0,0,0,0,0,0,0,0,0,0,0,0,0,0,0,0,0,0,0,0,0,0,0
50.300,25.595,10.759,12.869,45.292,0,23.189,6.117,18.508,-48.457,33.210,-48.651,43.486,0,-52.019,38.020,-62.338,0,0,0,0,0,0,0,0,0,0,0,0,0,0,0,0,0,0,0,0,0,0,0,0
50.350,25.551,10.732,12.959,45.239,0,23.189,6.117,18.508,-48.454,33.239,-48.748,43.435,0,-52.019,38.020,-62.338,0,0,0,0,0,0,0,0,0,0,0,0,0,0,0,0,0,0,0,0,0,0,0,0
50.400,25.507,10.705,13.049,45.185,0,23.189,6.117,18.508,-48.450,33.267,-48.845,43.383,0,-52.019,38.020,-62.338,0,0,0,0,0,0,0,0,0,0,0,0,0,0,0,0,0,0,0,0,0,0,0,0
50.450,25.464,10.678,13.138,45.132,0,23.189,6.117,18.508,-48.447,33.295,-48.942,43.332,0,-52.019,38.020,-62.338,0,0,0,0,0,0,0,0,0,0,0,0,0,0,0,0,0,0,0,0,0,0,0,0
50.500,25.421,10.651,13.228,45.078,0,23.189,6.117,18.508,-48.443,33.323,-49.039,43.281,0,-52.019,38.020,-62.338,0,0,0,0,0,0,0,0,0,0,0,0,0,0,0,0,0,0,0,0,0,0,0,0
50.550,25.378,10.624,13.318,45.025,0,23.189,6.117,18.508,-48.440,33.350,-49.136,43.230,0,-52.019,38.020,-62.338,0,0,0,0,0,0,0,0,0,0,0,0,0,0,0,0,0,0,0,0,0,0,0,0
50.600,25.335,10.596,13.408,44.972,0,23.189,6.117,18.508,-48.437,33.378,-49.233,43.178,0,-52.019,38.020,-62.338,0,0,0,0,0,0,0,0,0,0,0,0,0,0,0,0,0,0,0,0,0,0,0,0
50.650,25.293,10.568,13.498,44.919,0,23.189,6.117,18.508,-48.433,33.404,-49.330,43.127,0,-52.019,38.020,-62.338,0,0,0,0,0,0,0,0,0,0,0,0,0,0,0,0,0,0,0,0,0,0,0,0
50.700,25.251,10.541,13.588,44.865,0,23.189,6.117,18.508,-48.430,33.431,-49.428,43.076,0,-52.019,38.020,-62.338,0,0,0,0,0,0,0,0,0,0,0,0,0,0,0,0,0,0,0,0,0,0,0,0
50.750,25.209,10.513,13.677,44.812,0,23.189,6.117,18.508,-48.426,33.458,-49.525,43.025,0,-52.019,38.020,-62.338,0,0,0,0,0,0,0,0,0,0,0,0,0,0,0,0,0,0,0,0,0,0,0,0
50.800,25.167,10.484,13.767,44.759,0,23.189,6.117,18.508,-48.423,33.484,-49.622,42.974,0,-52.019,38.020,-62.338,0,0,0,0,0,0,0,0,0,0,0,0,0,0,0,0,0,0,0,0,0,0,0,0
50.850,25.125,10.456,13.857,44.706,0,23.189,6.117,18.508,-48.420,33.510,-49.720,42.922,0,-52.019,38.020,-62.338,0,0,0,0,0,0,0,0,0,0,0,0,0,0,0,0,0,0,0,0,0,0,0,0
50.900,25.084,10.428,13.947,44.653,0,23.189,6.117,18.508,-48.416,33.536,-49.817,42.871,0,-52.019,38.020,-62.338,0,0,0,0,0,0,0,0,0,0,0,0,0,0,0,0,0,0,0,0,0,0,0,0
50.950,25.043,10.399,14.037,44.600,0,23.189,6.117,18.508,-48.413,33.561,-49.914,42.820,0,-52.019,38.020,-62.338,0,0,0,0,0,0,0,0,0,0,0,0,0,0,0,0,0,0,0,0,0,0,0,0
51.000,25.002,10.370,14.127,44.547,0,23.189,6.117,18.508,-48.409,33.586,-50.012,42.769,0,-52.019,38.020,-62.338,0,0,0,0,0,0,0,0,0,0,0,0,0,0,0,0,0,0,0,0,0,0,0,0
51.050,24.961,10.341,14.217,44.494,0,23.189,6.117,18.508,-48.406,33.612,-50.109,42.718,0,-52.019,38.020,-62.338,0,0,0,0,0,0,0,0,0,0,0,0,0,0,0,0,0,0,0,0,0,0,0,0
51.100,24.921,10.312,14.307,44.441,0,23.189,6.117,18.508,-48.403,33.636,-50.207,42.667,0,-52.019,38.020,-62.338,0,0,0,0,0,0,0,0,0,0,0,0,0,0,0,0,0,0,0,0,0,0,0,0
51.150,24.881,10.283,14.396,44.388,0,23.189,6.117,18.508,-48.400,33.661,-50.305,42.616,0,-52.019,38.020,-62.338,0,0,0,0,0,0,0,0,0,0,0,0,0,0,0,0,0,0,0,0,0,0,0,0
51.200,24.840,10.253,14.486,44.336,0,23.189,6.117,18.508,-48.396,33.686,-50.402,42.564,0,-52.019,38.020,-62.338,0,0,0,0,0,0,0,0,0,0,0,0,0,0,0,0,0,0,0,0,0,0,0,0
51.250,24.801,10.224,14.576,44.283,0,23.189,6.117,18.508,-48.393,33.710,-50.500,42.513,0,-52.019,38.020,-62.338,0,0,0,0,0,0,0,0,0,0,0,0,0,0,0,0,0,0,0,0,0,0,0,0
51.300,24.761,10.194,14.666,44.230,0,23.189,6.117,18.508,-48.390,33.734,-50.598,42.462,0,-52.019,38.020,-62.338,0,0,0,0,0,0,0,0,0,0,0,0,0,0,0,0,0,0,0,0,0,0,0,0
51.350,24.722,10.164,14.756,44.177,0,23.189,6.117,18.508,-48.387,33.758,-50.695,42.411,0,-52.019,38.020,-62.338,0,0,0,0,0,0,0,0,0,0,0,0,0,0,0,0,0,0,0,0,0,0,0,0
51.400,24.683,10.133,14.846,44.125,0,23.189,6.117,18.508,-48.384,33.782,-50.793,42.360,0,-52.019,38.020,-62.338,0,0,0,0,0,0,0,0,0,0,0,0,0,0,0,0,0,0,0,0,0,0,0,0
51.450,24.644,10.103,14.936,44.072,0,23.189,6.117,18.508,-48.381,33.806,-50.891,42.309,0,-52.019,38.020,-62.338,0,0,0,0,0,0,0,0,0,0,0,0,0,0,0,0,0,0,0,0,0,0,0,0
51.500,24.605,10.072,15.025,44.019,0,23.189,6.117,18.508,-48.378,33.829,-50.989,42.258,0,-52.019,38.020,-62.338,0,0,0,0,0,0,0,0,0,0,0,0,0,0,0,0,0,0,0,0,0,0,0,0
51.550,24.567,10.041,15.115,43.966,0,23.189,6.117,18.508,-48.375,33.853,-51.087,42.207,0,-52.019,38.020,-62.338,0,0,0,0,0,0,0,0,0,0,0,0,0,0,0,0,0,0,0,0,0,0,0,0
51.600,24.529,10.010,15.205,43.914,0,23.189,6.117,18.508,-48.372,33.876,-51.184,42.155,0,-52.019,38.020,-62.338,0,0,0,0,0,0,0,0,0,0,0,0,0,0,0,0,0,0,0,0,0,0,0,0
51.650,24.491,9.979,15.295,43.861,0,23.189,6.117,18.508,-48.370,33.899,-51.282,42.104,0,-52.019,38.020,-62.338,0,0,0,0,0,0,0,0,0,0,0,0,0,0,0,0,0,0,0,0,0,0,0,0
51.700,24.453,9.947,15.384,43.809,0,23.189,6.117,18.508,-48.367,33.922,-51.380,42.053,0,-52.019,38.020,-62.338,0,0,0,0,0,0,0,0,0,0,0,0,0,0,0,0,0,0,0,0,0,0,0,0
51.750,24.416,9.915,15.474,43.756,0,23.189,6.117,18.508,-48.365,33.945,-51.478,42.002,0,-52.019,38.020,-62.338,0,0,0,0,0,0,0,0,0,0,0,0,0,0,0,0,0,0,0,0,0,0,0,0
51.800,24.379,9.883,15.564,43.703,0,23.189,6.117,18.508,-48.363,33.968,-51.576,41.951,0,-52.019,38.020,-62.338,0,0,0,0,0,0,0,0,0,0,0,0,0,0,0,0,0,0,0,0,0,0,0,0
51.850,24.342,9.850,15.653,43.650,1,22.342,1.000,-14.733,-48.360,33.990,-51.674,41.900,0,-52.019,38.020,-62.338,0,0,0,0,0,0,0,0,0,0,0,0,0,0,0,0,0,0,0,0,0,0,0,0
51.900,24.307,9.819,15.737,43.596,1,22.342,1.000,-14.733,-48.358,34.013,-51.772,41.848,0,-52.019,38.020,-62.338,0,0,0,0,0,0,0,0,0,0,0,0,0,0,0,0,0,0,0,0,0,0,0,0
51.950,24.275,9.789,15.814,43.542,1,22.342,1.000,-14.733,-48.356,34.035,-51.870,41.797,0,-52.019,38.020,-62.338,0,0,0,0,0,0,0,0,0,0,0,0,0,0,0,0,0,0,0,0,0,0,0,0
52.000,24.245,9.760,15.885,43.489,1,22.342,1.000,-14.733,-48.355,34.058,-51.969,41.746,0,-52.019,38.020,-62.338,0,0,0,0,0,0,0,0,0,0,0,0,0,0,0,0,0,0,0,0,0,0,0,0
52.050,24.217,9.733,15.952,43.435,1,22.342,1.000,-14.733,-48.353,34.080,-52.067,41.695,0,-52.019,38.020,-62.338,0,0,0,0,0,0,0,0,0,0,0,0,0,0,0,0,0,0,0,0,0,0,0,0
52.100,24.191,9.706,16.013,43.381,1,22.342,1.000,-14.733,-48.351,34.102,-52.165,41.643,0,-52.019,38.020,-62.338,0,0,0,0,0,0,0,0,0,0,0,0,0,0,0,0,0,0,0,0,0,0,0,0
52.150,24.167,9.681,16.070,43.327,1,22.342,1.000,-14.733,-48.350,34.125,-52.263,41.592,0,-52.019,38.020,-62.338,0,0,0,0,0,0,0,0,0,0,0,0,0,0,0,0,0,0,0,0,0,0,0,0
52.200,24.145,9.656,16.122,43.273,1,22.342,1.000,-14.733,-48.349,34.147,-52.361,41.541,0,-52.019,38.020,-62.338,0,0,0,0,0,0,0,0,0,0,0,0,0,0,0,0,0,0,0,0,0,0,0,0
52.250,24.124,9.632,16.169,43.219,1,22.342,1.000,-14.733,-48.348,34.169,-52.459,41.489,0,-52.019,38.020,-62.338,0,0,0,0,0,0,0,0,0,0,0,0,0,0,0,0,0,0,0,0,0,0,0,0
52.300,24.105,9.609,16.213,43.165,1,22.342,1.000,-14.733,-48.347,34.191,-52.557,41.438,0,-52.019,38.020,-62.338,0,0,0,0,0,0,0,0,0,0,0,0,0,0,0,0,0,0,0,0,0,0,0,0
52.350,24.088,9.587,16.252,43.111,1,22.342,1.000,-14.733,-48.347,34.213,-52.656,41.387,0,-52.019,38.020,-62.338,0,0,0,0,0,0,0,0,0,0,0,0,0,0,0,0,0,0,0,0,0,0,0,0
52.400,24.072,9.566,16.287,43.057,1,22.342,1.000,-14.733,-48.347,34.235,-52.754,41.335,0,-52.019,38.020,-62.338,0,0,0,0,0,0,0,0,0,0,0,0,0,0,0,0,0,0,0,0,0,0,0,0
52.450,24.057,9.545,16.319,43.003,1,22.342,1.000,-14.733,-48.346,34.257,-52.852,41.284,0,-52.019,38.020,-62.338,0,0,0,0,0,0,0,0,0,0,0,0,0,0,0,0,0,0,0,0,0,0,0,0
52.500,24.045,9.525,16.347,42.949,1,22.342,1.000,-14.733,-48.347,34.279,-52.950,41.232,0,-52.019,38.020,-62.338,0,0,0,0,0,0,0,0,0,0,0,0,0,0,0,0,0,0,0,0,0,0,0,0
52.550,24.033,9.505,16.371,42.895,1,22.342,1.000,-14.733,-48.347,34.302,-53.049,41.180,0,-52.019,38.020,-62.338,0,0,0,0,0,0,0,0,0,0,0,0,0,0,0,0,0,0,0,0,0,0,0,0
52.600,24.023,9.486,16.391,42.841,1,22.342,1.000,-14.733,-48.347,34.324,-53.147,41.129,0,-52.019,38.020,-62.338,0,0,0,0,0,0,0,0,0,0,0,0,0,0,0,0,0,0,0,0,0,0,0,0
52.650,24.014,9.467,16.408,42.787,1,22.342,1.000,-14.733,-48.348,34.346,-53.245,41.077,0,-52.019,38.020,-62.338,0,0,0,0,0,0,0,0,0,0,0,0,0,0,0,0,0,0,0,0,0,0,0,0
52.700,24.007,9.449,16.422,42.733,1,22.342,1.000,-14.733,-48.349,34.368,-53.344,41.026,0,-52.019,38.020,-62.338,0,0,0,0,0,0,0,0,0,0,0,0,0,0,0,0,0,0,0,0,0,0,0,0
52.750,24.001,9.432,16.432,42.679,1,22.342,1.000,-14.733,-48.351,34.390,-53.442,40.974,0,-52.019,38.020,-62.338,0,0,0,0,0,0,0,0,0,0,0,0,0,0,0,0,0,0,0,0,0,0,0,0
52.800,23.996,9.415,16.438,42.624,1,22.342,1.000,-14.733,-48.352,34.412,-53.540,40.922,0,-52.019,38.020,-62.338,0,0,0,0,0,0,0,0,0,0,0,0,0,0,0,0,0,0,0,0,0,0,0,0
52.850,23.992,9.399,16.442,42.570,1,22.342,1.000,-14.733,-48.354,34.434,-53.639,40.870,0,-52.019,38.020,-62.338,0,0,0,0,0,0,0,0,0,0,0,0,0,0,0,0,0,0,0,0,0,0,0,0
52.900,23.990,9.383,16.442,42.516,1,22.342,1.000,-14.733,-48.356,34.457,-53.737,40.818,0,-52.019,38.020,-62.338,0,0,0,0,0,0,0,0,0,0,0,0,0,0,0,0,0,0,0,0,0,0,0,0
52.950,23.989,9.367,16.438,42.462,1,22.342,1.000,-14.733,-48.359,34.479,-53.835,40.766,0,-52.019,38.020,-62.338,0,0,0,0,0,0,0,0,0,0,0,0,0,0,0,0,0,0,0,0,0,0,0,0
53.000,23.990,9.352,16.432,42.408,1,22.342,1.000,-14.733,-48.362,34.501,-53.934,40.714,0,-52.019,38.020,-62.338,0,0,0,0,0,0,0,0,0,0,0,0,0,0,0,0,0,0,0,0,0,0,0,0
53.050,23.991,9.338,16.422,42.354,1,22.342,1.000,-14.733,-48.365,34.524,-54.032,40.662,0,-52.019,38.020,-62.338,0,0,0,0,0,0,0,0,0,0,0,0,0,0,0,0,0,0,0,0,0,0,0,0
53.100,23.994,9.323,16.409,42.299,1,22.342,1.000,-14.733,-48.368,34.546,-54.130,40.610,0,-52.019,38.020,-62.338,0,0,0,0,0,0,0,0,0,0,0,0,0,0,0,0,0,0,0,0,0,0,0,0
53.150,23.998,9.310,16.392,42.245,1,22.342,1.000,-14.733,-48.372,34.569,-54.229,40.558,0,-52.019,38.020,-62.338,0,0,0,0,0,0,0,0,0,0,0,0,0,0,0,0,0,0,0,0,0,0,0,0
53.200,24.004,9.297,16.372,42.191,1,22.342,1.000,-14.733,-48.376,34.592,-54.327,40.506,0,-52.019,38.020,-62.338,0,0,0,0,0,0,0,0,0,0,0,0,0,0,0,0,0,0,0,0,0,0,0,0
53.250,24.011,9.284,16.350,42.137,1,22.342,1.000,-14.733,-48.380,34.615,-54.425,40.454,0,-52.019,38.020,-62.338,0,0,0,0,0,0,0,0,0,0,0,0,0,0,0,0,0,0,0,0,0,0,0,0
53.300,24.018,9.272,16.324,42.083,1,22.342,1.000,-14.733,-48.385,34.637,-54.524,40.401,0,-52.019,38.020,-62.338,0,0,0,0,0,0,0,0,0,0,0,0,0,0,0,0,0,0,0,0,0,0,0,0
53.350,24.028,9.260,16.295,42.029,1,22.342,1.000,-14.733,-48.390,34.660,-54.622,40.349,0,-52.019,38.020,-62.338,0,0,0,0,0,0,0,0,0,0,0,0,0,0,0,0,0,0,0,0,0,0,0,0
53.400,24.038,9.249,16.263,41.974,1,22.342,1.000,-14.733,-48.395,34.684,-54.720,40.296,0,-52.019,38.020,-62.338,0,0,0,0,0,0,0,0,0,0,0,0,0,0,0,0,0,0,0,0,0,0,0,0
53.450,24.049,9.239,16.228,41.920,1,22.342,1.000,-14.733,-48.401,34.707,-54.819,40.244,0,-52.019,38.020,-62.338,0,0,0,0,0,0,0,0,0,0,0,0,0,0,0,0,0,0,0,0,0,0,0,0
53.500,24.062,9.229,16.190,41.866,1,22.342,1.000,-14.733,-48.407,34.730,-54.917,40.191,0,-52.019,38.020,-62.338,0,0,0,0,0,0,0,0,0,0,0,0,0,0,0,0,0,0,0,0,0,0,0,0
53.550,24.075,9.219,16.150,41.812,1,22.342,1.000,-14.733,-48.414,34.754,-55.015,40.138,0,-52.019,38.020,-62.338,0,0,0,0,0,0,0,0,0,0,0,0,0,0,0,0,0,0,0,0,0,0,0,0
53.600,24.090,9.210,16.106,41.758,1,22.342,1.000,-14.733,-48.421,34.777,-55.114,40.085,0,-52.019,38.020,-62.338,0,0,0,0,0,0,0,0,0,0,0,0,0,0,0,0,0,0,0,0,0,0,0,0
53.650,24.106,9.202,16.060,41.704,1,22.342,1.000,-14.733,-48.428,34.801,-55.212,40.032,0,-52.019,38.020,-62.338,0,0,0,0,0,0,0,0,0,0,0,0,0,0,0,0,0,0,0,0,0,0,0,0
53.700,24.123,9.194,16.012,41.650,1,22.342,1.000,-14.733,-48.436,34.825,-55.310,39.979,0,-52.019,38.020,-62.338,0,0,0,0,0,0,0,0,0,0,0,0,0,0,0,0,0,0,0,0,0,0,0,0
53.750,24.140,9.187,15.961,41.595,1,22.342,1.000,-14.733,-48.444,34.849,-55.408,39.926,0,-52.019,38.020,-62.338,0,0,0,0,0,0,0,0,0,0,0,0,0,0,0,0,0,0,0,0,0,0,0,0
53.800,24.159,9.180,15.907,41.541,1,22.342,1.000,-14.733,-48.452,34.873,-55.507,39.872,0,-52.019,38.020,-62.338,0,0,0,0,0,0,0,0,0,0,0,0,0,0,0,0,0,0,0,0,0,0,0,0
53.850,24.178,9.174,15.852,41.487,1,22.342,1.000,-14.733,-48.461,34.897,-55.605,39.819,0,-52.019,38.020,-62.338,0,0,0,0,0,0,0,0,0,0,0,0,0,0,0,0,0,0,0,0,0,0,0,0
53.900,24.199,9.169,15.794,41.433,1,22.342,1.000,-14.733,-48.470,34.922,-55.703,39.765,0,-52.019,38.020,-62.338,0,0,0,0,0,0,0,0,0,0,0,0,0,0,0,0,0,0,0,0,0,0,0,0
53.950,24.220,9.164,15.734,41.379,1,22.342,1.000,-14.733,-48.480,34.947,-55.801,39.712,0,-52.019,38.020,-62.338,0,0,0,0,0,0,0,0,0,0,0,0,0,0,0,0,0,0,0,0,0,0,0,0
54.000,24.242,9.159,15.672,41.325,1,22.342,1.000,-14.733,-48.491,34.972,-55.899,39.658,0,-52.019,38.020,-62.338,0,0,0,0,0,0,0,0,0,0,0,0,0,0,0,0,0,0,0,0,0,0,0,0
54.050,24.265,9.155,15.608,41.271,1,22.342,1.000,-14.733,-48.501,34.997,-55.997,39.604,0,-52.019,38.020,-62.338,0,0,0,0,0,0,0,0,0,0,0,0,0,0,0,0,0,0,0,0,0,0,0,0
54.100,24.288,9.151,15.542,41.217,1,22.342,1.000,-14.733,-48.513,35.022,-56.095,39.550,0,-52.019,38.020,-62.338,0,0,0,0,0,0,0,0,0,0,0,0,0,0,0,0,0,0,0,0,0,0,0,0
54.150,24.313,9.148,15.474,41.163,1,22.342,1.000,-14.733,-48.524,35.047,-56.193,39.495,0,-52.019,38.020,-62.338,0,0,0,0,0,0,0,0,0,0,0,0,0,0,0,0,0,0,0,0,0,0,0,0
54.200,24.337,9.146,15.405,41.109,1,22.342,1.000,-14.733,-48.537,35.073,-56.291,39.441,0,-52.019,38.020,-62.338,0,0,0,0,0,0,0,0,0,0,0,0,0,0,0,0,0,0,0,0,0,0,0,0
54.250,24.363,9.144,15.334,41.055,1,22.342,1.000,-14.733,-48.549,35.099,-56.389,39.386,0,-52.019,38.020,-62.338,0,0,0,0,0,0,0,0,0,0,0,0,0,0,0,0,0,0,0,0,0,0,0,0
54.300,24.389,9.142,15.261,41.001,1,22.342,1.000,-14.733,-48.563,35.125,-56.487,39.331,0,-52.019,38.020,-62.338,0,0,0,0,0,0,0,0,0,0,0,0,0,0,0,0,0,0,0,0,0,0,0,0
54.350,24.415,9.141,15.187,40.948,1,22.342,1.000,-14.733,-48.576,35.152,-56.585,39.276,0,-52.019,38.020,-62.338,0,0,0,0,0,0,0,0,0,0,0,0,0,0,0,0,0,0,0,0,0,0,0,0
54.400,24.442,9.140,15.112,40.894,1,22.342,1.000,-14.733,-48.591,35.178,-56.683,39.221,0,-52.019,38.020,-62.338,0,0,0,0,0,0,0,0,0,0,0,0,0,0,0,0,0,0,0,0,0,0,0,0
54.450,24.470,9.140,15.035,40.840,1,22.342,1.000,-14.733,-48.606,35.205,-56.781,39.166,0,-52.019,38.020,-62.338,0,0,0,0,0,0,0,0,0,0,0,0,0,0,0,0,0,0,0,0,0,0,0,0
54.500,24.498,9.140,14.957,40.786,1,22.342,1.000,-14.733,-48.621,35.232,-56.879,39.110,0,-52.019,38.020,-62.338,0,0,0,0,0,0,0,0,0,0,0,0,0,0,0,0,0,0,0,0,0,0,0,0
54.550,24.527,9.141,14.878,40.732,1,22.342,1.000,-14.733,-48.637,35.260,-56.977,39.054,0,-52.019,38.020,-62.338,0,0,0,0,0,0,0,0,0,0,0,0,0,0,0,0,0,0,0,0,0,0,0,0
54.600,24.555,9.142,14.798,40.678,1,22.342,1.000,-14.733,-48.654,35.287,-57.074,38.998,0,-52.019,38.020,-62.338,0,0,0,0,0,0,0,0,0,0,0,0,0,0,0,0,0,0,0,0,0,0,0,0
54.650,24.585,9.143,14.716,40.625,1,22.342,1.000,-14.733,-48.671,35.315,-57.172,38.942,0,-52.019,38.020,-62.338,0,0,0,0,0,0,0,0,0,0,0,0,0,0,0,0,0,0,0,0,0,0,0,0
54.700,24.614,9.145,14.634,40.571,1,22.342,1.000,-14.733,-48.689,35.343,-57.269,38.885,0,-52.019,38.020,-62.338,0,0,0,0,0,0,0,0,0,0,0,0,0,0,0,0,0,0,0,0,0,0,0,0
54.750,24.644,9.147,14.551,40.517,1,22.342,1.000,-14.733,-48.708,35.372,-57.367,38.828,0,-52.019,38.020,-62.338,0,0,0,0,0,0,0,0,0,0,0,0,0,0,0,0,0,0,0,0,0,0,0,0
54.800,24.674,9.150,14.467,40.464,1,22.342,1.000,-14.733,-48.727,35.400,-57.464,38.771,0,-52.019,38.020,-62.338,0,0,0,0,0,0,0,0,0,0,0,0,0,0,0,0,0,0,0,0,0,0,0,0
54.850,24.705,9.152,14.382,40.410,1,22.342,1.000,-14.733,-48.747,35.429,-57.562,38.714,0,-52.019,38.020,-62.338,0,0,0,0,0,0,0,0,0,0,0,0,0,0,0,0,0,0,0,0,0,0,0,0
54.900,24.735,9.156,14.297,40.356,1,22.342,1.000,-14.733,-48.768,35.459,-57.659,38.656,0,-52.019,38.020,-62.338,0,0,0,0,0,0,0,0,0,0,0,0,0,0,0,0,0,0,0,0,0,0,0,0
54.950,24.766,9.159,14.210,40.303,1,22.342,1.000,-14.733,-48.789,35.488,-57.756,38.598,0,-52.019,38.020,-62.338,0,0,0,0,0,0,0,0,0,0,0,0,0,0,0,0,0,0,0,0,0,0,0,0
55.000,24.797,9.163,14.123,40.249,1,22.342,1.000,-14.733,-48.811,35.518,-57.854,38.540,0,-52.019,38.020,-62.338,0,0,0,0,0,0,0,0,0,0,0,0,0,0,0,0,0,0,0,0,0,0,0,0
55.050,24.829,9.167,14.036,40.196,1,22.342,1.000,-14.733,-48.833,35.549,-57.951,38.481,0,-52.019,38.020,-62.338,0,0,0,0,0,0,0,0,0,0,0,0,0,0,0,0,0,0,0,0,0,0,0,0
55.100,24.860,9.171,13.948,40.142,1,22.342,1.000,-14.733,-48.857,35.579,-58.048,38.422,0,-52.019,38.020,-62.338,0,0,0,0,0,0,0,0,0,0,0,0,0,0,0,0,0,0,0,0,0,0,0,0
55.150,24.892,9.176,13.859,40.089,1,22.342,1.000,-14.733,-48.881,35.610,-58.145,38.363,0,-52.019,38.020,-62.338,0,0,0,0,0,0,0,0,0,0,0,0,0,0,0,0,0,0,0,0,0,0,0,0
55.200,24.924,9.181,13.769,40.035,1,22.342,1.000,-14.733,-48.906,35.641,-58.241,38.304,0,-52.019,38.020,-62.338,0,0,0,0,0,0,0,0,0,0,0,0,0,0,0,0,0,0,0,0,0,0,0,0
55.250,24.956,9.186,13.680,39.982,1,22.342,1.000,-14.733,-48.931,35.673,-58.338,38.244,0,-52.019,38.020,-62.338,0,0,0,0,0,0,0,0,0,0,0,0,0,0,0,0,0,0,0,0,0,0,0,0
55.300,24.988,9.191,13.589,39.929,1,22.342,1.000,-14.733,-48.958,35.705,-58.435,38.184,0,-52.019,38.020,-62.338,0,0,0,0,0,0,0,0,0,0,0,0,0,0,0,0,0,0,0,0,0,0,0,0
55.350,25.020,9.197,13.499,39.875,1,22.342,1.000,-14.733,-48.985,35.737,-58.531,38.123,0,-52.019,38.020,-62.338,0,0,0,0,0,0,0,0,0,0,0,0,0,0,0,0,0,0,0,0,0,0,0,0
55.400,25.052,9.203,13.407,39.822,1,22.342,1.000,-14.733,-49.013,35.770,-58.628,38.063,0,-52.019,38.020,-62.338,0,0,0,0,0,0,0,0,0,0,0,0,0,0,0,0,0,0,0,0,0,0,0,0
55.450,25.084,9.209,13.316,39.769,1,22.342,1.000,-14.733,-49.041,35.803,-58.724,38.001,0,-52.019,38.020,-62.338,0,0,0,0,0,0,0,0,0,0,0,0,0,0,0,0,0,0,0,0,0,0,0,0
55.500,25.116,9.215,13.224,39.715,1,22.342,1.000,-14.733,-49.071,35.836,-58.820,37.940,0,-52.019,38.020,-62.338,0,0,0,0,0,0,0,0,0,0,0,0,0,0,0,0,0,0,0,0,0,0,0,0
55.550,25.149,9.222,13.132,39.662,1,22.342,1.000,-14.733,-49.101,35.870,-58.916,37.878,0,-52.019,38.020,-62.338,0,0,0,0,0,0,0,0,0,0,0,0,0,0,0,0,0,0,0,0,0,0,0,0
55.600,25.181,9.228,13.039,39.609,1,22.342,1.000,-14.733,-49.132,35.904,-59.012,37.803,1,-46.500,1.000,-34.788,0,0,0,0,0,0,0,0,0,0,0,0,0,0,0,0,0,0,0,0,0,0,0,0
55.650,25.214,9.235,12.947,39.556,1,22.342,1.000,-14.733,-49.159,35.934,-59.102,37.728,1,-46.500,1.000,-34.788,0,0,0,0,0,0,0,0,0,0,0,0,0,0,0,0,0,0,0,0,0,0,0,0
55.700,25.246,9.242,12.854,39.503,1,22.342,1.000,-14.733,-49.182,35.959,-59.187,37.653,1,-46.500,1.000,-34.788,0,0,0,0,0,0,0,0,0,0,0,0,0,0,0,0,0,0,0,0,0,0,0,0
55.750,25.278,9.249,12.760,39.449,1,22.342,1.000,-14.733,-49.202,35.981,-59.268,37.579,1,-46.500,1.000,-34.788,0,0,0,0,0,0,0,0,0,0,0,0,0,0,0,0,0,0,0,0,0,0,0,0
55.800,25.311,9.257,12.667,39.396,1,22.342,1.000,-14.733,-49.218,35.998,-59.343,37.504,1,-46.500,1.000,-34.788,0,0,0,0,0,0,0,0,0,0,0,0,0,0,0,0,0,0,0,0,0,0,0,0
55.850,25.343,9.264,12.573,39.343,1,22.342,1.000,-14.733,-49.230,36.012,-59.415,37.429,1,-46.500,1.000,-34.788,0,0,0,0,0,0,0,0,0,0,0,0,0,0,0,0,0,0,0,0,0,0,0,0
55.900,25.376,9.272,12.479,39.290,1,22.342,1.000,-14.733,-49.240,36.022,-59.483,37.354,1,-46.500,1.000,-34.788,0,0,0,0,0,0,0,0,0,0,0,0,0,0,0,0,0,0,0,0,0,0,0,0
55.950,25.408,9.280,12.385,39.237,1,22.342,1.000,-14.733,-49.246,36.029,-59.546,37.279,1,-46.500,1.000,-34.788,0,0,0,0,0,0,0,0,0,0,0,0,0,0,0,0,0,0,0,0,0,0,0,0
56.000,25.440,9.288,12.290,39.184,1,22.342,1.000,-14.733,-49.249,36.032,-59.607,37.204,1,-46.500,1.000,-34.788,0,0,0,0,0,0,0,0,0,0,0,0,0,0,0,0,0,0,0,0,0,0,0,0
56.050,25.472,9.296,12.196,39.131,1,22.342,1.000,-14.733,-49.248,36.032,-59.663,37.129,1,-46.500,1.000,-34.788,0,0,0,0,0,0,0,0,0,0,0,0,0,0,0,0,0,0,0,0,0,0,0,0
56.100,25.505,9.304,12.101,39.079,1,22.342,1.000,-14.733,-49.245,36.028,-59.717,37.054,1,-46.500,1.000,-34.788,0,0,0,0,0,0,0,0,0,0,0,0,0,0,0,0,0,0,0,0,0,0,0,0
56.150,25.537,9.312,12.006,39.026,1,22.342,1.000,-14.733,-49.239,36.022,-59.767,36.979,1,-46.500,1.000,-34.788,0,0,0,0,0,0,0,0,0,0,0,0,0,0,0,0,0,0,0,0,0,0,0,0
56.200,25.569,9.320,11.911,38.973,1,22.342,1.000,-14.733,-49.230,36.012,-59.815,36.904,1,-46.500,1.000,-34.788,0,0,0,0,0,0,0,0,0,0,0,0,0,0,0,0,0,0,0,0,0,0,0,0
56.250,25.601,9.329,11.816,38.920,1,22.342,1.000,-14.733,-49.218,35.999,-59.859,36.829,1,-46.500,1.000,-34.788,0,0,0,0,0,0,0,0,0,0,0,0,0,0,0,0,0,0,0,0,0,0,0,0
56.300,25.633,9.337,11.721,38.867,1,22.342,1.000,-14.733,-49.204,35.983,-59.901,36.754,1,-46.500,1.000,-34.788,0,0,0,0,0,0,0,0,0,0,0,0,0,0,0,0,0,0,0,0,0,0,0,0
56.350,25.664,9.346,11.626,38.815,1,22.342,1.000,-14.733,-49.186,35.964,-59.939,36.679,1,-46.500,1.000,-34.788,0,0,0,0,0,0,0,0,0,0,0,0,0,0,0,0,0,0,0,0,0,0,0,0
56.400,25.696,9.355,11.530,38.762,1,22.342,1.000,-14.733,-49.166,35.942,-59.975,36.604,1,-46.500,1.000,-34.788,0,0,0,0,0,0,0,0,0,0,0,0,0,0,0,0,0,0,0,0,0,0,0,0
56.450,25.728,9.363,11.435,38.709,1,22.342,1.000,-14.733,-49.143,35.917,-60.008,36.529,1,-46.500,1.000,-34.788,0,0,0,0,0,0,0,0,0,0,0,0,0,0,0,0,0,0,0,0,0,0,0,0
56.500,25.759,9.372,11.339,38.657,1,22.342,1.000,-14.733,-49.117,35.889,-60.038,36.454,1,-46.500,1.000,-34.788,0,0,0,0,0,0,0,0,0,0,0,0,0,0,0,0,0,0,0,0,0,0,0,0
56.550,25.791,9.381,11.243,38.604,1,22.342,1.000,-14.733,-49.089,35.859,-60.066,36.379,1,-46.500,1.000,-34.788,0,0,0,0,0,0,0,0,0,0,0,0,0,0,0,0,0,0,0,0,0,0,0,0
56.600,25.822,9.390,11.147,38.552,1,22.342,1.000,-14.733,-49.059,35.825,-60.091,36.305,1,-46.500,1.000,-34.788,0,0,0,0,0,0,0,0,0,0,0,0,0,0,0,0,0,0,0,0,0,0,0,0
56.650,25.853,9.399,11.051,38.499,1,22.342,1.000,-14.733,-49.026,35.789,-60.113,36.230,1,-46.500,1.000,-34.788,0,0,0,0,0,0,0,0,0,0,0,0,0,0,0,0,0,0,0,0,0,0,0,0
56.700,25.884,9.408,10.955,38.447,1,22.342,1.000,-14.733,-48.990,35.750,-60.133,36.155,1,-46.500,1.000,-34.788,0,0,0,0,0,0,0,0,0,0,0,0,0,0,0,0,0,0,0,0,0,0,0,0
56.750,25.915,9.417,10.859,38.394,1,22.342,1.000,-14.733,-48.952,35.709,-60.150,36.080,1,-46.500,1.000,-34.788,0,0,0,0,0,0,0,0,0,0,0,0,0,0,0,0,0,0,0,0,0,0,0,0
56.800,25.946,9.427,10.763,38.342,1,22.342,1.000,-14.733,-48.912,35.665,-60.164,36.005,1,-46.500,1.000,-34.788,0,0,0,0,0,0,0,0,0,0,0,0,0,0,0,0,0,0,0,0,0,0,0,0
56.850,25.977,9.436,10.667,38.290,1,22.342,1.000,-14.733,-48.870,35.619,-60.176,35.930,1,-46.500,1.000,-34.788,0,0,0,0,0,0,0,0,0,0,0,0,0,0,0,0,0,0,0,0,0,0,0,0
56.900,26.007,9.445,10.570,38.237,1,22.342,1.000,-14.733,-48.826,35.570,-60.185,35.855,1,-46.500,1.000,-34.788,0,0,0,0,0,0,0,0,0,0,0,0,0,0,0,0,0,0,0,0,0,0,0,0
56.950,26.038,9.454,10.474,38.185,1,22.342,1.000,-14.733,-48.780,35.520,-60.192,35.780,1,-46.500,1.000,-34.788,0,0,0,0,0,0,0,0,0,0,0,0,0,0,0,0,0,0,0,0,0,0,0,0
57.000,26.068,9.464,10.378,38.133,1,22.342,1.000,-14.733,-48.732,35.467,-60.196,35.705,1,-46.500,1.000,-34.788,0,0,0,0,0,0,0,0,0,0,0,0,0,0,0,0,0,0,0,0,0,0,0,0
57.050,26.098,9.473,10.281,38.081,1,22.342,1.000,-14.733,-48.682,35.412,-60.198,35.631,1,-46.500,1.000,-34.788,0,0,0,0,0,0,0,0,0,0,0,0,0,0,0,0,0,0,0,0,0,0,0,0
57.100,26.128,9.483,10.185,38.028,1,22.342,1.000,-14.733,-48.631,35.355,-60.198,35.556,1,-46.500,1.000,-34.788,0,0,0,0,0,0,0,0,0,0,0,0,0,0,0,0,0,0,0,0,0,0,0,0
57.150,26.158,9.492,10.088,37.976,1,22.342,1.000,-14.733,-48.578,35.297,-60.195,35.482,1,-46.500,1.000,-34.788,0,0,0,0,0,0,0,0,0,0,0,0,0,0,0,0,0,0,0,0,0,0,0,0
57.200,26.187,9.501,9.991,37.924,1,22.342,1.000,-14.733,-48.523,35.237,-60.190,35.407,1,-46.500,1.000,-34.788,0,0,0,0,0,0,0,0,0,0,0,0,0,0,0,0,0,0,0,0,0,0,0,0
57.250,26.217,9.511,9.895,37.872,1,22.342,1.000,-14.733,-48.468,35.175,-60.182,35.333,1,-46.500,1.000,-34.788,0,0,0,0,0,0,0,0,0,0,0,0,0,0,0,0,0,0,0,0,0,0,0,0
57.300,26.246,9.520,9.798,37.820,1,22.342,1.000,-14.733,-48.411,35.111,-60.173,35.259,1,-46.500,1.000,-34.788,0,0,0,0,0,0,0,0,0,0,0,0,0,0,0,0,0,0,0,0,0,0,0,0
57.350,26.275,9.530,9.701,37.768,1,22.342,1.000,-14.733,-48.353,35.046,-60.161,35.185,1,-46.500,1.000,-34.788,0,0,0,0,0,0,0,0,0,0,0,0,0,0,0,0,0,0,0,0,0,0,0,0
57.400,26.304,9.539,9.604,37.716,1,22.342,1.000,-14.733,-48.294,34.980,-60.147,35.111,1,-46.500,1.000,-34.788,0,0,0,0,0,0,0,0,0,0,0,0,0,0,0,0,0,0,0,0,0,0,0,0
57.450,26.333,9.549,9.508,37.664,1,22.342,1.000,-14.733,-48.234,34.913,-60.131,35.037,1,-46.500,1.000,-34.788,0,0,0,0,0,0,0,0,0,0,0,0,0,0,0,0,0,0,0,0,0,0,0,0
57.500,26.362,9.558,9.411,37.612,1,22.342,1.000,-14.733,-48.173,34.844,-60.113,34.964,1,-46.500,1.000,-34.788,0,0,0,0,0,0,0,0,0,0,0,0,0,0,0,0,0,0,0,0,0,0,0,0
57.550,26.390,9.568,9.314,37.561,1,22.342,1.000,-14.733,-48.111,34.774,-60.093,34.890,1,-46.500,1.000,-34.788,0,0,0,0,0,0,0,0,0,0,0,0,0,0,0,0,0,0,0,0,0,0,0,0
57.600,26.419,9.577,9.217,37.509,1,22.342,1.000,-14.733,-48.049,34.703,-60.071,34.817,1,-46.500,1.000,-34.788,0,0,0,0,0,0,0,0,0,0,0,0,0,0,0,0,0,0,0,0,0,0,0,0
57.650,26.447,9.586,9.120,37.457,1,22.342,1.000,-14.733,-47.987,34.631,-60.047,34.744,1,-46.500,1.000,-34.788,0,0,0,0,0,0,0,0,0,0,0,0,0,0,0,0,0,0,0,0,0,0,0,0
57.700,26.475,9.596,9.023,37.405,1,22.342,1.000,-14.733,-47.924,34.559,-60.022,34.671,1,-46.500,1.000,-34.788,0,0,0,0,0,0,0,0,0,0,0,0,0,0,0,0,0,0,0,0,0,0,0,0
57.750,26.502,9.605,8.926,37.354,1,22.342,1.000,-14.733,-47.861,34.485,-59.994,34.598,1,-46.500,1.000,-34.788,0,0,0,0,0,0,0,0,0,0,0,0,0,0,0,0,0,0,0,0,0,0,0,0
57.800,26.530,9.615,8.828,37.302,1,22.342,1.000,-14.733,-47.797,34.411,-59.965,34.525,1,-46.500,1.000,-34.788,0,0,0,0,0,0,0,0,0,0,0,0,0,0,0,0,0,0,0,0,0,0,0,0
57.850,26.557,9.624,8.731,37.250,1,22.342,1.000,-14.733,-47.734,34.336,-59.934,34.452,1,-46.500,1.000,-34.788,0,0,0,0,0,0,0,0,0,0,0,0,0,0,0,0,0,0,0,0,0,0,0,0
57.900,26.584,9.633,8.634,37.199,1,22.342,1.000,-14.733,-47.671,34.260,-59.901,34.380,1,-46.500,1.000,-34.788,0,0,0,0,0,0,0,0,0,0,0,0,0,0,0,0,0,0,0,0,0,0,0,0
57.950,26.611,9.643,8.537,37.147,1,22.342,1.000,-14.733,-47.607,34.184,-59.866,34.308,1,-46.500,1.000,-34.788,0,0,0,0,0,0,0,0,0,0,0,0,0,0,0,0,0,0,0,0,0,0,0,0
58.000,26.638,9.652,8.440,37.096,1,22.342,1.000,-14.733,-47.544,34.107,-59.830,34.236,1,-46.500,1.000,-34.788,0,0,0,0,0,0,0,0,0,0,0,0,0,0,0,0,0,0,0,0,0,0,0,0
58.050,26.665,9.661,8.342,37.044,1,22.342,1.000,-14.733,-47.481,34.029,-59.792,34.165,1,-46.500,1.000,-34.788,0,0,0,0,0,0,0,0,0,0,0,0,0,0,0,0,0,0,0,0,0,0,0,0
58.100,26.691,9.670,8.245,36.993,1,22.342,1.000,-14.733,-47.419,33.951,-59.753,34.094,1,-46.500,1.000,-34.788,0,0,0,0,0,0,0,0,0,0,0,0,0,0,0,0,0,0,0,0,0,0,0,0
58.150,26.717,9.680,8.148,36.941,1,22.342,1.000,-14.733,-47.357,33.873,-59.712,34.023,1,-46.500,1.000,-34.788,0,0,0,0,0,0,0,0,0,0,0,0,0,0,0,0,0,0,0,0,0,0,0,0
58.200,26.743,9.689,8.050,36.890,1,22.342,1.000,-14.733,-47.295,33.794,-59.669,33.952,1,-46.500,1.000,-34.788,0,0,0,0,0,0,0,0,0,0,0,0,0,0,0,0,0,0,0,0,0,0,0,0
58.250,26.769,9.698,7.953,36.838,1,22.342,1.000,-14.733,-47.235,33.715,-59.626,33.882,1,-46.500,1.000,-34.788,0,0,0,0,0,0,0,0,0,0,0,0,0,0,0,0,0,0,0,0,0,0,0,0
58.300,26.794,9.707,7.855,36.787,1,22.342,1.000,-14.733,-47.174,33.636,-59.580,33.812,1,-46.500,1.000,-34.788,0,0,0,0,0,0,0,0,0,0,0,0,0,0,0,0,0,0,0,0,0,0,0,0
58.350,26.819,9.716,7.758,36.736,1,22.342,1.000,-14.733,-47.115,33.556,-59.534,33.742,1,-46.500,1.000,-34.788,0,0,0,0,0,0,0,0,0,0,0,0,0,0,0,0,0,0,0,0,0,0,0,0
58.400,26.844,9.725,7.660,36.685,1,22.342,1.000,-14.733,-47.056,33.476,-59.486,33.672,1,-46.500,1.000,-34.788,0,0,0,0,0,0,0,0,0,0,0,0,0,0,0,0,0,0,0,0,0,0,0,0
58.450,26.869,9.734,7.563,36.633,1,22.342,1.000,-14.733,-46.998,33.396,-59.436,33.603,1,-46.500,1.000,-34.788,0,0,0,0,0,0,0,0,0,0,0,0,0,0,0,0,0,0,0,0,0,0,0,0
58.500,26.894,9.743,7.465,36.582,1,22.342,1.000,-14.733,-46.941,33.315,-59.386,33.534,1,-46.500,1.000,-34.788,0,0,0,0,0,0,0,0,0,0,0,0,0,0,0,0,0,0,0,0,0,0,0,0
58.550,26.918,9.752,7.367,36.531,1,22.342,1.000,-14.733,-46.885,33.235,-59.334,33.465,1,-46.500,1.000,-34.788,0,0,0,0,0,0,0,0,0,0,0,0,0,0,0,0,0,0,0,0,0,0,0,0
58.600,26.942,9.760,7.270,36.480,1,22.342,1.000,-14.733,-46.831,33.154,-59.281,33.397,1,-46.500,1.000,-34.788,0,0,0,0,0,0,0,0,0,0,0,0,0,0,0,0,0,0,0,0,0,0,0,0
58.650,26.966,9.769,7.172,36.429,1,22.342,1.000,-14.733,-46.777,33.073,-59.227,33.329,1,-46.500,1.000,-34.788,0,0,0,0,0,0,0,0,0,0,0,0,0,0,0,0,0,0,0,0,0,0,0,0
58.700,26.990,9.778,7.074,36.378,1,22.342,1.000,-14.733,-46.724,32.991,-59.172,33.261,1,-46.500,1.000,-34.788,0,0,0,0,0,0,0,0,0,0,0,0,0,0,0,0,0,0,0,0,0,0,0,0
58.750,27.013,9.786,6.977,36.327,1,22.342,1.000,-14.733,-46.673,32.910,-59.116,33.193,1,-46.500,1.000,-34.788,0,0,0,0,0,0,0,0,0,0,0,0,0,0,0,0,0,0,0,0,0,0,0,0
58.800,27.036,9.795,6.879,36.276,1,22.342,1.000,-14.733,-46.623,32.828,-59.059,33.125,1,-46.500,1.000,-34.788,0,0,0,0,0,0,0,0,0,0,0,0,0,0,0,0,0,0,0,0,0,0,0,0
58.850,27.059,9.803,6.781,36.225,1,22.342,1.000,-14.733,-46.575,32.747,-59.001,33.058,1,-46.500,1.000,-34.788,0,0,0,0,0,0,0,0,0,0,0,0,0,0,0,0,0,0,0,0,0,0,0,0
58.900,27.082,9.811,6.683,36.174,1,22.342,1.000,-14.733,-46.527,32.665,-58.941,32.990,1,-46.500,1.000,-34.788,0,0,0,0,0,0,0,0,0,0,0,0,0,0,0,0,0,0,0,0,0,0,0,0
58.950,27.104,9.820,6.585,36.123,1,22.342,1.000,-14.733,-46.481,32.583,-58.881,32.923,1,-46.500,1.000,-34.788,0,0,0,0,0,0,0,0,0,0,0,0,0,0,0,0,0,0,0,0,0,0,0,0
59.000,27.126,9.828,6.487,36.072,1,22.342,1.000,-14.733,-46.437,32.501,-58.820,32.855,1,-46.500,1.000,-34.788,0,0,0,0,0,0,0,0,0,0,0,0,0,0,0,0,0,0,0,0,0,0,0,0
59.050,27.148,9.836,6.390,36.021,1,22.342,1.000,-14.733,-46.394,32.419,-58.758,32.788,1,-46.500,1.000,-34.788,0,0,0,0,0,0,0,0,0,0,0,0,0,0,0,0,0,0,0,0,0,0,0,0
59.100,27.169,9.844,6.292,35.971,1,22.342,1.000,-14.733,-46.352,32.336,-58.696,32.721,1,-46.500,1.000,-34.788,0,0,0,0,0,0,0,0,0,0,0,0,0,0,0,0,0,0,0,0,0,0,0,0
59.150,27.191,9.852,6.194,35.920,1,22.342,1.000,-14.733,-46.312,32.254,-58.632,32.654,1,-46.500,1.000,-34.788,0,0,0,0,0,0,0,0,0,0,0,0,0,0,0,0,0,0,0,0,0,0,0,0
59.200,27.212,9.860,6.096,35.869,1,22.342,1.000,-14.733,-46.273,32.172,-58.568,32.586,1,-46.500,1.000,-34.788,0,0,0,0,0,0,0,0,0,0,0,0,0,0,0,0,0,0,0,0,0,0,0,0
59.250,27.233,9.868,5.998,35.818,1,22.342,1.000,-14.733,-46.235,32.089,-58.503,32.519,1,-46.500,1.000,-34.788,0,0,0,0,0,0,0,0,0,0,0,0,0,0,0,0,0,0,0,0,0,0,0,0
59.300,27.253,9.875,5.899,35.768,1,22.342,1.000,-14.733,-46.199,32.007,-58.437,32.452,1,-46.500,1.000,-34.788,0,0,0,0,0,0,0,0,0,0,0,0,0,0,0,0,0,0,0,0,0,0,0,0
59.350,27.273,9.883,5.801,35.717,1,22.342,1.000,-14.733,-46.164,31.924,-58.370,32.385,1,-46.500,1.000,-34.788,0,0,0,0,0,0,0,0,0,0,0,0,0,0,0,0,0,0,0,0,0,0,0,0
59.400,27.293,9.890,5.703,35.667,1,22.342,1.000,-14.733,-46.130,31.842,-58.303,32.318,1,-46.500,1.000,-34.788,0,0,0,0,0,0,0,0,0,0,0,0,0,0,0,0,0,0,0,0,0,0,0,0
59.450,27.313,9.898,5.605,35.616,1,22.342,1.000,-14.733,-46.098,31.759,-58.235,32.251,1,-46.500,1.000,-34.788,0,0,0,0,0,0,0,0,0,0,0,0,0,0,0,0,0,0,0,0,0,0,0,0
59.500,27.332,9.905,5.507,35.565,1,22.342,1.000,-14.733,-46.068,31.677,-58.166,32.184,1,-46.500,1.000,-34.788,0,0,0,0,0,0,0,0,0,0,0,0,0,0,0,0,0,0,0,0,0,0,0,0
59.550,27.351,9.912,5.409,35.515,1,22.342,1.000,-14.733,-46.038,31.594,-58.097,32.117,1,-46.500,1.000,-34.788,0,0,0,0,0,0,0,0,0,0,0,0,0,0,0,0,0,0,0,0,0,0,0,0
59.600,27.370,9.919,5.310,35.464,1,22.342,1.000,-14.733,-46.010,31.511,-58.027,32.050,1,-46.500,1.000,-34.788,0,0,0,0,0,0,0,0,0,0,0,0,0,0,0,0,0,0,0,0,0,0,0,0
59.650,27.389,9.926,5.212,35.414,1,22.342,1.000,-14.733,-45.984,31.429,-57.957,31.983,1,-46.500,1.000,-34.788,0,0,0,0,0,0,0,0,0,0,0,0,0,0,0,0,0,0,0,0,0,0,0,0
59.700,27.407,9.933,5.114,35.363,1,22.342,1.000,-14.733,-45.958,31.346,-57.886,31.916,1,-46.500,1.000,-34.788,0,0,0,0,0,0,0,0,0,0,0,0,0,0,0,0,0,0,0,0,0,0,0,0
59.750,27.425,9.939,5.015,35.313,1,22.342,1.000,-14.733,-45.934,31.264,-57.814,31.849,1,-46.500,1.000,-34.788,0,0,0,0,0,0,0,0,0,0,0,0,0,0,0,0,0,0,0,0,0,0,0,0
59.800,27.442,9.946,4.917,35.263,1,22.342,1.000,-14.733,-45.911,31.181,-57.742,31.782,1,-46.500,1.000,-34.788,0,0,0,0,0,0,0,0,0,0,0,0,0,0,0,0,0,0,0,0,0,0,0,0
59.850,27.460,9.952,4.819,35.212,1,22.342,1.000,-14.733,-45.890,31.099,-57.669,31.715,1,-46.500,1.000,-34.788,0,0,0,0,0,0,0,0,0,0,0,0,0,0,0,0,0,0,0,0,0,0,0,0
59.900,27.477,9.958,4.720,35.162,1,22.342,1.000,-14.733,-45.869,31.016,-57.596,31.648,1,-46.500,1.000,-34.788,0,0,0,0,0,0,0,0,0,0,0,0,0,0,0,0,0,0,0,0,0,0,0,0
59.950,27.493,9.964,4.622,35.111,1,22.342,1.000,-14.733,-45.850,30.934,-57.522,31.581,1,-46.500,1.000,-34.788,0,0,0,0,0,0,0,0,0,0,0,0,0,0,0,0,0,0,0,0,0,0,0,0
60.000,27.510,9.970,4.523,35.061,1,22.342,1.000,-14.733,-45.832,30.852,-57.448,31.514,1,-46.500,1.000,-34.788,0,0,0,0,0,0,0,0,0,0,0,0,0,0,0,0,0,0,0,0,0,0,0,0
60.050,27.526,9.976,4.425,35.011,1,22.342,1.000,-14.733,-45.815,30.769,-57.374,31.447,1,-46.500,1.000,-34.788,0,0,0,0,0,0,0,0,0,0,0,0,0,0,0,0,0,0,0,0,0,0,0,0
60.100,27.541,9.982,4.326,34.960,1,22.342,1.000,-14.733,-45.799,30.687,-57.299,31.379,1,-46.500,1.000,-34.788,0,0,0,0,0,0,0,0,0,0,0,0,0,0,0,0,0,0,0,0,0,0,0,0
60.150,27.557,9.987,4.228,34.910,1,22.342,1.000,-14.733,-45.785,30.605,-57.223,31.312,1,-46.500,1.000,-34.788,0,0,0,0,0,0,0,0,0,0,0,0,0,0,0,0,0,0,0,0,0,0,0,0
60.200,27.572,9.992,4.129,34.860,1,22.342,1.000,-14.733,-45.771,30.523,-57.148,31.245,1,-46.500,1.000,-34.788,0,0,0,0,0,0,0,0,0,0,0,0,0,0,0,0,0,0,0,0,0,0,0,0
60.250,27.587,9.998,4.030,34.810,1,22.342,1.000,-14.733,-45.758,30.441,-57.072,31.178,1,-46.500,1.000,-34.788,0,0,0,0,0,0,0,0,0,0,0,0,0,0,0,0,0,0,0,0,0,0,0,0
60.300,27.601,10.003,3.932,34.759,1,22.342,1.000,-14.733,-45.747,30.359,-56.995,31.111,1,-46.500,1.000,-34.788,0,0,0,0,0,0,0,0,0,0,0,0,0,0,0,0,0,0,0,0,0,0,0,0
60.350,27.615,10.007,3.833,34.709,1,22.342,1.000,-14.733,-45.736,30.277,-56.918,31.044,1,-46.500,1.000,-34.788,0,0,0,0,0,0,0,0,0,0,0,0,0,0,0,0,0,0,0,0,0,0,0,0
60.400,27.629,10.012,3.734,34.659,1,22.342,1.000,-14.733,-45.726,30.196,-56.841,30.977,1,-46.500,1.000,-34.788,0,0,0,0,0,0,0,0,0,0,0,0,0,0,0,0,0,0,0,0,0,0,0,0
60.450,27.642,10.016,3.635,34.609,1,22.342,1.000,-14.733,-45.718,30.114,-56.763,30.910,1,-46.500,1.000,-34.788,0,0,0,0,0,0,0,0,0,0,0,0,0,0,0,0,0,0,0,0,0,0,0,0
60.500,27.655,10.020,3.537,34.558,1,22.342,1.000,-14.733,-45.710,30.032,-56.686,30.843,1,-46.500,1.000,-34.788,0,0,0,0,0,0,0,0,0,0,0,0,0,0,0,0,0,0,0,0,0,0,0,0
60.550,27.668,10.024,3.438,34.508,1,22.342,1.000,-14.733,-45.703,29.951,-56.607,30.776,1,-46.500,1.000,-34.788,0,0,0,0,0,0,0,0,0,0,0,0,0,0,0,0,0,0,0,0,0,0,0,0
60.600,27.681,10.028,3.339,34.458,1,22.342,1.000,-14.733,-45.697,29.870,-56.529,30.709,1,-46.500,1.000,-34.788,0,0,0,0,0,0,0,0,0,0,0,0,0,0,0,0,0,0,0,0,0,0,0,0
60.650,27.693,10.032,3.240,34.408,1,22.342,1.000,-14.733,-45.692,29.788,-56.450,30.642,1,-46.500,1.000,-34.788,0,0,0,0,0,0,0,0,0,0,0,0,0,0,0,0,0,0,0,0,0,0,0,0
60.700,27.704,10.035,3.141,34.358,1,22.342,1.000,-14.733,-45.687,29.707,-56.371,30.574,1,-46.500,1.000,-34.788,0,0,0,0,0,0,0,0,0,0,0,0,0,0,0,0,0,0,0,0,0,0,0,0
60.750,27.715,10.038,3.042,34.307,1,22.342,1.000,-14.733,-45.683,29.626,-56.292,30.507,1,-46.500,1.000,-34.788,0,0,0,0,0,0,0,0,0,0,0,0,0,0,0,0,0,0,0,0,0,0,0,0
60.800,27.726,10.041,2.943,34.257,1,22.342,1.000,-14.733,-45.680,29.545,-56.213,30.440,1,-46.500,1.000,-34.788,0,0,0,0,0,0,0,0,0,0,0,0,0,0,0,0,0,0,0,0,0,0,0,0
60.850,27.737,10.044,2.844,34.207,1,22.342,1.000,-14.733,-45.678,29.464,-56.133,30.373,1,-46.500,1.000,-34.788,0,0,0,0,0,0,0,0,0,0,0,0,0,0,0,0,0,0,0,0,0,0,0,0
60.900,27.747,10.047,2.745,34.157,1,22.342,1.000,-14.733,-45.676,29.383,-56.053,30.306,1,-46.500,1.000,-34.788,0,0,0,0,0,0,0,0,0,0,0,0,0,0,0,0,0,0,0,0,0,0,0,0
60.950,27.757,10.049,2.646,34.106,1,22.342,1.000,-14.733,-45.675,29.302,-55.973,30.239,1,-46.500,1.000,-34.788,0,0,0,0,0,0,0,0,0,0,0,0,0,0,0,0,0,0,0,0,0,0,0,0
61.000,27.766,10.051,2.547,34.056,1,22.342,1.000,-14.733,-45.675,29.221,-55.893,30.172,1,-46.500,1.000,-34.788,0,0,0,0,0,0,0,0,0,0,0,0,0,0,0,0,0,0,0,0,0,0,0,0
61.050,27.775,10.053,2.448,34.006,1,22.342,1.000,-14.733,-45.675,29.141,-55.812,30.104,1,-46.500,1.000,-34.788,0,0,0,0,0,0,0,0,0,0,0,0,0,0,0,0,0,0,0,0,0,0,0,0
61.100,27.783,10.054,2.349,33.956,1,22.342,1.000,-14.733,-45.675,29.060,-55.732,30.037,1,-46.500,1.000,-34.788,0,0,0,0,0,0,0,0,0,0,0,0,0,0,0,0,0,0,0,0,0,0,0,0
61.150,27.792,10.055,2.250,33.905,1,22.342,1.000,-14.733,-45.677,28.979,-55.651,29.970,1,-46.500,1.000,-34.788,0,0,0,0,0,0,0,0,0,0,0,0,0,0,0,0,0,0,0,0,0,0,0,0
61.200,27.799,10.057,2.151,33.855,1,22.342,1.000,-14.733,-45.678,28.899,-55.570,29.903,1,-46.500,1.000,-34.788,0,0,0,0,0,0,0,0,0,0,0,0,0,0,0,0,0,0,0,0,0,0,0,0
61.250,27.807,10.057,2.051,33.805,1,22.342,1.000,-14.733,-45.680,28.818,-55.489,29.836,1,-46.500,1.000,-34.788,0,0,0,0,0,0,0,0,0,0,0,0,0,0,0,0,0,0,0,0,0,0,0,0
61.300,27.813,10.058,1.952,33.754,1,22.342,1.000,-14.733,-45.683,28.738,-55.407,29.768,1,-46.500,1.000,-34.788,0,0,0,0,0,0,0,0,0,0,0,0,0,0,0,0,0,0,0,0,0,0,0,0
61.350,27.820,10.058,1.853,33.704,1,22.342,1.000,-14.733,-45.686,28.658,-55.326,29.701,1,-46.500,1.000,-34.788,0,0,0,0,0,0,0,0,0,0,0,0,0,0,0,0,0,0,0,0,0,0,0,0
61.400,27.826,10.058,1.754,33.653,1,22.342,1.000,-14.733,-45.690,28.577,-55.244,29.634,1,-46.500,1.000,-34.788,0,0,0,0,0,0,0,0,0,0,0,0,0,0,0,0,0,0,0,0,0,0,0,0
61.450,27.832,10.058,1.654,33.603,1,22.342,1.000,-14.733,-45.693,28.497,-55.163,29.567,1,-46.500,1.000,-34.788,0,0,0,0,0,0,0,0,0,0,0,0,0,0,0,0,0,0,0,0,0,0,0,0
61.500,27.837,10.057,1.555,33.552,1,22.342,1.000,-14.733,-45.697,28.417,-55.081,29.500,1,-46.500,1.000,-34.788,0,0,0,0,0,0,0,0,0,0,0,0,0,0,0,0,0,0,0,0,0,0,0,0
61.550,27.841,10.056,1.456,33.502,1,22.342,1.000,-14.733,-45.702,28.337,-54.999,29.433,1,-46.500,1.000,-34.788,0,0,0,0,0,0,0,0,0,0,0,0,0,0,0,0,0,0,0,0,0,0,0,0
61.600,27.846,10.055,1.356,33.451,1,22.342,1.000,-14.733,-45.707,28.257,-54.917,29.365,1,-46.500,1.000,-34.788,0,0,0,0,0,0,0,0,0,0,0,0,0,0,0,0,0,0,0,0,0,0,0,0
61.650,27.849,10.054,1.257,33.401,1,22.342,1.000,-14.733,-45.712,28.177,-54.835,29.298,1,-46.500,1.000,-34.788,0,0,0,0,0,0,0,0,0,0,0,0,0,0,0,0,0,0,0,0,0,0,0,0
61.700,27.853,10.052,1.158,33.350,1,22.342,1.000,-14.733,-45.717,28.097,-54.753,29.231,1,-46.500,1.000,-34.788,0,0,0,0,0,0,0,0,0,0,0,0,0,0,0,0,0,0,0,0,0,0,0,0
61.750,27.856,10.050,1.058,33.299,1,22.342,1.000,-14.733,-45.722,28.017,-54.671,29.164,1,-46.500,1.000,-34.788,0,0,0,0,0,0,0,0,0,0,0,0,0,0,0,0,0,0,0,0,0,0,0,0
61.800,27.858,10.047,0.959,33.248,1,22.342,1.000,-14.733,-45.728,27.937,-54.588,29.097,1,-46.500,1.000,-34.788,0,0,0,0,0,0,0,0,0,0,0,0,0,0,0,0,0,0,0,0,0,0,0,0
61.850,27.860,10.045,0.860,33.197,1,22.342,1.000,-14.733,-45.734,27.857,-54.506,29.030,1,-46.500,1.000,-34.788,0,0,0,0,0,0,0,0,0,0,0,0,0,0,0,0,0,0,0,0,0,0,0,0
61.900,27.861,10.042,0.760,33.146,1,22.342,1.000,-14.733,-45.741,27.777,-54.424,28.963,1,-46.500,1.000,-34.788,0,0,0,0,0,0,0,0,0,0,0,0,0,0,0,0,0,0,0,0,0,0,0,0
61.950,27.862,10.038,0.661,33.095,1,22.342,1.000,-14.733,-45.747,27.697,-54.341,28.895,1,-46.500,1.000,-34.788,0,0,0,0,0,0,0,0,0,0,0,0,0,0,0,0,0,0,0,0,0,0,0,0
62.000,27.863,10.034,0.561,33.044,1,22.342,1.000,-14.733,-45.754,27.617,-54.258,28.828,1,-46.500,1.000,-34.788,0,0,0,0,0,0,0,0,0,0,0,0,0,0,0,0,0,0,0,0,0,0,0,0
62.050,27.863,10.030,0.462,32.993,1,22.342,1.000,-14.733,-45.760,27.538,-54.176,28.761,1,-46.500,1.000,-34.788,0,0,0,0,0,0,0,0,0,0,0,0,0,0,0,0,0,0,0,0,0,0,0,0
62.100,27.862,10.026,0.362,32.942,1,22.342,1.000,-14.733,-45.768,27.458,-54.093,28.694,1,-46.500,1.000,-34.788,0,0,0,0,0,0,0,0,0,0,0,0,0,0,0,0,0,0,0,0,0,0,0,0
62.150,27.861,10.021,0.263,32.890,1,22.342,1.000,-14.733,-45.775,27.378,-54.010,28.627,1,-46.500,1.000,-34.788,0,0,0,0,0,0,0,0,0,0,0,0,0,0,0,0,0,0,0,0,0,0,0,0
62.200,27.860,10.016,0.164,32.839,1,22.342,1.000,-14.733,-45.782,27.299,-53.928,28.560,1,-46.500,1.000,-34.788,0,0,0,0,0,0,0,0,0,0,0,0,0,0,0,0,0,0,0,0,0,0,0,0
62.250,27.858,10.011,0.064,32.787,1,22.342,1.000,-14.733,-45.790,27.219,-53.845,28.493,1,-46.500,1.000,-34.788,0,0,0,0,0,0,0,0,0,0,0,0,0,0,0,0,0,0,0,0,0,0,0,0
62.300,27.855,10.005,-0.035,32.736,1,22.342,1.000,-14.733,-45.797,27.140,-53.762,28.426,1,-46.500,1.000,-34.788,0,0,0,0,0,0,0,0,0,0,0,0,0,0,0,0,0,0,0,0,0,0,0,0
62.350,27.852,9.999,-0.135,32.684,1,22.342,1.000,-14.733,-45.805,27.060,-53.679,28.359,1,-46.500,1.000,-34.788,0,0,0,0,0,0,0,0,0,0,0,0,0,0,0,0,0,0,0,0,0,0,0,0
62.400,27.848,9.992,-0.234,32.632,1,22.342,1.000,-14.733,-45.813,26.981,-53.596,28.291,1,-46.500,1.000,-34.788,0,0,0,0,0,0,0,0,0,0,0,0,0,0,0,0,0,0,0,0,0,0,0,0
62.450,27.844,9.985,-0.334,32.580,1,22.342,1.000,-14.733,-45.821,26.901,-53.513,28.224,1,-46.500,1.000,-34.788,0,0,0,0,0,0,0,0,0,0,0,0,0,0,0,0,0,0,0,0,0,0,0,0
62.500,27.840,9.978,-0.433,32.528,1,22.342,1.000,-14.733,-45.829,26.822,-53.430,28.157,1,-46.500,1.000,-34.788,0,0,0,0,0,0,0,0,0,0,0,0,0,0,0,0,0,0,0,0,0,0,0,0
62.550,27.834,9.970,-0.533,32.476,1,22.342,1.000,-14.733,-45.837,26.742,-53.347,28.090,1,-46.500,1.000,-34.788,0,0,0,0,0,0,0,0,0,0,0,0,0,0,0,0,0,0,0,0,0,0,0,0
62.600,27.828,9.962,-0.632,32.424,1,22.342,1.000,-14.733,-45.846,26.663,-53.263,28.023,1,-46.500,1.000,-34.788,0,0,0,0,0,0,0,0,0,0,0,0,0,0,0,0,0,0,0,0,0,0,0,0
62.650,27.822,9.953,-0.732,32.372,1,22.342,1.000,-14.733,-45.854,26.584,-53.180,27.956,1,-46.500,1.000,-34.788,0,0,0,0,0,0,0,0,0,0,0,0,0,0,0,0,0,0,0,0,0,0,0,0
62.700,27.815,9.944,-0.831,32.319,1,22.342,1.000,-14.733,-45.863,26.504,-53.097,27.889,1,-46.500,1.000,-34.788,0,0,0,0,0,0,0,0,0,0,0,0,0,0,0,0,0,0,0,0,0,0,0,0
62.750,27.808,9.935,-0.930,32.266,1,22.342,1.000,-14.733,-45.871,26.425,-53.014,27.822,1,-46.500,1.000,-34.788,0,0,0,0,0,0,0,0,0,0,0,0,0,0,0,0,0,0,0,0,0,0,0,0
62.800,27.800,9.925,-1.030,32.214,1,22.342,1.000,-14.733,-45.880,26.346,-52.931,27.755,1,-46.500,1.000,-34.788,0,0,0,0,0,0,0,0,0,0,0,0,0,0,0,0,0,0,0,0,0,0,0,0
62.850,27.791,9.915,-1.129,32.161,1,22.342,1.000,-14.733,-45.888,26.266,-52.847,27.688,1,-46.500,1.000,-34.788,0,0,0,0,0,0,0,0,0,0,0,0,0,0,0,0,0,0,0,0,0,0,0,0
62.900,27.782,9.905,-1.228,32.108,1,22.342,1.000,-14.733,-45.897,26.187,-52.764,27.621,1,-46.500,1.000,-34.788,0,0,0,0,0,0,0,0,0,0,0,0,0,0,0,0,0,0,0,0,0,0,0,0
62.950,27.772,9.894,-1.328,32.054,1,22.342,1.000,-14.733,-45.906,26.108,-52.681,27.554,1,-46.500,1.000,-34.788,0,0,0,0,0,0,0,0,0,0,0,0,0,0,0,0,0,0,0,0,0,0,0,0
63.000,27.762,9.882,-1.427,32.001,1,22.342,1.000,-14.733,-45.915,26.029,-52.598,27.487,1,-46.500,1.000,-34.788,0,0,0,0,0,0,0,0,0,0,0,0,0,0,0,0,0,0,0,0,0,0,0,0
63.050,27.751,9.870,-1.526,31.947,1,22.342,1.000,-14.733,-45.924,25.950,-52.514,27.420,1,-46.500,1.000,-34.788,0,0,0,0,0,0,0,0,0,0,0,0,0,0,0,0,0,0,0,0,0,0,0,0
63.100,27.739,9.858,-1.626,31.894,1,22.342,1.000,-14.733,-45.933,25.870,-52.431,27.353,1,-46.500,1.000,-34.788,0,0,0,0,0,0,0,0,0,0,0,0,0,0,0,0,0,0,0,0,0,0,0,0
63.150,27.727,9.845,-1.725,31.840,1,22.342,1.000,-14.733,-45.941,25.791,-52.347,27.286,1,-46.500,1.000,-34.788,0,0,0,0,0,0,0,0,0,0,0,0,0,0,0,0,0,0,0,0,0,0,0,0
63.200,27.714,9.832,-1.824,31.786,1,22.342,1.000,-14.733,-45.950,25.712,-52.264,27.219,1,-46.500,1.000,-34.788,0,0,0,0,0,0,0,0,0,0,0,0,0,0,0,0,0,0,0,0,0,0,0,0
63.250,27.701,9.819,-1.923,31.732,1,22.342,1.000,-14.733,-45.959,25.633,-52.181,27.152,1,-46.500,1.000,-34.788,0,0,0,0,0,0,0,0,0,0,0,0,0,0,0,0,0,0,0,0,0,0,0,0
63.300,27.687,9.805,-2.022,31.677,1,22.342,1.000,-14.733,-45.968,25.554,-52.097,27.085,1,-46.500,1.000,-34.788,0,0,0,0,0,0,0,0,0,0,0,0,0,0,0,0,0,0,0,0,0,0,0,0
63.350,27.672,9.790,-2.121,31.623,1,22.342,1.000,-14.733,-45.977,25.475,-52.014,27.018,1,-46.500,1.000,-34.788,0,0,0,0,0,0,0,0,0,0,0,0,0,0,0,0,0,0,0,0,0,0,0,0
63.400,27.657,9.775,-2.220,31.568,1,22.342,1.000,-14.733,-45.986,25.396,-51.930,26.951,1,-46.500,1.000,-34.788,0,0,0,0,0,0,0,0,0,0,0,0,0,0,0,0,0,0,0,0,0,0,0,0
63.450,27.642,9.760,-2.319,31.513,1,22.342,1.000,-14.733,-45.995,25.317,-51.847,26.884,1,-46.500,1.000,-34.788,0,0,0,0,0,0,0,0,0,0,0,0,0,0,0,0,0,0,0,0,0,0,0,0
63.500,27.625,9.744,-2.418,31.458,1,22.342,1.000,-14.733,-46.004,25.238,-51.764,26.817,1,-46.500,1.000,-34.788,0,0,0,0,0,0,0,0,0,0,0,0,0,0,0,0,0,0,0,0,0,0,0,0
63.550,27.608,9.727,-2.517,31.403,1,22.342,1.000,-14.733,-46.013,25.158,-51.680,26.750,1,-46.500,1.000,-34.788,0,0,0,0,0,0,0,0,0,0,0,0,0,0,0,0,0,0,0,0,0,0,0,0
63.600,27.591,9.710,-2.616,31.347,1,22.342,1.000,-14.733,-46.021,25.079,-51.597,26.683,1,-46.500,1.000,-34.788,0,0,0,0,0,0,0,0,0,0,0,0,0,0,0,0,0,0,0,0,0,0,0,0
63.650,27.572,9.693,-2.715,31.292,1,22.342,1.000,-14.733,-46.030,25.000,-51.513,26.616,1,-46.500,1.000,-34.788,0,0,0,0,0,0,0,0,0,0,0,0,0,0,0,0,0,0,0,0,0,0,0,0
63.700,27.554,9.675,-2.813,31.236,1,22.342,1.000,-14.733,-46.039,24.921,-51.430,26.549,1,-46.500,1.000,-34.788,0,0,0,0,0,0,0,0,0,0,0,0,0,0,0,0,0,0,0,0,0,0,0,0
63.750,27.534,9.657,-2.912,31.180,1,22.342,1.000,-14.733,-46.048,24.842,-51.346,26.482,1,-46.500,1.000,-34.788,0,0,0,0,0,0,0,0,0,0,0,0,0,0,0,0,0,0,0,0,0,0,0,0
63.800,27.514,9.638,-3.011,31.123,1,22.342,1.000,-14.733,-46.057,24.763,-51.263,26.415,1,-46.500,1.000,-34.788,0,0,0,0,0,0,0,0,0,0,0,0,0,0,0,0,0,0,0,0,0,0,0,0
63.850,27.493,9.618,-3.109,31.067,1,22.342,1.000,-14.733,-46.065,24.684,-51.179,26.349,1,-46.500,1.000,-34.788,0,0,0,0,0,0,0,0,0,0,0,0,0,0,0,0,0,0,0,0,0,0,0,0
63.900,27.472,9.598,-3.207,31.010,1,22.342,1.000,-14.733,-46.074,24.605,-51.096,26.282,1,-46.500,1.000,-34.788,0,0,0,0,0,0,0,0,0,0,0,0,0,0,0,0,0,0,0,0,0,0,0,0
63.950,27.450,9.578,-3.306,30.953,1,22.342,1.000,-14.733,-46.082,24.526,-51.012,26.215,1,-46.500,1.000,-34.788,0,0,0,0,0,0,0,0,0,0,0,0,0,0,0,0,0,0,0,0,0,0,0,0
64.000,27.428,9.557,-3.404,30.896,1,22.342,1.000,-14.733,-46.091,24.447,-50.929,26.148,1,-46.500,1.000,-34.788,0,0,0,0,0,0,0,0,0,0,0,0,0,0,0,0,0,0,0,0,0,0,0,0
64.050,27.405,9.535,-3.502,30.838,1,22.342,1.000,-14.733,-46.099,24.368,-50.845,26.081,1,-46.500,1.000,-34.788,0,0,0,0,0,0,0,0,0,0,0,0,0,0,0,0,0,0,0,0,0,0,0,0
64.100,27.381,9.513,-3.600,30.780,1,22.342,1.000,-14.733,-46.108,24.289,-50.762,26.014,1,-46.500,1.000,-34.788,0,0,0,0,0,0,0,0,0,0,0,0,0,0,0,0,0,0,0,0,0,0,0,0
64.150,27.357,9.490,-3.698,30.722,1,22.342,1.000,-14.733,-46.116,24.210,-50.678,25.947,1,-46.500,1.000,-34.788,0,0,0,0,0,0,0,0,0,0,0,0,0,0,0,0,0,0,0,0,0,0,0,0
64.200,27.332,9.467,-3.796,30.664,1,22.342,1.000,-14.733,-46.124,24.131,-50.595,25.880,1,-46.500,1.000,-34.788,0,0,0,0,0,0,0,0,0,0,0,0,0,0,0,0,0,0,0,0,0,0,0,0
64.250,27.306,9.443,-3.894,30.606,1,22.342,1.000,-14.733,-46.133,24.052,-50.511,25.813,1,-46.500,1.000,-34.788,0,0,0,0,0,0,0,0,0,0,0,0,0,0,0,0,0,0,0,0,0,0,0,0
64.300,27.280,9.419,-3.992,30.547,1,22.342,1.000,-14.733,-46.141,23.973,-50.428,25.747,1,-46.500,1.000,-34.788,0,0,0,0,0,0,0,0,0,0,0,0,0,0,0,0,0,0,0,0,0,0,0,0
64.350,27.253,9.394,-4.089,30.488,1,22.342,1.000,-14.733,-46.149,23.894,-50.344,25.680,1,-46.500,1.000,-34.788,0,0,0,0,0,0,0,0,0,0,0,0,0,0,0,0,0,0,0,0,0,0,0,0
64.400,27.226,9.368,-4.187,30.429,1,22.342,1.000,-14.733,-46.157,23.815,-50.261,25.613,1,-46.500,1.000,-34.788,0,0,0,0,0,0,0,0,0,0,0,0,0,0,0,0,0,0,0,0,0,0,0,0
64.450,27.198,9.342,-4.284,30.370,1,22.342,1.000,-14.733,-46.165,23.736,-50.177,25.546,1,-46.500,1.000,-34.788,0,0,0,0,0,0,0,0,0,0,0,0,0,0,0,0,0,0,0,0,0,0,0,0
64.500,27.169,9.316,-4.381,30.310,1,22.342,1.000,-14.733,-46.173,23.657,-50.094,25.479,1,-46.500,1.000,-34.788,0,0,0,0,0,0,0,0,0,0,0,0,0,0,0,0,0,0,0,0,0,0,0,0
64.550,27.140,9.289,-4.478,30.250,1,22.342,1.000,-14.733,-46.181,23.578,-50.010,25.412,1,-46.500,1.000,-34.788,0,0,0,0,0,0,0,0,0,0,0,0,0,0,0,0,0,0,0,0,0,0,0,0
64.600,27.111,9.261,-4.575,30.190,1,22.342,1.000,-14.733,-46.188,23.499,-49.927,25.345,1,-46.500,1.000,-34.788,0,0,0,0,0,0,0,0,0,0,0,0,0,0,0,0,0,0,0,0,0,0,0,0
64.650,27.080,9.232,-4.672,30.129,1,22.342,1.000,-14.733,-46.196,23.420,-49.843,25.279,1,-46.500,1.000,-34.788,0,0,0,0,0,0,0,0,0,0,0,0,0,0,0,0,0,0,0,0,0,0,0,0
64.700,27.050,9.203,-4.769,30.069,1,22.342,1.000,-14.733,-46.204,23.341,-49.760,25.212,1,-46.500,1.000,-34.788,0,0,0,0,0,0,0,0,0,0,0,0,0,0,0,0,0,0,0,0,0,0,0,0
64.750,27.018,9.174,-4.866,30.008,1,22.342,1.000,-14.733,-46.211,23.262,-49.676,25.145,1,-46.500,1.000,-34.788,0,0,0,0,0,0,0,0,0,0,0,0,0,0,0,0,0,0,0,0,0,0,0,0
64.800,26.986,9.144,-4.962,29.947,1,22.342,1.000,-14.733,-46.218,23.182,-49.593,25.078,1,-46.500,1.000,-34.788,0,0,0,0,0,0,0,0,0,0,0,0,0,0,0,0,0,0,0,0,0,0,0,0
64.850,26.954,9.113,-5.059,29.885,1,22.342,1.000,-14.733,-46.226,23.103,-49.509,25.011,1,-46.500,1.000,-34.788,0,0,0,0,0,0,0,0,0,0,0,0,0,0,0,0,0,0,0,0,0,0,0,0
64.900,26.920,9.082,-5.155,29.824,1,22.342,1.000,-14.733,-46.233,23.024,-49.426,24.944,1,-46.500,1.000,-34.788,0,0,0,0,0,0,0,0,0,0,0,0,0,0,0,0,0,0,0,0,0,0,0,0
64.950,26.887,9.050,-5.251,29.762,1,22.342,1.000,-14.733,-46.240,22.945,-49.343,24.878,1,-46.500,1.000,-34.788,0,0,0,0,0,0,0,0,0,0,0,0,0,0,0,0,0,0,0,0,0,0,0,0
65.000,26.852,9.017,-5.347,29.699,1,22.342,1.000,-14.733,-46.247,22.866,-49.259,24.811,1,-46.500,1.000,-34.788,0,0,0,0,0,0,0,0,0,0,0,0,0,0,0,0,0,0,0,0,0,0,0,0
65.050,26.818,8.984,-5.443,29.637,1,22.342,1.000,-14.733,-46.254,22.787,-49.176,24.744,1,-46.500,1.000,-34.788,0,0,0,0,0,0,0,0,0,0,0,0,0,0,0,0,0,0,0,0,0,0,0,0
65.100,26.782,8.951,-5.539,29.574,1,22.342,1.000,-14.733,-46.261,22.708,-49.092,24.677,1,-46.500,1.000,-34.788,0,0,0,0,0,0,0,0,0,0,0,0,0,0,0,0,0,0,0,0,0,0,0,0
65.150,26.746,8.917,-5.634,29.511,1,22.342,1.000,-14.733,-46.268,22.629,-49.009,24.610,1,-46.500,1.000,-34.788,0,0,0,0,0,0,0,0,0,0,0,0,0,0,0,0,0,0,0,0,0,0,0,0
65.200,26.710,8.882,-5.729,29.448,1,22.342,1.000,-14.733,-46.274,22.549,-48.925,24.543,1,-46.500,1.000,-34.788,0,0,0,0,0,0,0,0,0,0,0,0,0,0,0,0,0,0,0,0,0,0,0,0
65.250,26.673,8.846,-5.825,29.384,1,22.342,1.000,-14.733,-46.281,22.470,-48.842,24.477,1,-46.500,1.000,-34.788,0,0,0,0,0,0,0,0,0,0,0,0,0,0,0,0,0,0,0,0,0,0,0,0
65.300,26.635,8.810,-5.920,29.321,1,22.342,1.000,-14.733,-46.287,22.391,-48.759,24.410,1,-46.500,1.000,-34.788,0,0,0,0,0,0,0,0,0,0,0,0,0,0,0,0,0,0,0,0,0,0,0,0
65.350,26.597,8.774,-6.014,29.257,1,22.342,1.000,-14.733,-46.294,22.312,-48.675,24.343,1,-46.500,1.000,-34.788,0,0,0,0,0,0,0,0,0,0,0,0,0,0,0,0,0,0,0,0,0,0,0,0
65.400,26.558,8.737,-6.109,29.192,1,22.342,1.000,-14.733,-46.300,22.233,-48.592,24.276,1,-46.500,1.000,-34.788,0,0,0,0,0,0,0,0,0,0,0,0,0,0,0,0,0,0,0,0,0,0,0,0
65.450,26.519,8.699,-6.204,29.128,1,22.342,1.000,-14.733,-46.306,22.154,-48.508,24.209,1,-46.500,1.000,-34.788,0,0,0,0,0,0,0,0,0,0,0,0,0,0,0,0,0,0,0,0,0,0,0,0
65.500,26.479,8.661,-6.298,29.063,1,22.342,1.000,-14.733,-46.312,22.074,-48.425,24.143,1,-46.500,1.000,-34.788,0,0,0,0,0,0,0,0,0,0,0,0,0,0,0,0,0,0,0,0,0,0,0,0
65.550,26.439,8.622,-6.392,28.998,1,22.342,1.000,-14.733,-46.318,21.995,-48.342,24.076,1,-46.500,1.000,-34.788,0,0,0,0,0,0,0,0,0,0,0,0,0,0,0,0,0,0,0,0,0,0,0,0
65.600,26.398,8.583,-6.486,28.933,1,22.342,1.000,-14.733,-46.324,21.916,-48.258,24.009,1,-46.500,1.000,-34.788,0,0,0,0,0,0,0,0,0,0,0,0,0,0,0,0,0,0,0,0,0,0,0,0
65.650,26.357,8.543,-6.580,28.867,1,22.342,1.000,-14.733,-46.330,21.837,-48.175,23.942,1,-46.500,1.000,-34.788,0,0,0,0,0,0,0,0,0,0,0,0,0,0,0,0,0,0,0,0,0,0,0,0
65.700,26.315,8.502,-6.674,28.802,1,22.342,1.000,-14.733,-46.336,21.757,-48.092,23.875,1,-46.500,1.000,-34.788,0,0,0,0,0,0,0,0,0,0,0,0,0,0,0,0,0,0,0,0,0,0,0,0
65.750,26.273,8.461,-6.767,28.736,1,22.342,1.000,-14.733,-46.341,21.678,-48.008,23.809,1,-46.500,1.000,-34.788,0,0,0,0,0,0,0,0,0,0,0,0,0,0,0,0,0,0,0,0,0,0,0,0
65.800,26.230,8.420,-6.860,28.670,1,22.342,1.000,-14.733,-46.347,21.599,-47.925,23.742,1,-46.500,1.000,-34.788,0,0,0,0,0,0,0,0,0,0,0,0,0,0,0,0,0,0,0,0,0,0,0,0
65.850,26.187,8.378,-6.953,28.604,1,22.342,1.000,-14.733,-46.352,21.519,-47.842,23.675,1,-46.500,1.000,-34.788,0,0,0,0,0,0,0,0,0,0,0,0,0,0,0,0,0,0,0,0,0,0,0,0
65.900,26.143,8.335,-7.046,28.538,1,22.342,1.000,-14.733,-46.357,21.440,-47.758,23.608,1,-46.500,1.000,-34.788,0,0,0,0,0,0,0,0,0,0,0,0,0,0,0,0,0,0,0,0,0,0,0,0
65.950,26.099,8.292,-7.139,28.472,1,22.342,1.000,-14.733,-46.363,21.361,-47.675,23.542,1,-46.500,1.000,-34.788,0,0,0,0,0,0,0,0,0,0,0,0,0,0,0,0,0,0,0,0,0,0,0,0
66.000,26.054,8.248,-7.232,28.405,1,22.342,1.000,-14.733,-46.368,21.281,-47.592,23.475,1,-46.500,1.000,-34.788,0,0,0,0,0,0,0,0,0,0,0,0,0,0,0,0,0,0,0,0,0,0,0,0
66.050,26.010,8.204,-7.324,28.339,1,22.342,1.000,-14.733,-46.373,21.202,-47.509,23.408,1,-46.500,1.000,-34.788,0,0,0,0,0,0,0,0,0,0,0,0,0,0,0,0,0,0,0,0,0,0,0,0
66.100,25.964,8.160,-7.416,28.273,1,22.342,1.000,-14.733,-46.378,21.122,-47.425,23.341,1,-46.500,1.000,-34.788,0,0,0,0,0,0,0,0,0,0,0,0,0,0,0,0,0,0,0,0,0,0,0,0
66.150,25.919,8.114,-7.508,28.206,1,22.342,1.000,-14.733,-46.382,21.043,-47.342,23.274,1,-46.500,1.000,-34.788,0,0,0,0,0,0,0,0,0,0,0,0,0,0,0,0,0,0,0,0,0,0,0,0
66.200,25.873,8.069,-7.600,28.140,1,22.342,1.000,-14.733,-46.387,20.964,-47.259,23.208,1,-46.500,1.000,-34.788,0,0,0,0,0,0,0,0,0,0,0,0,0,0,0,0,0,0,0,0,0,0,0,0
66.250,25.826,8.023,-7.691,28.073,1,22.342,1.000,-14.733,-46.392,20.884,-47.176,23.141,1,-46.500,1.000,-34.788,0,0,0,0,0,0,0,0,0,0,0,0,0,0,0,0,0,0,0,0,0,0,0,0
66.300,25.780,7.977,-7.783,28.006,1,22.342,1.000,-14.733,-46.396,20.805,-47.093,23.074,1,-46.500,1.000,-34.788,0,0,0,0,0,0,0,0,0,0,0,0,0,0,0,0,0,0,0,0,0,0,0,0
66.350,25.733,7.930,-7.874,27.939,1,22.342,1.000,-14.733,-46.401,20.725,-47.009,23.007,1,-46.500,1.000,-34.788,0,0,0,0,0,0,0,0,0,0,0,0,0,0,0,0,0,0,0,0,0,0,0,0
66.400,25.685,7.883,-7.965,27.872,1,22.342,1.000,-14.733,-46.405,20.646,-46.926,22.941,1,-46.500,1.000,-34.788,0,0,0,0,0,0,0,0,0,0,0,0,0,0,0,0,0,0,0,0,0,0,0,0
66.450,25.638,7.835,-8.056,27.806,1,22.342,1.000,-14.733,-46.409,20.566,-46.843,22.874,1,-46.500,1.000,-34.788,0,0,0,0,0,0,0,0,0,0,0,0,0,0,0,0,0,0,0,0,0,0,0,0
66.500,25.590,7.787,-8.147,27.739,1,22.342,1.000,-14.733,-46.413,20.487,-46.760,22.807,1,-46.500,1.000,-34.788,0,0,0,0,0,0,0,0,0,0,0,0,0,0,0,0,0,0,0,0,0,0,0,0
66.550,25.542,7.739,-8.237,28.239,1,22.342,1.000,-14.733,-46.417,20.407,-46.677,22.740,1,-46.500,1.000,-34.788,0,0,0,0,0,0,0,0,0,0,0,0,0,0,0,0,0,0,0,0,0,0,0,0
66.600,25.494,7.690,-8.328,28.739,1,22.342,1.000,-14.733,-46.421,20.327,-46.594,22.673,1,-46.500,1.000,-34.788,0,0,0,0,0,0,0,0,0,0,0,0,0,0,0,0,0,0,0,0,0,0,0,0
66.650,25.445,7.641,-8.418,29.239,1,22.342,1.000,-14.733,-46.425,20.248,-46.511,22.607,1,-46.500,1.000,-34.788,0,0,0,0,0,0,0,0,0,0,0,0,0,0,0,0,0,0,0,0,0,0,0,0
66.700,25.396,7.591,-8.508,29.739,1,22.342,1.000,-14.733,-46.429,20.168,-46.428,22.540,1,-46.500,1.000,-34.788,0,0,0,0,0,0,0,0,0,0,0,0,0,0,0,0,0,0,0,0,0,0,0,0
66.750,25.347,7.541,-8.598,30.239,1,22.342,1.000,-14.733,-46.432,20.088,-46.345,22.473,1,-46.500,1.000,-34.788,0,0,0,0,0,0,0,0,0,0,0,0,0,0,0,0,0,0,0,0,0,0,0,0
66.800,25.298,7.491,-8.687,30.739,1,22.342,1.000,-14.733,-46.436,20.009,-46.262,22.406,1,-46.500,1.000,-34.788,0,0,0,0,0,0,0,0,0,0,0,0,0,0,0,0,0,0,0,0,0,0,0,0
66.850,25.249,7.441,-8.777,31.239,1,22.342,1.000,-14.733,-46.439,19.929,-46.179,22.340,1,-46.500,1.000,-34.788,0,0,0,0,0,0,0,0,0,0,0,0,0,0,0,0,0,0,0,0,0,0,0,0
66.900,25.199,7.390,-8.866,31.739,1,22.342,1.000,-14.733,-46.443,19.849,-46.096,22.273,1,-46.500,1.000,-34.788,0,0,0,0,0,0,0,0,0,0,0,0,0,0,0,0,0,0,0,0,0,0,0,0
66.950,25.149,7.340,-8.955,32.239,1,22.342,1.000,-14.733,-46.446,19.770,-46.013,22.206,1,-46.500,1.000,-34.788,0,0,0,0,0,0,0,0,0,0,0,0,0,0,0,0,0,0,0,0,0,0,0,0
67.000,25.099,7.288,-9.045,32.739,1,22.342,1.000,-14.733,-46.449,19.690,-45.930,22.139,1,-46.500,1.000,-34.788,0,0,0,0,0,0,0,0,0,0,0,0,0,0,0,0,0,0,0,0,0,0,0,0
67.050,25.049,7.237,-9.133,33.239,1,22.342,1.000,-14.733,-46.452,19.610,-45.847,22.073,1,-46.500,1.000,-34.788,0,0,0,0,0,0,0,0,0,0,0,0,0,0,0,0,0,0,0,0,0,0,0,0
67.100,24.998,7.185,-9.222,33.739,1,22.342,1.000,-14.733,-46.456,19.530,-45.764,22.006,1,-46.500,1.000,-34.788,0,0,0,0,0,0,0,0,0,0,0,0,0,0,0,0,0,0,0,0,0,0,0,0
67.150,24.947,7.134,-9.311,34.239,1,22.342,1.000,-14.733,-46.459,19.450,-45.681,21.939,1,-46.500,1.000,-34.788,0,0,0,0,0,0,0,0,0,0,0,0,0,0,0,0,0,0,0,0,0,0,0,0
67.200,24.897,7.082,-9.399,34.739,1,22.342,1.000,-14.733,-46.462,19.371,-45.598,21.872,1,-46.500,1.000,-34.788,0,0,0,0,0,0,0,0,0,0,0,0,0,0,0,0,0,0,0,0,0,0,0,0
67.250,24.846,7.029,-9.487,35.239,1,22.342,1.000,-14.733,-46.465,19.291,-45.515,21.805,1,-46.500,1.000,-34.788,0,0,0,0,0,0,0,0,0,0,0,0,0,0,0,0,0,0,0,0,0,0,0,0
67.300,24.795,6.977,-9.576,35.739,1,22.342,1.000,-14.733,-46.468,19.211,-45.433,21.739,1,-46.500,1.000,-34.788,0,0,0,0,0,0,0,0,0,0,0,0,0,0,0,0,0,0,0,0,0,0,0,0
67.350,24.743,6.925,-9.664,36.239,1,22.342,1.000,-14.733,-46.470,19.131,-45.350,21.672,1,-46.500,1.000,-34.788,0,0,0,0,0,0,0,0,0,0,0,0,0,0,0,0,0,0,0,0,0,0,0,0
67.400,24.692,6.872,-9.752,36.739,1,22.342,1.000,-14.733,-46.473,19.051,-45.267,21.605,1,-46.500,1.000,-34.788,0,0,0,0,0,0,0,0,0,0,0,0,0,0,0,0,0,0,0,0,0,0,0,0
67.450,24.641,6.819,-9.839,37.239,1,22.342,1.000,-14.733,-46.476,18.971,-45.184,21.538,1,-46.500,1.000,-34.788,0,0,0,0,0,0,0,0,0,0,0,0,0,0,0,0,0,0,0,0,0,0,0,0
67.500,24.589,6.766,-9.927,37.739,1,22.342,1.000,-14.733,-46.479,18.891,-45.101,21.472,1,-46.500,1.000,-34.788,0,0,0,0,0,0,0,0,0,0,0,0,0,0,0,0,0,0,0,0,0,0,0,0
67.550,24.538,6.713,-10.014,38.239,1,22.342,1.000,-14.733,-46.482,18.811,-45.019,21.405,1,-46.500,1.000,-34.788,0,0,0,0,0,0,0,0,0,0,0,0,0,0,0,0,0,0,0,0,0,0,0,0
67.600,24.486,6.659,-10.102,38.739,1,22.342,1.000,-14.733,-46.484,18.731,-44.936,21.338,1,-46.500,1.000,-34.788,0,0,0,0,0,0,0,0,0,0,0,0,0,0,0,0,0,0,0,0,0,0,0,0
67.650,24.435,6.606,-10.189,39.239,1,22.342,1.000,-14.733,-46.487,18.651,-44.853,21.272,1,-46.500,1.000,-34.788,0,0,0,0,0,0,0,0,0,0,0,0,0,0,0,0,0,0,0,0,0,0,0,0
67.700,24.383,6.552,-10.276,39.739,1,22.342,1.000,-14.733,-46.489,18.571,-44.771,21.205,1,-46.500,1.000,-34.788,0,0,0,0,0,0,0,0,0,0,0,0,0,0,0,0,0,0,0,0,0,0,0,0
67.750,24.332,6.499,-10.363,40.239,1,22.342,1.000,-14.733,-46.491,18.491,-44.688,21.139,1,-46.500,1.000,-34.788,0,0,0,0,0,0,0,0,0,0,0,0,0,0,0,0,0,0,0,0,0,0,0,0
67.800,24.280,6.445,-10.450,40.739,1,22.342,1.000,-14.733,-46.493,18.410,-44.606,21.072,1,-46.500,1.000,-34.788,0,0,0,0,0,0,0,0,0,0,0,0,0,0,0,0,0,0,0,0,0,0,0,0
67.850,24.229,6.391,-10.537,41.239,1,22.342,1.000,-14.733,-46.495,18.330,-44.523,21.006,1,-46.500,1.000,-34.788,0,0,0,0,0,0,0,0,0,0,0,0,0,0,0,0,0,0,0,0,0,0,0,0
67.900,24.177,6.337,-10.624,41.739,1,22.342,1.000,-14.733,-46.497,18.250,-44.441,20.939,1,-46.500,1.000,-34.788,0,0,0,0,0,0,0,0,0,0,0,0,0,0,0,0,0,0,0,0,0,0,0,0
67.950,24.125,6.283,-10.710,42.239,1,22.342,1.000,-14.733,-46.498,18.170,-44.358,20.872,1,-46.500,1.000,-34.788,0,0,0,0,0,0,0,0,0,0,0,0,0,0,0,0,0,0,0,0,0,0,0,0
68.000,24.073,6.229,-10.797,42.739,1,22.342,1.000,-14.733,-46.499,18.090,-44.276,20.806,1,-46.500,1.000,-34.788,0,0,0,0,0,0,0,0,0,0,0,0,0,0,0,0,0,0,0,0,0,0,0,0
68.050,24.021,6.174,-10.883,43.239,1,22.342,1.000,-14.733,-46.500,18.009,-44.194,20.739,1,-46.500,1.000,-34.788,0,0,0,0,0,0,0,0,0,0,0,0,0,0,0,0,0,0,0,0,0,0,0,0
68.100,23.969,6.120,-10.969,43.739,1,22.342,1.000,-14.733,-46.501,17.929,-44.111,20.673,1,-46.500,1.000,-34.788,0,0,0,0,0,0,0,0,0,0,0,0,0,0,0,0,0,0,0,0,0,0,0,0
68.150,23.917,6.066,-11.056,44.239,1,22.342,1.000,-14.733,-46.501,17.849,-44.029,20.606,1,-46.500,1.000,-34.788,0,0,0,0,0,0,0,0,0,0,0,0,0,0,0,0,0,0,0,0,0,0,0,0
68.200,23.865,6.011,-11.142,44.739,1,22.342,1.000,-14.733,-46.501,17.768,-43.947,20.540,1,-46.500,1.000,-34.788,0,0,0,0,0,0,0,0,0,0,0,0,0,0,0,0,0,0,0,0,0,0,0,0
68.250,23.813,5.957,-11.227,45.239,1,22.342,1.000,-14.733,-46.500,17.688,-43.865,20.473,1,-46.500,1.000,-34.788,0,0,0,0,0,0,0,0,0,0,0,0,0,0,0,0,0,0,0,0,0,0,0,0
68.300,23.760,5.902,-11.313,45.739,1,22.342,1.000,-14.733,-46.500,17.608,-43.783,20.407,1,-46.500,1.000,-34.788,0,0,0,0,0,0,0,0,0,0,0,0,0,0,0,0,0,0,0,0,0,0,0,0
68.350,23.707,5.847,-11.399,46.239,1,22.342,1.000,-14.733,-46.499,17.527,-43.700,20.340,1,-46.500,1.000,-34.788,0,0,0,0,0,0,0,0,0,0,0,0,0,0,0,0,0,0,0,0,0,0,0,0
68.400,23.655,5.793,-11.485,46.739,1,22.342,1.000,-14.733,-46.497,17.447,-43.618,20.274,1,-46.500,1.000,-34.788,0,0,0,0,0,0,0,0,0,0,0,0,0,0,0,0,0,0,0,0,0,0,0,0
68.450,23.602,5.738,-11.570,47.239,1,22.342,1.000,-14.733,-46.496,17.366,-43.536,20.208,1,-46.500,1.000,-34.788,0,0,0,0,0,0,0,0,0,0,0,0,0,0,0,0,0,0,0,0,0,0,0,0
68.500,23.549,5.683,-11.655,47.739,1,22.342,1.000,-14.733,-46.494,17.286,-43.454,20.141,1,-46.500,1.000,-34.788,0,0,0,0,0,0,0,0,0,0,0,0,0,0,0,0,0,0,0,0,0,0,0,0
68.550,23.495,5.629,-11.741,48.239,1,22.342,1.000,-14.733,-46.492,17.206,-43.372,20.075,1,-46.500,1.000,-34.788,0,0,0,0,0,0,0,0,0,0,0,0,0,0,0,0,0,0,0,0,0,0,0,0
68.600,23.442,5.574,-11.826,48.739,1,22.342,1.000,-14.733,-46.489,17.125,-43.291,20.009,1,-46.500,1.000,-34.788,0,0,0,0,0,0,0,0,0,0,0,0,0,0,0,0,0,0,0,0,0,0,0,0
68.650,23.388,5.519,-11.911,49.239,1,22.342,1.000,-14.733,-46.487,17.045,-43.209,19.942,1,-46.500,1.000,-34.788,0,0,0,0,0,0,0,0,0,0,0,0,0,0,0,0,0,0,0,0,0,0,0,0
68.700,23.335,5.464,-11.995,49.739,1,22.342,1.000,-14.733,-46.484,16.964,-43.127,19.876,1,-46.500,1.000,-34.788,0,0,0,0,0,0,0,0,0,0,0,0,0,0,0,0,0,0,0,0,0,0,0,0
68.750,23.281,5.410,-12.080,50.239,1,22.342,1.000,-14.733,-46.480,16.884,-43.045,19.810,1,-46.500,1.000,-34.788,0,0,0,0,0,0,0,0,0,0,0,0,0,0,0,0,0,0,0,0,0,0,0,0
68.800,23.227,5.355,-12.164,50.739,1,22.342,1.000,-14.733,-46.476,16.803,-42.963,19.744,1,-46.500,1.000,-34.788,0,0,0,0,0,0,0,0,0,0,0,0,0,0,0,0,0,0,0,0,0,0,0,0
68.850,23.173,5.300,-12.249,51.239,1,22.342,1.000,-14.733,-46.472,16.723,-42.882,19.678,1,-46.500,1.000,-34.788,0,0,0,0,0,0,0,0,0,0,0,0,0,0,0,0,0,0,0,0,0,0,0,0
68.900,23.119,5.245,-12.333,51.739,1,22.342,1.000,-14.733,-46.467,16.643,-42.800,19.612,1,-46.500,1.000,-34.788,0,0,0,0,0,0,0,0,0,0,0,0,0,0,0,0,0,0,0,0,0,0,0,0
68.950,23.064,5.190,-12.417,52.239,2,22.342,1.000,-14.733,-46.462,16.562,-42.718,19.546,1,-46.500,1.000,-34.788,0,0,0,0,0,0,0,0,0,0,0,0,0,0,0,0,0,0,0,0,0,0,0,0
69.000,23.012,5.138,-12.498,52.739,2,22.342,1.000,-14.733,-46.457,16.482,-42.637,19.480,1,-46.500,1.000,-34.788,0,0,0,0,0,0,0,0,0,0,0,0,0,0,0,0,0,0,0,0,0,0,0,0
69.050,22.962,5.087,-12.575,53.239,2,22.342,1.000,-14.733,-46.451,16.402,-42.555,19.414,1,-46.500,1.000,-34.788,0,0,0,0,0,0,0,0,0,0,0,0,0,0,0,0,0,0,0,0,0,0,0,0
69.100,22.914,5.038,-12.650,53.739,2,22.342,1.000,-14.733,-46.445,16.321,-42.474,19.348,1,-46.500,1.000,-34.788,0,0,0,0,0,0,0,0,0,0,0,0,0,0,0,0,0,0,0,0,0,0,0,0
69.150,22.867,4.991,-12.723,54.239,2,22.342,1.000,-14.733,-46.439,16.241,-42.392,19.282,1,-46.500,1.000,-34.788,0,0,0,0,0,0,0,0,0,0,0,0,0,0,0,0,0,0,0,0,0,0,0,0
69.200,22.821,4.945,-12.793,54.739,2,22.342,1.000,-14.733,-46.432,16.161,-42.311,19.217,1,-46.500,1.000,-34.788,0,0,0,0,0,0,0,0,0,0,0,0,0,0,0,0,0,0,0,0,0,0,0,0
69.250,22.778,4.901,-12.861,55.239,2,22.342,1.000,-14.733,-46.424,16.081,-42.229,19.151,1,-46.500,1.000,-34.788,0,0,0,0,0,0,0,0,0,0,0,0,0,0,0,0,0,0,0,0,0,0,0,0
69.300,22.735,4.858,-12.927,55.739,2,22.342,1.000,-14.733,-46.417,16.001,-42.148,19.086,1,-46.500,1.000,-34.788,0,0,0,0,0,0,0,0,0,0,0,0,0,0,0,0,0,0,0,0,0,0,0,0
69.350,22.694,4.816,-12.991,56.239,2,22.342,1.000,-14.733,-46.409,15.921,-42.067,19.020,1,-46.500,1.000,-34.788,0,0,0,0,0,0,0,0,0,0,0,0,0,0,0,0,0,0,0,0,0,0,0,0
69.400,22.654,4.776,-13.053,56.739,2,22.342,1.000,-14.733,-46.400,15.841,-41.986,18.955,1,-46.500,1.000,-34.788,0,0,0,0,0,0,0,0,0,0,0,0,0,0,0,0,0,0,0,0,0,0,0,0
69.450,22.615,4.736,-13.113,57.239,2,22.342,1.000,-14.733,-46.391,15.761,-41.905,18.890,1,-46.500,1.000,-34.788,0,0,0,0,0,0,0,0,0,0,0,0,0,0,0,0,0,0,0,0,0,0,0,0
69.500,22.577,4.698,-13.172,57.739,2,22.342,1.000,-14.733,-46.382,15.681,-41.824,18.825,1,-46.500,1.000,-34.788,0,0,0,0,0,0,0,0,0,0,0,0,0,0,0,0,0,0,0,0,0,0,0,0
69.550,22.540,4.661,-13.229,58.239,2,22.342,1.000,-14.733,-46.373,15.601,-41.743,18.760,1,-46.500,1.000,-34.788,0,0,0,0,0,0,0,0,0,0,0,0,0,0,0,0,0,0,0,0,0,0,0,0
69.600,22.504,4.624,-13.284,58.739,2,22.342,1.000,-14.733,-46.363,15.521,-41.662,18.695,1,-46.500,1.000,-34.788,0,0,0,0,0,0,0,0,0,0,0,0,0,0,0,0,0,0,0,0,0,0,0,0
69.650,22.469,4.589,-13.339,59.239,2,22.342,1.000,-14.733,-46.353,15.441,-41.581,18.630,1,-46.500,1.000,-34.788,0,0,0,0,0,0,0,0,0,0,0,0,0,0,0,0,0,0,0,0,0,0,0,0
69.700,22.435,4.555,-13.391,59.739,2,22.342,1.000,-14.733,-46.342,15.362,-41.500,18.565,1,-46.500,1.000,-34.788,0,0,0,0,0,0,0,0,0,0,0,0,0,0,0,0,0,0,0,0,0,0,0,0
69.750,22.402,4.521,-13.443,60.239,2,22.342,1.000,-14.733,-46.331,15.282,-41.420,18.501,1,-46.500,1.000,-34.788,0,0,0,0,0,0,0,0,0,0,0,0,0,0,0,0,0,0,0,0,0,0,0,0
69.800,22.369,4.488,-13.493,60.739,2,22.342,1.000,-14.733,-46.319,15.202,-41.339,18.436,1,-46.500,1.000,-34.788,0,0,0,0,0,0,0,0,0,0,0,0,0,0,0,0,0,0,0,0,0,0,0,0
69.850,22.337,4.456,-13.543,61.239,2,22.342,1.000,-14.733,-46.308,15.123,-41.259,18.372,1,-46.500,1.000,-34.788,0,0,0,0,0,0,0,0,0,0,0,0,0,0,0,0,0,0,0,0,0,0,0,0
69.900,22.306,4.424,-13.591,61.739,2,22.342,1.000,-14.733,-46.296,15.043,-41.178,18.308,1,-46.500,1.000,-34.788,0,0,0,0,0,0,0,0,0,0,0,0,0,0,0,0,0,0,0,0,0,0,0,0
69.950,22.276,4.394,-13.638,62.239,2,22.342,1.000,-14.733,-46.283,14.964,-41.098,18.244,1,-46.500,1.000,-34.788,0,0,0,0,0,0,0,0,0,0,0,0,0,0,0,0,0,0,0,0,0,0,0,0
70.000,22.246,4.364,-13.684,62.739,2,22.342,1.000,-14.733,-46.270,14.885,-41.018,18.180,1,-46.500,1.000,-34.788,0,0,0,0,0,0,0,0,0,0,0,0,0,0,0,0,0,0,0,0,0,0,0,0
70.050,22.217,4.334,-13.729,63.239,2,22.342,1.000,-14.733,-46.257,14.805,-40.938,18.116,1,-46.500,1.000,-34.788,0,0,0,0,0,0,0,0,0,0,0,0,0,0,0,0,0,0,0,0,0,0,0,0
70.100,22.188,4.305,-13.773,63.739,2,22.342,1.000,-14.733,-46.244,14.726,-40.858,18.053,1,-46.500,1.000,-34.788,0,0,0,0,0,0,0,0,0,0,0,0,0,0,0,0,0,0,0,0,0,0,0,0
70.150,22.160,4.277,-13.817,64.239,2,22.342,1.000,-14.733,-46.230,14.647,-40.778,17.989,1,-46.500,1.000,-34.788,0,0,0,0,0,0,0,0,0,0,0,0,0,0,0,0,0,0,0,0,0,0,0,0
70.200,22.133,4.249,-13.859,64.739,2,22.342,1.000,-14.733,-46.216,14.568,-40.698,17.926,1,-46.500,1.000,-34.788,0,0,0,0,0,0,0,0,0,0,0,0,0,0,0,0,0,0,0,0,0,0,0,0
70.250,22.106,4.222,-13.901,65.239,2,22.342,1.000,-14.733,-46.201,14.489,-40.619,17.863,1,-46.500,1.000,-34.788,0,0,0,0,0,0,0,0,0,0,0,0,0,0,0,0,0,0,0,0,0,0,0,0
70.300,22.079,4.195,-13.942,65.739,2,22.342,1.000,-14.733,-46.187,14.410,-40.540,17.800,1,-46.500,1.000,-34.788,0,0,0,0,0,0,0,0,0,0,0,0,0,0,0,0,0,0,0,0,0,0,0,0
70.350,22.053,4.169,-13.982,66.239,2,22.342,1.000,-14.733,-46.172,14.331,-40.460,17.737,1,-46.500,1.000,-34.788,0,0,0,0,0,0,0,0,0,0,0,0,0,0,0,0,0,0,0,0,0,0,0,0
70.400,22.028,4.144,-14.021,66.739,2,22.342,1.000,-14.733,-46.156,14.252,-40.381,17.674,1,-46.500,1.000,-34.788,0,0,0,0,0,0,0,0,0,0,0,0,0,0,0,0,0,0,0,0,0,0,0,0
70.450,22.003,4.118,-14.060,67.239,2,22.342,1.000,-14.733,-46.141,14.173,-40.302,17.612,1,-46.500,1.000,-34.788,0,0,0,0,0,0,0,0,0,0,0,0,0,0,0,0,0,0,0,0,0,0,0,0
70.500,21.978,4.094,-14.098,67.739,2,22.342,1.000,-14.733,-46.125,14.094,-40.223,17.550,1,-46.500,1.000,-34.788,0,0,0,0,0,0,0,0,0,0,0,0,0,0,0,0,0,0,0,0,0,0,0,0
70.550,21.954,4.069,-14.135,68.239,2,22.342,1.000,-14.733,-46.109,14.016,-40.145,17.488,1,-46.500,1.000,-34.788,0,0,0,0,0,0,0,0,0,0,0,0,0,0,0,0,0,0,0,0,0,0,0,0
70.600,21.931,4.045,-14.172,68.739,2,22.342,1.000,-14.733,-46.093,13.937,-40.066,17.427,1,-46.500,1.000,-34.788,0,0,0,0,0,0,0,0,0,0,0,0,0,0,0,0,0,0,0,0,0,0,0,0
70.650,21.907,4.022,-14.208,69.239,2,22.342,1.000,-14.733,-46.078,13.858,-39.988,17.366,1,-46.500,1.000,-34.788,0,0,0,0,0,0,0,0,0,0,0,0,0,0,0,0,0,0,0,0,0,0,0,0
70.700,21.884,3.998,-14.244,69.739,2,22.342,1.000,-14.733,-46.062,13.780,-39.909,17.305,1,-46.500,1.000,-34.788,0,0,0,0,0,0,0,0,0,0,0,0,0,0,0,0,0,0,0,0,0,0,0,0
70.750,21.862,3.976,-14.279,70.239,2,22.342,1.000,-14.733,-46.047,13.702,-39.831,17.245,1,-46.500,1.000,-34.788,0,0,0,0,0,0,0,0,0,0,0,0,0,0,0,0,0,0,0,0,0,0,0,0
70.800,21.839,3.953,-14.313,70.739,2,22.342,1.000,-14.733,-46.032,13.623,-39.753,17.185,1,-46.500,1.000,-34.788,0,0,0,0,0,0,0,0,0,0,0,0,0,0,0,0,0,0,0,0,0,0,0,0
70.850,21.818,3.931,-14.347,71.239,2,22.342,1.000,-14.733,-46.018,13.545,-39.675,17.125,1,-46.500,1.000,-34.788,0,0,0,0,0,0,0,0,0,0,0,0,0,0,0,0,0,0,0,0,0,0,0,0
70.900,21.796,3.909,-14.380,71.739,2,22.342,1.000,-14.733,-46.004,13.467,-39.597,17.065,1,-46.500,1.000,-34.788,0,0,0,0,0,0,0,0,0,0,0,0,0,0,0,0,0,0,0,0,0,0,0,0
70.950,21.775,3.888,-14.413,72.239,2,22.342,1.000,-14.733,-45.990,13.388,-39.519,17.006,1,-46.500,1.000,-34.788,0,0,0,0,0,0,0,0,0,0,0,0,0,0,0,0,0,0,0,0,0,0,0,0
71.000,21.754,3.867,-14.445,72.739,2,22.342,1.000,-14.733,-45.977,13.310,-39.442,16.947,1,-46.500,1.000,-34.788,0,0,0,0,0,0,0,0,0,0,0,0,0,0,0,0,0,0,0,0,0,0,0,0
71.050,21.733,3.846,-14.477,73.239,2,22.342,1.000,-14.733,-45.964,13.232,-39.365,16.889,1,-46.500,1.000,-34.788,0,0,0,0,0,0,0,0,0,0,0,0,0,0,0,0,0,0,0,0,0,0,0,0
71.100,21.713,3.825,-14.509,73.739,2,22.342,1.000,-14.733,-45.952,13.154,-39.288,16.831,1,-46.500,1.000,-34.788,0,0,0,0,0,0,0,0,0,0,0,0,0,0,0,0,0,0,0,0,0,0,0,0
71.150,21.693,3.805,-14.540,74.239,2,22.342,1.000,-14.733,-45.941,13.077,-39.211,16.773,1,-46.500,1.000,-34.788,0,0,0,0,0,0,0,0,0,0,0,0,0,0,0,0,0,0,0,0,0,0,0,0
71.200,21.673,3.785,-14.570,74.739,2,22.342,1.000,-14.733,-45.931,12.999,-39.134,16.716,1,-46.500,1.000,-34.788,0,0,0,0,0,0,0,0,0,0,0,0,0,0,0,0,0,0,0,0,0,0,0,0
71.250,21.654,3.766,-14.600,75.239,2,22.342,1.000,-14.733,-45.921,12.921,-39.058,16.659,1,-46.500,1.000,-34.788,0,0,0,0,0,0,0,0,0,0,0,0,0,0,0,0,0,0,0,0,0,0,0,0
71.300,21.635,3.746,-14.630,75.739,2,22.342,1.000,-14.733,-45.912,12.843,-38.981,16.603,1,-46.500,1.000,-34.788,0,0,0,0,0,0,0,0,0,0,0,0,0,0,0,0,0,0,0,0,0,0,0,0
71.350,21.616,3.727,-14.659,76.239,2,22.342,1.000,-14.733,-45.904,12.766,-38.906,16.546,1,-46.500,1.000,-34.788,0,0,0,0,0,0,0,0,0,0,0,0,0,0,0,0,0,0,0,0,0,0,0,0
71.400,21.597,3.708,-14.688,76.739,2,22.342,1.000,-14.733,-45.897,12.688,-38.830,16.490,1,-46.500,1.000,-34.788,0,0,0,0,0,0,0,0,0,0,0,0,0,0,0,0,0,0,0,0,0,0,0,0
71.450,21.579,3.690,-14.717,77.239,2,22.342,1.000,-14.733,-45.891,12.611,-38.755,16.434,1,-46.500,1.000,-34.788,0,0,0,0,0,0,0,0,0,0,0,0,0,0,0,0,0,0,0,0,0,0,0,0
71.500,21.560,3.671,-14.745,77.739,2,22.342,1.000,-14.733,-45.886,12.534,-38.680,16.378,1,-46.500,1.000,-34.788,0,0,0,0,0,0,0,0,0,0,0,0,0,0,0,0,0,0,0,0,0,0,0,0
71.550,21.542,3.653,-14.773,78.239,2,22.342,1.000,-14.733,-45.882,12.457,-38.605,16.323,1,-46.500,1.000,-34.788,0,0,0,0,0,0,0,0,0,0,0,0,0,0,0,0,0,0,0,0,0,0,0,0
71.600,21.525,3.635,-14.800,78.739,2,22.342,1.000,-14.733,-45.879,12.380,-38.530,16.267,1,-46.500,1.000,-34.788,0,0,0,0,0,0,0,0,0,0,0,0,0,0,0,0,0,0,0,0,0,0,0,0
71.650,21.507,3.617,-14.827,79.239,2,22.342,1.000,-14.733,-45.877,12.303,-38.456,16.213,1,-46.500,1.000,-34.788,0,0,0,0,0,0,0,0,0,0,0,0,0,0,0,0,0,0,0,0,0,0,0,0
71.700,21.490,3.600,-14.854,79.739,2,22.342,1.000,-14.733,-45.877,12.226,-38.382,16.158,1,-46.500,1.000,-34.788,0,0,0,0,0,0,0,0,0,0,0,0,0,0,0,0,0,0,0,0,0,0,0,0
71.750,21.473,3.583,-14.881,80.239,2,22.342,1.000,-14.733,-45.877,12.150,-38.309,16.103,1,-46.500,1.000,-34.788,0,0,0,0,0,0,0,0,0,0,0,0,0,0,0,0,0,0,0,0,0,0,0,0
71.800,21.456,3.566,-14.907,80.739,2,22.342,1.000,-14.733,-45.879,12.074,-38.236,16.049,1,-46.500,1.000,-34.788,0,0,0,0,0,0,0,0,0,0,0,0,0,0,0,0,0,0,0,0,0,0,0,0
71.850,21.439,3.549,-14.933,81.239,2,22.342,1.000,-14.733,-45.881,11.998,-38.163,15.995,1,-46.500,1.000,-34.788,0,0,0,0,0,0,0,0,0,0,0,0,0,0,0,0,0,0,0,0,0,0,0,0
71.900,21.423,3.532,-14.958,81.739,2,22.342,1.000,-14.733,-45.885,11.922,-38.090,15.941,1,-46.500,1.000,-34.788,0,0,0,0,0,0,0,0,0,0,0,0,0,0,0,0,0,0,0,0,0,0,0,0
71.950,21.406,3.516,-14.984,82.239,2,22.342,1.000,-14.733,-45.890,11.846,-38.018,15.887,1,-46.500,1.000,-34.788,0,0,0,0,0,0,0,0,0,0,0,0,0,0,0,0,0,0,0,0,0,0,0,0
72.000,21.390,3.499,-15.008,82.739,2,22.342,1.000,-14.733,-45.897,11.771,-37.946,15.834,1,-46.500,1.000,-34.788,0,0,0,0,0,0,0,0,0,0,0,0,0,0,0,0,0,0,0,0,0,0,0,0
72.050,21.374,3.483,-15.033,83.239,2,22.342,1.000,-14.733,-45.904,11.696,-37.874,15.780,1,-46.500,1.000,-34.788,0,0,0,0,0,0,0,0,0,0,0,0,0,0,0,0,0,0,0,0,0,0,0,0
72.100,21.358,3.467,-15.058,83.739,2,22.342,1.000,-14.733,-45.913,11.621,-37.802,15.727,1,-46.500,1.000,-34.788,0,0,0,0,0,0,0,0,0,0,0,0,0,0,0,0,0,0,0,0,0,0,0,0
72.150,21.343,3.452,-15.082,84.239,2,22.342,1.000,-14.733,-45.923,11.547,-37.731,15.675,1,-46.500,1.000,-34.788,0,0,0,0,0,0,0,0,0,0,0,0,0,0,0,0,0,0,0,0,0,0,0,0
72.200,21.327,3.436,-15.106,84.739,2,22.342,1.000,-14.733,-45.934,11.472,-37.660,15.622,1,-46.500,1.000,-34.788,0,0,0,0,0,0,0,0,0,0,0,0,0,0,0,0,0,0,0,0,0,0,0,0
72.250,21.312,3.421,-15.129,85.239,2,22.342,1.000,-14.733,-45.946,11.399,-37.589,15.570,1,-46.500,1.000,-34.788,0,0,0,0,0,0,0,0,0,0,0,0,0,0,0,0,0,0,0,0,0,0,0,0
72.300,21.297,3.405,-15.152,85.739,2,22.342,1.000,-14.733,-45.960,11.325,-37.519,15.519,1,-46.500,1.000,-34.788,0,0,0,0,0,0,0,0,0,0,0,0,0,0,0,0,0,0,0,0,0,0,0,0
72.350,21.282,3.390,-15.176,86.239,2,22.342,1.000,-14.733,-45.974,11.252,-37.449,15.468,1,-46.500,1.000,-34.788,0,0,0,0,0,0,0,0,0,0,0,0,0,0,0,0,0,0,0,0,0,0,0,0
72.400,21.267,3.375,-15.198,86.739,2,22.342,1.000,-14.733,-45.990,11.179,-37.380,15.417,1,-46.500,1.000,-34.788,0,0,0,0,0,0,0,0,0,0,0,0,0,0,0,0,0,0,0,0,0,0,0,0
72.450,21.253,3.361,-15.221,87.239,2,22.342,1.000,-14.733,-46.006,11.106,-37.310,15.367,1,-46.500,1.000,-34.788,0,0,0,0,0,0,0,0,0,0,0,0,0,0,0,0,0,0,0,0,0,0,0,0
72.500,21.238,3.346,-15.243,87.739,2,22.342,1.000,-14.733,-46.024,11.034,-37.241,15.317,1,-46.500,1.000,-34.788,0,0,0,0,0,0,0,0,0,0,0,0,0,0,0,0,0,0,0,0,0,0,0,0
72.550,21.224,3.332,-15.266,88.239,2,22.342,1.000,-14.733,-46.043,10.963,-37.173,15.268,1,-46.500,1.000,-34.788,0,0,0,0,0,0,0,0,0,0,0,0,0,0,0,0,0,0,0,0,0,0,0,0
72.600,21.210,3.317,-15.288,88.739,2,22.342,1.000,-14.733,-46.063,10.891,-37.104,15.219,1,-46.500,1.000,-34.788,0,0,0,0,0,0,0,0,0,0,0,0,0,0,0,0,0,0,0,0,0,0,0,0
72.650,21.196,3.303,-15.309,89.239,2,22.342,1.000,-14.733,-46.084,10.820,-37.037,15.171,1,-46.500,1.000,-34.788,0,0,0,0,0,0,0,0,0,0,0,0,0,0,0,0,0,0,0,0,0,0,0,0
72.700,21.182,3.289,-15.331,89.739,2,22.342,1.000,-14.733,-46.106,10.750,-36.969,15.123,1,-46.500,1.000,-34.788,0,0,0,0,0,0,0,0,0,0,0,0,0,0,0,0,0,0,0,0,0,0,0,0
72.750,21.168,3.275,-15.352,90.239,2,22.342,1.000,-14.733,-46.129,10.680,-36.902,15.623,1,-46.500,1.000,-34.788,0,0,0,0,0,0,0,0,0,0,0,0,0,0,0,0,0,0,0,0,0,0,0,0
72.800,21.155,3.261,-15.373,90.739,2,22.342,1.000,-14.733,-46.153,10.611,-36.836,16.123,1,-46.500,1.000,-34.788,0,0,0,0,0,0,0,0,0,0,0,0,0,0,0,0,0,0,0,0,0,0,0,0
72.850,21.141,3.248,-15.394,91.239,2,22.342,1.000,-14.733,-46.178,10.542,-36.769,16.623,1,-46.500,1.000,-34.788,0,0,0,0,0,0,0,0,0,0,0,0,0,0,0,0,0,0,0,0,0,0,0,0
72.900,21.128,3.234,-15.415,91.739,2,22.342,1.000,-14.733,-46.204,10.473,-36.704,17.123,1,-46.500,1.000,-34.788,0,0,0,0,0,0,0,0,0,0,0,0,0,0,0,0,0,0,0,0,0,0,0,0
72.950,21.114,3.221,-15.435,92.239,2,22.342,1.000,-14.733,-46.230,10.405,-36.639,17.623,1,-46.500,1.000,-34.788,0,0,0,0,0,0,0,0,0,0,0,0,0,0,0,0,0,0,0,0,0,0,0,0
73.000,21.101,3.208,-15.456,92.739,2,22.342,1.000,-14.733,-46.258,10.338,-36.574,18.123,1,-46.500,1.000,-34.788,0,0,0,0,0,0,0,0,0,0,0,0,0,0,0,0,0,0,0,0,0,0,0,0
73.050,21.088,3.194,-15.476,93.239,2,22.342,1.000,-14.733,-46.287,10.271,-36.510,18.623,1,-46.500,1.000,-34.788,0,0,0,0,0,0,0,0,0,0,0,0,0,0,0,0,0,0,0,0,0,0,0,0
73.100,21.075,3.181,-15.496,93.739,2,22.342,1.000,-14.733,-46.316,10.205,-36.446,19.123,1,-46.500,1.000,-34.788,0,0,0,0,0,0,0,0,0,0,0,0,0,0,0,0,0,0,0,0,0,0,0,0
73.150,21.063,3.169,-15.516,94.239,2,22.342,1.000,-14.733,-46.347,10.140,-36.383,19.623,1,-46.500,1.000,-34.788,0,0,0,0,0,0,0,0,0,0,0,0,0,0,0,0,0,0,0,0,0,0,0,0
73.200,21.050,3.156,-15.535,94.739,2,22.342,1.000,-14.733,-46.378,10.075,-36.321,20.123,1,-46.500,1.000,-34.788,0,0,0,0,0,0,0,0,0,0,0,0,0,0,0,0,0,0,0,0,0,0,0,0
73.250,21.037,3.143,-15.555,95.239,2,22.342,1.000,-14.733,-46.410,10.011,-36.259,20.623,1,-46.500,1.000,-34.788,0,0,0,0,0,0,0,0,0,0,0,0,0,0,0,0,0,0,0,0,0,0,0,0
73.300,21.025,3.131,-15.574,95.739,0,27.743,13.250,-8.790,-46.442,9.947,-36.197,21.123,1,-46.500,1.000,-34.788,0,0,0,0,0,0,0,0,0,0,0,0,0,0,0,0,0,0,0,0,0,0,0,0
73.350,21.014,3.121,-15.590,96.239,0,27.743,13.250,-8.790,-46.476,9.884,-36.137,21.623,1,-46.500,1.000,-34.788,0,0,0,0,0,0,0,0,0,0,0,0,0,0,0,0,0,0,0,0,0,0,0,0
73.400,21.006,3.116,-15.602,96.739,0,27.743,13.250,-8.790,-46.510,9.821,-36.077,22.123,1,-46.500,1.000,-34.788,0,0,0,0,0,0,0,0,0,0,0,0,0,0,0,0,0,0,0,0,0,0,0,0
73.450,20.999,3.113,-15.611,97.239,0,27.743,13.250,-8.790,-46.544,9.760,-36.017,22.623,1,-46.500,1.000,-34.788,0,0,0,0,0,0,0,0,0,0,0,0,0,0,0,0,0,0,0,0,0,0,0,0
73.500,20.994,3.114,-15.616,97.739,0,27.743,13.250,-8.790,-46.580,9.698,-35.958,23.123,1,-46.500,1.000,-34.788,0,0,0,0,0,0,0,0,0,0,0,0,0,0,0,0,0,0,0,0,0,0,0,0
73.550,20.991,3.119,-15.619,98.239,0,27.743,13.250,-8.790,-46.616,9.638,-35.900,23.623,1,-46.500,1.000,-34.788,0,0,0,0,0,0,0,0,0,0,0,0,0,0,0,0,0,0,0,0,0,0,0,0
73.600,20.989,3.126,-15.618,98.739,0,27.743,13.250,-8.790,-46.652,9.578,-35.843,24.123,1,-46.500,1.000,-34.788,0,0,0,0,0,0,0,0,0,0,0,0,0,0,0,0,0,0,0,0,0,0,0,0
73.650,20.990,3.137,-15.613,99.239,0,27.743,13.250,-8.790,-46.689,9.518,-35.787,24.623,1,-46.500,1.000,-34.788,0,0,0,0,0,0,0,0,0,0,0,0,0,0,0,0,0,0,0,0,0,0,0,0
73.700,20.992,3.151,-15.606,99.739,0,27.743,13.250,-8.790,-46.726,9.459,-35.731,25.123,1,-46.500,1.000,-34.788,0,0,0,0,0,0,0,0,0,0,0,0,0,0,0,0,0,0,0,0,0,0,0,0
73.750,20.996,3.169,-15.595,100.239,0,27.743,13.250,-8.790,-46.763,9.401,-35.677,25.623,1,-46.500,1.000,-34.788,0,0,0,0,0,0,0,0,0,0,0,0,0,0,0,0,0,0,0,0,0,0,0,0
73.800,21.001,3.190,-15.581,100.239,0,27.743,13.250,-8.790,-46.801,9.343,-35.623,26.123,1,-46.500,1.000,-34.788,0,0,0,0,0,0,0,0,0,0,0,0,0,0,0,0,0,0,0,0,0,0,0,0
73.850,21.009,3.213,-15.563,100.239,0,27.743,13.250,-8.790,-46.839,9.286,-35.570,26.623,1,-46.500,1.000,-34.788,0,0,0,0,0,0,0,0,0,0,0,0,0,0,0,0,0,0,0,0,0,0,0,0
73.900,21.017,3.240,-15.543,100.239,0,27.743,13.250,-8.790,-46.878,9.229,-35.518,27.123,1,-46.500,1.000,-34.788,0,0,0,0,0,0,0,0,0,0,0,0,0,0,0,0,0,0,0,0,0,0,0,0
73.950,21.028,3.270,-15.519,100.239,0,27.743,13.250,-8.790,-46.916,9.173,-35.468,27.623,1,-46.500,1.000,-34.788,0,0,0,0,0,0,0,0,0,0,0,0,0,0,0,0,0,0,0,0,0,0,0,0
74.000,21.040,3.303,-15.492,100.239,0,27.743,13.250,-8.790,-46.955,9.117,-35.418,28.123,1,-46.500,1.000,-34.788,0,0,0,0,0,0,0,0,0,0,0,0,0,0,0,0,0,0,0,0,0,0,0,0
74.050,21.054,3.339,-15.463,100.239,0,27.743,13.250,-8.790,-46.993,9.062,-35.370,28.623,1,-46.500,1.000,-34.788,0,0,0,0,0,0,0,0,0,0,0,0,0,0,0,0,0,0,0,0,0,0,0,0
74.100,21.069,3.377,-15.431,100.239,0,27.743,13.250,-8.790,-47.032,9.007,-35.322,29.123,1,-46.500,1.000,-34.788,0,0,0,0,0,0,0,0,0,0,0,0,0,0,0,0,0,0,0,0,0,0,0,0
74.150,21.086,3.419,-15.395,100.239,0,27.743,13.250,-8.790,-47.070,8.953,-35.276,29.623,1,-46.500,1.000,-34.788,0,0,0,0,0,0,0,0,0,0,0,0,0,0,0,0,0,0,0,0,0,0,0,0
74.200,21.104,3.462,-15.358,100.239,0,27.743,13.250,-8.790,-47.109,8.899,-35.231,30.123,1,-46.500,1.000,-34.788,0,0,0,0,0,0,0,0,0,0,0,0,0,0,0,0,0,0,0,0,0,0,0,0
74.250,21.124,3.509,-15.317,100.239,0,27.743,13.250,-8.790,-47.147,8.845,-35.188,30.623,1,-46.500,1.000,-34.788,0,0,0,0,0,0,0,0,0,0,0,0,0,0,0,0,0,0,0,0,0,0,0,0
74.300,21.144,3.557,-15.274,100.239,0,27.743,13.250,-8.790,-47.185,8.792,-35.145,31.123,1,-46.500,1.000,-34.788,0,0,0,0,0,0,0,0,0,0,0,0,0,0,0,0,0,0,0,0,0,0,0,0
74.350,21.166,3.608,-15.229,100.239,0,27.743,13.250,-8.790,-47.222,8.739,-35.104,31.623,1,-46.500,1.000,-34.788,0,0,0,0,0,0,0,0,0,0,0,0,0,0,0,0,0,0,0,0,0,0,0,0
74.400,21.190,3.661,-15.182,100.239,0,27.743,13.250,-8.790,-47.260,8.687,-35.064,32.123,1,-46.500,1.000,-34.788,0,0,0,0,0,0,0,0,0,0,0,0,0,0,0,0,0,0,0,0,0,0,0,0
74.450,21.214,3.715,-15.132,100.239,0,27.743,13.250,-8.790,-47.296,8.635,-35.026,32.623,1,-46.500,1.000,-34.788,0,0,0,0,0,0,0,0,0,0,0,0,0,0,0,0,0,0,0,0,0,0,0,0
74.500,21.240,3.772,-15.081,100.239,0,27.743,13.250,-8.790,-47.333,8.583,-34.988,33.123,1,-46.500,1.000,-34.788,0,0,0,0,0,0,0,0,0,0,0,0,0,0,0,0,0,0,0,0,0,0,0,0
74.550,21.266,3.831,-15.027,100.239,0,27.743,13.250,-8.790,-47.369,8.532,-34.953,33.623,1,-46.500,1.000,-34.788,0,0,0,0,0,0,0,0,0,0,0,0,0,0,0,0,0,0,0,0,0,0,0,0
74.600,21.293,3.891,-14.972,100.239,0,27.743,13.250,-8.790,-47.404,8.480,-34.918,34.123,1,-46.500,1.000,-34.788,0,0,0,0,0,0,0,0,0,0,0,0,0,0,0,0,0,0,0,0,0,0,0,0
74.650,21.322,3.953,-14.915,100.239,0,27.743,13.250,-8.790,-47.438,8.429,-34.885,34.623,1,-46.500,1.000,-34.788,0,0,0,0,0,0,0,0,0,0,0,0,0,0,0,0,0,0,0,0,0,0,0,0
74.700,21.351,4.016,-14.856,100.239,0,27.743,13.250,-8.790,-47.472,8.379,-34.854,35.123,1,-46.500,1.000,-34.788,0,0,0,0,0,0,0,0,0,0,0,0,0,0,0,0,0,0,0,0,0,0,0,0
74.750,21.380,4.081,-14.796,100.239,0,27.743,13.250,-8.790,-47.505,8.328,-34.824,35.623,1,-46.500,1.000,-34.788,0,0,0,0,0,0,0,0,0,0,0,0,0,0,0,0,0,0,0,0,0,0,0,0
74.800,21.411,4.147,-14.734,100.239,0,27.743,13.250,-8.790,-47.537,8.278,-34.795,36.123,1,-46.500,1.000,-34.788,0,0,0,0,0,0,0,0,0,0,0,0,0,0,0,0,0,0,0,0,0,0,0,0
74.850,21.442,4.215,-14.671,100.239,0,27.743,13.250,-8.790,-47.568,8.228,-34.768,36.623,1,-46.500,1.000,-34.788,0,0,0,0,0,0,0,0,0,0,0,0,0,0,0,0,0,0,0,0,0,0,0,0
74.900,21.473,4.283,-14.607,100.239,0,27.743,13.250,-8.790,-47.599,8.178,-34.742,37.123,1,-46.500,1.000,-34.788,0,0,0,0,0,0,0,0,0,0,0,0,0,0,0,0,0,0,0,0,0,0,0,0
74.950,21.506,4.353,-14.541,100.239,0,27.743,13.250,-8.790,-47.628,8.128,-34.718,37.623,1,-46.500,1.000,-34.788,0,0,0,0,0,0,0,0,0,0,0,0,0,0,0,0,0,0,0,0,0,0,0,0
75.000,21.538,4.423,-14.475,100.239,0,27.743,13.250,-8.790,-47.656,8.078,-34.695,38.123,1,-46.500,1.000,-34.788,0,0,0,0,0,0,0,0,0,0,0,0,0,0,0,0,0,0,0,0,0,0,0,0
75.050,21.571,4.495,-14.407,100.239,0,27.743,13.250,-8.790,-47.684,8.029,-34.674,38.623,1,-46.500,1.000,-34.788,0,0,0,0,0,0,0,0,0,0,0,0,0,0,0,0,0,0,0,0,0,0,0,0
75.100,21.605,4.567,-14.338,100.239,0,27.743,13.250,-8.790,-47.710,7.980,-34.654,39.123,1,-46.500,1.000,-34.788,0,0,0,0,0,0,0,0,0,0,0,0,0,0,0,0,0,0,0,0,0,0,0,0
75.150,21.638,4.640,-14.269,100.239,0,27.743,13.250,-8.790,-47.735,7.931,-34.636,39.623,1,-46.500,1.000,-34.788,0,0,0,0,0,0,0,0,0,0,0,0,0,0,0,0,0,0,0,0,0,0,0,0
75.200,21.672,4.714,-14.198,100.239,0,27.743,13.250,-8.790,-47.758,7.882,-34.619,40.123,1,-46.500,1.000,-34.788,0,0,0,0,0,0,0,0,0,0,0,0,0,0,0,0,0,0,0,0,0,0,0,0
75.250,21.707,4.789,-14.127,100.239,0,27.743,13.250,-8.790,-47.781,7.834,-34.604,40.623,1,-46.500,1.000,-34.788,0,0,0,0,0,0,0,0,0,0,0,0,0,0,0,0,0,0,0,0,0,0,0,0
75.300,21.742,4.864,-14.055,100.239,0,27.743,13.250,-8.790,-47.803,7.786,-34.591,41.123,1,-46.500,1.000,-34.788,0,0,0,0,0,0,0,0,0,0,0,0,0,0,0,0,0,0,0,0,0,0,0,0
75.350,21.776,4.940,-13.982,100.239,0,27.743,13.250,-8.790,-47.823,7.738,-34.578,41.623,1,-46.500,1.000,-34.788,0,0,0,0,0,0,0,0,0,0,0,0,0,0,0,0,0,0,0,0,0,0,0,0
75.400,21.812,5.016,-13.909,100.239,0,27.743,13.250,-8.790,-47.842,7.690,-34.568,42.123,1,-46.500,1.000,-34.788,0,0,0,0,0,0,0,0,0,0,0,0,0,0,0,0,0,0,0,0,0,0,0,0
75.450,21.847,5.093,-13.835,100.239,0,27.743,13.250,-8.790,-47.859,7.643,-34.558,42.623,1,-46.500,1.000,-34.788,0,0,0,0,0,0,0,0,0,0,0,0,0,0,0,0,0,0,0,0,0,0,0,0
75.500,21.883,5.170,-13.761,100.239,0,27.743,13.250,-8.790,-47.875,7.596,-34.550,43.123,1,-46.500,1.000,-34.788,0,0,0,0,0,0,0,0,0,0,0,0,0,0,0,0,0,0,0,0,0,0,0,0
75.550,21.918,5.248,-13.686,100.239,0,27.743,13.250,-8.790,-47.890,7.549,-34.544,43.623,1,-46.500,1.000,-34.788,0,0,0,0,0,0,0,0,0,0,0,0,0,0,0,0,0,0,0,0,0,0,0,0
75.600,21.954,5.326,-13.610,100.239,0,27.743,13.250,-8.790,-47.904,7.503,-34.538,44.123,1,-46.500,1.000,-34.788,0,0,0,0,0,0,0,0,0,0,0,0,0,0,0,0,0,0,0,0,0,0,0,0
75.650,21.990,5.404,-13.534,100.239,0,27.743,13.250,-8.790,-47.916,7.457,-34.534,44.623,1,-46.500,1.000,-34.788,0,0,0,0,0,0,0,0,0,0,0,0,0,0,0,0,0,0,0,0,0,0,0,0
75.700,22.026,5.483,-13.458,100.239,0,27.743,13.250,-8.790,-47.927,7.411,-34.532,45.123,1,-46.500,1.000,-34.788,0,0,0,0,0,0,0,0,0,0,0,0,0,0,0,0,0,0,0,0,0,0,0,0
75.750,22.063,5.562,-13.381,100.239,0,27.743,13.250,-8.790,-47.936,7.366,-34.530,45.623,1,-46.500,1.000,-34.788,0,0,0,0,0,0,0,0,0,0,0,0,0,0,0,0,0,0,0,0,0,0,0,0
75.800,22.099,5.641,-13.304,100.239,0,27.743,13.250,-8.790,-47.944,7.322,-34.530,46.123,1,-46.500,1.000,-34.788,0,0,0,0,0,0,0,0,0,0,0,0,0,0,0,0,0,0,0,0,0,0,0,0
75.850,22.136,5.721,-13.227,100.239,0,27.743,13.250,-8.790,-47.951,7.278,-34.531,46.623,1,-46.500,1.000,-34.788,0,0,0,0,0,0,0,0,0,0,0,0,0,0,0,0,0,0,0,0,0,0,0,0
75.900,22.173,5.800,-13.149,100.239,0,27.743,13.250,-8.790,-47.956,7.234,-34.533,47.123,1,-46.500,1.000,-34.788,0,0,0,0,0,0,0,0,0,0,0,0,0,0,0,0,0,0,0,0,0,0,0,0
75.950,22.210,5.881,-13.071,100.239,0,27.743,13.250,-8.790,-47.960,7.191,-34.536,47.623,1,-46.500,1.000,-34.788,0,0,0,0,0,0,0,0,0,0,0,0,0,0,0,0,0,0,0,0,0,0,0,0
76.000,22.247,5.961,-12.992,100.239,0,27.743,13.250,-8.790,-47.963,7.149,-34.541,48.123,1,-46.500,1.000,-34.788,0,0,0,0,0,0,0,0,0,0,0,0,0,0,0,0,0,0,0,0,0,0,0,0
76.050,22.285,6.041,-12.914,100.239,0,27.743,13.250,-8.790,-47.964,7.107,-34.546,48.623,1,-46.500,1.000,-34.788,0,0,0,0,0,0,0,0,0,0,0,0,0,0,0,0,0,0,0,0,0,0,0,0
76.100,22.323,6.122,-12.835,100.239,0,27.743,13.250,-8.790,-47.964,7.066,-34.552,49.123,1,-46.500,1.000,-34.788,0,0,0,0,0,0,0,0,0,0,0,0,0,0,0,0,0,0,0,0,0,0,0,0
76.150,22.361,6.202,-12.756,100.239,0,27.743,13.250,-8.790,-47.962,7.026,-34.559,49.623,1,-46.500,1.000,-34.788,0,0,0,0,0,0,0,0,0,0,0,0,0,0,0,0,0,0,0,0,0,0,0,0
76.200,22.399,6.283,-12.677,100.239,0,27.743,13.250,-8.790,-47.959,6.986,-34.567,50.123,1,-46.500,1.000,-34.788,0,0,0,0,0,0,0,0,0,0,0,0,0,0,0,0,0,0,0,0,0,0,0,0
76.250,22.438,6.364,-12.598,100.239,0,27.743,13.250,-8.790,-47.955,6.947,-34.575,50.623,1,-46.500,1.000,-34.788,0,0,0,0,0,0,0,0,0,0,0,0,0,0,0,0,0,0,0,0,0,0,0,0
76.300,22.477,6.445,-12.518,100.239,0,27.743,13.250,-8.790,-47.950,6.909,-34.585,51.123,1,-46.500,1.000,-34.788,0,0,0,0,0,0,0,0,0,0,0,0,0,0,0,0,0,0,0,0,0,0,0,0
76.350,22.517,6.526,-12.439,100.239,0,27.743,13.250,-8.790,-47.943,6.871,-34.595,51.623,1,-46.500,1.000,-34.788,0,0,0,0,0,0,0,0,0,0,0,0,0,0,0,0,0,0,0,0,0,0,0,0
76.400,22.557,6.607,-12.359,100.239,0,27.743,13.250,-8.790,-47.935,6.835,-34.606,52.123,1,-46.500,1.000,-34.788,0,0,0,0,0,0,0,0,0,0,0,0,0,0,0,0,0,0,0,0,0,0,0,0
76.450,22.597,6.689,-12.279,100.239,0,27.743,13.250,-8.790,-47.925,6.799,-34.617,52.623,1,-46.500,1.000,-34.788,0,0,0,0,0,0,0,0,0,0,0,0,0,0,0,0,0,0,0,0,0,0,0,0
76.500,22.638,6.770,-12.199,100.239,0,27.743,13.250,-8.790,-47.914,6.764,-34.629,53.123,1,-46.500,1.000,-34.788,0,0,0,0,0,0,0,0,0,0,0,0,0,0,0,0,0,0,0,0,0,0,0,0
76.550,22.679,6.851,-12.119,100.239,0,27.743,13.250,-8.790,-47.902,6.729,-34.641,53.623,1,-46.500,1.000,-34.788,0,0,0,0,0,0,0,0,0,0,0,0,0,0,0,0,0,0,0,0,0,0,0,0
76.600,22.721,6.933,-12.039,100.239,0,27.743,13.250,-8.790,-47.889,6.696,-34.654,54.123,1,-46.500,1.000,-34.788,0,0,0,0,0,0,0,0,0,0,0,0,0,0,0,0,0,0,0,0,0,0,0,0
76.650,22.763,7.014,-11.959,100.239,0,27.743,13.250,-8.790,-47.874,6.664,-34.668,54.623,1,-46.500,1.000,-34.788,0,0,0,0,0,0,0,0,0,0,0,0,0,0,0,0,0,0,0,0,0,0,0,0
76.700,22.806,7.095,-11.879,100.239,0,27.743,13.250,-8.790,-47.858,6.632,-34.682,55.123,1,-46.500,1.000,-34.788,0,0,0,0,0,0,0,0,0,0,0,0,0,0,0,0,0,0,0,0,0,0,0,0
76.750,22.850,7.177,-11.798,100.239,0,27.743,13.250,-8.790,-47.841,6.601,-34.696,55.623,1,-46.500,1.000,-34.788,0,0,0,0,0,0,0,0,0,0,0,0,0,0,0,0,0,0,0,0,0,0,0,0
76.800,22.893,7.258,-11.718,100.239,0,27.743,13.250,-8.790,-47.822,6.571,-34.711,56.123,1,-46.500,1.000,-34.788,0,0,0,0,0,0,0,0,0,0,0,0,0,0,0,0,0,0,0,0,0,0,0,0
76.850,22.938,7.340,-11.638,100.239,0,27.743,13.250,-8.790,-47.802,6.542,-34.726,56.623,1,-46.500,1.000,-34.788,0,0,0,0,0,0,0,0,0,0,0,0,0,0,0,0,0,0,0,0,0,0,0,0
76.900,22.983,7.421,-11.557,100.239,0,27.743,13.250,-8.790,-47.781,6.514,-34.742,57.123,1,-46.500,1.000,-34.788,0,0,0,0,0,0,0,0,0,0,0,0,0,0,0,0,0,0,0,0,0,0,0,0
76.950,23.028,7.503,-11.477,100.239,0,27.743,13.250,-8.790,-47.759,6.487,-34.758,57.623,1,-46.500,1.000,-34.788,0,0,0,0,0,0,0,0,0,0,0,0,0,0,0,0,0,0,0,0,0,0,0,0
77.000,23.074,7.584,-11.397,100.239,0,27.743,13.250,-8.790,-47.736,6.461,-34.774,58.123,1,-46.500,1.000,-34.788,0,0,0,0,0,0,0,0,0,0,0,0,0,0,0,0,0,0,0,0,0,0,0,0
77.050,23.121,7.666,-11.316,100.239,0,27.743,13.250,-8.790,-47.712,6.436,-34.790,58.623,1,-46.500,1.000,-34.788,0,0,0,0,0,0,0,0,0,0,0,0,0,0,0,0,0,0,0,0,0,0,0,0
77.100,23.168,7.747,-11.236,100.239,0,27.743,13.250,-8.790,-47.686,6.412,-34.807,59.123,1,-46.500,1.000,-34.788,0,0,0,0,0,0,0,0,0,0,0,0,0,0,0,0,0,0,0,0,0,0,0,0
77.150,23.215,7.829,-11.156,100.239,0,27.743,13.250,-8.790,-47.660,6.388,-34.824,59.623,1,-46.500,1.000,-34.788,0,0,0,0,0,0,0,0,0,0,0,0,0,0,0,0,0,0,0,0,0,0,0,0
77.200,23.264,7.910,-11.075,100.239,0,27.743,13.250,-8.790,-47.633,6.366,-34.841,60.123,1,-46.500,1.000,-34.788,0,0,0,0,0,0,0,0,0,0,0,0,0,0,0,0,0,0,0,0,0,0,0,0
77.250,23.313,7.991,-10.995,100.239,0,27.743,13.250,-8.790,-47.605,6.344,-34.858,60.623,1,-46.500,1.000,-34.788,0,0,0,0,0,0,0,0,0,0,0,0,0,0,0,0,0,0,0,0,0,0,0,0
77.300,23.362,8.072,-10.915,100.239,0,27.743,13.250,-8.790,-47.576,6.324,-34.875,61.123,1,-46.500,1.000,-34.788,0,0,0,0,0,0,0,0,0,0,0,0,0,0,0,0,0,0,0,0,0,0,0,0
77.350,23.413,8.154,-10.835,100.239,0,27.743,13.250,-8.790,-47.546,6.304,-34.893,61.623,1,-46.500,1.000,-34.788,0,0,0,0,0,0,0,0,0,0,0,0,0,0,0,0,0,0,0,0,0,0,0,0
77.400,23.463,8.235,-10.755,100.239,0,27.743,13.250,-8.790,-47.516,6.285,-34.910,62.123,1,-46.500,1.000,-34.788,0,0,0,0,0,0,0,0,0,0,0,0,0,0,0,0,0,0,0,0,0,0,0,0
77.450,23.515,8.316,-10.675,100.239,0,27.743,13.250,-8.790,-47.485,6.268,-34.927,62.623,1,-46.500,1.000,-34.788,0,0,0,0,0,0,0,0,0,0,0,0,0,0,0,0,0,0,0,0,0,0,0,0
77.500,23.567,8.397,-10.595,100.239,0,27.743,13.250,-8.790,-47.453,6.251,-34.945,63.123,1,-46.500,1.000,-34.788,0,0,0,0,0,0,0,0,0,0,0,0,0,0,0,0,0,0,0,0,0,0,0,0
77.550,23.619,8.478,-10.515,100.239,0,27.743,13.250,-8.790,-47.421,6.235,-34.962,63.623,1,-46.500,1.000,-34.788,0,0,0,0,0,0,0,0,0,0,0,0,0,0,0,0,0,0,0,0,0,0,0,0
77.600,23.673,8.559,-10.436,100.239,0,27.743,13.250,-8.790,-47.389,6.220,-34.979,64.123,1,-46.500,1.000,-34.788,0,0,0,0,0,0,0,0,0,0,0,0,0,0,0,0,0,0,0,0,0,0,0,0
77.650,23.727,8.640,-10.356,100.239,0,27.743,13.250,-8.790,-47.356,6.206,-34.996,64.623,1,-46.500,1.000,-34.788,0,0,0,0,0,0,0,0,0,0,0,0,0,0,0,0,0,0,0,0,0,0,0,0
77.700,23.781,8.721,-10.276,100.239,0,27.743,13.250,-8.790,-47.322,6.193,-35.012,65.123,1,-46.500,1.000,-34.788,0,0,0,0,0,0,0,0,0,0,0,0,0,0,0,0,0,0,0,0,0,0,0,0
77.750,23.836,8.801,-10.197,100.239,0,27.743,13.250,-8.790,-47.288,6.181,-35.029,65.623,1,-46.500,1.000,-34.788,0,0,0,0,0,0,0,0,0,0,0,0,0,0,0,0,0,0,0,0,0,0,0,0
77.800,23.892,8.882,-10.118,100.239,0,27.743,13.250,-8.790,-47.254,6.170,-35.045,66.123,1,-46.500,1.000,-34.788,0,0,0,0,0,0,0,0,0,0,0,0,0,0,0,0,0,0,0,0,0,0,0,0
77.850,23.948,8.963,-10.039,100.239,0,27.743,13.250,-8.790,-47.220,6.160,-35.061,66.623,1,-46.500,1.000,-34.788,0,0,0,0,0,0,0,0,0,0,0,0,0,0,0,0,0,0,0,0,0,0,0,0
77.900,24.005,9.043,-9.960,100.239,0,27.743,13.250,-8.790,-47.185,6.151,-35.077,67.123,1,-46.500,1.000,-34.788,0,0,0,0,0,0,0,0,0,0,0,0,0,0,0,0,0,0,0,0,0,0,0,0
77.950,24.062,9.124,-9.881,100.239,0,27.743,13.250,-8.790,-47.151,6.143,-35.092,67.623,1,-46.500,1.000,-34.788,0,0,0,0,0,0,0,0,0,0,0,0,0,0,0,0,0,0,0,0,0,0,0,0
78.000,24.120,9.204,-9.802,100.239,0,27.743,13.250,-8.790,-47.116,6.135,-35.107,68.123,1,-46.500,1.000,-34.788,0,0,0,0,0,0,0,0,0,0,0,0,0,0,0,0,0,0,0,0,0,0,0,0
78.050,24.178,9.285,-9.723,100.239,0,27.743,13.250,-8.790,-47.082,6.129,-35.122,68.623,1,-46.500,1.000,-34.788,0,0,0,0,0,0,0,0,0,0,0,0,0,0,0,0,0,0,0,0,0,0,0,0
78.100,24.237,9.365,-9.645,100.239,0,27.743,13.250,-8.790,-47.047,6.124,-35.136,69.123,1,-46.500,1.000,-34.788,0,0,0,0,0,0,0,0,0,0,0,0,0,0,0,0,0,0,0,0,0,0,0,0
78.150,24.296,9.445,-9.567,100.239,0,27.743,13.250,-8.790,-47.013,6.119,-35.150,69.623,1,-46.500,1.000,-34.788,0,0,0,0,0,0,0,0,0,0,0,0,0,0,0,0,0,0,0,0,0,0,0,0
78.200,24.356,9.525,-9.489,100.156,0,27.743,13.250,-8.790,-46.978,6.115,-35.163,70.123,1,-46.500,1.000,-34.788,0,0,0,0,0,0,0,0,0,0,0,0,0,0,0,0,0,0,0,0,0,0,0,0
78.250,24.416,9.605,-9.411,100.074,0,27.743,13.250,-8.790,-46.944,6.113,-35.176,70.623,1,-46.500,1.000,-34.788,0,0,0,0,0,0,0,0,0,0,0,0,0,0,0,0,0,0,0,0,0,0,0,0
78.300,24.477,9.685,-9.333,100.005,0,35.658,20.766,-37.325,-46.910,6.111,-35.189,71.123,1,-46.500,1.000,-34.788,0,0,0,0,0,0,0,0,0,0,0,0,0,0,0,0,0,0,0,0,0,0,0,0
78.350,24.538,9.763,-9.262,99.936,0,35.658,20.766,-37.325,-46.876,6.111,-35.201,71.623,1,-46.500,1.000,-34.788,0,0,0,0,0,0,0,0,0,0,0,0,0,0,0,0,0,0,0,0,0,0,0,0
78.400,24.598,9.841,-9.197,99.867,0,35.658,20.766,-37.325,-46.843,6.111,-35.212,72.123,1,-46.500,1.000,-34.788,0,0,0,0,0,0,0,0,0,0,0,0,0,0,0,0,0,0,0,0,0,0,0,0
78.450,24.660,9.917,-9.138,99.798,0,35.658,20.766,-37.325,-46.810,6.112,-35.223,72.623,1,-46.500,1.000,-34.788,0,0,0,0,0,0,0,0,0,0,0,0,0,0,0,0,0,0,0,0,0,0,0,0
78.500,24.721,9.992,-9.084,99.730,0,35.658,20.766,-37.325,-46.778,6.114,-35.234,73.123,1,-46.500,1.000,-34.788,0,0,0,0,0,0,0,0,0,0,0,0,0,0,0,0,0,0,0,0,0,0,0,0
78.550,24.782,10.066,-9.036,99.662,0,35.658,20.766,-37.325,-46.745,6.118,-35.244,73.623,1,-46.500,1.000,-34.788,0,0,0,0,0,0,0,0,0,0,0,0,0,0,0,0,0,0,0,0,0,0,0,0
78.600,24.844,10.139,-8.993,99.593,0,35.658,20.766,-37.325,-46.714,6.122,-35.253,74.123,1,-46.500,1.000,-34.788,0,0,0,0,0,0,0,0,0,0,0,0,0,0,0,0,0,0,0,0,0,0,0,0
78.650,24.907,10.211,-8.954,99.526,0,35.658,20.766,-37.325,-46.683,6.127,-35.262,74.623,1,-46.500,1.000,-34.788,0,0,0,0,0,0,0,0,0,0,0,0,0,0,0,0,0,0,0,0,0,0,0,0
78.700,24.969,10.283,-8.920,99.458,0,35.658,20.766,-37.325,-46.652,6.133,-35.270,75.123,1,-46.500,1.000,-34.788,0,0,0,0,0,0,0,0,0,0,0,0,0,0,0,0,0,0,0,0,0,0,0,0
78.750,25.032,10.353,-8.891,99.390,0,35.658,20.766,-37.325,-46.622,6.141,-35.278,75.623,1,-46.500,1.000,-34.788,0,0,0,0,0,0,0,0,0,0,0,0,0,0,0,0,0,0,0,0,0,0,0,0
78.800,25.096,10.424,-8.865,99.323,0,35.658,20.766,-37.325,-46.593,6.149,-35.285,76.123,1,-46.500,1.000,-34.788,0,0,0,0,0,0,0,0,0,0,0,0,0,0,0,0,0,0,0,0,0,0,0,0
78.850,25.160,10.493,-8.844,99.256,0,35.658,20.766,-37.325,-46.564,6.159,-35.292,76.623,1,-46.500,1.000,-34.788,0,0,0,0,0,0,0,0,0,0,0,0,0,0,0,0,0,0,0,0,0,0,0,0
78.900,25.224,10.562,-8.827,99.189,0,35.658,20.766,-37.325,-46.535,6.169,-35.298,77.123,1,-46.500,1.000,-34.788,0,0,0,0,0,0,0,0,0,0,0,0,0,0,0,0,0,0,0,0,0,0,0,0
78.950,25.289,10.630,-8.814,99.122,0,35.658,20.766,-37.325,-46.508,6.181,-35.303,77.623,1,-46.500,1.000,-34.788,0,0,0,0,0,0,0,0,0,0,0,0,0,0,0,0,0,0,0,0,0,0,0,0
79.000,25.354,10.698,-8.804,99.056,0,35.658,20.766,-37.325,-46.481,6.194,-35.308,78.123,1,-46.500,1.000,-34.788,0,0,0,0,0,0,0,0,0,0,0,0,0,0,0,0,0,0,0,0,0,0,0,0
79.050,25.420,10.765,-8.798,98.989,0,35.658,20.766,-37.325,-46.455,6.207,-35.312,78.623,1,-46.500,1.000,-34.788,0,0,0,0,0,0,0,0,0,0,0,0,0,0,0,0,0,0,0,0,0,0,0,0
79.100,25.486,10.832,-8.796,98.923,0,35.658,20.766,-37.325,-46.429,6.222,-35.315,79.123,1,-46.500,1.000,-34.788,0,0,0,0,0,0,0,0,0,0,0,0,0,0,0,0,0,0,0,0,0,0,0,0
79.150,25.552,10.898,-8.797,98.857,0,35.658,20.766,-37.325,-46.405,6.238,-35.318,79.623,1,-46.500,1.000,-34.788,0,0,0,0,0,0,0,0,0,0,0,0,0,0,0,0,0,0,0,0,0,0,0,0
79.200,25.619,10.963,-8.801,98.791,0,35.658,20.766,-37.325,-46.381,6.256,-35.320,80.123,1,-46.500,1.000,-34.788,0,0,0,0,0,0,0,0,0,0,0,0,0,0,0,0,0,0,0,0,0,0,0,0
79.250,25.686,11.028,-8.808,98.725,0,35.658,20.766,-37.325,-46.358,6.274,-35.322,80.623,1,-46.500,1.000,-34.788,0,0,0,0,0,0,0,0,0,0,0,0,0,0,0,0,0,0,0,0,0,0,0,0
79.300,25.754,11.092,-8.819,98.660,0,35.658,20.766,-37.325,-46.336,6.294,-35.323,81.123,1,-46.500,1.000,-34.788,0,0,0,0,0,0,0,0,0,0,0,0,0,0,0,0,0,0,0,0,0,0,0,0
79.350,25.822,11.156,-8.832,98.594,0,35.658,20.766,-37.325,-46.315,6.315,-35.323,81.623,1,-46.500,1.000,-34.788,0,0,0,0,0,0,0,0,0,0,0,0,0,0,0,0,0,0,0,0,0,0,0,0
79.400,25.890,11.219,-8.848,98.529,0,35.658,20.766,-37.325,-46.294,6.337,-35.323,82.123,1,-46.500,1.000,-34.788,0,0,0,0,0,0,0,0,0,0,0,0,0,0,0,0,0,0,0,0,0,0,0,0
79.450,25.959,11.281,-8.867,98.464,0,35.658,20.766,-37.325,-46.275,6.360,-35.322,82.623,1,-46.500,1.000,-34.788,0,0,0,0,0,0,0,0,0,0,0,0,0,0,0,0,0,0,0,0,0,0,0,0
79.500,26.027,11.343,-8.889,98.399,0,35.658,20.766,-37.325,-46.257,6.384,-35.321,83.123,1,-46.500,1.000,-34.788,0,0,0,0,0,0,0,0,0,0,0,0,0,0,0,0,0,0,0,0,0,0,0,0
79.550,26.096,11.404,-8.913,98.334,0,35.658,20.766,-37.325,-46.240,6.410,-35.318,83.623,1,-46.500,1.000,-34.788,0,0,0,0,0,0,0,0,0,0,0,0,0,0,0,0,0,0,0,0,0,0,0,0
79.600,26.166,11.464,-8.940,98.270,0,35.658,20.766,-37.325,-46.224,6.436,-35.316,84.123,1,-46.500,1.000,-34.788,0,0,0,0,0,0,0,0,0,0,0,0,0,0,0,0,0,0,0,0,0,0,0,0
79.650,26.235,11.524,-8.970,98.206,0,35.658,20.766,-37.325,-46.209,6.464,-35.312,84.623,1,-46.500,1.000,-34.788,0,0,0,0,0,0,0,0,0,0,0,0,0,0,0,0,0,0,0,0,0,0,0,0
79.700,26.304,11.583,-9.001,98.142,0,35.658,20.766,-37.325,-46.195,6.494,-35.308,85.123,1,-46.500,1.000,-34.788,0,0,0,0,0,0,0,0,0,0,0,0,0,0,0,0,0,0,0,0,0,0,0,0
79.750,26.374,11.642,-9.035,98.078,0,35.658,20.766,-37.325,-46.182,6.524,-35.304,85.623,1,-46.500,1.000,-34.788,0,0,0,0,0,0,0,0,0,0,0,0,0,0,0,0,0,0,0,0,0,0,0,0
79.800,26.444,11.700,-9.072,98.014,0,35.658,20.766,-37.325,-46.171,6.556,-35.299,86.123,1,-46.500,1.000,-34.788,0,0,0,0,0,0,0,0,0,0,0,0,0,0,0,0,0,0,0,0,0,0,0,0
79.850,26.513,11.757,-9.110,97.951,0,35.658,20.766,-37.325,-46.160,6.588,-35.293,86.623,1,-46.500,1.000,-34.788,0,0,0,0,0,0,0,0,0,0,0,0,0,0,0,0,0,0,0,0,0,0,0,0
79.900,26.583,11.813,-9.150,97.888,0,35.658,20.766,-37.325,-46.151,6.622,-35.286,87.123,1,-46.500,1.000,-34.788,0,0,0,0,0,0,0,0,0,0,0,0,0,0,0,0,0,0,0,0,0,0,0,0
79.950,26.653,11.869,-9.193,97.825,0,35.658,20.766,-37.325,-46.143,6.657,-35.279,87.623,1,-46.500,1.000,-34.788,0,0,0,0,0,0,0,0,0,0,0,0,0,0,0,0,0,0,0,0,0,0,0,0
80.000,26.722,11.924,-9.237,97.762,0,35.658,20.766,-37.325,-46.136,6.694,-35.272,88.123,1,-46.500,1.000,-34.788,0,0,0,0,0,0,0,0,0,0,0,0,0,0,0,0,0,0,0,0,0,0,0,0
80.050,26.792,11.978,-9.283,97.699,0,35.658,20.766,-37.325,-46.131,6.731,-35.264,88.623,1,-46.500,1.000,-34.788,0,0,0,0,0,0,0,0,0,0,0,0,0,0,0,0,0,0,0,0,0,0,0,0
80.100,26.862,12.032,-9.331,97.636,0,35.658,20.766,-37.325,-46.126,6.769,-35.255,89.123,1,-46.500,1.000,-34.788,0,0,0,0,0,0,0,0,0,0,0,0,0,0,0,0,0,0,0,0,0,0,0,0
80.150,26.931,12.085,-9.381,97.573,0,35.658,20.766,-37.325,-46.123,6.809,-35.246,89.623,1,-46.500,1.000,-34.788,0,0,0,0,0,0,0,0,0,0,0,0,0,0,0,0,0,0,0,0,0,0,0,0
80.200,27.001,12.137,-9.432,97.511,0,35.658,20.766,-37.325,-46.122,6.849,-35.236,90.123,1,-46.500,1.000,-34.788,0,0,0,0,0,0,0,0,0,0,0,0,0,0,0,0,0,0,0,0,0,0,0,0
80.250,27.070,12.189,-9.485,97.448,0,35.658,20.766,-37.325,-46.121,6.891,-35.226,90.623,1,-46.500,1.000,-34.788,0,0,0,0,0,0,0,0,0,0,0,0,0,0,0,0,0,0,0,0,0,0,0,0
80.300,27.139,12.240,-9.539,97.386,0,35.658,20.766,-37.325,-46.122,6.934,-35.215,91.123,1,-46.500,1.000,-34.788,0,0,0,0,0,0,0,0,0,0,0,0,0,0,0,0,0,0,0,0,0,0,0,0
80.350,27.208,12.290,-9.595,97.324,0,35.658,20.766,-37.325,-46.124,6.977,-35.203,91.623,1,-46.500,1.000,-34.788,0,0,0,0,0,0,0,0,0,0,0,0,0,0,0,0,0,0,0,0,0,0,0,0
80.400,27.277,12.339,-9.652,97.262,0,35.658,20.766,-37.325,-46.127,7.021,-35.191,92.123,1,-46.500,1.000,-34.788,0,0,0,0,0,0,0,0,0,0,0,0,0,0,0,0,0,0,0,0,0,0,0,0
80.450,27.346,12.388,-9.711,97.200,0,35.658,20.766,-37.325,-46.131,7.067,-35.179,92.623,1,-46.500,1.000,-34.788,0,0,0,0,0,0,0,0,0,0,0,0,0,0,0,0,0,0,0,0,0,0,0,0
80.500,27.415,12.436,-9.771,97.138,0,35.658,20.766,-37.325,-46.137,7.113,-35.166,93.123,1,-46.500,1.000,-34.788,0,0,0,0,0,0,0,0,0,0,0,0,0,0,0,0,0,0,0,0,0,0,0,0
80.550,27.483,12.484,-9.832,97.076,0,35.658,20.766,-37.325,-46.144,7.159,-35.153,93.623,1,-46.500,1.000,-34.788,0,0,0,0,0,0,0,0,0,0,0,0,0,0,0,0,0,0,0,0,0,0,0,0
80.600,27.551,12.530,-9.894,97.014,0,35.658,20.766,-37.325,-46.152,7.207,-35.139,94.123,1,-46.500,1.000,-34.788,0,0,0,0,0,0,0,0,0,0,0,0,0,0,0,0,0,0,0,0,0,0,0,0
80.650,27.620,12.577,-9.958,96.952,0,35.658,20.766,-37.325,-46.161,7.255,-35.124,94.623,1,-46.500,1.000,-34.788,0,0,0,0,0,0,0,0,0,0,0,0,0,0,0,0,0,0,0,0,0,0,0,0
80.700,27.688,12.622,-10.022,96.891,0,35.658,20.766,-37.325,-46.171,7.304,-35.109,95.123,1,-46.500,1.000,-34.788,0,0,0,0,0,0,0,0,0,0,0,0,0,0,0,0,0,0,0,0,0,0,0,0
80.750,27.755,12.667,-10.088,96.829,0,35.658,20.766,-37.325,-46.183,7.354,-35.094,95.623,1,-46.500,1.000,-34.788,0,0,0,0,0,0,0,0,0,0,0,0,0,0,0,0,0,0,0,0,0,0,0,0
80.800,27.823,12.711,-10.155,96.768,0,35.658,20.766,-37.325,-46.196,7.404,-35.079,96.123,1,-46.500,1.000,-34.788,0,0,0,0,0,0,0,0,0,0,0,0,0,0,0,0,0,0,0,0,0,0,0,0
80.850,27.890,12.755,-10.223,96.706,0,35.658,20.766,-37.325,-46.209,7.454,-35.062,96.623,1,-46.500,1.000,-34.788,0,0,0,0,0,0,0,0,0,0,0,0,0,0,0,0,0,0,0,0,0,0,0,0
80.900,27.958,12.798,-10.291,96.645,0,35.658,20.766,-37.325,-46.224,7.506,-35.046,97.123,1,-46.500,1.000,-34.788,0,0,0,0,0,0,0,0,0,0,0,0,0,0,0,0,0,0,0,0,0,0,0,0
80.950,28.025,12.841,-10.361,96.583,0,35.658,20.766,-37.325,-46.240,7.557,-35.029,97.623,1,-46.500,1.000,-34.788,0,0,0,0,0,0,0,0,0,0,0,0,0,0,0,0,0,0,0,0,0,0,0,0
81.000,28.091,12.883,-10.431,96.522,0,35.658,20.766,-37.325,-46.257,7.609,-35.012,98.123,1,-46.500,1.000,-34.788,0,0,0,0,0,0,0,0,0,0,0,0,0,0,0,0,0,0,0,0,0,0,0,0
81.050,28.158,12.924,-10.503,96.461,0,35.658,20.766,-37.325,-46.275,7.661,-34.994,98.623,1,-46.500,1.000,-34.788,0,0,0,0,0,0,0,0,0,0,0,0,0,0,0,0,0,0,0,0,0,0,0,0
81.100,28.224,12.965,-10.575,96.399,0,35.658,20.766,-37.325,-46.294,7.713,-34.977,99.123,1,-46.500,1.000,-34.788,0,0,0,0,0,0,0,0,0,0,0,0,0,0,0,0,0,0,0,0,0,0,0,0
81.150,28.291,13.005,-10.647,96.338,0,35.658,20.766,-37.325,-46.314,7.765,-34.959,99.623,1,-46.500,1.000,-34.788,0,0,0,0,0,0,0,0,0,0,0,0,0,0,0,0,0,0,0,0,0,0,0,0
81.200,28.357,13.045,-10.721,96.277,0,35.658,20.766,-37.325,-46.334,7.817,-34.940,100.123,1,-46.500,1.000,-34.788,0,0,0,0,0,0,0,0,0,0,0,0,0,0,0,0,0,0,0,0,0,0,0,0
81.250,28.422,13.084,-10.795,96.216,0,35.658,20.766,-37.325,-46.356,7.870,-34.922,100.123,1,-46.500,1.000,-34.788,0,0,0,0,0,0,0,0,0,0,0,0,0,0,0,0,0,0,0,0,0,0,0,0
81.300,28.488,13.123,-10.870,96.155,0,35.658,20.766,-37.325,-46.378,7.922,-34.903,100.123,1,-46.500,1.000,-34.788,0,0,0,0,0,0,0,0,0,0,0,0,0,0,0,0,0,0,0,0,0,0,0,0
81.350,28.553,13.162,-10.946,96.094,0,35.658,20.766,-37.325,-46.401,7.974,-34.884,100.123,1,-46.500,1.000,-34.788,0,0,0,0,0,0,0,0,0,0,0,0,0,0,0,0,0,0,0,0,0,0,0,0
81.400,28.618,13.199,-11.022,96.033,0,35.658,20.766,-37.325,-46.424,8.026,-34.864,100.123,1,-46.500,1.000,-34.788,0,0,0,0,0,0,0,0,0,0,0,0,0,0,0,0,0,0,0,0,0,0,0,0
81.450,28.683,13.237,-11.099,95.973,0,35.658,20.766,-37.325,-46.449,8.078,-34.845,100.123,1,-46.500,1.000,-34.788,0,0,0,0,0,0,0,0,0,0,0,0,0,0,0,0,0,0,0,0,0,0,0,0
81.500,28.748,13.274,-11.176,95.912,0,35.658,20.766,-37.325,-46.474,8.129,-34.826,100.123,1,-46.500,1.000,-34.788,0,0,0,0,0,0,0,0,0,0,0,0,0,0,0,0,0,0,0,0,0,0,0,0
81.550,28.812,13.310,-11.254,95.851,0,35.658,20.766,-37.325,-46.500,8.180,-34.806,100.123,1,-46.500,1.000,-34.788,0,0,0,0,0,0,0,0,0,0,0,0,0,0,0,0,0,0,0,0,0,0,0,0
81.600,28.876,13.346,-11.332,95.791,0,35.658,20.766,-37.325,-46.526,8.231,-34.786,100.123,1,-46.500,1.000,-34.788,0,0,0,0,0,0,0,0,0,0,0,0,0,0,0,0,0,0,0,0,0,0,0,0
81.650,28.940,13.381,-11.411,95.730,0,35.658,20.766,-37.325,-46.553,8.281,-34.767,100.123,1,-46.500,1.000,-34.788,0,0,0,0,0,0,0,0,0,0,0,0,0,0,0,0,0,0,0,0,0,0,0,0
81.700,29.004,13.416,-11.491,95.670,0,35.658,20.766,-37.325,-46.580,8.331,-34.747,100.123,1,-46.500,1.000,-34.788,0,0,0,0,0,0,0,0,0,0,0,0,0,0,0,0,0,0,0,0,0,0,0,0
81.750,29.068,13.451,-11.571,95.610,0,35.658,20.766,-37.325,-46.608,8.380,-34.727,100.123,1,-46.500,1.000,-34.788,0,0,0,0,0,0,0,0,0,0,0,0,0,0,0,0,0,0,0,0,0,0,0,0
81.800,29.131,13.485,-11.651,95.549,0,35.658,20.766,-37.325,-46.636,8.428,-34.707,100.123,1,-46.500,1.000,-34.788,0,0,0,0,0,0,0,0,0,0,0,0,0,0,0,0,0,0,0,0,0,0,0,0
81.850,29.194,13.519,-11.732,95.489,0,35.658,20.766,-37.325,-46.664,8.476,-34.687,100.123,1,-46.500,1.000,-34.788,0,0,0,0,0,0,0,0,0,0,0,0,0,0,0,0,0,0,0,0,0,0,0,0
81.900,29.257,13.553,-11.813,95.429,0,35.658,20.766,-37.325,-46.693,8.523,-34.668,100.123,1,-46.500,1.000,-34.788,0,0,0,0,0,0,0,0,0,0,0,0,0,0,0,0,0,0,0,0,0,0,0,0
81.950,29.320,13.586,-11.894,95.369,0,35.658,20.766,-37.325,-46.722,8.570,-34.648,100.123,1,-46.500,1.000,-34.788,0,0,0,0,0,0,0,0,0,0,0,0,0,0,0,0,0,0,0,0,0,0,0,0
82.000,29.382,13.619,-11.976,95.309,0,35.658,20.766,-37.325,-46.751,8.615,-34.628,100.123,1,-46.500,1.000,-34.788,0,0,0,0,0,0,0,0,0,0,0,0,0,0,0,0,0,0,0,0,0,0,0,0
82.050,29.444,13.651,-12.059,95.249,0,35.658,20.766,-37.325,-46.780,8.660,-34.609,100.123,1,-46.500,1.000,-34.788,0,0,0,0,0,0,0,0,0,0,0,0,0,0,0,0,0,0,0,0,0,0,0,0
82.100,29.506,13.683,-12.141,95.189,0,35.658,20.766,-37.325,-46.810,8.704,-34.590,100.123,1,-46.500,1.000,-34.788,0,0,0,0,0,0,0,0,0,0,0,0,0,0,0,0,0,0,0,0,0,0,0,0
82.150,29.568,13.715,-12.224,95.129,0,35.658,20.766,-37.325,-46.839,8.747,-34.570,100.123,1,-46.500,1.000,-34.788,0,0,0,0,0,0,0,0,0,0,0,0,0,0,0,0,0,0,0,0,0,0,0,0
82.200,29.629,13.746,-12.307,95.070,0,35.658,20.766,-37.325,-46.869,8.789,-34.551,100.123,1,-46.500,1.000,-34.788,0,0,0,0,0,0,0,0,0,0,0,0,0,0,0,0,0,0,0,0,0,0,0,0
82.250,29.691,13.777,-12.391,95.010,0,35.658,20.766,-37.325,-46.899,8.830,-34.533,100.123,1,-46.500,1.000,-34.788,0,0,0,0,0,0,0,0,0,0,0,0,0,0,0,0,0,0,0,0,0,0,0,0
82.300,29.752,13.808,-12.475,94.950,0,35.658,20.766,-37.325,-46.928,8.870,-34.514,100.123,1,-46.500,1.000,-34.788,0,0,0,0,0,0,0,0,0,0,0,0,0,0,0,0,0,0,0,0,0,0,0,0
82.350,29.812,13.838,-12.559,94.891,0,35.658,20.766,-37.325,-46.958,8.909,-34.496,100.123,1,-46.500,1.000,-34.788,0,0,0,0,0,0,0,0,0,0,0,0,0,0,0,0,0,0,0,0,0,0,0,0
82.400,29.873,13.868,-12.644,94.832,0,35.658,20.766,-37.325,-46.987,8.947,-34.477,100.123,1,-46.500,1.000,-34.788,0,0,0,0,0,0,0,0,0,0,0,0,0,0,0,0,0,0,0,0,0,0,0,0
82.450,29.933,13.898,-12.728,94.772,0,35.658,20.766,-37.325,-47.017,8.984,-34.459,100.123,1,-46.500,1.000,-34.788,0,0,0,0,0,0,0,0,0,0,0,0,0,0,0,0,0,0,0,0,0,0,0,0
82.500,29.993,13.928,-12.813,94.713,0,35.658,20.766,-37.325,-47.046,9.019,-34.442,100.123,1,-46.500,1.000,-34.788,0,0,0,0,0,0,0,0,0,0,0,0,0,0,0,0,0,0,0,0,0,0,0,0
82.550,30.053,13.957,-12.899,94.654,0,35.658,20.766,-37.325,-47.075,9.054,-34.424,100.123,1,-46.500,1.000,-34.788,0,0,0,0,0,0,0,0,0,0,0,0,0,0,0,0,0,0,0,0,0,0,0,0
82.600,30.113,13.986,-12.984,94.595,0,35.658,20.766,-37.325,-47.104,9.087,-34.407,100.123,1,-46.500,1.000,-34.788,0,0,0,0,0,0,0,0,0,0,0,0,0,0,0,0,0,0,0,0,0,0,0,0
82.650,30.172,14.014,-13.070,94.536,0,35.658,20.766,-37.325,-47.133,9.120,-34.391,100.123,1,-46.500,1.000,-34.788,0,0,0,0,0,0,0,0,0,0,0,0,0,0,0,0,0,0,0,0,0,0,0,0
82.700,30.231,14.043,-13.156,94.477,0,35.658,20.766,-37.325,-47.162,9.151,-34.374,100.123,1,-46.500,1.000,-34.788,0,0,0,0,0,0,0,0,0,0,0,0,0,0,0,0,0,0,0,0,0,0,0,0
82.750,30.290,14.071,-13.242,94.418,0,35.658,20.766,-37.325,-47.190,9.180,-34.358,100.123,1,-46.500,1.000,-34.788,0,0,0,0,0,0,0,0,0,0,0,0,0,0,0,0,0,0,0,0,0,0,0,0
82.800,30.349,14.098,-13.328,94.359,0,35.658,20.766,-37.325,-47.218,9.209,-34.342,100.123,1,-46.500,1.000,-34.788,0,0,0,0,0,0,0,0,0,0,0,0,0,0,0,0,0,0,0,0,0,0,0,0
82.850,30.408,14.126,-13.415,94.301,0,35.658,20.766,-37.325,-47.246,9.236,-34.327,100.123,1,-46.500,1.000,-34.788,0,0,0,0,0,0,0,0,0,0,0,0,0,0,0,0,0,0,0,0,0,0,0,0
82.900,30.466,14.153,-13.502,94.242,0,35.658,20.766,-37.325,-47.273,9.262,-34.312,100.123,1,-46.500,1.000,-34.788,0,0,0,0,0,0,0,0,0,0,0,0,0,0,0,0,0,0,0,0,0,0,0,0
82.950,30.524,14.180,-13.589,94.184,0,35.658,20.766,-37.325,-47.300,9.287,-34.297,100.123,1,-46.500,1.000,-34.788,0,0,0,0,0,0,0,0,0,0,0,0,0,0,0,0,0,0,0,0,0,0,0,0
83.000,30.582,14.207,-13.676,94.125,0,35.658,20.766,-37.325,-47.327,9.311,-34.283,100.123,1,-46.500,1.000,-34.788,0,0,0,0,0,0,0,0,0,0,0,0,0,0,0,0,0,0,0,0,0,0,0,0
83.050,30.639,14.233,-13.763,94.067,0,35.658,20.766,-37.325,-47.353,9.333,-34.269,100.123,1,-46.500,1.000,-34.788,0,0,0,0,0,0,0,0,0,0,0,0,0,0,0,0,0,0,0,0,0,0,0,0
83.100,30.697,14.260,-13.851,94.008,0,35.658,20.766,-37.325,-47.379,9.354,-34.256,100.123,1,-46.500,1.000,-34.788,0,0,0,0,0,0,0,0,0,0,0,0,0,0,0,0,0,0,0,0,0,0,0,0
83.150,30.754,14.286,-13.938,93.950,0,35.658,20.766,-37.325,-47.405,9.373,-34.243,100.123,1,-46.500,1.000,-34.788,0,0,0,0,0,0,0,0,0,0,0,0,0,0,0,0,0,0,0,0,0,0,0,0
83.200,30.811,14.312,-14.026,93.892,0,35.658,20.766,-37.325,-47.430,9.392,-34.231,100.123,1,-46.500,1.000,-34.788,0,0,0,0,0,0,0,0,0,0,0,0,0,0,0,0,0,0,0,0,0,0,0,0
83.250,30.867,14.337,-14.114,93.834,0,35.658,20.766,-37.325,-47.454,9.408,-34.219,100.123,1,-46.500,1.000,-34.788,0,0,0,0,0,0,0,0,0,0,0,0,0,0,0,0,0,0,0,0,0,0,0,0
83.300,30.924,14.362,-14.202,93.776,0,35.658,20.766,-37.325,-47.478,9.424,-34.207,100.123,1,-46.500,1.000,-34.788,0,0,0,0,0,0,0,0,0,0,0,0,0,0,0,0,0,0,0,0,0,0,0,0
83.350,30.980,14.388,-14.291,93.718,0,35.658,20.766,-37.325,-47.502,9.438,-34.196,100.123,1,-46.500,1.000,-34.788,0,0,0,0,0,0,0,0,0,0,0,0,0,0,0,0,0,0,0,0,0,0,0,0
83.400,31.036,14.412,-14.379,93.660,0,35.658,20.766,-37.325,-47.525,9.451,-34.186,100.123,1,-46.500,1.000,-34.788,0,0,0,0,0,0,0,0,0,0,0,0,0,0,0,0,0,0,0,0,0,0,0,0
83.450,31.092,14.437,-14.468,93.602,0,35.658,20.766,-37.325,-47.547,9.462,-34.176,100.123,1,-46.500,1.000,-34.788,0,0,0,0,0,0,0,0,0,0,0,0,0,0,0,0,0,0,0,0,0,0,0,0
83.500,31.147,14.462,-14.556,93.545,0,35.658,20.766,-37.325,-47.569,9.472,-34.167,100.123,1,-46.500,1.000,-34.788,0,0,0,0,0,0,0,0,0,0,0,0,0,0,0,0,0,0,0,0,0,0,0,0
83.550,31.202,14.486,-14.645,93.487,0,35.658,20.766,-37.325,-47.590,9.481,-34.158,100.123,1,-46.500,1.000,-34.788,0,0,0,0,0,0,0,0,0,0,0,0,0,0,0,0,0,0,0,0,0,0,0,0
83.600,31.258,14.510,-14.734,93.430,0,35.658,20.766,-37.325,-47.611,9.488,-34.149,100.123,1,-46.500,1.000,-34.788,0,0,0,0,0,0,0,0,0,0,0,0,0,0,0,0,0,0,0,0,0,0,0,0
83.650,31.312,14.534,-14.823,93.372,0,35.658,20.766,-37.325,-47.631,9.494,-34.142,100.123,1,-46.500,1.000,-34.788,0,0,0,0,0,0,0,0,0,0,0,0,0,0,0,0,0,0,0,0,0,0,0,0
83.700,31.367,14.558,-14.913,93.315,0,35.658,20.766,-37.325,-47.650,9.498,-34.135,100.123,1,-46.500,1.000,-34.788,0,0,0,0,0,0,0,0,0,0,0,0,0,0,0,0,0,0,0,0,0,0,0,0
83.750,31.421,14.581,-15.002,93.258,0,35.658,20.766,-37.325,-47.669,9.501,-34.128,100.123,1,-46.500,1.000,-34.788,0,0,0,0,0,0,0,0,0,0,0,0,0,0,0,0,0,0,0,0,0,0,0,0
83.800,31.475,14.604,-15.092,93.200,0,35.658,20.766,-37.325,-47.687,9.503,-34.122,100.123,1,-46.500,1.000,-34.788,0,0,0,0,0,0,0,0,0,0,0,0,0,0,0,0,0,0,0,0,0,0,0,0
83.850,31.529,14.628,-15.181,93.143,0,35.658,20.766,-37.325,-47.704,9.503,-34.117,100.123,1,-46.500,1.000,-34.788,0,0,0,0,0,0,0,0,0,0,0,0,0,0,0,0,0,0,0,0,0,0,0,0
83.900,31.583,14.651,-15.271,93.086,0,35.658,20.766,-37.325,-47.720,9.501,-34.112,100.123,1,-46.500,1.000,-34.788,0,0,0,0,0,0,0,0,0,0,0,0,0,0,0,0,0,0,0,0,0,0,0,0
83.950,31.636,14.673,-15.361,93.029,0,35.658,20.766,-37.325,-47.735,9.498,-34.108,100.123,1,-46.500,1.000,-34.788,0,0,0,0,0,0,0,0,0,0,0,0,0,0,0,0,0,0,0,0,0,0,0,0
84.000,31.689,14.696,-15.451,92.972,0,35.658,20.766,-37.325,-47.750,9.494,-34.105,100.123,1,-46.500,1.000,-34.788,0,0,0,0,0,0,0,0,0,0,0,0,0,0,0,0,0,0,0,0,0,0,0,0
84.050,31.742,14.718,-15.541,92.915,0,35.658,20.766,-37.325,-47.764,9.488,-34.102,100.123,1,-46.500,1.000,-34.788,0,0,0,0,0,0,0,0,0,0,0,0,0,0,0,0,0,0,0,0,0,0,0,0
84.100,31.795,14.741,-15.631,92.859,0,35.658,20.766,-37.325,-47.777,9.480,-34.101,100.123,1,-46.500,1.000,-34.788,0,0,0,0,0,0,0,0,0,0,0,0,0,0,0,0,0,0,0,0,0,0,0,0
84.150,31.847,14.763,-15.721,92.802,0,35.658,20.766,-37.325,-47.789,9.471,-34.099,100.123,1,-46.500,1.000,-34.788,0,0,0,0,0,0,0,0,0,0,0,0,0,0,0,0,0,0,0,0,0,0,0,0
84.200,31.900,14.785,-15.812,92.745,0,35.658,20.766,-37.325,-47.800,9.461,-34.099,100.123,1,-46.500,1.000,-34.788,0,0,0,0,0,0,0,0,0,0,0,0,0,0,0,0,0,0,0,0,0,0,0,0
84.250,31.952,14.807,-15.902,92.689,0,35.658,20.766,-37.325,-47.811,9.449,-34.099,100.123,1,-46.500,1.000,-34.788,0,0,0,0,0,0,0,0,0,0,0,0,0,0,0,0,0,0,0,0,0,0,0,0
84.300,32.003,14.828,-15.993,92.632,0,35.658,20.766,-37.325,-47.820,9.435,-34.100,100.123,1,-46.500,1.000,-34.788,0,0,0,0,0,0,0,0,0,0,0,0,0,0,0,0,0,0,0,0,0,0,0,0
84.350,32.055,14.850,-16.083,92.576,0,35.658,20.766,-37.325,-47.829,9.421,-34.102,100.123,1,-46.500,1.000,-34.788,0,0,0,0,0,0,0,0,0,0,0,0,0,0,0,0,0,0,0,0,0,0,0,0
84.400,32.106,14.871,-16.174,92.520,0,35.658,20.766,-37.325,-47.836,9.404,-34.104,100.123,1,-46.500,1.000,-34.788,0,0,0,0,0,0,0,0,0,0,0,0,0,0,0,0,0,0,0,0,0,0,0,0
84.450,32.157,14.893,-16.265,92.463,0,35.658,20.766,-37.325,-47.843,9.387,-34.107,100.123,1,-46.500,1.000,-34.788,0,0,0,0,0,0,0,0,0,0,0,0,0,0,0,0,0,0,0,0,0,0,0,0
84.500,32.208,14.914,-16.356,92.407,0,35.658,20.766,-37.325,-47.848,9.368,-34.111,100.123,1,-46.500,1.000,-34.788,0,0,0,0,0,0,0,0,0,0,0,0,0,0,0,0,0,0,0,0,0,0,0,0
84.550,32.258,14.935,-16.447,92.351,0,35.658,20.766,-37.325,-47.853,9.347,-34.116,100.123,1,-46.500,1.000,-34.788,0,0,0,0,0,0,0,0,0,0,0,0,0,0,0,0,0,0,0,0,0,0,0,0
84.600,32.309,14.955,-16.538,92.295,0,35.658,20.766,-37.325,-47.857,9.325,-34.121,100.123,1,-46.500,1.000,-34.788,0,0,0,0,0,0,0,0,0,0,0,0,0,0,0,0,0,0,0,0,0,0,0,0
84.650,32.359,14.976,-16.629,92.239,0,35.658,20.766,-37.325,-47.859,9.302,-34.128,100.123,1,-46.500,1.000,-34.788,0,0,0,0,0,0,0,0,0,0,0,0,0,0,0,0,0,0,0,0,0,0,0,0
84.700,32.408,14.997,-16.721,92.183,0,35.658,20.766,-37.325,-47.861,9.278,-34.135,100.123,1,-46.500,1.000,-34.788,0,0,0,0,0,0,0,0,0,0,0,0,0,0,0,0,0,0,0,0,0,0,0,0
84.750,32.458,15.017,-16.812,92.128,0,35.658,20.766,-37.325,-47.862,9.252,-34.142,100.123,1,-46.500,1.000,-34.788,0,0,0,0,0,0,0,0,0,0,0,0,0,0,0,0,0,0,0,0,0,0,0,0
84.800,32.507,15.038,-16.904,92.072,0,35.658,20.766,-37.325,-47.861,9.225,-34.151,100.123,1,-46.500,1.000,-34.788,0,0,0,0,0,0,0,0,0,0,0,0,0,0,0,0,0,0,0,0,0,0,0,0
84.850,32.556,15.058,-16.995,92.016,0,35.658,20.766,-37.325,-47.860,9.197,-34.160,100.123,1,-46.500,1.000,-34.788,0,0,0,0,0,0,0,0,0,0,0,0,0,0,0,0,0,0,0,0,0,0,0,0
84.900,32.605,15.078,-17.087,91.961,0,35.658,20.766,-37.325,-47.858,9.168,-34.170,100.123,1,-46.500,1.000,-34.788,0,0,0,0,0,0,0,0,0,0,0,0,0,0,0,0,0,0,0,0,0,0,0,0
84.950,32.653,15.098,-17.179,91.905,0,35.658,20.766,-37.325,-47.854,9.138,-34.180,100.123,1,-46.500,1.000,-34.788,0,0,0,0,0,0,0,0,0,0,0,0,0,0,0,0,0,0,0,0,0,0,0,0
85.000,32.701,15.118,-17.270,91.850,0,35.658,20.766,-37.325,-47.850,9.106,-34.191,100.123,1,-46.500,1.000,-34.788,0,0,0,0,0,0,0,0,0,0,0,0,0,0,0,0,0,0,0,0,0,0,0,0
85.050,32.749,15.138,-17.362,91.794,0,35.658,20.766,-37.325,-47.845,9.074,-34.203,100.123,1,-46.500,1.000,-34.788,0,0,0,0,0,0,0,0,0,0,0,0,0,0,0,0,0,0,0,0,0,0,0,0
85.100,32.797,15.157,-17.454,91.739,0,35.658,20.766,-37.325,-47.839,9.041,-34.216,100.123,1,-46.500,1.000,-34.788,0,0,0,0,0,0,0,0,0,0,0,0,0,0,0,0,0,0,0,0,0,0,0,0
85.150,32.845,15.177,-17.546,91.684,0,35.658,20.766,-37.325,-47.832,9.007,-34.229,100.123,1,-46.500,1.000,-34.788,0,0,0,0,0,0,0,0,0,0,0,0,0,0,0,0,0,0,0,0,0,0,0,0
85.200,32.892,15.196,-17.639,91.629,0,35.658,20.766,-37.325,-47.824,8.972,-34.243,100.123,1,-46.500,1.000,-34.788,0,0,0,0,0,0,0,0,0,0,0,0,0,0,0,0,0,0,0,0,0,0,0,0
85.250,32.939,15.216,-17.731,91.573,0,35.658,20.766,-37.325,-47.816,8.936,-34.257,100.123,1,-46.500,1.000,-34.788,0,0,0,0,0,0,0,0,0,0,0,0,0,0,0,0,0,0,0,0,0,0,0,0
85.300,32.985,15.235,-17.823,91.518,0,35.658,20.766,-37.325,-47.806,8.900,-34.272,100.123,1,-46.500,1.000,-34.788,0,0,0,0,0,0,0,0,0,0,0,0,0,0,0,0,0,0,0,0,0,0,0,0
85.350,33.032,15.254,-17.916,91.463,0,35.658,20.766,-37.325,-47.796,8.863,-34.288,100.123,1,-46.500,1.000,-34.788,0,0,0,0,0,0,0,0,0,0,0,0,0,0,0,0,0,0,0,0,0,0,0,0
85.400,33.078,15.274,-18.008,91.409,0,35.658,20.766,-37.325,-47.785,8.826,-34.304,100.123,1,-46.500,1.000,-34.788,0,0,0,0,0,0,0,0,0,0,0,0,0,0,0,0,0,0,0,0,0,0,0,0
85.450,33.124,15.293,-18.101,91.354,0,35.658,20.766,-37.325,-47.773,8.788,-34.320,100.123,1,-46.500,1.000,-34.788,0,0,0,0,0,0,0,0,0,0,0,0,0,0,0,0,0,0,0,0,0,0,0,0
85.500,33.169,15.312,-18.193,91.299,0,35.658,20.766,-37.325,-47.761,8.749,-34.337,100.123,1,-46.500,1.000,-34.788,0,0,0,0,0,0,0,0,0,0,0,0,0,0,0,0,0,0,0,0,0,0,0,0
85.550,33.215,15.331,-18.286,91.244,0,35.658,20.766,-37.325,-47.748,8.711,-34.354,100.123,1,-46.500,1.000,-34.788,0,0,0,0,0,0,0,0,0,0,0,0,0,0,0,0,0,0,0,0,0,0,0,0
85.600,33.260,15.350,-18.379,91.190,0,35.658,20.766,-37.325,-47.734,8.671,-34.372,100.123,1,-46.500,1.000,-34.788,0,0,0,0,0,0,0,0,0,0,0,0,0,0,0,0,0,0,0,0,0,0,0,0
85.650,33.304,15.368,-18.471,91.135,0,35.658,20.766,-37.325,-47.720,8.632,-34.390,100.123,1,-46.500,1.000,-34.788,0,0,0,0,0,0,0,0,0,0,0,0,0,0,0,0,0,0,0,0,0,0,0,0
85.700,33.349,15.387,-18.564,91.081,0,35.658,20.766,-37.325,-47.705,8.592,-34.408,100.123,1,-46.500,1.000,-34.788,0,0,0,0,0,0,0,0,0,0,0,0,0,0,0,0,0,0,0,0,0,0,0,0
85.750,33.393,15.406,-18.657,91.026,0,35.658,20.766,-37.325,-47.690,8.552,-34.427,100.123,1,-46.500,1.000,-34.788,0,0,0,0,0,0,0,0,0,0,0,0,0,0,0,0,0,0,0,0,0,0,0,0
85.800,33.437,15.425,-18.750,90.972,0,35.658,20.766,-37.325,-47.674,8.512,-34.446,100.123,1,-46.500,1.000,-34.788,0,0,0,0,0,0,0,0,0,0,0,0,0,0,0,0,0,0,0,0,0,0,0,0
85.850,33.481,15.443,-18.843,90.917,0,35.658,20.766,-37.325,-47.658,8.472,-34.465,100.123,1,-46.500,1.000,-34.788,0,0,0,0,0,0,0,0,0,0,0,0,0,0,0,0,0,0,0,0,0,0,0,0
85.900,33.524,15.462,-18.937,90.863,0,35.658,20.766,-37.325,-47.641,8.432,-34.485,100.123,1,-46.500,1.000,-34.788,0,0,0,0,0,0,0,0,0,0,0,0,0,0,0,0,0,0,0,0,0,0,0,0
85.950,33.567,15.480,-19.030,90.809,0,35.658,20.766,-37.325,-47.624,8.392,-34.505,100.123,1,-46.500,1.000,-34.788,0,0,0,0,0,0,0,0,0,0,0,0,0,0,0,0,0,0,0,0,0,0,0,0
86.000,33.610,15.499,-19.123,90.755,0,35.658,20.766,-37.325,-47.607,8.352,-34.524,100.123,1,-46.500,1.000,-34.788,0,0,0,0,0,0,0,0,0,0,0,0,0,0,0,0,0,0,0,0,0,0,0,0
86.050,33.652,15.517,-19.217,90.701,0,35.658,20.766,-37.325,-47.589,8.312,-34.544,100.123,1,-46.500,1.000,-34.788,0,0,0,0,0,0,0,0,0,0,0,0,0,0,0,0,0,0,0,0,0,0,0,0
86.100,33.695,15.536,-19.310,90.647,0,35.658,20.766,-37.325,-47.571,8.272,-34.564,100.123,1,-46.500,1.000,-34.788,0,0,0,0,0,0,0,0,0,0,0,0,0,0,0,0,0,0,0,0,0,0,0,0
86.150,33.736,15.554,-19.404,90.593,0,35.658,20.766,-37.325,-47.553,8.232,-34.584,100.123,1,-46.500,1.000,-34.788,0,0,0,0,0,0,0,0,0,0,0,0,0,0,0,0,0,0,0,0,0,0,0,0
86.200,33.778,15.572,-19.497,90.539,0,35.658,20.766,-37.325,-47.535,8.193,-34.605,100.123,1,-46.500,1.000,-34.788,0,0,0,0,0,0,0,0,0,0,0,0,0,0,0,0,0,0,0,0,0,0,0,0
86.250,33.819,15.591,-19.591,90.485,0,35.658,20.766,-37.325,-47.516,8.154,-34.625,100.123,1,-46.500,1.000,-34.788,0,0,0,0,0,0,0,0,0,0,0,0,0,0,0,0,0,0,0,0,0,0,0,0
86.300,33.860,15.609,-19.685,90.432,0,35.658,20.766,-37.325,-47.498,8.115,-34.645,100.123,1,-46.500,1.000,-34.788,0,0,0,0,0,0,0,0,0,0,0,0,0,0,0,0,0,0,0,0,0,0,0,0
86.350,33.901,15.627,-19.778,90.378,0,35.658,20.766,-37.325,-47.479,8.076,-34.665,100.123,1,-46.500,1.000,-34.788,0,0,0,0,0,0,0,0,0,0,0,0,0,0,0,0,0,0,0,0,0,0,0,0
86.400,33.941,15.645,-19.872,90.325,0,35.658,20.766,-37.325,-47.460,8.038,-34.685,100.123,1,-46.500,1.000,-34.788,0,0,0,0,0,0,0,0,0,0,0,0,0,0,0,0,0,0,0,0,0,0,0,0
86.450,33.981,15.664,-19.966,90.271,0,35.658,20.766,-37.325,-47.442,8.000,-34.705,100.123,1,-46.500,1.000,-34.788,0,0,0,0,0,0,0,0,0,0,0,0,0,0,0,0,0,0,0,0,0,0,0,0
86.500,34.021,15.682,-20.060,90.218,0,35.658,20.766,-37.325,-47.423,7.963,-34.725,100.123,1,-46.500,1.000,-34.788,0,0,0,0,0,0,0,0,0,0,0,0,0,0,0,0,0,0,0,0,0,0,0,0
86.550,34.060,15.700,-20.154,90.164,0,35.658,20.766,-37.325,-47.404,7.926,-34.745,100.123,1,-46.500,1.000,-34.788,0,0,0,0,0,0,0,0,0,0,0,0,0,0,0,0,0,0,0,0,0,0,0,0
86.600,34.100,15.718,-20.248,90.111,0,35.658,20.766,-37.325,-47.386,7.890,-34.764,100.123,1,-46.500,1.000,-34.788,0,0,0,0,0,0,0,0,0,0,0,0,0,0,0,0,0,0,0,0,0,0,0,0
86.650,34.138,15.736,-20.343,90.058,0,35.658,20.766,-37.325,-47.367,7.854,-34.783,100.123,1,-46.500,1.000,-34.788,0,0,0,0,0,0,0,0,0,0,0,0,0,0,0,0,0,0,0,0,0,0,0,0
86.700,34.177,15.754,-20.437,90.005,0,35.658,20.766,-37.325,-47.349,7.819,-34.803,100.123,1,-46.500,1.000,-34.788,0,0,0,0,0,0,0,0,0,0,0,0,0,0,0,0,0,0,0,0,0,0,0,0
86.750,34.215,15.772,-20.531,89.952,0,35.658,20.766,-37.325,-47.331,7.784,-34.821,100.123,1,-46.500,1.000,-34.788,0,0,0,0,0,0,0,0,0,0,0,0,0,0,0,0,0,0,0,0,0,0,0,0
86.800,34.253,15.790,-20.626,89.899,0,35.658,20.766,-37.325,-47.313,7.750,-34.840,100.123,1,-46.500,1.000,-34.788,0,0,0,0,0,0,0,0,0,0,0,0,0,0,0,0,0,0,0,0,0,0,0,0
86.850,34.290,15.808,-20.720,89.846,0,35.658,20.766,-37.325,-47.295,7.716,-34.858,100.123,1,-46.500,1.000,-34.788,0,0,0,0,0,0,0,0,0,0,0,0,0,0,0,0,0,0,0,0,0,0,0,0
86.900,34.327,15.826,-20.814,89.793,0,35.658,20.766,-37.325,-47.278,7.684,-34.876,100.123,1,-46.500,1.000,-34.788,0,0,0,0,0,0,0,0,0,0,0,0,0,0,0,0,0,0,0,0,0,0,0,0
86.950,34.364,15.845,-20.909,89.740,0,35.658,20.766,-37.325,-47.261,7.652,-34.894,100.123,1,-46.500,1.000,-34.788,0,0,0,0,0,0,0,0,0,0,0,0,0,0,0,0,0,0,0,0,0,0,0,0
87.000,34.400,15.863,-21.004,89.687,0,35.658,20.766,-37.325,-47.244,7.620,-34.911,100.123,1,-46.500,1.000,-34.788,0,0,0,0,0,0,0,0,0,0,0,0,0,0,0,0,0,0,0,0,0,0,0,0
87.050,34.436,15.881,-21.098,89.634,0,35.658,20.766,-37.325,-47.227,7.590,-34.928,100.123,1,-46.500,1.000,-34.788,0,0,0,0,0,0,0,0,0,0,0,0,0,0,0,0,0,0,0,0,0,0,0,0
87.100,34.472,15.899,-21.193,89.582,0,35.658,20.766,-37.325,-47.210,7.560,-34.945,100.123,1,-46.500,1.000,-34.788,0,0,0,0,0,0,0,0,0,0,0,0,0,0,0,0,0,0,0,0,0,0,0,0
87.150,34.507,15.917,-21.288,89.529,0,35.658,20.766,-37.325,-47.194,7.530,-34.961,100.123,1,-46.500,1.000,-34.788,0,0,0,0,0,0,0,0,0,0,0,0,0,0,0,0,0,0,0,0,0,0,0,0
87.200,34.542,15.935,-21.383,89.477,0,35.658,20.766,-37.325,-47.178,7.502,-34.977,100.123,1,-46.500,1.000,-34.788,0,0,0,0,0,0,0,0,0,0,0,0,0,0,0,0,0,0,0,0,0,0,0,0
87.250,34.577,15.953,-21.478,89.424,0,35.658,20.766,-37.325,-47.163,7.474,-34.992,100.123,1,-46.500,1.000,-34.788,0,0,0,0,0,0,0,0,0,0,0,0,0,0,0,0,0,0,0,0,0,0,0,0
87.300,34.611,15.971,-21.573,89.372,0,35.658,20.766,-37.325,-47.148,7.447,-35.007,100.123,1,-46.500,1.000,-34.788,0,0,0,0,0,0,0,0,0,0,0,0,0,0,0,0,0,0,0,0,0,0,0,0
87.350,34.645,15.989,-21.668,89.319,0,35.658,20.766,-37.325,-47.133,7.421,-35.021,100.123,1,-46.500,1.000,-34.788,0,0,0,0,0,0,0,0,0,0,0,0,0,0,0,0,0,0,0,0,0,0,0,0
87.400,34.678,16.007,-21.763,89.267,0,35.658,20.766,-37.325,-47.118,7.396,-35.035,100.123,1,-46.500,1.000,-34.788,0,0,0,0,0,0,0,0,0,0,0,0,0,0,0,0,0,0,0,0,0,0,0,0
87.450,34.711,16.025,-21.858,89.215,0,35.658,20.766,-37.325,-47.104,7.372,-35.049,100.123,1,-46.500,1.000,-34.788,0,0,0,0,0,0,0,0,0,0,0,0,0,0,0,0,0,0,0,0,0,0,0,0
87.500,34.744,16.043,-21.953,89.162,0,35.658,20.766,-37.325,-47.090,7.348,-35.062,100.123,1,-46.500,1.000,-34.788,0,0,0,0,0,0,0,0,0,0,0,0,0,0,0,0,0,0,0,0,0,0,0,0
87.550,34.776,16.061,-22.049,89.110,0,35.658,20.766,-37.325,-47.077,7.325,-35.074,100.123,1,-46.500,1.000,-34.788,0,0,0,0,0,0,0,0,0,0,0,0,0,0,0,0,0,0,0,0,0,0,0,0
87.600,34.808,16.079,-22.144,89.058,0,35.658,20.766,-37.325,-47.064,7.303,-35.086,100.123,1,-46.500,1.000,-34.788,0,0,0,0,0,0,0,0,0,0,0,0,0,0,0,0,0,0,0,0,0,0,0,0
87.650,34.840,16.097,-22.240,89.006,0,35.658,20.766,-37.325,-47.051,7.282,-35.098,100.123,1,-46.500,1.000,-34.788,0,0,0,0,0,0,0,0,0,0,0,0,0,0,0,0,0,0,0,0,0,0,0,0
87.700,34.871,16.115,-22.335,88.954,0,35.658,20.766,-37.325,-47.039,7.261,-35.109,100.123,1,-46.500,1.000,-34.788,0,0,0,0,0,0,0,0,0,0,0,0,0,0,0,0,0,0,0,0,0,0,0,0
87.750,34.902,16.133,-22.431,88.902,0,35.658,20.766,-37.325,-47.027,7.242,-35.119,100.123,1,-46.500,1.000,-34.788,0,0,0,0,0,0,0,0,0,0,0,0,0,0,0,0,0,0,0,0,0,0,0,0
87.800,34.932,16.151,-22.526,88.850,0,35.658,20.766,-37.325,-47.016,7.223,-35.129,100.123,1,-46.500,1.000,-34.788,0,0,0,0,0,0,0,0,0,0,0,0,0,0,0,0,0,0,0,0,0,0,0,0
87.850,34.962,16.169,-22.622,88.798,0,35.658,20.766,-37.325,-47.005,7.205,-35.139,100.123,1,-46.500,1.000,-34.788,0,0,0,0,0,0,0,0,0,0,0,0,0,0,0,0,0,0,0,0,0,0,0,0
87.900,34.992,16.188,-22.718,88.746,0,35.658,20.766,-37.325,-46.994,7.188,-35.148,100.123,1,-46.500,1.000,-34.788,0,0,0,0,0,0,0,0,0,0,0,0,0,0,0,0,0,0,0,0,0,0,0,0
87.950,35.021,16.206,-22.814,88.695,0,35.658,20.766,-37.325,-46.984,7.172,-35.156,100.123,1,-46.500,1.000,-34.788,0,0,0,0,0,0,0,0,0,0,0,0,0,0,0,0,0,0,0,0,0,0,0,0
88.000,35.050,16.224,-22.909,88.643,0,35.658,20.766,-37.325,-46.974,7.157,-35.164,100.123,1,-46.500,1.000,-34.788,0,0,0,0,0,0,0,0,0,0,0,0,0,0,0,0,0,0,0,0,0,0,0,0
88.050,35.078,16.242,-23.005,88.591,0,35.658,20.766,-37.325,-46.965,7.142,-35.171,100.123,1,-46.500,1.000,-34.788,0,0,0,0,0,0,0,0,0,0,0,0,0,0,0,0,0,0,0,0,0,0,0,0
88.100,35.106,16.261,-23.101,88.539,0,35.658,20.766,-37.325,-46.956,7.128,-35.178,100.123,1,-46.500,1.000,-34.788,0,0,0,0,0,0,0,0,0,0,0,0,0,0,0,0,0,0,0,0,0,0,0,0
88.150,35.133,16.279,-23.197,88.488,0,35.658,20.766,-37.325,-46.947,7.115,-35.184,100.123,1,-46.500,1.000,-34.788,0,0,0,0,0,0,0,0,0,0,0,0,0,0,0,0,0,0,0,0,0,0,0,0
88.200,35.161,16.297,-23.293,88.436,0,35.658,20.766,-37.325,-46.939,7.103,-35.189,100.123,1,-46.500,1.000,-34.788,0,0,0,0,0,0,0,0,0,0,0,0,0,0,0,0,0,0,0,0,0,0,0,0
88.250,35.187,16.316,-23.390,88.384,0,35.658,20.766,-37.325,-46.931,7.092,-35.194,100.123,1,-46.500,1.000,-34.788,0,0,0,0,0,0,0,0,0,0,0,0,0,0,0,0,0,0,0,0,0,0,0,0
88.300,35.213,16.334,-23.486,88.333,0,35.658,20.766,-37.325,-46.923,7.082,-35.199,100.123,1,-46.500,1.000,-34.788,0,0,0,0,0,0,0,0,0,0,0,0,0,0,0,0,0,0,0,0,0,0,0,0
88.350,35.239,16.353,-23.582,88.281,0,35.658,20.766,-37.325,-46.916,7.072,-35.203,100.123,1,-46.500,1.000,-34.788,0,0,0,0,0,0,0,0,0,0,0,0,0,0,0,0,0,0,0,0,0,0,0,0
88.400,35.265,16.371,-23.678,88.230,0,35.658,20.766,-37.325,-46.910,7.063,-35.206,100.123,1,-46.500,1.000,-34.788,0,0,0,0,0,0,0,0,0,0,0,0,0,0,0,0,0,0,0,0,0,0,0,0
88.450,35.290,16.390,-23.775,88.178,0,35.658,20.766,-37.325,-46.903,7.056,-35.209,100.123,1,-46.500,1.000,-34.788,0,0,0,0,0,0,0,0,0,0,0,0,0,0,0,0,0,0,0,0,0,0,0,0
88.500,35.314,16.408,-23.871,88.127,0,35.658,20.766,-37.325,-46.897,7.049,-35.212,100.123,1,-46.500,1.000,-34.788,0,0,0,0,0,0,0,0,0,0,0,0,0,0,0,0,0,0,0,0,0,0,0,0
88.550,35.338,16.427,-23.968,88.075,0,35.658,20.766,-37.325,-46.892,7.042,-35.213,100.123,1,-46.500,1.000,-34.788,0,0,0,0,0,0,0,0,0,0,0,0,0,0,0,0,0,0,0,0,0,0,0,0
88.600,35.362,16.446,-24.064,88.024,0,35.658,20.766,-37.325,-46.887,7.037,-35.215,100.123,1,-46.500,1.000,-34.788,0,0,0,0,0,0,0,0,0,0,0,0,0,0,0,0,0,0,0,0,0,0,0,0
88.650,35.385,16.464,-24.161,87.972,0,35.658,20.766,-37.325,-46.882,7.033,-35.215,100.123,1,-46.500,1.000,-34.788,0,0,0,0,0,0,0,0,0,0,0,0,0,0,0,0,0,0,0,0,0,0,0,0
88.700,35.408,16.483,-24.257,87.921,0,35.658,20.766,-37.325,-46.877,7.029,-35.215,100.123,1,-46.500,1.000,-34.788,0,0,0,0,0,0,0,0,0,0,0,0,0,0,0,0,0,0,0,0,0,0,0,0
88.750,35.430,16.502,-24.354,87.870,0,35.658,20.766,-37.325,-46.873,7.026,-35.215,100.123,1,-46.500,1.000,-34.788,0,0,0,0,0,0,0,0,0,0,0,0,0,0,0,0,0,0,0,0,0,0,0,0
88.800,35.452,16.521,-24.451,87.818,0,35.658,20.766,-37.325,-46.870,7.024,-35.214,100.123,1,-46.500,1.000,-34.788,0,0,0,0,0,0,0,0,0,0,0,0,0,0,0,0,0,0,0,0,0,0,0,0
88.850,35.473,16.540,-24.548,87.767,0,35.658,20.766,-37.325,-46.867,7.023,-35.212,100.123,1,-46.500,1.000,-34.788,0,0,0,0,0,0,0,0,0,0,0,0,0,0,0,0,0,0,0,0,0,0,0,0
88.900,35.494,16.559,-24.645,87.716,0,35.658,20.766,-37.325,-46.864,7.023,-35.210,100.123,1,-46.500,1.000,-34.788,0,0,0,0,0,0,0,0,0,0,0,0,0,0,0,0,0,0,0,0,0,0,0,0
88.950,35.515,16.578,-24.741,87.664,0,35.658,20.766,-37.325,-46.861,7.024,-35.208,100.123,1,-46.500,1.000,-34.788,0,0,0,0,0,0,0,0,0,0,0,0,0,0,0,0,0,0,0,0,0,0,0,0
89.000,35.535,16.597,-24.838,87.613,0,35.658,20.766,-37.325,-46.859,7.025,-35.205,100.123,1,-46.500,1.000,-34.788,0,0,0,0,0,0,0,0,0,0,0,0,0,0,0,0,0,0,0,0,0,0,0,0
89.050,35.555,16.617,-24.935,87.562,0,35.658,20.766,-37.325,-46.858,7.028,-35.201,100.123,1,-46.500,1.000,-34.788,0,0,0,0,0,0,0,0,0,0,0,0,0,0,0,0,0,0,0,0,0,0,0,0
89.100,35.574,16.636,-25.032,87.510,0,35.658,20.766,-37.325,-46.856,7.031,-35.197,100.123,1,-46.500,1.000,-34.788,0,0,0,0,0,0,0,0,0,0,0,0,0,0,0,0,0,0,0,0,0,0,0,0
89.150,35.592,16.655,-25.129,87.459,0,35.658,20.766,-37.325,-46.856,7.035,-35.192,100.123,1,-46.500,1.000,-34.788,0,0,0,0,0,0,0,0,0,0,0,0,0,0,0,0,0,0,0,0,0,0,0,0
89.200,35.611,16.675,-25.227,87.408,0,35.658,20.766,-37.325,-46.855,7.041,-35.186,100.123,1,-46.500,1.000,-34.788,0,0,0,0,0,0,0,0,0,0,0,0,0,0,0,0,0,0,0,0,0,0,0,0
89.250,35.628,16.694,-25.324,87.356,0,35.658,20.766,-37.325,-46.855,7.046,-35.181,100.123,1,-46.500,1.000,-34.788,0,0,0,0,0,0,0,0,0,0,0,0,0,0,0,0,0,0,0,0,0,0,0,0
89.300,35.646,16.714,-25.421,87.305,0,35.658,20.766,-37.325,-46.856,7.053,-35.174,100.123,1,-46.500,1.000,-34.788,0,0,0,0,0,0,0,0,0,0,0,0,0,0,0,0,0,0,0,0,0,0,0,0
89.350,35.663,16.734,-25.518,87.254,0,35.658,20.766,-37.325,-46.856,7.061,-35.167,100.123,1,-46.500,1.000,-34.788,0,0,0,0,0,0,0,0,0,0,0,0,0,0,0,0,0,0,0,0,0,0,0,0
89.400,35.679,16.753,-25.616,87.202,0,35.658,20.766,-37.325,-46.858,7.070,-35.160,100.123,1,-46.500,1.000,-34.788,0,0,0,0,0,0,0,0,0,0,0,0,0,0,0,0,0,0,0,0,0,0,0,0
89.450,35.695,16.773,-25.713,87.151,0,35.658,20.766,-37.325,-46.859,7.079,-35.152,100.123,1,-46.500,1.000,-34.788,0,0,0,0,0,0,0,0,0,0,0,0,0,0,0,0,0,0,0,0,0,0,0,0
89.500,35.710,16.793,-25.810,87.100,0,35.658,20.766,-37.325,-46.861,7.089,-35.144,100.123,1,-46.500,1.000,-34.788,0,0,0,0,0,0,0,0,0,0,0,0,0,0,0,0,0,0,0,0,0,0,0,0
89.550,35.725,16.813,-25.908,87.048,0,35.658,20.766,-37.325,-46.864,7.101,-35.135,100.123,1,-46.500,1.000,-34.788,0,0,0,0,0,0,0,0,0,0,0,0,0,0,0,0,0,0,0,0,0,0,0,0
89.600,35.740,16.833,-26.005,86.997,0,35.658,20.766,-37.325,-46.866,7.113,-35.126,100.123,1,-46.500,1.000,-34.788,0,0,0,0,0,0,0,0,0,0,0,0,0,0,0,0,0,0,0,0,0,0,0,0
89.650,35.754,16.854,-26.103,86.946,0,35.658,20.766,-37.325,-46.870,7.125,-35.116,100.123,1,-46.500,1.000,-34.788,0,0,0,0,0,0,0,0,0,0,0,0,0,0,0,0,0,0,0,0,0,0,0,0
89.700,35.767,16.874,-26.200,86.894,0,35.658,20.766,-37.325,-46.873,7.139,-35.106,100.123,1,-46.500,1.000,-34.788,0,0,0,0,0,0,0,0,0,0,0,0,0,0,0,0,0,0,0,0,0,0,0,0
89.750,35.780,16.894,-26.298,86.843,0,35.658,20.766,-37.325,-46.877,7.154,-35.096,100.123,1,-46.500,1.000,-34.788,0,0,0,0,0,0,0,0,0,0,0,0,0,0,0,0,0,0,0,0,0,0,0,0
89.800,35.793,16.915,-26.395,86.791,0,35.658,20.766,-37.325,-46.882,7.169,-35.085,100.123,1,-46.500,1.000,-34.788,0,0,0,0,0,0,0,0,0,0,0,0,0,0,0,0,0,0,0,0,0,0,0,0
89.850,35.805,16.935,-26.493,86.740,0,35.658,20.766,-37.325,-46.886,7.185,-35.074,100.123,1,-46.500,1.000,-34.788,0,0,0,0,0,0,0,0,0,0,0,0,0,0,0,0,0,0,0,0,0,0,0,0
89.900,35.817,16.956,-26.591,86.689,0,35.658,20.766,-37.325,-46.892,7.202,-35.062,100.123,1,-46.500,1.000,-34.788,0,0,0,0,0,0,0,0,0,0,0,0,0,0,0,0,0,0,0,0,0,0,0,0
89.950,35.828,16.977,-26.688,86.637,0,35.658,20.766,-37.325,-46.897,7.220,-35.050,100.123,1,-46.500,1.000,-34.788,0,0,0,0,0,0,0,0,0,0,0,0,0,0,0,0,0,0,0,0,0,0,0,0
90.000,35.838,16.998,-26.786,86.585,0,35.658,20.766,-37.325,-46.903,7.238,-35.038,100.123,1,-46.500,1.000,-34.788,0,0,0,0,0,0,0,0,0,0,0,0,0,0,0,0,0,0,0,0,0,0,0,0
90.050,35.848,17.019,-26.884,86.534,0,35.658,20.766,-37.325,-46.909,7.257,-35.026,100.123,1,-46.500,1.000,-34.788,0,0,0,0,0,0,0,0,0,0,0,0,0,0,0,0,0,0,0,0,0,0,0,0
90.100,35.858,17.040,-26.981,86.482,0,35.658,20.766,-37.325,-46.916,7.277,-35.013,100.123,1,-46.500,1.000,-34.788,0,0,0,0,0,0,0,0,0,0,0,0,0,0,0,0,0,0,0,0,0,0,0,0
90.150,35.867,17.061,-27.079,86.431,0,35.658,20.766,-37.325,-46.923,7.297,-35.000,100.123,1,-46.500,1.000,-34.788,0,0,0,0,0,0,0,0,0,0,0,0,0,0,0,0,0,0,0,0,0,0,0,0
90.200,35.876,17.082,-27.177,86.379,0,35.658,20.766,-37.325,-46.930,7.319,-34.986,100.123,1,-46.500,1.000,-34.788,0,0,0,0,0,0,0,0,0,0,0,0,0,0,0,0,0,0,0,0,0,0,0,0
90.250,35.884,17.104,-27.275,86.327,0,35.658,20.766,-37.325,-46.938,7.341,-34.973,100.123,1,-46.500,1.000,-34.788,0,0,0,0,0,0,0,0,0,0,0,0,0,0,0,0,0,0,0,0,0,0,0,0
90.300,35.892,17.125,-27.373,86.276,0,35.658,20.766,-37.325,-46.946,7.363,-34.959,100.123,1,-46.500,1.000,-34.788,0,0,0,0,0,0,0,0,0,0,0,0,0,0,0,0,0,0,0,0,0,0,0,0
90.350,35.899,17.147,-27.471,86.224,0,35.658,20.766,-37.325,-46.954,7.386,-34.945,100.123,1,-46.500,1.000,-34.788,0,0,0,0,0,0,0,0,0,0,0,0,0,0,0,0,0,0,0,0,0,0,0,0
90.400,35.905,17.169,-27.569,86.172,0,35.658,20.766,-37.325,-46.963,7.410,-34.931,100.123,1,-46.500,1.000,-34.788,0,0,0,0,0,0,0,0,0,0,0,0,0,0,0,0,0,0,0,0,0,0,0,0
90.450,35.911,17.191,-27.667,86.120,0,35.658,20.766,-37.325,-46.972,7.434,-34.916,100.123,1,-46.500,1.000,-34.788,0,0,0,0,0,0,0,0,0,0,0,0,0,0,0,0,0,0,0,0,0,0,0,0
90.500,35.917,17.213,-27.764,86.068,0,35.658,20.766,-37.325,-46.981,7.459,-34.902,100.123,1,-46.500,1.000,-34.788,0,0,0,0,0,0,0,0,0,0,0,0,0,0,0,0,0,0,0,0,0,0,0,0
90.550,35.922,17.235,-27.862,86.016,0,35.658,20.766,-37.325,-46.991,7.485,-34.887,100.123,1,-46.500,1.000,-34.788,0,0,0,0,0,0,0,0,0,0,0,0,0,0,0,0,0,0,0,0,0,0,0,0
90.600,35.927,17.258,-27.960,85.964,0,35.658,20.766,-37.325,-47.001,7.510,-34.872,100.123,1,-46.500,1.000,-34.788,0,0,0,0,0,0,0,0,0,0,0,0,0,0,0,0,0,0,0,0,0,0,0,0
90.650,35.931,17.280,-28.058,85.912,0,35.658,20.766,-37.325,-47.010,7.537,-34.858,100.123,1,-46.500,1.000,-34.788,0,0,0,0,0,0,0,0,0,0,0,0,0,0,0,0,0,0,0,0,0,0,0,0
90.700,35.935,17.303,-28.156,85.860,0,35.658,20.766,-37.325,-47.021,7.563,-34.843,100.123,1,-46.500,1.000,-34.788,0,0,0,0,0,0,0,0,0,0,0,0,0,0,0,0,0,0,0,0,0,0,0,0
90.750,35.938,17.325,-28.254,85.808,0,35.658,20.766,-37.325,-47.031,7.591,-34.828,100.123,1,-46.500,1.000,-34.788,0,0,0,0,0,0,0,0,0,0,0,0,0,0,0,0,0,0,0,0,0,0,0,0
90.800,35.940,17.348,-28.352,85.756,0,35.658,20.766,-37.325,-47.042,7.618,-34.813,100.123,1,-46.500,1.000,-34.788,0,0,0,0,0,0,0,0,0,0,0,0,0,0,0,0,0,0,0,0,0,0,0,0
90.850,35.942,17.371,-28.450,85.704,0,35.658,20.766,-37.325,-47.052,7.646,-34.798,100.123,1,-46.500,1.000,-34.788,0,0,0,0,0,0,0,0,0,0,0,0,0,0,0,0,0,0,0,0,0,0,0,0
90.900,35.944,17.394,-28.549,85.651,0,35.658,20.766,-37.325,-47.063,7.674,-34.783,100.123,1,-46.500,1.000,-34.788,0,0,0,0,0,0,0,0,0,0,0,0,0,0,0,0,0,0,0,0,0,0,0,0
90.950,35.945,17.418,-28.647,85.599,0,35.658,20.766,-37.325,-47.074,7.702,-34.769,100.123,1,-46.500,1.000,-34.788,0,0,0,0,0,0,0,0,0,0,0,0,0,0,0,0,0,0,0,0,0,0,0,0
91.000,35.946,17.441,-28.745,85.547,0,35.658,20.766,-37.325,-47.085,7.731,-34.754,100.123,1,-46.500,1.000,-34.788,0,0,0,0,0,0,0,0,0,0,0,0,0,0,0,0,0,0,0,0,0,0,0,0
91.050,35.946,17.465,-28.843,85.494,0,35.658,20.766,-37.325,-47.097,7.760,-34.739,100.123,1,-46.500,1.000,-34.788,0,0,0,0,0,0,0,0,0,0,0,0,0,0,0,0,0,0,0,0,0,0,0,0
91.100,35.945,17.488,-28.941,85.442,0,35.658,20.766,-37.325,-47.108,7.789,-34.725,100.123,1,-46.500,1.000,-34.788,0,0,0,0,0,0,0,0,0,0,0,0,0,0,0,0,0,0,0,0,0,0,0,0
91.150,35.945,17.512,-29.039,85.389,0,35.658,20.766,-37.325,-47.119,7.818,-34.711,100.123,1,-46.500,1.000,-34.788,0,0,0,0,0,0,0,0,0,0,0,0,0,0,0,0,0,0,0,0,0,0,0,0
91.200,35.943,17.536,-29.137,85.337,0,35.658,20.766,-37.325,-47.131,7.848,-34.696,100.123,1,-46.500,1.000,-34.788,0,0,0,0,0,0,0,0,0,0,0,0,0,0,0,0,0,0,0,0,0,0,0,0
91.250,35.941,17.561,-29.235,85.284,0,35.658,20.766,-37.325,-47.142,7.877,-34.682,100.123,1,-46.500,1.000,-34.788,0,0,0,0,0,0,0,0,0,0,0,0,0,0,0,0,0,0,0,0,0,0,0,0
91.300,35.939,17.585,-29.333,85.231,0,35.658,20.766,-37.325,-47.154,7.906,-34.669,100.123,1,-46.500,1.000,-34.788,0,0,0,0,0,0,0,0,0,0,0,0,0,0,0,0,0,0,0,0,0,0,0,0
91.350,35.936,17.609,-29.431,85.179,0,35.658,20.766,-37.325,-47.165,7.936,-34.655,100.123,1,-46.500,1.000,-34.788,0,0,0,0,0,0,0,0,0,0,0,0,0,0,0,0,0,0,0,0,0,0,0,0
91.400,35.933,17.634,-29.529,85.126,0,35.658,20.766,-37.325,-47.177,7.965,-34.641,100.123,1,-46.500,1.000,-34.788,0,0,0,0,0,0,0,0,0,0,0,0,0,0,0,0,0,0,0,0,0,0,0,0
91.450,35.929,17.659,-29.627,85.073,0,35.658,20.766,-37.325,-47.188,7.995,-34.628,100.123,1,-46.500,1.000,-34.788,0,0,0,0,0,0,0,0,0,0,0,0,0,0,0,0,0,0,0,0,0,0,0,0
91.500,35.925,17.684,-29.725,85.020,0,35.658,20.766,-37.325,-47.199,8.024,-34.615,100.123,1,-46.500,1.000,-34.788,0,0,0,0,0,0,0,0,0,0,0,0,0,0,0,0,0,0,0,0,0,0,0,0
91.550,35.921,17.709,-29.823,84.967,0,35.658,20.766,-37.325,-47.211,8.053,-34.603,100.123,1,-46.500,1.000,-34.788,0,0,0,0,0,0,0,0,0,0,0,0,0,0,0,0,0,0,0,0,0,0,0,0
91.600,35.916,17.734,-29.921,84.914,0,35.658,20.766,-37.325,-47.222,8.082,-34.590,100.123,1,-46.500,1.000,-34.788,0,0,0,0,0,0,0,0,0,0,0,0,0,0,0,0,0,0,0,0,0,0,0,0
91.650,35.910,17.760,-30.019,84.861,0,35.658,20.766,-37.325,-47.233,8.111,-34.578,100.123,1,-46.500,1.000,-34.788,0,0,0,0,0,0,0,0,0,0,0,0,0,0,0,0,0,0,0,0,0,0,0,0
91.700,35.904,17.786,-30.117,84.808,0,35.658,20.766,-37.325,-47.244,8.140,-34.567,100.123,1,-46.500,1.000,-34.788,0,0,0,0,0,0,0,0,0,0,0,0,0,0,0,0,0,0,0,0,0,0,0,0
91.750,35.898,17.811,-30.215,84.755,0,35.658,20.766,-37.325,-47.255,8.168,-34.555,100.123,1,-46.500,1.000,-34.788,0,0,0,0,0,0,0,0,0,0,0,0,0,0,0,0,0,0,0,0,0,0,0,0
91.800,35.891,17.837,-30.313,84.701,0,35.658,20.766,-37.325,-47.266,8.197,-34.544,100.123,1,-46.500,1.000,-34.788,0,0,0,0,0,0,0,0,0,0,0,0,0,0,0,0,0,0,0,0,0,0,0,0
91.850,35.884,17.864,-30.411,84.648,0,35.658,20.766,-37.325,-47.277,8.225,-34.533,100.123,1,-46.500,1.000,-34.788,0,0,0,0,0,0,0,0,0,0,0,0,0,0,0,0,0,0,0,0,0,0,0,0
91.900,35.877,17.890,-30.508,84.595,0,35.658,20.766,-37.325,-47.287,8.253,-34.523,100.123,1,-46.500,1.000,-34.788,0,0,0,0,0,0,0,0,0,0,0,0,0,0,0,0,0,0,0,0,0,0,0,0
91.950,35.869,17.917,-30.606,84.541,0,35.658,20.766,-37.325,-47.297,8.280,-34.512,100.123,1,-46.500,1.000,-34.788,0,0,0,0,0,0,0,0,0,0,0,0,0,0,0,0,0,0,0,0,0,0,0,0
92.000,35.860,17.943,-30.704,84.488,0,35.658,20.766,-37.325,-47.308,8.307,-34.503,100.123,1,-46.500,1.000,-34.788,0,0,0,0,0,0,0,0,0,0,0,0,0,0,0,0,0,0,0,0,0,0,0,0
92.050,35.852,17.970,-30.802,84.434,0,35.658,20.766,-37.325,-47.317,8.334,-34.493,100.123,1,-46.500,1.000,-34.788,0,0,0,0,0,0,0,0,0,0,0,0,0,0,0,0,0,0,0,0,0,0,0,0
92.100,35.843,17.997,-30.900,84.381,0,35.658,20.766,-37.325,-47.327,8.360,-34.484,100.123,1,-46.500,1.000,-34.788,0,0,0,0,0,0,0,0,0,0,0,0,0,0,0,0,0,0,0,0,0,0,0,0
92.150,35.833,18.024,-30.997,84.327,0,35.658,20.766,-37.325,-47.336,8.386,-34.476,100.123,1,-46.500,1.000,-34.788,0,0,0,0,0,0,0,0,0,0,0,0,0,0,0,0,0,0,0,0,0,0,0,0
92.200,35.824,18.052,-31.095,84.274,0,35.658,20.766,-37.325,-47.345,8.412,-34.467,100.123,1,-46.500,1.000,-34.788,0,0,0,0,0,0,0,0,0,0,0,0,0,0,0,0,0,0,0,0,0,0,0,0
92.250,35.814,18.079,-31.193,84.220,0,35.658,20.766,-37.325,-47.354,8.437,-34.459,100.123,1,-46.500,1.000,-34.788,0,0,0,0,0,0,0,0,0,0,0,0,0,0,0,0,0,0,0,0,0,0,0,0
92.300,35.803,18.107,-31.290,84.167,0,35.658,20.766,-37.325,-47.363,8.461,-34.452,100.123,1,-46.500,1.000,-34.788,0,0,0,0,0,0,0,0,0,0,0,0,0,0,0,0,0,0,0,0,0,0,0,0
92.350,35.793,18.135,-31.388,84.113,0,35.658,20.766,-37.325,-47.371,8.485,-34.445,100.123,1,-46.500,1.000,-34.788,0,0,0,0,0,0,0,0,0,0,0,0,0,0,0,0,0,0,0,0,0,0,0,0
92.400,35.782,18.163,-31.486,84.059,0,35.658,20.766,-37.325,-47.379,8.509,-34.438,100.123,1,-46.500,1.000,-34.788,0,0,0,0,0,0,0,0,0,0,0,0,0,0,0,0,0,0,0,0,0,0,0,0
92.450,35.770,18.192,-31.583,84.005,0,35.658,20.766,-37.325,-47.387,8.532,-34.432,100.123,1,-46.500,1.000,-34.788,0,0,0,0,0,0,0,0,0,0,0,0,0,0,0,0,0,0,0,0,0,0,0,0
92.500,35.759,18.220,-31.681,83.951,0,35.658,20.766,-37.325,-47.394,8.554,-34.426,100.123,1,-46.500,1.000,-34.788,0,0,0,0,0,0,0,0,0,0,0,0,0,0,0,0,0,0,0,0,0,0,0,0
92.550,35.747,18.249,-31.778,83.898,0,35.658,20.766,-37.325,-47.401,8.576,-34.420,100.123,1,-46.500,1.000,-34.788,0,0,0,0,0,0,0,0,0,0,0,0,0,0,0,0,0,0,0,0,0,0,0,0
92.600,35.734,18.278,-31.876,83.844,0,35.658,20.766,-37.325,-47.408,8.597,-34.415,100.123,1,-46.500,1.000,-34.788,0,0,0,0,0,0,0,0,0,0,0,0,0,0,0,0,0,0,0,0,0,0,0,0
92.650,35.722,18.307,-31.973,83.790,0,35.658,20.766,-37.325,-47.414,8.618,-34.411,100.123,1,-46.500,1.000,-34.788,0,0,0,0,0,0,0,0,0,0,0,0,0,0,0,0,0,0,0,0,0,0,0,0
92.700,35.709,18.336,-32.071,83.736,0,35.658,20.766,-37.325,-47.420,8.637,-34.406,100.123,1,-46.500,1.000,-34.788,0,0,0,0,0,0,0,0,0,0,0,0,0,0,0,0,0,0,0,0,0,0,0,0
92.750,35.696,18.366,-32.168,83.682,0,35.658,20.766,-37.325,-47.426,8.657,-34.402,100.123,1,-46.500,1.000,-34.788,0,0,0,0,0,0,0,0,0,0,0,0,0,0,0,0,0,0,0,0,0,0,0,0
92.800,35.683,18.395,-32.265,83.628,0,35.658,20.766,-37.325,-47.431,8.675,-34.399,100.123,1,-46.500,1.000,-34.788,0,0,0,0,0,0,0,0,0,0,0,0,0,0,0,0,0,0,0,0,0,0,0,0
92.850,35.670,18.425,-32.363,83.574,0,35.658,20.766,-37.325,-47.436,8.693,-34.396,100.123,1,-46.500,1.000,-34.788,0,0,0,0,0,0,0,0,0,0,0,0,0,0,0,0,0,0,0,0,0,0,0,0
92.900,35.656,18.455,-32.460,83.520,0,35.658,20.766,-37.325,-47.441,8.710,-34.393,100.123,1,-46.500,1.000,-34.788,0,0,0,0,0,0,0,0,0,0,0,0,0,0,0,0,0,0,0,0,0,0,0,0
92.950,35.642,18.485,-32.557,83.466,0,35.658,20.766,-37.325,-47.445,8.727,-34.391,100.123,1,-46.500,1.000,-34.788,0,0,0,0,0,0,0,0,0,0,0,0,0,0,0,0,0,0,0,0,0,0,0,0
93.000,35.628,18.516,-32.654,83.411,0,35.658,20.766,-37.325,-47.449,8.743,-34.389,100.123,1,-46.500,1.000,-34.788,0,0,0,0,0,0,0,0,0,0,0,0,0,0,0,0,0,0,0,0,0,0,0,0
93.050,35.614,18.546,-32.751,83.357,0,35.658,20.766,-37.325,-47.453,8.758,-34.388,100.123,1,-46.500,1.000,-34.788,0,0,0,0,0,0,0,0,0,0,0,0,0,0,0,0,0,0,0,0,0,0,0,0
93.100,35.599,18.577,-32.848,83.303,0,35.658,20.766,-37.325,-47.457,8.772,-34.387,100.123,1,-46.500,1.000,-34.788,0,0,0,0,0,0,0,0,0,0,0,0,0,0,0,0,0,0,0,0,0,0,0,0
93.150,35.585,18.608,-32.945,83.223,0,28.989,5.521,-42.703,-47.460,8.786,-34.386,100.123,1,-46.500,1.000,-34.788,0,0,0,0,0,0,0,0,0,0,0,0,0,0,0,0,0,0,0,0,0,0,0,0
93.200,35.568,18.635,-33.042,83.143,0,28.989,5.521,-42.703,-47.462,8.799,-34.386,100.123,1,-46.500,1.000,-34.788,0,0,0,0,0,0,0,0,0,0,0,0,0,0,0,0,0,0,0,0,0,0,0,0
93.250,35.548,18.657,-33.138,83.062,0,28.989,5.521,-42.703,-47.465,8.811,-34.386,100.123,1,-46.500,1.000,-34.788,0,0,0,0,0,0,0,0,0,0,0,0,0,0,0,0,0,0,0,0,0,0,0,0
93.300,35.526,18.675,-33.234,82.982,0,28.989,5.521,-42.703,-47.467,8.822,-34.386,100.123,1,-46.500,1.000,-34.788,0,0,0,0,0,0,0,0,0,0,0,0,0,0,0,0,0,0,0,0,0,0,0,0
93.350,35.501,18.690,-33.329,82.902,0,28.989,5.521,-42.703,-47.468,8.833,-34.387,100.123,1,-46.500,1.000,-34.788,0,0,0,0,0,0,0,0,0,0,0,0,0,0,0,0,0,0,0,0,0,0,0,0
93.400,35.475,18.701,-33.424,82.822,0,28.989,5.521,-42.703,-47.470,8.842,-34.388,100.123,1,-46.500,1.000,-34.788,0,0,0,0,0,0,0,0,0,0,0,0,0,0,0,0,0,0,0,0,0,0,0,0
93.450,35.446,18.708,-33.519,82.742,0,28.989,5.521,-42.703,-47.471,8.851,-34.390,100.123,1,-46.500,1.000,-34.788,0,0,0,0,0,0,0,0,0,0,0,0,0,0,0,0,0,0,0,0,0,0,0,0
93.500,35.414,18.712,-33.614,82.662,0,28.989,5.521,-42.703,-47.472,8.859,-34.392,100.123,1,-46.500,1.000,-34.788,0,0,0,0,0,0,0,0,0,0,0,0,0,0,0,0,0,0,0,0,0,0,0,0
93.550,35.381,18.712,-33.708,82.582,0,28.989,5.521,-42.703,-47.472,8.867,-34.394,100.123,1,-46.500,1.000,-34.788,0,0,0,0,0,0,0,0,0,0,0,0,0,0,0,0,0,0,0,0,0,0,0,0
93.600,35.346,18.710,-33.802,82.502,0,28.989,5.521,-42.703,-47.472,8.873,-34.397,100.123,1,-46.500,1.000,-34.788,0,0,0,0,0,0,0,0,0,0,0,0,0,0,0,0,0,0,0,0,0,0,0,0
93.650,35.309,18.704,-33.895,82.422,0,28.989,5.521,-42.703,-47.472,8.879,-34.400,100.123,1,-46.500,1.000,-34.788,0,0,0,0,0,0,0,0,0,0,0,0,0,0,0,0,0,0,0,0,0,0,0,0
93.700,35.270,18.694,-33.988,82.343,0,28.989,5.521,-42.703,-47.472,8.884,-34.404,100.123,1,-46.500,1.000,-34.788,0,0,0,0,0,0,0,0,0,0,0,0,0,0,0,0,0,0,0,0,0,0,0,0
93.750,35.229,18.682,-34.081,82.263,0,28.989,5.521,-42.703,-47.471,8.888,-34.407,100.123,1,-46.500,1.000,-34.788,0,0,0,0,0,0,0,0,0,0,0,0,0,0,0,0,0,0,0,0,0,0,0,0
93.800,35.187,18.668,-34.173,82.183,0,28.989,5.521,-42.703,-47.470,8.891,-34.411,100.123,1,-46.500,1.000,-34.788,0,0,0,0,0,0,0,0,0,0,0,0,0,0,0,0,0,0,0,0,0,0,0,0
93.850,35.143,18.650,-34.265,82.103,0,28.989,5.521,-42.703,-47.468,8.893,-34.416,100.123,1,-46.500,1.000,-34.788,0,0,0,0,0,0,0,0,0,0,0,0,0,0,0,0,0,0,0,0,0,0,0,0
93.900,35.097,18.630,-34.357,82.024,0,28.989,5.521,-42.703,-47.467,8.895,-34.420,100.123,1,-46.500,1.000,-34.788,0,0,0,0,0,0,0,0,0,0,0,0,0,0,0,0,0,0,0,0,0,0,0,0
93.950,35.050,18.607,-34.448,81.944,0,28.989,5.521,-42.703,-47.465,8.895,-34.426,100.123,1,-46.500,1.000,-34.788,0,0,0,0,0,0,0,0,0,0,0,0,0,0,0,0,0,0,0,0,0,0,0,0
94.000,35.001,18.581,-34.538,81.864,0,28.989,5.521,-42.703,-47.463,8.895,-34.431,100.123,1,-46.500,1.000,-34.788,0,0,0,0,0,0,0,0,0,0,0,0,0,0,0,0,0,0,0,0,0,0,0,0
94.050,34.951,18.554,-34.628,81.785,0,28.989,5.521,-42.703,-47.460,8.894,-34.436,100.123,1,-46.500,1.000,-34.788,0,0,0,0,0,0,0,0,0,0,0,0,0,0,0,0,0,0,0,0,0,0,0,0
94.100,34.899,18.524,-34.718,81.705,0,28.989,5.521,-42.703,-47.458,8.892,-34.442,100.123,1,-46.500,1.000,-34.788,0,0,0,0,0,0,0,0,0,0,0,0,0,0,0,0,0,0,0,0,0,0,0,0
94.150,34.847,18.492,-34.807,81.626,0,28.989,5.521,-42.703,-47.455,8.889,-34.449,100.123,1,-46.500,1.000,-34.788,0,0,0,0,0,0,0,0,0,0,0,0,0,0,0,0,0,0,0,0,0,0,0,0
94.200,34.793,18.458,-34.896,81.546,0,28.989,5.521,-42.703,-47.451,8.885,-34.455,100.123,1,-46.500,1.000,-34.788,0,0,0,0,0,0,0,0,0,0,0,0,0,0,0,0,0,0,0,0,0,0,0,0
94.250,34.738,18.421,-34.984,81.467,0,28.989,5.521,-42.703,-47.448,8.880,-34.462,100.123,1,-46.500,1.000,-34.788,0,0,0,0,0,0,0,0,0,0,0,0,0,0,0,0,0,0,0,0,0,0,0,0
94.300,34.682,18.383,-35.072,81.387,0,28.989,5.521,-42.703,-47.444,8.875,-34.469,100.123,1,-46.500,1.000,-34.788,0,0,0,0,0,0,0,0,0,0,0,0,0,0,0,0,0,0,0,0,0,0,0,0
94.350,34.624,18.343,-35.159,81.308,0,28.989,5.521,-42.703,-47.441,8.869,-34.476,100.123,1,-46.500,1.000,-34.788,0,0,0,0,0,0,0,0,0,0,0,0,0,0,0,0,0,0,0,0,0,0,0,0
94.400,34.566,18.301,-35.246,81.228,0,28.989,5.521,-42.703,-47.437,8.861,-34.483,100.123,1,-46.500,1.000,-34.788,0,0,0,0,0,0,0,0,0,0,0,0,0,0,0,0,0,0,0,0,0,0,0,0
94.450,34.507,18.258,-35.332,81.149,0,28.989,5.521,-42.703,-47.432,8.853,-34.491,100.123,1,-46.500,1.000,-34.788,0,0,0,0,0,0,0,0,0,0,0,0,0,0,0,0,0,0,0,0,0,0,0,0
94.500,34.447,18.213,-35.418,81.070,0,28.989,5.521,-42.703,-47.428,8.845,-34.499,100.123,1,-46.500,1.000,-34.788,0,0,0,0,0,0,0,0,0,0,0,0,0,0,0,0,0,0,0,0,0,0,0,0
94.550,34.387,18.166,-35.503,80.990,0,28.989,5.521,-42.703,-47.424,8.835,-34.507,100.123,1,-46.500,1.000,-34.788,0,0,0,0,0,0,0,0,0,0,0,0,0,0,0,0,0,0,0,0,0,0,0,0
94.600,34.325,18.118,-35.587,80.911,0,28.989,5.521,-42.703,-47.419,8.824,-34.515,100.123,1,-46.500,1.000,-34.788,0,0,0,0,0,0,0,0,0,0,0,0,0,0,0,0,0,0,0,0,0,0,0,0
94.650,34.263,18.068,-35.671,80.832,0,28.989,5.521,-42.703,-47.414,8.813,-34.524,100.123,1,-46.500,1.000,-34.788,0,0,0,0,0,0,0,0,0,0,0,0,0,0,0,0,0,0,0,0,0,0,0,0
94.700,34.200,18.017,-35.755,80.753,0,28.989,5.521,-42.703,-47.409,8.801,-34.532,100.123,1,-46.500,1.000,-34.788,0,0,0,0,0,0,0,0,0,0,0,0,0,0,0,0,0,0,0,0,0,0,0,0
94.750,34.136,17.965,-35.838,80.673,0,28.989,5.521,-42.703,-47.404,8.788,-34.541,100.123,1,-46.500,1.000,-34.788,0,0,0,0,0,0,0,0,0,0,0,0,0,0,0,0,0,0,0,0,0,0,0,0
94.800,34.072,17.911,-35.920,80.594,0,28.989,5.521,-42.703,-47.399,8.775,-34.550,100.123,1,-46.500,1.000,-34.788,0,0,0,0,0,0,0,0,0,0,0,0,0,0,0,0,0,0,0,0,0,0,0,0
94.850,34.007,17.857,-36.002,80.515,0,28.989,5.521,-42.703,-47.394,8.761,-34.559,100.123,1,-46.500,1.000,-34.788,0,0,0,0,0,0,0,0,0,0,0,0,0,0,0,0,0,0,0,0,0,0,0,0
94.900,33.942,17.801,-36.083,80.436,0,28.989,5.521,-42.703,-47.388,8.746,-34.568,100.123,1,-46.500,1.000,-34.788,0,0,0,0,0,0,0,0,0,0,0,0,0,0,0,0,0,0,0,0,0,0,0,0
94.950,33.876,17.744,-36.164,80.357,0,28.989,5.521,-42.703,-47.383,8.730,-34.577,100.123,1,-46.500,1.000,-34.788,0,0,0,0,0,0,0,0,0,0,0,0,0,0,0,0,0,0,0,0,0,0,0,0
95.000,33.810,17.686,-36.245,80.278,0,28.989,5.521,-42.703,-47.377,8.714,-34.586,100.123,1,-46.500,1.000,-34.788,0,0,0,0,0,0,0,0,0,0,0,0,0,0,0,0,0,0,0,0,0,0,0,0
95.050,33.743,17.627,-36.325,80.199,0,28.989,5.521,-42.703,-47.372,8.697,-34.595,100.123,1,-46.500,1.000,-34.788,0,0,0,0,0,0,0,0,0,0,0,0,0,0,0,0,0,0,0,0,0,0,0,0
95.100,33.676,17.568,-36.404,80.120,0,28.989,5.521,-42.703,-47.366,8.679,-34.605,100.123,1,-46.500,1.000,-34.788,0,0,0,0,0,0,0,0,0,0,0,0,0,0,0,0,0,0,0,0,0,0,0,0
95.150,33.609,17.507,-36.483,80.041,0,28.989,5.521,-42.703,-47.361,8.661,-34.614,100.123,1,-46.500,1.000,-34.788,0,0,0,0,0,0,0,0,0,0,0,0,0,0,0,0,0,0,0,0,0,0,0,0
95.200,33.541,17.446,-36.561,79.962,0,28.989,5.521,-42.703,-47.355,8.642,-34.623,100.123,1,-46.500,1.000,-34.788,0,0,0,0,0,0,0,0,0,0,0,0,0,0,0,0,0,0,0,0,0,0,0,0
95.250,33.473,17.383,-36.639,79.884,0,28.989,5.521,-42.703,-47.349,8.623,-34.633,100.123,1,-46.500,1.000,-34.788,0,0,0,0,0,0,0,0,0,0,0,0,0,0,0,0,0,0,0,0,0,0,0,0
95.300,33.404,17.320,-36.717,79.805,0,28.989,5.521,-42.703,-47.344,8.603,-34.642,100.123,1,-46.500,1.000,-34.788,0,0,0,0,0,0,0,0,0,0,0,0,0,0,0,0,0,0,0,0,0,0,0,0
95.350,33.336,17.256,-36.794,79.726,0,28.989,5.521,-42.703,-47.338,8.583,-34.652,100.123,1,-46.500,1.000,-34.788,0,0,0,0,0,0,0,0,0,0,0,0,0,0,0,0,0,0,0,0,0,0,0,0
95.400,33.267,17.192,-36.871,79.647,0,28.989,5.521,-42.703,-47.333,8.562,-34.661,100.123,1,-46.500,1.000,-34.788,0,0,0,0,0,0,0,0,0,0,0,0,0,0,0,0,0,0,0,0,0,0,0,0
95.450,33.198,17.127,-36.947,79.569,0,28.989,5.521,-42.703,-47.327,8.540,-34.671,100.123,1,-46.500,1.000,-34.788,0,0,0,0,0,0,0,0,0,0,0,0,0,0,0,0,0,0,0,0,0,0,0,0
95.500,33.128,17.061,-37.023,79.490,0,28.989,5.521,-42.703,-47.322,8.518,-34.680,100.123,1,-46.500,1.000,-34.788,0,0,0,0,0,0,0,0,0,0,0,0,0,0,0,0,0,0,0,0,0,0,0,0
95.550,33.059,16.995,-37.098,79.412,0,28.989,5.521,-42.703,-47.316,8.496,-34.689,100.123,1,-46.500,1.000,-34.788,0,0,0,0,0,0,0,0,0,0,0,0,0,0,0,0,0,0,0,0,0,0,0,0
95.600,32.989,16.928,-37.174,79.333,0,28.989,5.521,-42.703,-47.311,8.474,-34.699,100.123,1,-46.500,1.000,-34.788,0,0,0,0,0,0,0,0,0,0,0,0,0,0,0,0,0,0,0,0,0,0,0,0
95.650,32.919,16.860,-37.248,79.255,0,28.989,5.521,-42.703,-47.305,8.450,-34.708,100.123,1,-46.500,1.000,-34.788,0,0,0,0,0,0,0,0,0,0,0,0,0,0,0,0,0,0,0,0,0,0,0,0
95.700,32.849,16.792,-37.323,79.177,0,28.989,5.521,-42.703,-47.300,8.427,-34.717,100.123,1,-46.500,1.000,-34.788,0,0,0,0,0,0,0,0,0,0,0,0,0,0,0,0,0,0,0,0,0,0,0,0
95.750,32.779,16.724,-37.397,79.099,0,28.989,5.521,-42.703,-47.295,8.403,-34.726,100.123,1,-46.500,1.000,-34.788,0,0,0,0,0,0,0,0,0,0,0,0,0,0,0,0,0,0,0,0,0,0,0,0
95.800,32.709,16.655,-37.470,79.021,0,28.989,5.521,-42.703,-47.290,8.379,-34.735,100.123,1,-46.500,1.000,-34.788,0,0,0,0,0,0,0,0,0,0,0,0,0,0,0,0,0,0,0,0,0,0,0,0
95.850,32.638,16.585,-37.544,78.943,0,28.989,5.521,-42.703,-47.285,8.355,-34.744,100.123,1,-46.500,1.000,-34.788,0,0,0,0,0,0,0,0,0,0,0,0,0,0,0,0,0,0,0,0,0,0,0,0
95.900,32.568,16.515,-37.617,78.865,0,28.989,5.521,-42.703,-47.280,8.331,-34.753,100.123,1,-46.500,1.000,-34.788,0,0,0,0,0,0,0,0,0,0,0,0,0,0,0,0,0,0,0,0,0,0,0,0
95.950,32.497,16.445,-37.689,78.787,0,28.989,5.521,-42.703,-47.275,8.306,-34.762,100.123,1,-46.500,1.000,-34.788,0,0,0,0,0,0,0,0,0,0,0,0,0,0,0,0,0,0,0,0,0,0,0,0
96.000,32.427,16.375,-37.762,78.709,0,28.989,5.521,-42.703,-47.271,8.281,-34.770,100.123,1,-46.500,1.000,-34.788,0,0,0,0,0,0,0,0,0,0,0,0,0,0,0,0,0,0,0,0,0,0,0,0
96.050,32.356,16.304,-37.834,78.632,0,28.989,5.521,-42.703,-47.266,8.256,-34.779,100.123,1,-46.500,1.000,-34.788,0,0,0,0,0,0,0,0,0,0,0,0,0,0,0,0,0,0,0,0,0,0,0,0
96.100,32.286,16.232,-37.906,78.554,0,28.989,5.521,-42.703,-47.262,8.231,-34.787,100.123,1,-46.500,1.000,-34.788,0,0,0,0,0,0,0,0,0,0,0,0,0,0,0,0,0,0,0,0,0,0,0,0
96.150,32.215,16.160,-37.977,78.477,0,28.989,5.521,-42.703,-47.258,8.205,-34.796,100.123,1,-46.500,1.000,-34.788,0,0,0,0,0,0,0,0,0,0,0,0,0,0,0,0,0,0,0,0,0,0,0,0
96.200,32.145,16.088,-38.049,78.400,0,28.989,5.521,-42.703,-47.254,8.180,-34.804,100.123,1,-46.500,1.000,-34.788,0,0,0,0,0,0,0,0,0,0,0,0,0,0,0,0,0,0,0,0,0,0,0,0
96.250,32.074,16.016,-38.120,78.322,0,28.989,5.521,-42.703,-47.250,8.154,-34.812,100.123,1,-46.500,1.000,-34.788,0,0,0,0,0,0,0,0,0,0,0,0,0,0,0,0,0,0,0,0,0,0,0,0
96.300,32.004,15.943,-38.191,78.245,0,28.989,5.521,-42.703,-47.246,8.129,-34.819,100.123,1,-46.500,1.000,-34.788,0,0,0,0,0,0,0,0,0,0,0,0,0,0,0,0,0,0,0,0,0,0,0,0
96.350,31.934,15.870,-38.261,78.169,0,28.989,5.521,-42.703,-47.242,8.103,-34.827,100.123,1,-46.500,1.000,-34.788,0,0,0,0,0,0,0,0,0,0,0,0,0,0,0,0,0,0,0,0,0,0,0,0
96.400,31.863,15.797,-38.332,78.092,0,28.989,5.521,-42.703,-47.239,8.078,-34.835,100.123,1,-46.500,1.000,-34.788,0,0,0,0,0,0,0,0,0,0,0,0,0,0,0,0,0,0,0,0,0,0,0,0
96.450,31.793,15.724,-38.402,78.016,0,28.989,5.521,-42.703,-47.236,8.053,-34.842,100.123,1,-46.500,1.000,-34.788,0,0,0,0,0,0,0,0,0,0,0,0,0,0,0,0,0,0,0,0,0,0,0,0
96.500,31.723,15.650,-38.472,77.939,0,28.989,5.521,-42.703,-47.233,8.027,-34.849,100.123,1,-46.500,1.000,-34.788,0,0,0,0,0,0,0,0,0,0,0,0,0,0,0,0,0,0,0,0,0,0,0,0
96.550,31.653,15.576,-38.542,77.863,0,28.989,5.521,-42.703,-47.230,8.002,-34.856,100.123,1,-46.500,1.000,-34.788,0,0,0,0,0,0,0,0,0,0,0,0,0,0,0,0,0,0,0,0,0,0,0,0
96.600,31.583,15.502,-38.611,77.788,0,28.989,5.521,-42.703,-47.227,7.977,-34.863,100.123,1,-46.500,1.000,-34.788,0,0,0,0,0,0,0,0,0,0,0,0,0,0,0,0,0,0,0,0,0,0,0,0
96.650,31.514,15.427,-38.680,77.712,0,28.989,5.521,-42.703,-47.225,7.952,-34.869,100.123,1,-46.500,1.000,-34.788,0,0,0,0,0,0,0,0,0,0,0,0,0,0,0,0,0,0,0,0,0,0,0,0
96.700,31.444,15.353,-38.750,77.637,0,28.989,5.521,-42.703,-47.223,7.928,-34.876,100.123,1,-46.500,1.000,-34.788,0,0,0,0,0,0,0,0,0,0,0,0,0,0,0,0,0,0,0,0,0,0,0,0
96.750,31.375,15.278,-38.819,77.562,0,28.989,5.521,-42.703,-47.221,7.903,-34.882,100.123,1,-46.500,1.000,-34.788,0,0,0,0,0,0,0,0,0,0,0,0,0,0,0,0,0,0,0,0,0,0,0,0
96.800,31.306,15.203,-38.887,77.487,0,28.989,5.521,-42.703,-47.219,7.879,-34.888,100.123,1,-46.500,1.000,-34.788,0,0,0,0,0,0,0,0,0,0,0,0,0,0,0,0,0,0,0,0,0,0,0,0
96.850,31.237,15.128,-38.956,77.412,0,28.989,5.521,-42.703,-47.217,7.855,-34.894,100.123,1,-46.500,1.000,-34.788,0,0,0,0,0,0,0,0,0,0,0,0,0,0,0,0,0,0,0,0,0,0,0,0
96.900,31.168,15.052,-39.024,77.338,0,28.989,5.521,-42.703,-47.216,7.831,-34.899,100.123,1,-46.500,1.000,-34.788,0,0,0,0,0,0,0,0,0,0,0,0,0,0,0,0,0,0,0,0,0,0,0,0
96.950,31.100,14.976,-39.093,77.264,0,28.989,5.521,-42.703,-47.215,7.807,-34.905,100.123,1,-46.500,1.000,-34.788,0,0,0,0,0,0,0,0,0,0,0,0,0,0,0,0,0,0,0,0,0,0,0,0
97.000,31.032,14.901,-39.161,77.190,0,28.989,5.521,-42.703,-47.214,7.784,-34.910,100.123,1,-46.500,1.000,-34.788,0,0,0,0,0,0,0,0,0,0,0,0,0,0,0,0,0,0,0,0,0,0,0,0
97.050,30.964,14.825,-39.229,77.116,0,28.989,5.521,-42.703,-47.213,7.761,-34.915,100.123,1,-46.500,1.000,-34.788,0,0,0,0,0,0,0,0,0,0,0,0,0,0,0,0,0,0,0,0,0,0,0,0
97.100,30.897,14.748,-39.297,77.043,0,28.989,5.521,-42.703,-47.212,7.738,-34.920,100.123,1,-46.500,1.000,-34.788,0,0,0,0,0,0,0,0,0,0,0,0,0,0,0,0,0,0,0,0,0,0,0,0
97.150,30.830,14.672,-39.365,76.970,0,28.989,5.521,-42.703,-47.212,7.716,-34.924,100.123,1,-46.500,1.000,-34.788,0,0,0,0,0,0,0,0,0,0,0,0,0,0,0,0,0,0,0,0,0,0,0,0
97.200,30.763,14.596,-39.432,76.897,0,28.989,5.521,-42.703,-47.211,7.694,-34.928,100.123,1,-46.500,1.000,-34.788,0,0,0,0,0,0,0,0,0,0,0,0,0,0,0,0,0,0,0,0,0,0,0,0
97.250,30.697,14.519,-39.500,76.825,0,28.989,5.521,-42.703,-47.211,7.673,-34.933,100.123,1,-46.500,1.000,-34.788,0,0,0,0,0,0,0,0,0,0,0,0,0,0,0,0,0,0,0,0,0,0,0,0
97.300,30.631,14.442,-39.567,76.753,0,28.989,5.521,-42.703,-47.211,7.652,-34.936,100.123,1,-46.500,1.000,-34.788,0,0,0,0,0,0,0,0,0,0,0,0,0,0,0,0,0,0,0,0,0,0,0,0
97.350,30.565,14.365,-39.635,76.681,0,28.989,5.521,-42.703,-47.211,7.631,-34.940,100.123,1,-46.500,1.000,-34.788,0,0,0,0,0,0,0,0,0,0,0,0,0,0,0,0,0,0,0,0,0,0,0,0
97.400,30.500,14.288,-39.702,76.610,0,28.989,5.521,-42.703,-47.211,7.611,-34.943,100.123,1,-46.500,1.000,-34.788,0,0,0,0,0,0,0,0,0,0,0,0,0,0,0,0,0,0,0,0,0,0,0,0
97.450,30.435,14.211,-39.769,76.539,0,28.989,5.521,-42.703,-47.212,7.591,-34.946,100.123,1,-46.500,1.000,-34.788,0,0,0,0,0,0,0,0,0,0,0,0,0,0,0,0,0,0,0,0,0,0,0,0
97.500,30.371,14.133,-39.836,76.468,0,28.989,5.521,-42.703,-47.212,7.572,-34.949,100.123,1,-46.500,1.000,-34.788,0,0,0,0,0,0,0,0,0,0,0,0,0,0,0,0,0,0,0,0,0,0,0,0
97.550,30.307,14.055,-39.903,76.398,0,28.989,5.521,-42.703,-47.213,7.553,-34.952,100.123,1,-46.500,1.000,-34.788,0,0,0,0,0,0,0,0,0,0,0,0,0,0,0,0,0,0,0,0,0,0,0,0
97.600,30.244,13.978,-39.970,76.328,0,28.989,5.521,-42.703,-47.214,7.534,-34.954,100.123,1,-46.500,1.000,-34.788,0,0,0,0,0,0,0,0,0,0,0,0,0,0,0,0,0,0,0,0,0,0,0,0
97.650,30.181,13.900,-40.036,76.258,0,28.989,5.521,-42.703,-47.214,7.517,-34.957,100.123,1,-46.500,1.000,-34.788,0,0,0,0,0,0,0,0,0,0,0,0,0,0,0,0,0,0,0,0,0,0,0,0
97.700,30.119,13.822,-40.103,76.189,0,28.989,5.521,-42.703,-47.215,7.499,-34.959,100.123,1,-46.500,1.000,-34.788,0,0,0,0,0,0,0,0,0,0,0,0,0,0,0,0,0,0,0,0,0,0,0,0
97.750,30.058,13.743,-40.169,76.121,0,28.989,5.521,-42.703,-47.216,7.483,-34.960,100.123,1,-46.500,1.000,-34.788,0,0,0,0,0,0,0,0,0,0,0,0,0,0,0,0,0,0,0,0,0,0,0,0
97.800,29.997,13.665,-40.236,76.053,0,28.989,5.521,-42.703,-47.217,7.466,-34.962,100.123,1,-46.500,1.000,-34.788,0,0,0,0,0,0,0,0,0,0,0,0,0,0,0,0,0,0,0,0,0,0,0,0
97.850,29.936,13.587,-40.302,75.985,0,28.989,5.521,-42.703,-47.219,7.451,-34.963,100.123,1,-46.500,1.000,-34.788,0,0,0,0,0,0,0,0,0,0,0,0,0,0,0,0,0,0,0,0,0,0,0,0
97.900,29.877,13.508,-40.368,75.918,0,28.989,5.521,-42.703,-47.220,7.436,-34.964,100.123,1,-46.500,1.000,-34.788,0,0,0,0,0,0,0,0,0,0,0,0,0,0,0,0,0,0,0,0,0,0,0,0
97.950,29.818,13.429,-40.434,75.851,0,28.989,5.521,-42.703,-47.221,7.421,-34.965,100.123,1,-46.500,1.000,-34.788,0,0,0,0,0,0,0,0,0,0,0,0,0,0,0,0,0,0,0,0,0,0,0,0
98.000,29.760,13.350,-40.500,75.785,0,28.989,5.521,-42.703,-47.223,7.407,-34.966,100.123,1,-46.500,1.000,-34.788,0,0,0,0,0,0,0,0,0,0,0,0,0,0,0,0,0,0,0,0,0,0,0,0
98.050,29.702,13.271,-40.566,75.719,0,28.989,5.521,-42.703,-47.224,7.394,-34.966,100.123,1,-46.500,1.000,-34.788,0,0,0,0,0,0,0,0,0,0,0,0,0,0,0,0,0,0,0,0,0,0,0,0
98.100,29.646,13.192,-40.632,75.653,0,28.989,5.521,-42.703,-47.225,7.381,-34.966,100.123,1,-46.500,1.000,-34.788,0,0,0,0,0,0,0,0,0,0,0,0,0,0,0,0,0,0,0,0,0,0,0,0
98.150,29.590,13.112,-40.698,75.589,0,28.989,5.521,-42.703,-47.227,7.369,-34.966,100.123,1,-46.500,1.000,-34.788,0,0,0,0,0,0,0,0,0,0,0,0,0,0,0,0,0,0,0,0,0,0,0,0
98.200,29.536,13.033,-40.764,75.524,0,28.989,5.521,-42.703,-47.228,7.357,-34.966,100.123,1,-46.500,1.000,-34.788,0,0,0,0,0,0,0,0,0,0,0,0,0,0,0,0,0,0,0,0,0,0,0,0
98.250,29.482,12.953,-40.830,75.461,0,28.989,5.521,-42.703,-47.230,7.346,-34.965,100.123,1,-46.500,1.000,-34.788,0,0,0,0,0,0,0,0,0,0,0,0,0,0,0,0,0,0,0,0,0,0,0,0
98.300,29.429,12.873,-40.895,75.397,0,28.989,5.521,-42.703,-47.231,7.336,-34.964,100.123,1,-46.500,1.000,-34.788,0,0,0,0,0,0,0,0,0,0,0,0,0,0,0,0,0,0,0,0,0,0,0,0
98.350,29.378,12.793,-40.961,75.334,0,28.989,5.521,-42.703,-47.233,7.326,-34.963,100.123,1,-46.500,1.000,-34.788,0,0,0,0,0,0,0,0,0,0,0,0,0,0,0,0,0,0,0,0,0,0,0,0
98.400,29.327,12.713,-41.026,75.272,0,28.989,5.521,-42.703,-47.234,7.317,-34.962,100.123,1,-46.500,1.000,-34.788,0,0,0,0,0,0,0,0,0,0,0,0,0,0,0,0,0,0,0,0,0,0,0,0
98.450,29.278,12.632,-41.091,75.210,0,28.989,5.521,-42.703,-47.236,7.309,-34.961,100.123,1,-46.500,1.000,-34.788,0,0,0,0,0,0,0,0,0,0,0,0,0,0,0,0,0,0,0,0,0,0,0,0
98.500,29.230,12.552,-41.157,75.149,0,28.989,5.521,-42.703,-47.237,7.301,-34.959,100.123,1,-46.500,1.000,-34.788,0,0,0,0,0,0,0,0,0,0,0,0,0,0,0,0,0,0,0,0,0,0,0,0
98.550,29.183,12.471,-41.222,75.088,0,28.989,5.521,-42.703,-47.239,7.294,-34.957,100.123,1,-46.500,1.000,-34.788,0,0,0,0,0,0,0,0,0,0,0,0,0,0,0,0,0,0,0,0,0,0,0,0
98.600,29.137,12.390,-41.287,75.028,0,28.989,5.521,-42.703,-47.240,7.287,-34.955,100.123,1,-46.500,1.000,-34.788,0,0,0,0,0,0,0,0,0,0,0,0,0,0,0,0,0,0,0,0,0,0,0,0
98.650,29.093,12.309,-41.351,74.968,0,28.989,5.521,-42.703,-47.241,7.281,-34.953,100.123,1,-46.500,1.000,-34.788,0,0,0,0,0,0,0,0,0,0,0,0,0,0,0,0,0,0,0,0,0,0,0,0
98.700,29.049,12.228,-41.416,74.909,0,28.989,5.521,-42.703,-47.242,7.276,-34.950,100.123,1,-46.500,1.000,-34.788,0,0,0,0,0,0,0,0,0,0,0,0,0,0,0,0,0,0,0,0,0,0,0,0
98.750,29.008,12.146,-41.480,74.850,0,28.989,5.521,-42.703,-47.244,7.272,-34.948,100.123,1,-46.500,1.000,-34.788,0,0,0,0,0,0,0,0,0,0,0,0,0,0,0,0,0,0,0,0,0,0,0,0
98.800,28.967,12.065,-41.544,74.792,0,28.989,5.521,-42.703,-47.245,7.268,-34.945,100.123,1,-46.500,1.000,-34.788,0,0,0,0,0,0,0,0,0,0,0,0,0,0,0,0,0,0,0,0,0,0,0,0
98.850,28.928,11.983,-41.608,74.735,0,28.989,5.521,-42.703,-47.246,7.265,-34.942,100.123,1,-46.500,1.000,-34.788,0,0,0,0,0,0,0,0,0,0,0,0,0,0,0,0,0,0,0,0,0,0,0,0
98.900,28.891,11.901,-41.671,74.678,0,28.989,5.521,-42.703,-47.247,7.262,-34.939,100.123,1,-46.500,1.000,-34.788,0,0,0,0,0,0,0,0,0,0,0,0,0,0,0,0,0,0,0,0,0,0,0,0
98.950,28.855,11.818,-41.735,74.621,0,28.989,5.521,-42.703,-47.248,7.260,-34.935,100.123,1,-46.500,1.000,-34.788,0,0,0,0,0,0,0,0,0,0,0,0,0,0,0,0,0,0,0,0,0,0,0,0
99.000,28.821,11.736,-41.797,74.566,0,28.989,5.521,-42.703,-47.249,7.259,-34.932,100.123,1,-46.500,1.000,-34.788,0,0,0,0,0,0,0,0,0,0,0,0,0,0,0,0,0,0,0,0,0,0,0,0
99.050,28.788,11.653,-41.859,74.511,0,28.989,5.521,-42.703,-47.249,7.259,-34.928,100.123,1,-46.500,1.000,-34.788,0,0,0,0,0,0,0,0,0,0,0,0,0,0,0,0,0,0,0,0,0,0,0,0
99.100,28.757,11.571,-41.921,74.456,0,28.989,5.521,-42.703,-47.250,7.259,-34.924,100.123,1,-46.500,1.000,-34.788,0,0,0,0,0,0,0,0,0,0,0,0,0,0,0,0,0,0,0,0,0,0,0,0
99.150,28.728,11.487,-41.982,74.401,0,28.989,5.521,-42.703,-47.250,7.260,-34.920,100.123,1,-46.500,1.000,-34.788,0,0,0,0,0,0,0,0,0,0,0,0,0,0,0,0,0,0,0,0,0,0,0,0
99.200,28.701,11.404,-42.042,74.347,0,28.989,5.521,-42.703,-47.251,7.262,-34.916,100.123,1,-46.500,1.000,-34.788,0,0,0,0,0,0,0,0,0,0,0,0,0,0,0,0,0,0,0,0,0,0,0,0
99.250,28.676,11.321,-42.101,74.293,0,28.989,5.521,-42.703,-47.251,7.264,-34.912,100.123,1,-46.500,1.000,-34.788,0,0,0,0,0,0,0,0,0,0,0,0,0,0,0,0,0,0,0,0,0,0,0,0
99.300,28.652,11.237,-42.160,74.239,0,28.989,5.521,-42.703,-47.251,7.267,-34.907,100.123,1,-46.500,1.000,-34.788,0,0,0,0,0,0,0,0,0,0,0,0,0,0,0,0,0,0,0,0,0,0,0,0
99.350,28.631,11.153,-42.218,74.185,0,28.989,5.521,-42.703,-47.251,7.271,-34.903,100.123,1,-46.500,1.000,-34.788,0,0,0,0,0,0,0,0,0,0,0,0,0,0,0,0,0,0,0,0,0,0,0,0
99.400,28.611,11.069,-42.275,74.132,0,28.989,5.521,-42.703,-47.251,7.275,-34.898,100.123,1,-46.500,1.000,-34.788,0,0,0,0,0,0,0,0,0,0,0,0,0,0,0,0,0,0,0,0,0,0,0,0
99.450,28.594,10.984,-42.330,74.078,0,28.989,5.521,-42.703,-47.251,7.281,-34.893,100.123,1,-46.500,1.000,-34.788,0,0,0,0,0,0,0,0,0,0,0,0,0,0,0,0,0,0,0,0,0,0,0,0
99.500,28.578,10.900,-42.385,74.025,0,28.989,5.521,-42.703,-47.251,7.287,-34.888,100.123,1,-46.500,1.000,-34.788,0,0,0,0,0,0,0,0,0,0,0,0,0,0,0,0,0,0,0,0,0,0,0,0
99.550,28.565,10.815,-42.439,73.971,0,28.989,5.521,-42.703,-47.250,7.293,-34.883,100.123,1,-46.500,1.000,-34.788,0,0,0,0,0,0,0,0,0,0,0,0,0,0,0,0,0,0,0,0,0,0,0,0
99.600,28.553,10.729,-42.491,73.918,0,28.989,5.521,-42.703,-47.250,7.300,-34.878,100.123,1,-46.500,1.000,-34.788,0,0,0,0,0,0,0,0,0,0,0,0,0,0,0,0,0,0,0,0,0,0,0,0
99.650,28.544,10.644,-42.542,73.865,0,28.989,5.521,-42.703,-47.249,7.308,-34.873,100.123,1,-46.500,1.000,-34.788,0,0,0,0,0,0,0,0,0,0,0,0,0,0,0,0,0,0,0,0,0,0,0,0
99.700,28.536,10.558,-42.592,73.812,0,28.989,5.521,-42.703,-47.248,7.317,-34.868,100.123,1,-46.500,1.000,-34.788,0,0,0,0,0,0,0,0,0,0,0,0,0,0,0,0,0,0,0,0,0,0,0,0
99.750,28.531,10.472,-42.640,73.759,0,28.989,5.521,-42.703,-47.247,7.326,-34.862,100.123,1,-46.500,1.000,-34.788,0,0,0,0,0,0,0,0,0,0,0,0,0,0,0,0,0,0,0,0,0,0,0,0
99.800,28.527,10.386,-42.687,73.700,0,30.759,5.000,-56.047,-47.247,7.336,-34.857,100.123,1,-46.500,1.000,-34.788,0,0,0,0,0,0,0,0,0,0,0,0,0,0,0,0,0,0,0,0,0,0,0,0
99.850,28.525,10.303,-42.735,73.642,0,30.759,5.000,-56.047,-47.245,7.347,-34.851,100.123,1,-46.500,1.000,-34.788,0,0,0,0,0,0,0,0,0,0,0,0,0,0,0,0,0,0,0,0,0,0,0,0
99.900,28.526,10.223,-42.785,73.583,0,30.759,5.000,-56.047,-47.244,7.358,-34.846,100.123,1,-46.500,1.000,-34.788,0,0,0,0,0,0,0,0,0,0,0,0,0,0,0,0,0,0,0,0,0,0,0,0
99.950,28.528,10.145,-42.838,73.524,0,30.759,5.000,-56.047,-47.243,7.370,-34.840,100.123,1,-46.500,1.000,-34.788,0,0,0,0,0,0,0,0,0,0,0,0,0,0,0,0,0,0,0,0,0,0,0,0
100.000,28.532,10.070,-42.891,73.466,0,30.759,5.000,-56.047,-47.242,7.383,-34.834,100.123,1,-46.500,1.000,-34.788,0,0,0,0,0,0,0,0,0,0,0,0,0,0,0,0,0,0,0,0,0,0,0,0
100.050,28.539,9.998,-42.947,73.407,0,30.759,5.000,-56.047,-47.240,7.396,-34.829,100.123,1,-46.500,1.000,-34.788,0,0,0,0,0,0,0,0,0,0,0,0,0,0,0,0,0,0,0,0,0,0,0,0
100.100,28.547,9.928,-43.004,73.348,0,30.759,5.000,-56.047,-47.239,7.410,-34.823,100.123,1,-46.500,1.000,-34.788,0,0,0,0,0,0,0,0,0,0,0,0,0,0,0,0,0,0,0,0,0,0,0,0
100.150,28.556,9.860,-43.062,73.289,0,30.759,5.000,-56.047,-47.237,7.425,-34.817,100.123,1,-46.500,1.000,-34.788,0,0,0,0,0,0,0,0,0,0,0,0,0,0,0,0,0,0,0,0,0,0,0,0
100.200,28.568,9.795,-43.123,73.230,0,30.759,5.000,-56.047,-47.236,7.440,-34.811,100.123,1,-46.500,1.000,-34.788,0,0,0,0,0,0,0,0,0,0,0,0,0,0,0,0,0,0,0,0,0,0,0,0
100.250,28.581,9.732,-43.184,73.171,0,30.759,5.000,-56.047,-47.234,7.455,-34.805,100.123,1,-46.500,1.000,-34.788,0,0,0,0,0,0,0,0,0,0,0,0,0,0,0,0,0,0,0,0,0,0,0,0
100.300,28.596,9.671,-43.247,73.112,0,30.759,5.000,-56.047,-47.232,7.472,-34.800,100.123,1,-46.500,1.000,-34.788,0,0,0,0,0,0,0,0,0,0,0,0,0,0,0,0,0,0,0,0,0,0,0,0
100.350,28.612,9.613,-43.312,73.053,0,30.759,5.000,-56.047,-47.230,7.488,-34.794,100.123,1,-46.500,1.000,-34.788,0,0,0,0,0,0,0,0,0,0,0,0,0,0,0,0,0,0,0,0,0,0,0,0
100.400,28.630,9.556,-43.378,72.993,0,30.759,5.000,-56.047,-47.229,7.506,-34.788,100.123,1,-46.500,1.000,-34.788,0,0,0,0,0,0,0,0,0,0,0,0,0,0,0,0,0,0,0,0,0,0,0,0
100.450,28.650,9.502,-43.446,72.934,0,30.759,5.000,-56.047,-47.227,7.524,-34.782,100.123,1,-46.500,1.000,-34.788,0,0,0,0,0,0,0,0,0,0,0,0,0,0,0,0,0,0,0,0,0,0,0,0
100.500,28.671,9.449,-43.514,72.875,0,30.759,5.000,-56.047,-47.225,7.542,-34.776,100.123,1,-46.500,1.000,-34.788,0,0,0,0,0,0,0,0,0,0,0,0,0,0,0,0,0,0,0,0,0,0,0,0
100.550,28.693,9.399,-43.584,72.816,0,30.759,5.000,-56.047,-47.223,7.561,-34.771,100.123,1,-46.500,1.000,-34.788,0,0,0,0,0,0,0,0,0,0,0,0,0,0,0,0,0,0,0,0,0,0,0,0
100.600,28.717,9.350,-43.656,72.757,0,30.759,5.000,-56.047,-47.221,7.580,-34.765,100.123,1,-46.500,1.000,-34.788,0,0,0,0,0,0,0,0,0,0,0,0,0,0,0,0,0,0,0,0,0,0,0,0
100.650,28.742,9.303,-43.728,72.697,0,30.759,5.000,-56.047,-47.219,7.600,-34.759,100.123,1,-46.500,1.000,-34.788,0,0,0,0,0,0,0,0,0,0,0,0,0,0,0,0,0,0,0,0,0,0,0,0
100.700,28.768,9.258,-43.802,72.638,0,30.759,5.000,-56.047,-47.217,7.620,-34.754,100.123,1,-46.500,1.000,-34.788,0,0,0,0,0,0,0,0,0,0,0,0,0,0,0,0,0,0,0,0,0,0,0,0
100.750,28.796,9.215,-43.876,72.579,0,30.759,5.000,-56.047,-47.215,7.640,-34.748,100.123,1,-46.500,1.000,-34.788,0,0,0,0,0,0,0,0,0,0,0,0,0,0,0,0,0,0,0,0,0,0,0,0
100.800,28.825,9.173,-43.952,72.519,0,30.759,5.000,-56.047,-47.213,7.661,-34.743,100.123,1,-46.500,1.000,-34.788,0,0,0,0,0,0,0,0,0,0,0,0,0,0,0,0,0,0,0,0,0,0,0,0
100.850,28.855,9.134,-44.029,72.460,0,30.759,5.000,-56.047,-47.211,7.683,-34.737,100.123,1,-46.500,1.000,-34.788,0,0,0,0,0,0,0,0,0,0,0,0,0,0,0,0,0,0,0,0,0,0,0,0
100.900,28.886,9.095,-44.107,72.401,0,30.759,5.000,-56.047,-47.209,7.704,-34.732,100.123,1,-46.500,1.000,-34.788,0,0,0,0,0,0,0,0,0,0,0,0,0,0,0,0,0,0,0,0,0,0,0,0
100.950,28.918,9.059,-44.185,72.342,0,30.759,5.000,-56.047,-47.207,7.726,-34.727,100.123,1,-46.500,1.000,-34.788,0,0,0,0,0,0,0,0,0,0,0,0,0,0,0,0,0,0,0,0,0,0,0,0
101.000,28.951,9.024,-44.265,72.283,0,30.759,5.000,-56.047,-47.205,7.748,-34.721,100.123,1,-46.500,1.000,-34.788,0,0,0,0,0,0,0,0,0,0,0,0,0,0,0,0,0,0,0,0,0,0,0,0
101.050,28.985,8.991,-44.345,72.223,0,30.759,5.000,-56.047,-47.203,7.771,-34.716,100.123,1,-46.500,1.000,-34.788,0,0,0,0,0,0,0,0,0,0,0,0,0,0,0,0,0,0,0,0,0,0,0,0
101.100,29.021,8.959,-44.427,72.164,0,30.759,5.000,-56.047,-47.201,7.794,-34.711,100.123,1,-46.500,1.000,-34.788,0,0,0,0,0,0,0,0,0,0,0,0,0,0,0,0,0,0,0,0,0,0,0,0
101.150,29.057,8.928,-44.509,72.105,0,30.759,5.000,-56.047,-47.200,7.817,-34.706,100.123,1,-46.500,1.000,-34.788,0,0,0,0,0,0,0,0,0,0,0,0,0,0,0,0,0,0,0,0,0,0,0,0
101.200,29.094,8.899,-44.591,72.046,0,30.759,5.000,-56.047,-47.198,7.840,-34.701,100.123,1,-46.500,1.000,-34.788,0,0,0,0,0,0,0,0,0,0,0,0,0,0,0,0,0,0,0,0,0,0,0,0
101.250,29.131,8.872,-44.675,71.987,0,30.759,5.000,-56.047,-47.196,7.863,-34.697,100.123,1,-46.500,1.000,-34.788,0,0,0,0,0,0,0,0,0,0,0,0,0,0,0,0,0,0,0,0,0,0,0,0
101.300,29.170,8.846,-44.759,71.928,0,30.759,5.000,-56.047,-47.195,7.886,-34.692,100.123,1,-46.500,1.000,-34.788,0,0,0,0,0,0,0,0,0,0,0,0,0,0,0,0,0,0,0,0,0,0,0,0
101.350,29.209,8.821,-44.844,71.869,0,30.759,5.000,-56.047,-47.193,7.910,-34.687,100.123,1,-46.500,1.000,-34.788,0,0,0,0,0,0,0,0,0,0,0,0,0,0,0,0,0,0,0,0,0,0,0,0
101.400,29.249,8.797,-44.929,71.810,0,30.759,5.000,-56.047,-47.192,7.934,-34.683,100.123,1,-46.500,1.000,-34.788,0,0,0,0,0,0,0,0,0,0,0,0,0,0,0,0,0,0,0,0,0,0,0,0
101.450,29.290,8.775,-45.015,71.751,0,30.759,5.000,-56.047,-47.191,7.957,-34.678,100.123,1,-46.500,1.000,-34.788,0,0,0,0,0,0,0,0,0,0,0,0,0,0,0,0,0,0,0,0,0,0,0,0
101.500,29.331,8.754,-45.101,71.692,0,30.759,5.000,-56.047,-47.189,7.981,-34.674,100.123,1,-46.500,1.000,-34.788,0,0,0,0,0,0,0,0,0,0,0,0,0,0,0,0,0,0,0,0,0,0,0,0
101.550,29.373,8.734,-45.188,71.634,0,30.759,5.000,-56.047,-47.188,8.005,-34.670,100.123,1,-46.500,1.000,-34.788,0,0,0,0,0,0,0,0,0,0,0,0,0,0,0,0,0,0,0,0,0,0,0,0
101.600,29.416,8.715,-45.275,71.575,0,30.759,5.000,-56.047,-47.187,8.029,-34.666,100.123,1,-46.500,1.000,-34.788,0,0,0,0,0,0,0,0,0,0,0,0,0,0,0,0,0,0,0,0,0,0,0,0
101.650,29.459,8.698,-45.363,71.516,0,30.759,5.000,-56.047,-47.187,8.052,-34.662,100.123,1,-46.500,1.000,-34.788,0,0,0,0,0,0,0,0,0,0,0,0,0,0,0,0,0,0,0,0,0,0,0,0
101.700,29.503,8.681,-45.451,71.458,0,30.759,5.000,-56.047,-47.186,8.076,-34.658,100.123,1,-46.500,1.000,-34.788,0,0,0,0,0,0,0,0,0,0,0,0,0,0,0,0,0,0,0,0,0,0,0,0
101.750,29.547,8.666,-45.540,71.399,0,30.759,5.000,-56.047,-47.185,8.100,-34.654,100.123,1,-46.500,1.000,-34.788,0,0,0,0,0,0,0,0,0,0,0,0,0,0,0,0,0,0,0,0,0,0,0,0
101.800,29.591,8.651,-45.629,71.341,0,30.759,5.000,-56.047,-47.185,8.123,-34.650,100.123,1,-46.500,1.000,-34.788,0,0,0,0,0,0,0,0,0,0,0,0,0,0,0,0,0,0,0,0,0,0,0,0
101.850,29.636,8.638,-45.718,71.283,0,30.759,5.000,-56.047,-47.184,8.147,-34.647,100.123,1,-46.500,1.000,-34.788,0,0,0,0,0,0,0,0,0,0,0,0,0,0,0,0,0,0,0,0,0,0,0,0
101.900,29.681,8.625,-45.808,71.225,0,30.759,5.000,-56.047,-47.184,8.170,-34.643,100.123,1,-46.500,1.000,-34.788,0,0,0,0,0,0,0,0,0,0,0,0,0,0,0,0,0,0,0,0,0,0,0,0
101.950,29.727,8.614,-45.898,71.167,0,30.759,5.000,-56.047,-47.184,8.193,-34.640,100.123,1,-46.500,1.000,-34.788,0,0,0,0,0,0,0,0,0,0,0,0,0,0,0,0,0,0,0,0,0,0,0,0
102.000,29.773,8.603,-45.988,71.109,0,30.759,5.000,-56.047,-47.184,8.216,-34.636,100.123,1,-46.500,1.000,-34.788,0,0,0,0,0,0,0,0,0,0,0,0,0,0,0,0,0,0,0,0,0,0,0,0
102.050,29.819,8.593,-46.078,71.051,0,30.759,5.000,-56.047,-47.184,8.239,-34.633,100.123,1,-46.500,1.000,-34.788,0,0,0,0,0,0,0,0,0,0,0,0,0,0,0,0,0,0,0,0,0,0,0,0
102.100,29.866,8.584,-46.169,70.993,0,30.759,5.000,-56.047,-47.184,8.262,-34.630,100.123,1,-46.500,1.000,-34.788,0,0,0,0,0,0,0,0,0,0,0,0,0,0,0,0,0,0,0,0,0,0,0,0
102.150,29.912,8.576,-46.260,70.935,0,30.759,5.000,-56.047,-47.184,8.284,-34.627,100.123,1,-46.500,1.000,-34.788,0,0,0,0,0,0,0,0,0,0,0,0,0,0,0,0,0,0,0,0,0,0,0,0
102.200,29.959,8.569,-46.351,70.878,0,30.759,5.000,-56.047,-47.185,8.306,-34.624,100.123,1,-46.500,1.000,-34.788,0,0,0,0,0,0,0,0,0,0,0,0,0,0,0,0,0,0,0,0,0,0,0,0
102.250,30.006,8.562,-46.442,70.820,0,30.759,5.000,-56.047,-47.185,8.328,-34.621,100.123,1,-46.500,1.000,-34.788,0,0,0,0,0,0,0,0,0,0,0,0,0,0,0,0,0,0,0,0,0,0,0,0
102.300,30.054,8.556,-46.534,70.763,0,30.759,5.000,-56.047,-47.186,8.350,-34.618,100.123,1,-46.500,1.000,-34.788,0,0,0,0,0,0,0,0,0,0,0,0,0,0,0,0,0,0,0,0,0,0,0,0
102.350,30.101,8.551,-46.625,70.706,0,30.759,5.000,-56.047,-47.187,8.371,-34.615,100.123,1,-46.500,1.000,-34.788,0,0,0,0,0,0,0,0,0,0,0,0,0,0,0,0,0,0,0,0,0,0,0,0
102.400,30.149,8.546,-46.717,70.649,0,30.759,5.000,-56.047,-47.188,8.392,-34.613,100.123,1,-46.500,1.000,-34.788,0,0,0,0,0,0,0,0,0,0,0,0,0,0,0,0,0,0,0,0,0,0,0,0
102.450,30.196,8.542,-46.809,70.592,0,30.759,5.000,-56.047,-47.189,8.413,-34.610,100.123,1,-46.500,1.000,-34.788,0,0,0,0,0,0,0,0,0,0,0,0,0,0,0,0,0,0,0,0,0,0,0,0
102.500,30.244,8.539,-46.901,70.535,0,30.759,5.000,-56.047,-47.190,8.433,-34.608,100.123,1,-46.500,1.000,-34.788,0,0,0,0,0,0,0,0,0,0,0,0,0,0,0,0,0,0,0,0,0,0,0,0
102.550,30.292,8.536,-46.994,70.479,0,30.759,5.000,-56.047,-47.191,8.453,-34.605,100.123,1,-46.500,1.000,-34.788,0,0,0,0,0,0,0,0,0,0,0,0,0,0,0,0,0,0,0,0,0,0,0,0
102.600,30.340,8.534,-47.086,70.422,0,30.759,5.000,-56.047,-47.192,8.472,-34.603,100.123,1,-46.500,1.000,-34.788,0,0,0,0,0,0,0,0,0,0,0,0,0,0,0,0,0,0,0,0,0,0,0,0
102.650,30.387,8.532,-47.178,70.366,0,30.759,5.000,-56.047,-47.194,8.491,-34.601,100.123,1,-46.500,1.000,-34.788,0,0,0,0,0,0,0,0,0,0,0,0,0,0,0,0,0,0,0,0,0,0,0,0
102.700,30.435,8.531,-47.271,70.310,0,30.759,5.000,-56.047,-47.195,8.510,-34.599,100.123,1,-46.500,1.000,-34.788,0,0,0,0,0,0,0,0,0,0,0,0,0,0,0,0,0,0,0,0,0,0,0,0
102.750,30.483,8.530,-47.364,70.253,0,30.759,5.000,-56.047,-47.197,8.528,-34.596,100.123,1,-46.500,1.000,-34.788,0,0,0,0,0,0,0,0,0,0,0,0,0,0,0,0,0,0,0,0,0,0,0,0
102.800,30.530,8.530,-47.457,70.198,0,30.759,5.000,-56.047,-47.199,8.545,-34.594,100.123,1,-46.500,1.000,-34.788,0,0,0,0,0,0,0,0,0,0,0,0,0,0,0,0,0,0,0,0,0,0,0,0
102.850,30.578,8.530,-47.549,70.142,0,30.759,5.000,-56.047,-47.200,8.562,-34.593,100.123,1,-46.500,1.000,-34.788,0,0,0,0,0,0,0,0,0,0,0,0,0,0,0,0,0,0,0,0,0,0,0,0
102.900,30.625,8.531,-47.642,70.086,0,30.759,5.000,-56.047,-47.202,8.579,-34.591,100.123,1,-46.500,1.000,-34.788,0,0,0,0,0,0,0,0,0,0,0,0,0,0,0,0,0,0,0,0,0,0,0,0
102.950,30.673,8.532,-47.735,70.031,0,30.759,5.000,-56.047,-47.204,8.595,-34.589,100.123,1,-46.500,1.000,-34.788,0,0,0,0,0,0,0,0,0,0,0,0,0,0,0,0,0,0,0,0,0,0,0,0
103.000,30.720,8.533,-47.829,69.976,0,30.759,5.000,-56.047,-47.206,8.610,-34.587,100.123,1,-46.500,1.000,-34.788,0,0,0,0,0,0,0,0,0,0,0,0,0,0,0,0,0,0,0,0,0,0,0,0
103.050,30.767,8.534,-47.922,69.921,0,30.759,5.000,-56.047,-47.209,8.625,-34.586,100.123,1,-46.500,1.000,-34.788,0,0,0,0,0,0,0,0,0,0,0,0,0,0,0,0,0,0,0,0,0,0,0,0
103.100,30.813,8.536,-48.015,69.866,0,30.759,5.000,-56.047,-47.211,8.639,-34.584,100.123,1,-46.500,1.000,-34.788,0,0,0,0,0,0,0,0,0,0,0,0,0,0,0,0,0,0,0,0,0,0,0,0
103.150,30.860,8.538,-48.108,69.811,0,30.759,5.000,-56.047,-47.213,8.653,-34.582,100.123,1,-46.500,1.000,-34.788,0,0,0,0,0,0,0,0,0,0,0,0,0,0,0,0,0,0,0,0,0,0,0,0
103.200,30.906,8.541,-48.202,69.757,0,30.759,5.000,-56.047,-47.216,8.666,-34.581,100.123,1,-46.500,1.000,-34.788,0,0,0,0,0,0,0,0,0,0,0,0,0,0,0,0,0,0,0,0,0,0,0,0
103.250,30.952,8.544,-48.295,69.702,0,30.759,5.000,-56.047,-47.218,8.679,-34.580,100.123,1,-46.500,1.000,-34.788,0,0,0,0,0,0,0,0,0,0,0,0,0,0,0,0,0,0,0,0,0,0,0,0
103.300,30.998,8.547,-48.389,69.648,0,30.759,5.000,-56.047,-47.221,8.691,-34.578,100.123,1,-46.500,1.000,-34.788,0,0,0,0,0,0,0,0,0,0,0,0,0,0,0,0,0,0,0,0,0,0,0,0
103.350,31.044,8.550,-48.482,69.594,0,30.759,5.000,-56.047,-47.224,8.702,-34.577,100.123,1,-46.500,1.000,-34.788,0,0,0,0,0,0,0,0,0,0,0,0,0,0,0,0,0,0,0,0,0,0,0,0
103.400,31.089,8.553,-48.576,69.540,0,30.759,5.000,-56.047,-47.227,8.713,-34.576,100.123,1,-46.500,1.000,-34.788,0,0,0,0,0,0,0,0,0,0,0,0,0,0,0,0,0,0,0,0,0,0,0,0
103.450,31.134,8.557,-48.670,69.487,0,30.759,5.000,-56.047,-47.230,8.723,-34.574,100.123,1,-46.500,1.000,-34.788,0,0,0,0,0,0,0,0,0,0,0,0,0,0,0,0,0,0,0,0,0,0,0,0
103.500,31.178,8.560,-48.764,69.434,0,30.759,5.000,-56.047,-47.233,8.733,-34.573,100.123,1,-46.500,1.000,-34.788,0,0,0,0,0,0,0,0,0,0,0,0,0,0,0,0,0,0,0,0,0,0,0,0
103.550,31.222,8.564,-48.858,69.381,0,30.759,5.000,-56.047,-47.236,8.742,-34.572,100.123,1,-46.500,1.000,-34.788,0,0,0,0,0,0,0,0,0,0,0,0,0,0,0,0,0,0,0,0,0,0,0,0
103.600,31.266,8.568,-48.952,69.328,0,30.759,5.000,-56.047,-47.239,8.750,-34.571,100.123,1,-46.500,1.000,-34.788,0,0,0,0,0,0,0,0,0,0,0,0,0,0,0,0,0,0,0,0,0,0,0,0
103.650,31.309,8.572,-49.046,69.275,0,30.759,5.000,-56.047,-47.243,8.757,-34.570,100.123,1,-46.500,1.000,-34.788,0,0,0,0,0,0,0,0,0,0,0,0,0,0,0,0,0,0,0,0,0,0,0,0
103.700,31.352,8.576,-49.140,69.222,0,30.759,5.000,-56.047,-47.246,8.764,-34.569,100.123,1,-46.500,1.000,-34.788,0,0,0,0,0,0,0,0,0,0,0,0,0,0,0,0,0,0,0,0,0,0,0,0
103.750,31.395,8.580,-49.234,69.170,0,30.759,5.000,-56.047,-47.250,8.771,-34.568,100.123,1,-46.500,1.000,-34.788,0,0,0,0,0,0,0,0,0,0,0,0,0,0,0,0,0,0,0,0,0,0,0,0
103.800,31.437,8.584,-49.328,69.118,0,30.759,5.000,-56.047,-47.253,8.776,-34.568,100.123,1,-46.500,1.000,-34.788,0,0,0,0,0,0,0,0,0,0,0,0,0,0,0,0,0,0,0,0,0,0,0,0
103.850,31.478,8.588,-49.422,69.066,0,30.759,5.000,-56.047,-47.257,8.781,-34.567,100.123,1,-46.500,1.000,-34.788,0,0,0,0,0,0,0,0,0,0,0,0,0,0,0,0,0,0,0,0,0,0,0,0
103.900,31.519,8.592,-49.517,69.015,0,30.759,5.000,-56.047,-47.261,8.785,-34.566,100.123,1,-46.500,1.000,-34.788,0,0,0,0,0,0,0,0,0,0,0,0,0,0,0,0,0,0,0,0,0,0,0,0
103.950,31.559,8.596,-49.611,68.963,0,30.759,5.000,-56.047,-47.265,8.789,-34.566,100.123,1,-46.500,1.000,-34.788,0,0,0,0,0,0,0,0,0,0,0,0,0,0,0,0,0,0,0,0,0,0,0,0
104.000,31.598,8.600,-49.706,68.912,0,30.759,5.000,-56.047,-47.269,8.792,-34.565,100.123,1,-46.500,1.000,-34.788,0,0,0,0,0,0,0,0,0,0,0,0,0,0,0,0,0,0,0,0,0,0,0,0
104.050,31.637,8.604,-49.800,68.861,0,30.759,5.000,-56.047,-47.273,8.794,-34.564,100.123,1,-46.500,1.000,-34.788,0,0,0,0,0,0,0,0,0,0,0,0,0,0,0,0,0,0,0,0,0,0,0,0
104.100,31.676,8.608,-49.895,68.810,0,30.759,5.000,-56.047,-47.277,8.795,-34.564,100.123,1,-46.500,1.000,-34.788,0,0,0,0,0,0,0,0,0,0,0,0,0,0,0,0,0,0,0,0,0,0,0,0
104.150,31.713,8.611,-49.990,68.759,0,30.759,5.000,-56.047,-47.281,8.796,-34.564,100.123,1,-46.500,1.000,-34.788,0,0,0,0,0,0,0,0,0,0,0,0,0,0,0,0,0,0,0,0,0,0,0,0
104.200,31.750,8.615,-50.085,68.708,0,30.759,5.000,-56.047,-47.285,8.796,-34.563,100.123,1,-46.500,1.000,-34.788,0,0,0,0,0,0,0,0,0,0,0,0,0,0,0,0,0,0,0,0,0,0,0,0
104.250,31.786,8.618,-50.180,68.658,0,30.759,5.000,-56.047,-47.289,8.795,-34.563,100.123,1,-46.500,1.000,-34.788,0,0,0,0,0,0,0,0,0,0,0,0,0,0,0,0,0,0,0,0,0,0,0,0
104.300,31.821,8.621,-50.275,68.607,0,30.759,5.000,-56.047,-47.294,8.794,-34.563,100.123,1,-46.500,1.000,-34.788,0,0,0,0,0,0,0,0,0,0,0,0,0,0,0,0,0,0,0,0,0,0,0,0
104.350,31.855,8.623,-50.370,68.557,0,30.759,5.000,-56.047,-47.298,8.791,-34.563,100.123,1,-46.500,1.000,-34.788,0,0,0,0,0,0,0,0,0,0,0,0,0,0,0,0,0,0,0,0,0,0,0,0
104.400,31.889,8.626,-50.465,68.507,0,30.759,5.000,-56.047,-47.302,8.788,-34.563,100.123,1,-46.500,1.000,-34.788,0,0,0,0,0,0,0,0,0,0,0,0,0,0,0,0,0,0,0,0,0,0,0,0
104.450,31.921,8.628,-50.560,68.456,0,30.759,5.000,-56.047,-47.306,8.785,-34.563,100.123,1,-46.500,1.000,-34.788,0,0,0,0,0,0,0,0,0,0,0,0,0,0,0,0,0,0,0,0,0,0,0,0
104.500,31.952,8.629,-50.656,68.406,0,30.759,5.000,-56.047,-47.311,8.781,-34.563,100.123,1,-46.500,1.000,-34.788,0,0,0,0,0,0,0,0,0,0,0,0,0,0,0,0,0,0,0,0,0,0,0,0
104.550,31.983,8.630,-50.751,68.355,0,30.759,5.000,-56.047,-47.315,8.775,-34.563,100.123,1,-46.500,1.000,-34.788,0,0,0,0,0,0,0,0,0,0,0,0,0,0,0,0,0,0,0,0,0,0,0,0
104.600,32.012,8.631,-50.847,68.305,0,30.759,5.000,-56.047,-47.320,8.770,-34.563,100.123,1,-46.500,1.000,-34.788,0,0,0,0,0,0,0,0,0,0,0,0,0,0,0,0,0,0,0,0,0,0,0,0
104.650,32.040,8.631,-50.943,68.254,0,30.759,5.000,-56.047,-47.324,8.763,-34.564,100.123,1,-46.500,1.000,-34.788,0,0,0,0,0,0,0,0,0,0,0,0,0,0,0,0,0,0,0,0,0,0,0,0
104.700,32.067,8.631,-51.039,68.203,0,30.759,5.000,-56.047,-47.328,8.756,-34.564,100.123,1,-46.500,1.000,-34.788,0,0,0,0,0,0,0,0,0,0,0,0,0,0,0,0,0,0,0,0,0,0,0,0
104.750,32.093,8.630,-51.135,68.151,0,30.759,5.000,-56.047,-47.333,8.748,-34.565,100.123,1,-46.500,1.000,-34.788,0,0,0,0,0,0,0,0,0,0,0,0,0,0,0,0,0,0,0,0,0,0,0,0
104.800,32.117,8.628,-51.231,68.099,0,30.759,5.000,-56.047,-47.337,8.739,-34.566,100.123,1,-46.500,1.000,-34.788,0,0,0,0,0,0,0,0,0,0,0,0,0,0,0,0,0,0,0,0,0,0,0,0
104.850,32.140,8.626,-51.327,68.047,0,30.759,5.000,-56.047,-47.341,8.730,-34.567,100.123,1,-46.500,1.000,-34.788,0,0,0,0,0,0,0,0,0,0,0,0,0,0,0,0,0,0,0,0,0,0,0,0
104.900,32.162,8.623,-51.423,67.994,0,30.759,5.000,-56.047,-47.345,8.720,-34.567,100.123,1,-46.500,1.000,-34.788,0,0,0,0,0,0,0,0,0,0,0,0,0,0,0,0,0,0,0,0,0,0,0,0
104.950,32.182,8.619,-51.520,67.940,0,30.759,5.000,-56.047,-47.350,8.709,-34.569,100.123,1,-46.500,1.000,-34.788,0,0,0,0,0,0,0,0,0,0,0,0,0,0,0,0,0,0,0,0,0,0,0,0
105.000,32.201,8.614,-51.617,67.886,0,30.759,5.000,-56.047,-47.354,8.698,-34.570,100.123,1,-46.500,1.000,-34.788,0,0,0,0,0,0,0,0,0,0,0,0,0,0,0,0,0,0,0,0,0,0,0,0
105.050,32.218,8.608,-51.713,67.831,0,30.759,5.000,-56.047,-47.358,8.686,-34.571,100.123,1,-46.500,1.000,-34.788,0,0,0,0,0,0,0,0,0,0,0,0,0,0,0,0,0,0,0,0,0,0,0,0
105.100,32.233,8.602,-51.810,67.775,0,30.759,5.000,-56.047,-47.362,8.673,-34.572,100.123,1,-46.500,1.000,-34.788,0,0,0,0,0,0,0,0,0,0,0,0,0,0,0,0,0,0,0,0,0,0,0,0
105.150,32.247,8.594,-51.907,67.718,0,30.759,5.000,-56.047,-47.365,8.660,-34.574,100.123,1,-46.500,1.000,-34.788,0,0,0,0,0,0,0,0,0,0,0,0,0,0,0,0,0,0,0,0,0,0,0,0
105.200,32.259,8.585,-52.004,67.660,0,30.759,5.000,-56.047,-47.369,8.646,-34.576,100.123,1,-46.500,1.000,-34.788,0,0,0,0,0,0,0,0,0,0,0,0,0,0,0,0,0,0,0,0,0,0,0,0
105.250,32.269,8.575,-52.101,67.601,0,30.759,5.000,-56.047,-47.373,8.632,-34.577,100.123,1,-46.500,1.000,-34.788,0,0,0,0,0,0,0,0,0,0,0,0,0,0,0,0,0,0,0,0,0,0,0,0
105.300,32.278,8.564,-52.198,67.541,0,30.759,5.000,-56.047,-47.376,8.617,-34.579,100.123,1,-46.500,1.000,-34.788,0,0,0,0,0,0,0,0,0,0,0,0,0,0,0,0,0,0,0,0,0,0,0,0
105.350,32.284,8.552,-52.296,67.479,0,30.759,5.000,-56.047,-47.380,8.601,-34.581,100.123,1,-46.500,1.000,-34.788,0,0,0,0,0,0,0,0,0,0,0,0,0,0,0,0,0,0,0,0,0,0,0,0
105.400,32.289,8.538,-52.393,67.417,0,30.759,5.000,-56.047,-47.383,8.585,-34.584,100.123,1,-46.500,1.000,-34.788,0,0,0,0,0,0,0,0,0,0,0,0,0,0,0,0,0,0,0,0,0,0,0,0
105.450,32.292,8.523,-52.491,67.354,0,30.759,5.000,-56.047,-47.386,8.568,-34.586,100.123,1,-46.500,1.000,-34.788,0,0,0,0,0,0,0,0,0,0,0,0,0,0,0,0,0,0,0,0,0,0,0,0
105.500,32.292,8.507,-52.588,67.289,0,30.759,5.000,-56.047,-47.389,8.551,-34.588,100.123,1,-46.500,1.000,-34.788,0,0,0,0,0,0,0,0,0,0,0,0,0,0,0,0,0,0,0,0,0,0,0,0
105.550,32.291,8.489,-52.686,67.224,0,30.759,5.000,-56.047,-47.392,8.533,-34.591,100.123,1,-46.500,1.000,-34.788,0,0,0,0,0,0,0,0,0,0,0,0,0,0,0,0,0,0,0,0,0,0,0,0
105.600,32.288,8.470,-52.783,67.158,0,30.759,5.000,-56.047,-47.395,8.515,-34.594,100.123,1,-46.500,1.000,-34.788,0,0,0,0,0,0,0,0,0,0,0,0,0,0,0,0,0,0,0,0,0,0,0,0
105.650,32.282,8.449,-52.881,67.090,0,30.759,5.000,-56.047,-47.398,8.496,-34.597,100.123,1,-46.500,1.000,-34.788,0,0,0,0,0,0,0,0,0,0,0,0,0,0,0,0,0,0,0,0,0,0,0,0
105.700,32.275,8.427,-52.978,67.012,0,57.289,5.000,-69.918,-47.400,8.477,-34.600,100.123,1,-46.500,1.000,-34.788,0,0,0,0,0,0,0,0,0,0,0,0,0,0,0,0,0,0,0,0,0,0,0,0
105.750,32.271,8.408,-53.075,66.934,0,57.289,5.000,-69.918,-47.402,8.458,-34.603,100.123,1,-46.500,1.000,-34.788,0,0,0,0,0,0,0,0,0,0,0,0,0,0,0,0,0,0,0,0,0,0,0,0
105.800,32.271,8.393,-53.172,66.857,0,57.289,5.000,-69.918,-47.404,8.438,-34.607,100.123,1,-46.500,1.000,-34.788,0,0,0,0,0,0,0,0,0,0,0,0,0,0,0,0,0,0,0,0,0,0,0,0
105.850,32.274,8.380,-53.269,66.779,0,57.289,5.000,-69.918,-47.406,8.418,-34.610,100.123,1,-46.500,1.000,-34.788,0,0,0,0,0,0,0,0,0,0,0,0,0,0,0,0,0,0,0,0,0,0,0,0
105.900,32.280,8.371,-53.366,66.701,0,57.289,5.000,-69.918,-47.408,8.397,-34.614,100.123,1,-46.500,1.000,-34.788,0,0,0,0,0,0,0,0,0,0,0,0,0,0,0,0,0,0,0,0,0,0,0,0
105.950,32.289,8.364,-53.463,66.623,0,57.289,5.000,-69.918,-47.410,8.376,-34.618,100.123,1,-46.500,1.000,-34.788,0,0,0,0,0,0,0,0,0,0,0,0,0,0,0,0,0,0,0,0,0,0,0,0
106.000,32.302,8.360,-53.559,66.545,0,57.289,5.000,-69.918,-47.411,8.355,-34.622,100.123,1,-46.500,1.000,-34.788,0,0,0,0,0,0,0,0,0,0,0,0,0,0,0,0,0,0,0,0,0,0,0,0
106.050,32.317,8.359,-53.656,66.467,0,57.289,5.000,-69.918,-47.412,8.333,-34.626,100.123,1,-46.500,1.000,-34.788,0,0,0,0,0,0,0,0,0,0,0,0,0,0,0,0,0,0,0,0,0,0,0,0
106.100,32.335,8.360,-53.752,66.389,0,57.289,5.000,-69.918,-47.413,8.311,-34.630,100.123,1,-46.500,1.000,-34.788,0,0,0,0,0,0,0,0,0,0,0,0,0,0,0,0,0,0,0,0,0,0,0,0
106.150,32.356,8.364,-53.848,66.311,0,57.289,5.000,-69.918,-47.414,8.289,-34.635,100.123,1,-46.500,1.000,-34.788,0,0,0,0,0,0,0,0,0,0,0,0,0,0,0,0,0,0,0,0,0,0,0,0
106.200,32.379,8.370,-53.944,66.233,0,57.289,5.000,-69.918,-47.414,8.266,-34.640,100.123,1,-46.500,1.000,-34.788,0,0,0,0,0,0,0,0,0,0,0,0,0,0,0,0,0,0,0,0,0,0,0,0
106.250,32.405,8.379,-54.040,66.156,0,57.289,5.000,-69.918,-47.415,8.244,-34.644,100.123,1,-46.500,1.000,-34.788,0,0,0,0,0,0,0,0,0,0,0,0,0,0,0,0,0,0,0,0,0,0,0,0
106.300,32.433,8.390,-54.135,66.078,0,57.289,5.000,-69.918,-47.415,8.221,-34.649,100.123,1,-46.500,1.000,-34.788,0,0,0,0,0,0,0,0,0,0,0,0,0,0,0,0,0,0,0,0,0,0,0,0
106.350,32.464,8.404,-54.231,66.000,0,57.289,5.000,-69.918,-47.415,8.198,-34.654,100.123,1,-46.500,1.000,-34.788,0,0,0,0,0,0,0,0,0,0,0,0,0,0,0,0,0,0,0,0,0,0,0,0
106.400,32.497,8.419,-54.326,65.922,0,57.289,5.000,-69.918,-47.415,8.175,-34.660,100.123,1,-46.500,1.000,-34.788,0,0,0,0,0,0,0,0,0,0,0,0,0,0,0,0,0,0,0,0,0,0,0,0
106.450,32.532,8.437,-54.421,65.844,0,57.289,5.000,-69.918,-47.414,8.152,-34.665,100.123,1,-46.500,1.000,-34.788,0,0,0,0,0,0,0,0,0,0,0,0,0,0,0,0,0,0,0,0,0,0,0,0
106.500,32.569,8.456,-54.515,65.767,0,57.289,5.000,-69.918,-47.414,8.129,-34.671,100.123,1,-46.500,1.000,-34.788,0,0,0,0,0,0,0,0,0,0,0,0,0,0,0,0,0,0,0,0,0,0,0,0
106.550,32.609,8.478,-54.610,65.689,0,57.289,5.000,-69.918,-47.413,8.106,-34.676,100.123,1,-46.500,1.000,-34.788,0,0,0,0,0,0,0,0,0,0,0,0,0,0,0,0,0,0,0,0,0,0,0,0
106.600,32.650,8.501,-54.704,65.611,0,57.289,5.000,-69.918,-47.412,8.083,-34.682,100.123,1,-46.500,1.000,-34.788,0,0,0,0,0,0,0,0,0,0,0,0,0,0,0,0,0,0,0,0,0,0,0,0
106.650,32.693,8.526,-54.797,65.533,0,57.289,5.000,-69.918,-47.411,8.060,-34.688,100.123,1,-46.500,1.000,-34.788,0,0,0,0,0,0,0,0,0,0,0,0,0,0,0,0,0,0,0,0,0,0,0,0
106.700,32.738,8.553,-54.891,65.456,0,57.289,5.000,-69.918,-47.410,8.037,-34.694,100.123,1,-46.500,1.000,-34.788,0,0,0,0,0,0,0,0,0,0,0,0,0,0,0,0,0,0,0,0,0,0,0,0
106.750,32.785,8.581,-54.984,65.378,0,57.289,5.000,-69.918,-47.408,8.014,-34.700,100.123,1,-46.500,1.000,-34.788,0,0,0,0,0,0,0,0,0,0,0,0,0,0,0,0,0,0,0,0,0,0,0,0
106.800,32.833,8.611,-55.076,65.300,0,57.289,5.000,-69.918,-47.407,7.991,-34.706,100.123,1,-46.500,1.000,-34.788,0,0,0,0,0,0,0,0,0,0,0,0,0,0,0,0,0,0,0,0,0,0,0,0
106.850,32.883,8.642,-55.169,65.223,0,57.289,5.000,-69.918,-47.405,7.968,-34.712,100.123,1,-46.500,1.000,-34.788,0,0,0,0,0,0,0,0,0,0,0,0,0,0,0,0,0,0,0,0,0,0,0,0
106.900,32.934,8.675,-55.260,65.145,0,57.289,5.000,-69.918,-47.403,7.945,-34.719,100.123,1,-46.500,1.000,-34.788,0,0,0,0,0,0,0,0,0,0,0,0,0,0,0,0,0,0,0,0,0,0,0,0
106.950,32.987,8.710,-55.352,65.067,0,57.289,5.000,-69.918,-47.401,7.923,-34.725,100.123,1,-46.500,1.000,-34.788,0,0,0,0,0,0,0,0,0,0,0,0,0,0,0,0,0,0,0,0,0,0,0,0
107.000,33.041,8.745,-55.443,64.990,0,57.289,5.000,-69.918,-47.398,7.900,-34.732,100.123,1,-46.500,1.000,-34.788,0,0,0,0,0,0,0,0,0,0,0,0,0,0,0,0,0,0,0,0,0,0,0,0
107.050,33.096,8.782,-55.534,64.912,0,57.289,5.000,-69.918,-47.396,7.878,-34.738,100.123,1,-46.500,1.000,-34.788,0,0,0,0,0,0,0,0,0,0,0,0,0,0,0,0,0,0,0,0,0,0,0,0
107.100,33.153,8.820,-55.624,64.835,0,57.289,5.000,-69.918,-47.393,7.856,-34.745,100.123,1,-46.500,1.000,-34.788,0,0,0,0,0,0,0,0,0,0,0,0,0,0,0,0,0,0,0,0,0,0,0,0
107.150,33.211,8.859,-55.714,64.757,0,57.289,5.000,-69.918,-47.391,7.834,-34.752,100.123,1,-46.500,1.000,-34.788,0,0,0,0,0,0,0,0,0,0,0,0,0,0,0,0,0,0,0,0,0,0,0,0
107.200,33.269,8.899,-55.803,64.680,0,57.289,5.000,-69.918,-47.388,7.813,-34.758,100.123,1,-46.500,1.000,-34.788,0,0,0,0,0,0,0,0,0,0,0,0,0,0,0,0,0,0,0,0,0,0,0,0
107.250,33.329,8.940,-55.892,64.602,0,57.289,5.000,-69.918,-47.385,7.792,-34.765,100.123,1,-46.500,1.000,-34.788,0,0,0,0,0,0,0,0,0,0,0,0,0,0,0,0,0,0,0,0,0,0,0,0
107.300,33.390,8.982,-55.981,64.525,0,57.289,5.000,-69.918,-47.382,7.771,-34.772,100.123,1,-46.500,1.000,-34.788,0,0,0,0,0,0,0,0,0,0,0,0,0,0,0,0,0,0,0,0,0,0,0,0
107.350,33.452,9.025,-56.069,64.447,0,57.289,5.000,-69.918,-47.378,7.750,-34.779,100.123,1,-46.500,1.000,-34.788,0,0,0,0,0,0,0,0,0,0,0,0,0,0,0,0,0,0,0,0,0,0,0,0
107.400,33.515,9.069,-56.156,64.370,0,57.289,5.000,-69.918,-47.375,7.730,-34.786,100.123,1,-46.500,1.000,-34.788,0,0,0,0,0,0,0,0,0,0,0,0,0,0,0,0,0,0,0,0,0,0,0,0
107.450,33.579,9.114,-56.244,64.293,0,57.289,5.000,-69.918,-47.371,7.710,-34.793,100.123,1,-46.500,1.000,-34.788,0,0,0,0,0,0,0,0,0,0,0,0,0,0,0,0,0,0,0,0,0,0,0,0
107.500,33.644,9.159,-56.331,64.215,0,57.289,5.000,-69.918,-47.367,7.690,-34.799,100.123,1,-46.500,1.000,-34.788,0,0,0,0,0,0,0,0,0,0,0,0,0,0,0,0,0,0,0,0,0,0,0,0
107.550,33.709,9.206,-56.417,64.138,0,57.289,5.000,-69.918,-47.363,7.671,-34.806,100.123,1,-46.500,1.000,-34.788,0,0,0,0,0,0,0,0,0,0,0,0,0,0,0,0,0,0,0,0,0,0,0,0
107.600,33.775,9.252,-56.503,64.061,0,57.289,5.000,-69.918,-47.359,7.652,-34.813,100.123,1,-46.500,1.000,-34.788,0,0,0,0,0,0,0,0,0,0,0,0,0,0,0,0,0,0,0,0,0,0,0,0
107.650,33.842,9.300,-56.589,63.984,0,57.289,5.000,-69.918,-47.355,7.634,-34.820,100.123,1,-46.500,1.000,-34.788,0,0,0,0,0,0,0,0,0,0,0,0,0,0,0,0,0,0,0,0,0,0,0,0
107.700,33.909,9.348,-56.674,63.907,0,57.289,5.000,-69.918,-47.351,7.616,-34.827,100.123,1,-46.500,1.000,-34.788,0,0,0,0,0,0,0,0,0,0,0,0,0,0,0,0,0,0,0,0,0,0,0,0
107.750,33.977,9.397,-56.759,63.830,0,57.289,5.000,-69.918,-47.347,7.598,-34.833,100.123,1,-46.500,1.000,-34.788,0,0,0,0,0,0,0,0,0,0,0,0,0,0,0,0,0,0,0,0,0,0,0,0
107.800,34.046,9.446,-56.844,63.753,0,57.289,5.000,-69.918,-47.342,7.581,-34.840,100.123,1,-46.500,1.000,-34.788,0,0,0,0,0,0,0,0,0,0,0,0,0,0,0,0,0,0,0,0,0,0,0,0
107.850,34.115,9.496,-56.928,63.676,0,57.289,5.000,-69.918,-47.338,7.564,-34.846,100.123,1,-46.500,1.000,-34.788,0,0,0,0,0,0,0,0,0,0,0,0,0,0,0,0,0,0,0,0,0,0,0,0
107.900,34.185,9.546,-57.012,63.599,0,57.289,5.000,-69.918,-47.333,7.548,-34.853,100.123,1,-46.500,1.000,-34.788,0,0,0,0,0,0,0,0,0,0,0,0,0,0,0,0,0,0,0,0,0,0,0,0
107.950,34.256,9.596,-57.095,63.522,0,57.289,5.000,-69.918,-47.328,7.533,-34.859,100.123,1,-46.500,1.000,-34.788,0,0,0,0,0,0,0,0,0,0,0,0,0,0,0,0,0,0,0,0,0,0,0,0
108.000,34.326,9.647,-57.178,63.446,0,57.289,5.000,-69.918,-47.323,7.517,-34.866,100.123,1,-46.500,1.000,-34.788,0,0,0,0,0,0,0,0,0,0,0,0,0,0,0,0,0,0,0,0,0,0,0,0
108.050,34.398,9.698,-57.261,63.369,0,57.289,5.000,-69.918,-47.318,7.503,-34.872,100.123,1,-46.500,1.000,-34.788,0,0,0,0,0,0,0,0,0,0,0,0,0,0,0,0,0,0,0,0,0,0,0,0
108.100,34.470,9.750,-57.344,63.293,0,57.289,5.000,-69.918,-47.313,7.489,-34.878,100.123,1,-46.500,1.000,-34.788,0,0,0,0,0,0,0,0,0,0,0,0,0,0,0,0,0,0,0,0,0,0,0,0
108.150,34.542,9.802,-57.426,63.216,0,57.289,5.000,-69.918,-47.308,7.475,-34.884,100.123,1,-46.500,1.000,-34.788,0,0,0,0,0,0,0,0,0,0,0,0,0,0,0,0,0,0,0,0,0,0,0,0
108.200,34.614,9.854,-57.508,63.140,0,57.289,5.000,-69.918,-47.303,7.462,-34.890,100.123,1,-46.500,1.000,-34.788,0,0,0,0,0,0,0,0,0,0,0,0,0,0,0,0,0,0,0,0,0,0,0,0
108.250,34.687,9.907,-57.589,63.064,0,57.289,5.000,-69.918,-47.297,7.449,-34.895,100.123,1,-46.500,1.000,-34.788,0,0,0,0,0,0,0,0,0,0,0,0,0,0,0,0,0,0,0,0,0,0,0,0
108.300,34.761,9.960,-57.670,62.987,0,57.289,5.000,-69.918,-47.292,7.437,-34.901,100.123,1,-46.500,1.000,-34.788,0,0,0,0,0,0,0,0,0,0,0,0,0,0,0,0,0,0,0,0,0,0,0,0
108.350,34.834,10.012,-57.751,62.911,0,57.289,5.000,-69.918,-47.286,7.426,-34.907,100.123,1,-46.500,1.000,-34.788,0,0,0,0,0,0,0,0,0,0,0,0,0,0,0,0,0,0,0,0,0,0,0,0
108.400,34.908,10.066,-57.832,62.835,0,57.289,5.000,-69.918,-47.281,7.415,-34.912,100.123,1,-46.500,1.000,-34.788,0,0,0,0,0,0,0,0,0,0,0,0,0,0,0,0,0,0,0,0,0,0,0,0
108.450,34.983,10.119,-57.912,62.759,0,57.289,5.000,-69.918,-47.275,7.405,-34.917,100.123,1,-46.500,1.000,-34.788,0,0,0,0,0,0,0,0,0,0,0,0,0,0,0,0,0,0,0,0,0,0,0,0
108.500,35.057,10.172,-57.992,62.684,0,57.289,5.000,-69.918,-47.270,7.395,-34.922,100.123,1,-46.500,1.000,-34.788,0,0,0,0,0,0,0,0,0,0,0,0,0,0,0,0,0,0,0,0,0,0,0,0
108.550,35.132,10.226,-58.072,62.608,0,57.289,5.000,-69.918,-47.264,7.386,-34.927,100.123,1,-46.500,1.000,-34.788,0,0,0,0,0,0,0,0,0,0,0,0,0,0,0,0,0,0,0,0,0,0,0,0
108.600,35.207,10.279,-58.152,62.532,0,57.289,5.000,-69.918,-47.258,7.378,-34.931,100.123,1,-46.500,1.000,-34.788,0,0,0,0,0,0,0,0,0,0,0,0,0,0,0,0,0,0,0,0,0,0,0,0
108.650,35.283,10.333,-58.231,62.457,0,57.289,5.000,-69.918,-47.253,7.370,-34.936,100.123,1,-46.500,1.000,-34.788,0,0,0,0,0,0,0,0,0,0,0,0,0,0,0,0,0,0,0,0,0,0,0,0
108.700,35.358,10.387,-58.310,62.382,0,57.289,5.000,-69.918,-47.247,7.362,-34.940,100.123,1,-46.500,1.000,-34.788,0,0,0,0,0,0,0,0,0,0,0,0,0,0,0,0,0,0,0,0,0,0,0,0
108.750,35.434,10.441,-58.389,62.306,0,57.289,5.000,-69.918,-47.241,7.356,-34.944,100.123,1,-46.500,1.000,-34.788,0,0,0,0,0,0,0,0,0,0,0,0,0,0,0,0,0,0,0,0,0,0,0,0
108.800,35.510,10.495,-58.468,62.231,0,57.289,5.000,-69.918,-47.235,7.350,-34.948,100.123,1,-46.500,1.000,-34.788,0,0,0,0,0,0,0,0,0,0,0,0,0,0,0,0,0,0,0,0,0,0,0,0
108.850,35.587,10.549,-58.546,62.156,0,57.289,5.000,-69.918,-47.230,7.344,-34.952,100.123,1,-46.500,1.000,-34.788,0,0,0,0,0,0,0,0,0,0,0,0,0,0,0,0,0,0,0,0,0,0,0,0
108.900,35.663,10.602,-58.624,62.082,0,57.289,5.000,-69.918,-47.224,7.339,-34.955,100.123,1,-46.500,1.000,-34.788,0,0,0,0,0,0,0,0,0,0,0,0,0,0,0,0,0,0,0,0,0,0,0,0
108.950,35.740,10.656,-58.702,62.007,0,57.289,5.000,-69.918,-47.218,7.335,-34.959,100.123,1,-46.500,1.000,-34.788,0,0,0,0,0,0,0,0,0,0,0,0,0,0,0,0,0,0,0,0,0,0,0,0
109.000,35.817,10.710,-58.780,61.932,0,57.289,5.000,-69.918,-47.212,7.331,-34.962,100.123,1,-46.500,1.000,-34.788,0,0,0,0,0,0,0,0,0,0,0,0,0,0,0,0,0,0,0,0,0,0,0,0
109.050,35.894,10.764,-58.858,61.858,0,57.289,5.000,-69.918,-47.206,7.328,-34.964,100.123,1,-46.500,1.000,-34.788,0,0,0,0,0,0,0,0,0,0,0,0,0,0,0,0,0,0,0,0,0,0,0,0
109.100,35.972,10.818,-58.935,61.784,0,57.289,5.000,-69.918,-47.201,7.326,-34.967,100.123,1,-46.500,1.000,-34.788,0,0,0,0,0,0,0,0,0,0,0,0,0,0,0,0,0,0,0,0,0,0,0,0
109.150,36.049,10.871,-59.012,61.710,0,57.289,5.000,-69.918,-47.195,7.324,-34.969,100.123,1,-46.500,1.000,-34.788,0,0,0,0,0,0,0,0,0,0,0,0,0,0,0,0,0,0,0,0,0,0,0,0
109.200,36.127,10.925,-59.089,61.636,0,57.289,5.000,-69.918,-47.189,7.323,-34.971,100.123,1,-46.500,1.000,-34.788,0,0,0,0,0,0,0,0,0,0,0,0,0,0,0,0,0,0,0,0,0,0,0,0
109.250,36.205,10.978,-59.166,61.563,0,57.289,5.000,-69.918,-47.184,7.323,-34.973,100.123,1,-46.500,1.000,-34.788,0,0,0,0,0,0,0,0,0,0,0,0,0,0,0,0,0,0,0,0,0,0,0,0
109.300,36.283,11.032,-59.243,61.489,0,57.289,5.000,-69.918,-47.178,7.323,-34.975,100.123,1,-46.500,1.000,-34.788,0,0,0,0,0,0,0,0,0,0,0,0,0,0,0,0,0,0,0,0,0,0,0,0
109.350,36.361,11.085,-59.319,61.416,0,57.289,5.000,-69.918,-47.173,7.324,-34.976,100.123,1,-46.500,1.000,-34.788,0,0,0,0,0,0,0,0,0,0,0,0,0,0,0,0,0,0,0,0,0,0,0,0
109.400,36.439,11.138,-59.396,61.343,0,57.289,5.000,-69.918,-47.168,7.325,-34.977,100.123,1,-46.500,1.000,-34.788,0,0,0,0,0,0,0,0,0,0,0,0,0,0,0,0,0,0,0,0,0,0,0,0
109.450,36.517,11.190,-59.472,61.270,0,57.289,5.000,-69.918,-47.162,7.327,-34.978,100.123,1,-46.500,1.000,-34.788,0,0,0,0,0,0,0,0,0,0,0,0,0,0,0,0,0,0,0,0,0,0,0,0
109.500,36.596,11.243,-59.548,61.197,0,57.289,5.000,-69.918,-47.157,7.330,-34.979,100.123,1,-46.500,1.000,-34.788,0,0,0,0,0,0,0,0,0,0,0,0,0,0,0,0,0,0,0,0,0,0,0,0
109.550,36.675,11.295,-59.624,61.125,0,57.289,5.000,-69.918,-47.152,7.333,-34.979,100.123,1,-46.500,1.000,-34.788,0,0,0,0,0,0,0,0,0,0,0,0,0,0,0,0,0,0,0,0,0,0,0,0
109.600,36.754,11.347,-59.699,61.052,0,57.289,5.000,-69.918,-47.147,7.337,-34.979,100.123,1,-46.500,1.000,-34.788,0,0,0,0,0,0,0,0,0,0,0,0,0,0,0,0,0,0,0,0,0,0,0,0
109.650,36.833,11.399,-59.775,60.980,0,57.289,5.000,-69.918,-47.142,7.342,-34.979,100.123,1,-46.500,1.000,-34.788,0,0,0,0,0,0,0,0,0,0,0,0,0,0,0,0,0,0,0,0,0,0,0,0
109.700,36.912,11.451,-59.850,60.908,0,57.289,5.000,-69.918,-47.138,7.347,-34.979,100.123,1,-46.500,1.000,-34.788,0,0,0,0,0,0,0,0,0,0,0,0,0,0,0,0,0,0,0,0,0,0,0,0
109.750,36.991,11.502,-59.925,60.836,0,57.289,5.000,-69.918,-47.133,7.353,-34.978,100.123,1,-46.500,1.000,-34.788,0,0,0,0,0,0,0,0,0,0,0,0,0,0,0,0,0,0,0,0,0,0,0,0
109.800,37.070,11.554,-60.001,60.764,0,57.289,5.000,-69.918,-47.129,7.360,-34.977,100.123,1,-46.500,1.000,-34.788,0,0,0,0,0,0,0,0,0,0,0,0,0,0,0,0,0,0,0,0,0,0,0,0
109.850,37.150,11.605,-60.076,60.693,0,57.289,5.000,-69.918,-47.124,7.367,-34.976,100.123,1,-46.500,1.000,-34.788,0,0,0,0,0,0,0,0,0,0,0,0,0,0,0,0,0,0,0,0,0,0,0,0
109.900,37.229,11.655,-60.150,60.621,0,57.289,5.000,-69.918,-47.120,7.375,-34.974,100.123,1,-46.500,1.000,-34.788,0,0,0,0,0,0,0,0,0,0,0,0,0,0,0,0,0,0,0,0,0,0,0,0
109.950,37.309,11.706,-60.225,60.550,0,57.289,5.000,-69.918,-47.116,7.383,-34.973,100.123,1,-46.500,1.000,-34.788,0,0,0,0,0,0,0,0,0,0,0,0,0,0,0,0,0,0,0,0,0,0,0,0
110.000,37.389,11.756,-60.300,60.479,0,57.289,5.000,-69.918,-47.113,7.393,-34.971,100.123,1,-46.500,1.000,-34.788,0,0,0,0,0,0,0,0,0,0,0,0,0,0,0,0,0,0,0,0,0,0,0,0
110.050,37.469,11.805,-60.374,60.408,0,57.289,5.000,-69.918,-47.109,7.402,-34.968,100.123,1,-46.500,1.000,-34.788,0,0,0,0,0,0,0,0,0,0,0,0,0,0,0,0,0,0,0,0,0,0,0,0
110.100,37.549,11.855,-60.449,60.337,0,57.289,5.000,-69.918,-47.106,7.412,-34.966,100.123,1,-46.500,1.000,-34.788,0,0,0,0,0,0,0,0,0,0,0,0,0,0,0,0,0,0,0,0,0,0,0,0
110.150,37.629,11.904,-60.523,60.266,0,57.289,5.000,-69.918,-47.103,7.423,-34.963,100.123,1,-46.500,1.000,-34.788,0,0,0,0,0,0,0,0,0,0,0,0,0,0,0,0,0,0,0,0,0,0,0,0
110.200,37.710,11.953,-60.597,60.196,0,57.289,5.000,-69.918,-47.100,7.435,-34.960,100.123,1,-46.500,1.000,-34.788,0,0,0,0,0,0,0,0,0,0,0,0,0,0,0,0,0,0,0,0,0,0,0,0
110.250,37.790,12.001,-60.671,60.126,0,57.289,5.000,-69.918,-47.097,7.447,-34.956,100.123,1,-46.500,1.000,-34.788,0,0,0,0,0,0,0,0,0,0,0,0,0,0,0,0,0,0,0,0,0,0,0,0
110.300,37.871,12.049,-60.745,60.056,0,57.289,5.000,-69.918,-47.095,7.459,-34.953,100.123,1,-46.500,1.000,-34.788,0,0,0,0,0,0,0,0,0,0,0,0,0,0,0,0,0,0,0,0,0,0,0,0
110.350,37.951,12.097,-60.819,59.986,0,57.289,5.000,-69.918,-47.092,7.472,-34.949,100.123,1,-46.500,1.000,-34.788,0,0,0,0,0,0,0,0,0,0,0,0,0,0,0,0,0,0,0,0,0,0,0,0
110.400,38.032,12.144,-60.893,59.916,0,57.289,5.000,-69.918,-47.090,7.486,-34.945,100.123,1,-46.500,1.000,-34.788,0,0,0,0,0,0,0,0,0,0,0,0,0,0,0,0,0,0,0,0,0,0,0,0
110.450,38.113,12.191,-60.967,59.847,0,57.289,5.000,-69.918,-47.089,7.500,-34.941,100.123,1,-46.500,1.000,-34.788,0,0,0,0,0,0,0,0,0,0,0,0,0,0,0,0,0,0,0,0,0,0,0,0
110.500,38.194,12.237,-61.040,59.778,0,57.289,5.000,-69.918,-47.087,7.515,-34.936,100.123,1,-46.500,1.000,-34.788,0,0,0,0,0,0,0,0,0,0,0,0,0,0,0,0,0,0,0,0,0,0,0,0
110.550,38.275,12.283,-61.114,59.709,0,57.289,5.000,-69.918,-47.086,7.530,-34.931,100.123,1,-46.500,1.000,-34.788,0,0,0,0,0,0,0,0,0,0,0,0,0,0,0,0,0,0,0,0,0,0,0,0
110.600,38.356,12.329,-61.187,59.640,0,57.289,5.000,-69.918,-47.085,7.546,-34.926,100.123,1,-46.500,1.000,-34.788,0,0,0,0,0,0,0,0,0,0,0,0,0,0,0,0,0,0,0,0,0,0,0,0
110.650,38.437,12.374,-61.261,59.571,0,57.289,5.000,-69.918,-47.084,7.562,-34.921,100.123,1,-46.500,1.000,-34.788,0,0,0,0,0,0,0,0,0,0,0,0,0,0,0,0,0,0,0,0,0,0,0,0
110.700,38.519,12.419,-61.334,59.503,0,57.289,5.000,-69.918,-47.084,7.578,-34.916,100.123,1,-46.500,1.000,-34.788,0,0,0,0,0,0,0,0,0,0,0,0,0,0,0,0,0,0,0,0,0,0,0,0
110.750,38.600,12.463,-61.407,59.434,0,57.289,5.000,-69.918,-47.084,7.595,-34.910,100.123,1,-46.500,1.000,-34.788,0,0,0,0,0,0,0,0,0,0,0,0,0,0,0,0,0,0,0,0,0,0,0,0
110.800,38.682,12.507,-61.480,59.366,0,57.289,5.000,-69.918,-47.084,7.613,-34.905,100.123,1,-46.500,1.000,-34.788,0,0,0,0,0,0,0,0,0,0,0,0,0,0,0,0,0,0,0,0,0,0,0,0
110.850,38.764,12.550,-61.553,59.298,0,57.289,5.000,-69.918,-47.084,7.630,-34.899,100.123,1,-46.500,1.000,-34.788,0,0,0,0,0,0,0,0,0,0,0,0,0,0,0,0,0,0,0,0,0,0,0,0
110.900,38.846,12.593,-61.626,59.231,0,57.289,5.000,-69.918,-47.085,7.649,-34.892,100.123,1,-46.500,1.000,-34.788,0,0,0,0,0,0,0,0,0,0,0,0,0,0,0,0,0,0,0,0,0,0,0,0
110.950,38.927,12.636,-61.699,59.163,0,57.289,5.000,-69.918,-47.085,7.667,-34.886,100.123,1,-46.500,1.000,-34.788,0,0,0,0,0,0,0,0,0,0,0,0,0,0,0,0,0,0,0,0,0,0,0,0
111.000,39.010,12.677,-61.772,59.096,0,57.289,5.000,-69.918,-47.087,7.686,-34.880,100.123,1,-46.500,1.000,-34.788,0,0,0,0,0,0,0,0,0,0,0,0,0,0,0,0,0,0,0,0,0,0,0,0
111.050,39.092,12.719,-61.844,59.029,0,57.289,5.000,-69.918,-47.088,7.705,-34.873,100.123,1,-46.500,1.000,-34.788,0,0,0,0,0,0,0,0,0,0,0,0,0,0,0,0,0,0,0,0,0,0,0,0
111.100,39.174,12.760,-61.917,58.962,0,57.289,5.000,-69.918,-47.090,7.725,-34.866,100.123,1,-46.500,1.000,-34.788,0,0,0,0,0,0,0,0,0,0,0,0,0,0,0,0,0,0,0,0,0,0,0,0
111.150,39.256,12.800,-61.989,58.895,0,57.289,5.000,-69.918,-47.092,7.744,-34.859,100.123,1,-46.500,1.000,-34.788,0,0,0,0,0,0,0,0,0,0,0,0,0,0,0,0,0,0,0,0,0,0,0,0
111.200,39.339,12.840,-62.061,58.828,0,57.289,5.000,-69.918,-47.094,7.764,-34.852,100.123,1,-46.500,1.000,-34.788,0,0,0,0,0,0,0,0,0,0,0,0,0,0,0,0,0,0,0,0,0,0,0,0
111.250,39.421,12.879,-62.133,58.762,0,57.289,5.000,-69.918,-47.096,7.784,-34.845,100.123,1,-46.500,1.000,-34.788,0,0,0,0,0,0,0,0,0,0,0,0,0,0,0,0,0,0,0,0,0,0,0,0
111.300,39.504,12.918,-62.206,58.695,0,57.289,5.000,-69.918,-47.099,7.805,-34.837,100.123,1,-46.500,1.000,-34.788,0,0,0,0,0,0,0,0,0,0,0,0,0,0,0,0,0,0,0,0,0,0,0,0
111.350,39.587,12.957,-62.278,58.629,0,57.289,5.000,-69.918,-47.102,7.825,-34.830,100.123,1,-46.500,1.000,-34.788,0,0,0,0,0,0,0,0,0,0,0,0,0,0,0,0,0,0,0,0,0,0,0,0
111.400,39.670,12.994,-62.349,58.563,0,57.289,5.000,-69.918,-47.106,7.846,-34.823,100.123,1,-46.500,1.000,-34.788,0,0,0,0,0,0,0,0,0,0,0,0,0,0,0,0,0,0,0,0,0,0,0,0
111.450,39.753,13.032,-62.421,58.497,0,57.289,5.000,-69.918,-47.109,7.867,-34.815,100.123,1,-46.500,1.000,-34.788,0,0,0,0,0,0,0,0,0,0,0,0,0,0,0,0,0,0,0,0,0,0,0,0
111.500,39.836,13.068,-62.493,58.432,0,57.289,5.000,-69.918,-47.113,7.888,-34.807,100.123,1,-46.500,1.000,-34.788,0,0,0,0,0,0,0,0,0,0,0,0,0,0,0,0,0,0,0,0,0,0,0,0
111.550,39.919,13.105,-62.565,58.366,0,57.289,5.000,-69.918,-47.117,7.909,-34.799,100.123,1,-46.500,1.000,-34.788,0,0,0,0,0,0,0,0,0,0,0,0,0,0,0,0,0,0,0,0,0,0,0,0
111.600,40.003,13.140,-62.636,58.301,0,57.289,5.000,-69.918,-47.121,7.930,-34.792,100.123,1,-46.500,1.000,-34.788,0,0,0,0,0,0,0,0,0,0,0,0,0,0,0,0,0,0,0,0,0,0,0,0
111.650,40.086,13.176,-62.707,58.235,0,57.289,5.000,-69.918,-47.126,7.952,-34.784,100.123,1,-46.500,1.000,-34.788,0,0,0,0,0,0,0,0,0,0,0,0,0,0,0,0,0,0,0,0,0,0,0,0
111.700,40.170,13.210,-62.779,58.170,0,57.289,5.000,-69.918,-47.130,7.973,-34.776,100.123,1,-46.500,1.000,-34.788,0,0,0,0,0,0,0,0,0,0,0,0,0,0,0,0,0,0,0,0,0,0,0,0
111.750,40.253,13.244,-62.850,58.105,0,57.289,5.000,-69.918,-47.135,7.994,-34.768,100.123,1,-46.500,1.000,-34.788,0,0,0,0,0,0,0,0,0,0,0,0,0,0,0,0,0,0,0,0,0,0,0,0
111.800,40.337,13.278,-62.921,58.040,0,57.289,5.000,-69.918,-47.141,8.015,-34.760,100.123,1,-46.500,1.000,-34.788,0,0,0,0,0,0,0,0,0,0,0,0,0,0,0,0,0,0,0,0,0,0,0,0
111.850,40.421,13.311,-62.992,57.975,0,57.289,5.000,-69.918,-47.146,8.037,-34.752,100.123,1,-46.500,1.000,-34.788,0,0,0,0,0,0,0,0,0,0,0,0,0,0,0,0,0,0,0,0,0,0,0,0
111.900,40.505,13.343,-63.063,57.911,0,57.289,5.000,-69.918,-47.152,8.058,-34.744,100.123,1,-46.500,1.000,-34.788,0,0,0,0,0,0,0,0,0,0,0,0,0,0,0,0,0,0,0,0,0,0,0,0
111.950,40.589,13.375,-63.134,57.846,0,57.289,5.000,-69.918,-47.157,8.079,-34.736,100.123,1,-46.500,1.000,-34.788,0,0,0,0,0,0,0,0,0,0,0,0,0,0,0,0,0,0,0,0,0,0,0,0
112.000,40.673,13.406,-63.204,57.782,0,57.289,5.000,-69.918,-47.163,8.100,-34.728,100.123,1,-46.500,1.000,-34.788,0,0,0,0,0,0,0,0,0,0,0,0,0,0,0,0,0,0,0,0,0,0,0,0
112.050,40.758,13.437,-63.275,57.718,0,57.289,5.000,-69.918,-47.169,8.120,-34.720,100.123,1,-46.500,1.000,-34.788,0,0,0,0,0,0,0,0,0,0,0,0,0,0,0,0,0,0,0,0,0,0,0,0
112.100,40.842,13.467,-63.346,57.653,0,57.289,5.000,-69.918,-47.175,8.141,-34.712,100.123,1,-46.500,1.000,-34.788,0,0,0,0,0,0,0,0,0,0,0,0,0,0,0,0,0,0,0,0,0,0,0,0
112.150,40.927,13.497,-63.416,57.590,0,57.289,5.000,-69.918,-47.182,8.162,-34.705,100.123,1,-46.500,1.000,-34.788,0,0,0,0,0,0,0,0,0,0,0,0,0,0,0,0,0,0,0,0,0,0,0,0
112.200,41.011,13.526,-63.486,57.526,0,57.289,5.000,-69.918,-47.188,8.182,-34.697,100.123,1,-46.500,1.000,-34.788,0,0,0,0,0,0,0,0,0,0,0,0,0,0,0,0,0,0,0,0,0,0,0,0
112.250,41.096,13.555,-63.556,57.462,0,57.289,5.000,-69.918,-47.195,8.202,-34.689,100.123,1,-46.500,1.000,-34.788,0,0,0,0,0,0,0,0,0,0,0,0,0,0,0,0,0,0,0,0,0,0,0,0
112.300,41.181,13.582,-63.626,57.399,0,57.289,5.000,-69.918,-47.201,8.222,-34.681,100.123,1,-46.500,1.000,-34.788,0,0,0,0,0,0,0,0,0,0,0,0,0,0,0,0,0,0,0,0,0,0,0,0
112.350,41.266,13.610,-63.696,57.335,0,57.289,5.000,-69.918,-47.208,8.242,-34.674,100.123,1,-46.500,1.000,-34.788,0,0,0,0,0,0,0,0,0,0,0,0,0,0,0,0,0,0,0,0,0,0,0,0
112.400,41.351,13.636,-63.766,57.272,0,57.289,5.000,-69.918,-47.215,8.261,-34.666,100.123,1,-46.500,1.000,-34.788,0,0,0,0,0,0,0,0,0,0,0,0,0,0,0,0,0,0,0,0,0,0,0,0
112.450,41.436,13.662,-63.836,57.209,0,57.289,5.000,-69.918,-47.222,8.280,-34.659,100.123,1,-46.500,1.000,-34.788,0,0,0,0,0,0,0,0,0,0,0,0,0,0,0,0,0,0,0,0,0,0,0,0
112.500,41.521,13.688,-63.905,57.146,0,57.289,5.000,-69.918,-47.229,8.299,-34.651,100.123,1,-46.500,1.000,-34.788,0,0,0,0,0,0,0,0,0,0,0,0,0,0,0,0,0,0,0,0,0,0,0,0
112.550,41.607,13.713,-63.975,57.084,0,57.289,5.000,-69.918,-47.236,8.318,-34.644,100.123,1,-46.500,1.000,-34.788,0,0,0,0,0,0,0,0,0,0,0,0,0,0,0,0,0,0,0,0,0,0,0,0
112.600,41.692,13.737,-64.044,57.021,0,57.289,5.000,-69.918,-47.243,8.336,-34.637,100.123,1,-46.500,1.000,-34.788,0,0,0,0,0,0,0,0,0,0,0,0,0,0,0,0,0,0,0,0,0,0,0,0
112.650,41.778,13.760,-64.113,56.959,0,57.289,5.000,-69.918,-47.250,8.354,-34.630,100.123,1,-46.500,1.000,-34.788,0,0,0,0,0,0,0,0,0,0,0,0,0,0,0,0,0,0,0,0,0,0,0,0
112.700,41.864,13.783,-64.182,56.896,0,57.289,5.000,-69.918,-47.257,8.371,-34.623,100.123,1,-46.500,1.000,-34.788,0,0,0,0,0,0,0,0,0,0,0,0,0,0,0,0,0,0,0,0,0,0,0,0
112.750,41.950,13.805,-64.251,56.834,0,57.289,5.000,-69.918,-47.264,8.388,-34.616,100.123,1,-46.500,1.000,-34.788,0,0,0,0,0,0,0,0,0,0,0,0,0,0,0,0,0,0,0,0,0,0,0,0
112.800,42.035,13.827,-64.320,56.772,0,57.289,5.000,-69.918,-47.271,8.405,-34.610,100.123,1,-46.500,1.000,-34.788,0,0,0,0,0,0,0,0,0,0,0,0,0,0,0,0,0,0,0,0,0,0,0,0
112.850,42.122,13.848,-64.388,56.710,0,57.289,5.000,-69.918,-47.278,8.422,-34.603,100.123,1,-46.500,1.000,-34.788,0,0,0,0,0,0,0,0,0,0,0,0,0,0,0,0,0,0,0,0,0,0,0,0
112.900,42.208,13.868,-64.457,56.649,0,57.289,5.000,-69.918,-47.285,8.437,-34.597,100.123,1,-46.500,1.000,-34.788,0,0,0,0,0,0,0,0,0,0,0,0,0,0,0,0,0,0,0,0,0,0,0,0
112.950,42.294,13.887,-64.525,56.587,0,57.289,5.000,-69.918,-47.292,8.453,-34.591,100.123,1,-46.500,1.000,-34.788,0,0,0,0,0,0,0,0,0,0,0,0,0,0,0,0,0,0,0,0,0,0,0,0
113.000,42.380,13.906,-64.593,56.526,0,57.289,5.000,-69.918,-47.299,8.468,-34.585,100.123,1,-46.500,1.000,-34.788,0,0,0,0,0,0,0,0,0,0,0,0,0,0,0,0,0,0,0,0,0,0,0,0
113.050,42.467,13.924,-64.661,56.464,0,57.289,5.000,-69.918,-47.306,8.482,-34.579,100.123,1,-46.500,1.000,-34.788,0,0,0,0,0,0,0,0,0,0,0,0,0,0,0,0,0,0,0,0,0,0,0,0
113.100,42.553,13.941,-64.728,56.403,0,57.289,5.000,-69.918,-47.313,8.496,-34.573,100.123,1,-46.500,1.000,-34.788,0,0,0,0,0,0,0,0,0,0,0,0,0,0,0,0,0,0,0,0,0,0,0,0
113.150,42.640,13.957,-64.796,56.342,0,57.289,5.000,-69.918,-47.319,8.509,-34.568,100.123,1,-46.500,1.000,-34.788,0,0,0,0,0,0,0,0,0,0,0,0,0,0,0,0,0,0,0,0,0,0,0,0
113.200,42.727,13.973,-64.863,56.281,0,57.289,5.000,-69.918,-47.326,8.522,-34.562,100.123,1,-46.500,1.000,-34.788,0,0,0,0,0,0,0,0,0,0,0,0,0,0,0,0,0,0,0,0,0,0,0,0
113.250,42.814,13.988,-64.930,56.220,0,57.289,5.000,-69.918,-47.332,8.535,-34.557,100.123,1,-46.500,1.000,-34.788,0,0,0,0,0,0,0,0,0,0,0,0,0,0,0,0,0,0,0,0,0,0,0,0
113.300,42.901,14.002,-64.997,56.159,0,57.289,5.000,-69.918,-47.338,8.547,-34.553,100.123,1,-46.500,1.000,-34.788,0,0,0,0,0,0,0,0,0,0,0,0,0,0,0,0,0,0,0,0,0,0,0,0
113.350,42.988,14.015,-65.064,56.099,0,57.289,5.000,-69.918,-47.345,8.558,-34.548,100.123,1,-46.500,1.000,-34.788,0,0,0,0,0,0,0,0,0,0,0,0,0,0,0,0,0,0,0,0,0,0,0,0
113.400,43.075,14.027,-65.130,56.038,0,57.289,5.000,-69.918,-47.351,8.569,-34.543,100.123,1,-46.500,1.000,-34.788,0,0,0,0,0,0,0,0,0,0,0,0,0,0,0,0,0,0,0,0,0,0,0,0
113.450,43.162,14.039,-65.196,55.978,0,57.289,5.000,-69.918,-47.356,8.579,-34.539,100.123,1,-46.500,1.000,-34.788,0,0,0,0,0,0,0,0,0,0,0,0,0,0,0,0,0,0,0,0,0,0,0,0
113.500,43.250,14.049,-65.262,55.917,0,57.289,5.000,-69.918,-47.362,8.588,-34.535,100.123,1,-46.500,1.000,-34.788,0,0,0,0,0,0,0,0,0,0,0,0,0,0,0,0,0,0,0,0,0,0,0,0
113.550,43.337,14.059,-65.328,55.857,0,57.289,5.000,-69.918,-47.368,8.597,-34.531,100.123,1,-46.500,1.000,-34.788,0,0,0,0,0,0,0,0,0,0,0,0,0,0,0,0,0,0,0,0,0,0,0,0
113.600,43.425,14.067,-65.393,55.797,0,57.289,5.000,-69.918,-47.373,8.606,-34.528,100.123,1,-46.500,1.000,-34.788,0,0,0,0,0,0,0,0,0,0,0,0,0,0,0,0,0,0,0,0,0,0,0,0
113.650,43.513,14.075,-65.458,55.737,0,57.289,5.000,-69.918,-47.379,8.614,-34.524,100.123,1,-46.500,1.000,-34.788,0,0,0,0,0,0,0,0,0,0,0,0,0,0,0,0,0,0,0,0,0,0,0,0
113.700,43.600,14.082,-65.523,55.676,0,57.289,5.000,-69.918,-47.384,8.621,-34.521,100.123,1,-46.500,1.000,-34.788,0,0,0,0,0,0,0,0,0,0,0,0,0,0,0,0,0,0,0,0,0,0,0,0
113.750,43.688,14.087,-65.588,55.616,0,57.289,5.000,-69.918,-47.389,8.627,-34.518,100.123,1,-46.500,1.000,-34.788,0,0,0,0,0,0,0,0,0,0,0,0,0,0,0,0,0,0,0,0,0,0,0,0
113.800,43.777,14.092,-65.652,55.556,0,57.289,5.000,-69.918,-47.394,8.633,-34.515,100.123,1,-46.500,1.000,-34.788,0,0,0,0,0,0,0,0,0,0,0,0,0,0,0,0,0,0,0,0,0,0,0,0
113.850,43.865,14.096,-65.716,55.496,0,57.289,5.000,-69.918,-47.398,8.639,-34.513,100.123,1,-46.500,1.000,-34.788,0,0,0,0,0,0,0,0,0,0,0,0,0,0,0,0,0,0,0,0,0,0,0,0
113.900,43.953,14.098,-65.779,55.436,0,57.289,5.000,-69.918,-47.403,8.644,-34.511,100.123,1,-46.500,1.000,-34.788,0,0,0,0,0,0,0,0,0,0,0,0,0,0,0,0,0,0,0,0,0,0,0,0
113.950,44.041,14.100,-65.843,55.376,0,57.289,5.000,-69.918,-47.407,8.648,-34.509,100.123,1,-46.500,1.000,-34.788,0,0,0,0,0,0,0,0,0,0,0,0,0,0,0,0,0,0,0,0,0,0,0,0
114.000,44.130,14.100,-65.905,55.316,0,57.289,5.000,-69.918,-47.411,8.651,-34.507,100.123,1,-46.500,1.000,-34.788,0,0,0,0,0,0,0,0,0,0,0,0,0,0,0,0,0,0,0,0,0,0,0,0
114.050,44.218,14.099,-65.968,55.256,0,57.289,5.000,-69.918,-47.415,8.654,-34.505,100.123,1,-46.500,1.000,-34.788,0,0,0,0,0,0,0,0,0,0,0,0,0,0,0,0,0,0,0,0,0,0,0,0
114.100,44.307,14.097,-66.030,55.195,0,57.289,5.000,-69.918,-47.418,8.656,-34.504,100.123,1,-46.500,1.000,-34.788,0,0,0,0,0,0,0,0,0,0,0,0,0,0,0,0,0,0,0,0,0,0,0,0
114.150,44.396,14.094,-66.091,55.135,0,57.289,5.000,-69.918,-47.422,8.658,-34.503,100.123,1,-46.500,1.000,-34.788,0,0,0,0,0,0,0,0,0,0,0,0,0,0,0,0,0,0,0,0,0,0,0,0
114.200,44.485,14.089,-66.153,55.075,0,57.289,5.000,-69.918,-47.425,8.659,-34.503,100.123,1,-46.500,1.000,-34.788,0,0,0,0,0,0,0,0,0,0,0,0,0,0,0,0,0,0,0,0,0,0,0,0
114.250,44.574,14.084,-66.213,55.014,0,57.289,5.000,-69.918,-47.428,8.659,-34.502,100.123,1,-46.500,1.000,-34.788,0,0,0,0,0,0,0,0,0,0,0,0,0,0,0,0,0,0,0,0,0,0,0,0
114.300,44.663,14.076,-66.273,54.954,0,57.289,5.000,-69.918,-47.431,8.659,-34.502,100.123,1,-46.500,1.000,-34.788,0,0,0,0,0,0,0,0,0,0,0,0,0,0,0,0,0,0,0,0,0,0,0,0
114.350,44.752,14.068,-66.333,54.893,0,57.289,5.000,-69.918,-47.434,8.658,-34.502,100.123,1,-46.500,1.000,-34.788,0,0,0,0,0,0,0,0,0,0,0,0,0,0,0,0,0,0,0,0,0,0,0,0
114.400,44.842,14.058,-66.392,54.833,0,57.289,5.000,-69.918,-47.436,8.656,-34.502,100.123,1,-46.500,1.000,-34.788,0,0,0,0,0,0,0,0,0,0,0,0,0,0,0,0,0,0,0,0,0,0,0,0
114.450,44.931,14.047,-66.450,54.772,0,57.289,5.000,-69.918,-47.438,8.654,-34.503,100.123,1,-46.500,1.000,-34.788,0,0,0,0,0,0,0,0,0,0,0,0,0,0,0,0,0,0,0,0,0,0,0,0
114.500,45.021,14.035,-66.508,54.711,0,57.289,5.000,-69.918,-47.440,8.651,-34.504,100.123,1,-46.500,1.000,-34.788,0,0,0,0,0,0,0,0,0,0,0,0,0,0,0,0,0,0,0,0,0,0,0,0
114.550,45.110,14.021,-66.565,54.650,0,57.289,5.000,-69.918,-47.442,8.647,-34.505,100.123,1,-46.500,1.000,-34.788,0,0,0,0,0,0,0,0,0,0,0,0,0,0,0,0,0,0,0,0,0,0,0,0
114.600,45.200,14.005,-66.621,54.589,0,57.289,5.000,-69.918,-47.443,8.643,-34.506,100.123,1,-46.500,1.000,-34.788,0,0,0,0,0,0,0,0,0,0,0,0,0,0,0,0,0,0,0,0,0,0,0,0
114.650,45.290,13.989,-66.676,54.528,0,57.289,5.000,-69.918,-47.444,8.638,-34.508,100.123,1,-46.500,1.000,-34.788,0,0,0,0,0,0,0,0,0,0,0,0,0,0,0,0,0,0,0,0,0,0,0,0
114.700,45.380,13.970,-66.731,54.467,0,57.289,5.000,-69.918,-47.445,8.632,-34.510,100.123,1,-46.500,1.000,-34.788,0,0,0,0,0,0,0,0,0,0,0,0,0,0,0,0,0,0,0,0,0,0,0,0
114.750,45.470,13.951,-66.785,54.406,0,57.289,5.000,-69.918,-47.446,8.626,-34.512,100.123,1,-46.500,1.000,-34.788,0,0,0,0,0,0,0,0,0,0,0,0,0,0,0,0,0,0,0,0,0,0,0,0
114.800,45.560,13.930,-66.838,54.344,0,57.289,5.000,-69.918,-47.446,8.619,-34.514,100.123,1,-46.500,1.000,-34.788,0,0,0,0,0,0,0,0,0,0,0,0,0,0,0,0,0,0,0,0,0,0,0,0
114.850,45.650,13.908,-66.891,54.283,0,57.289,5.000,-69.918,-47.446,8.612,-34.517,100.123,1,-46.500,1.000,-34.788,0,0,0,0,0,0,0,0,0,0,0,0,0,0,0,0,0,0,0,0,0,0,0,0
114.900,45.741,13.884,-66.942,54.221,0,57.289,5.000,-69.918,-47.446,8.604,-34.520,100.123,1,-46.500,1.000,-34.788,0,0,0,0,0,0,0,0,0,0,0,0,0,0,0,0,0,0,0,0,0,0,0,0
114.950,45.831,13.859,-66.992,54.159,0,57.289,5.000,-69.918,-47.446,8.595,-34.523,100.123,1,-46.500,1.000,-34.788,0,0,0,0,0,0,0,0,0,0,0,0,0,0,0,0,0,0,0,0,0,0,0,0
115.000,45.921,13.832,-67.042,54.097,0,57.289,5.000,-69.918,-47.445,8.586,-34.527,100.123,1,-46.500,1.000,-34.788,0,0,0,0,0,0,0,0,0,0,0,0,0,0,0,0,0,0,0,0,0,0,0,0
115.050,46.012,13.805,-67.091,54.035,0,57.289,5.000,-69.918,-47.445,8.576,-34.531,100.123,1,-46.500,1.000,-34.788,0,0,0,0,0,0,0,0,0,0,0,0,0,0,0,0,0,0,0,0,0,0,0,0
115.100,46.103,13.775,-67.138,53.973,0,57.289,5.000,-69.918,-47.444,8.565,-34.535,100.123,1,-46.500,1.000,-34.788,0,0,0,0,0,0,0,0,0,0,0,0,0,0,0,0,0,0,0,0,0,0,0,0
115.150,46.193,13.745,-67.185,53.911,0,57.289,5.000,-69.918,-47.442,8.554,-34.539,100.123,1,-46.500,1.000,-34.788,0,0,0,0,0,0,0,0,0,0,0,0,0,0,0,0,0,0,0,0,0,0,0,0
115.200,46.284,13.713,-67.231,53.849,0,57.289,5.000,-69.918,-47.441,8.543,-34.543,100.123,1,-46.500,1.000,-34.788,0,0,0,0,0,0,0,0,0,0,0,0,0,0,0,0,0,0,0,0,0,0,0,0
115.250,46.375,13.680,-67.275,53.787,0,57.289,5.000,-69.918,-47.439,8.531,-34.548,100.123,1,-46.500,1.000,-34.788,0,0,0,0,0,0,0,0,0,0,0,0,0,0,0,0,0,0,0,0,0,0,0,0
115.300,46.466,13.646,-67.319,53.724,0,57.289,5.000,-69.918,-47.437,8.518,-34.553,100.123,1,-46.500,1.000,-34.788,0,0,0,0,0,0,0,0,0,0,0,0,0,0,0,0,0,0,0,0,0,0,0,0
115.350,46.557,13.610,-67.361,53.661,0,57.289,5.000,-69.918,-47.435,8.505,-34.558,100.123,1,-46.500,1.000,-34.788,0,0,0,0,0,0,0,0,0,0,0,0,0,0,0,0,0,0,0,0,0,0,0,0
115.400,46.648,13.573,-67.402,53.599,0,57.289,5.000,-69.918,-47.432,8.491,-34.563,100.123,1,-46.500,1.000,-34.788,0,0,0,0,0,0,0,0,0,0,0,0,0,0,0,0,0,0,0,0,0,0,0,0
115.450,46.739,13.535,-67.442,53.536,0,57.289,5.000,-69.918,-47.430,8.477,-34.569,100.123,1,-46.500,1.000,-34.788,0,0,0,0,0,0,0,0,0,0,0,0,0,0,0,0,0,0,0,0,0,0,0,0
115.500,46.830,13.496,-67.481,53.473,0,57.289,5.000,-69.918,-47.427,8.462,-34.575,100.123,1,-46.500,1.000,-34.788,0,0,0,0,0,0,0,0,0,0,0,0,0,0,0,0,0,0,0,0,0,0,0,0
115.550,46.921,13.456,-67.519,53.410,0,57.289,5.000,-69.918,-47.424,8.447,-34.581,100.123,1,-46.500,1.000,-34.788,0,0,0,0,0,0,0,0,0,0,0,0,0,0,0,0,0,0,0,0,0,0,0,0
115.600,47.012,13.414,-67.555,53.348,0,57.289,5.000,-69.918,-47.421,8.432,-34.587,100.123,1,-46.500,1.000,-34.788,0,0,0,0,0,0,0,0,0,0,0,0,0,0,0,0,0,0,0,0,0,0,0,0
115.650,47.103,13.371,-67.590,53.285,0,57.289,5.000,-69.918,-47.417,8.416,-34.593,100.123,1,-46.500,1.000,-34.788,0,0,0,0,0,0,0,0,0,0,0,0,0,0,0,0,0,0,0,0,0,0,0,0
115.700,47.194,13.328,-67.624,53.222,0,57.289,5.000,-69.918,-47.414,8.399,-34.600,100.123,1,-46.500,1.000,-34.788,0,0,0,0,0,0,0,0,0,0,0,0,0,0,0,0,0,0,0,0,0,0,0,0
115.750,47.286,13.283,-67.657,53.159,0,57.289,5.000,-69.918,-47.410,8.383,-34.607,100.123,1,-46.500,1.000,-34.788,0,0,0,0,0,0,0,0,0,0,0,0,0,0,0,0,0,0,0,0,0,0,0,0
115.800,47.377,13.237,-67.689,53.096,0,57.289,5.000,-69.918,-47.406,8.366,-34.614,100.123,1,-46.500,1.000,-34.788,0,0,0,0,0,0,0,0,0,0,0,0,0,0,0,0,0,0,0,0,0,0,0,0
115.850,47.468,13.191,-67.719,53.033,0,57.289,5.000,-69.918,-47.402,8.348,-34.621,100.123,1,-46.500,1.000,-34.788,0,0,0,0,0,0,0,0,0,0,0,0,0,0,0,0,0,0,0,0,0,0,0,0
115.900,47.559,13.143,-67.748,52.970,0,57.289,5.000,-69.918,-47.397,8.330,-34.628,100.123,1,-46.500,1.000,-34.788,0,0,0,0,0,0,0,0,0,0,0,0,0,0,0,0,0,0,0,0,0,0,0,0
115.950,47.651,13.095,-67.775,52.907,0,57.289,5.000,-69.918,-47.393,8.312,-34.635,100.123,1,-46.500,1.000,-34.788,0,0,0,0,0,0,0,0,0,0,0,0,0,0,0,0,0,0,0,0,0,0,0,0
116.000,47.742,13.045,-67.802,52.844,0,57.289,5.000,-69.918,-47.388,8.294,-34.643,100.123,1,-46.500,1.000,-34.788,0,0,0,0,0,0,0,0,0,0,0,0,0,0,0,0,0,0,0,0,0,0,0,0
116.050,47.833,12.995,-67.827,52.781,0,57.289,5.000,-69.918,-47.383,8.275,-34.650,100.123,1,-46.500,1.000,-34.788,0,0,0,0,0,0,0,0,0,0,0,0,0,0,0,0,0,0,0,0,0,0,0,0
116.100,47.924,12.944,-67.851,52.718,0,57.289,5.000,-69.918,-47.379,8.257,-34.658,100.123,1,-46.500,1.000,-34.788,0,0,0,0,0,0,0,0,0,0,0,0,0,0,0,0,0,0,0,0,0,0,0,0
116.150,48.015,12.893,-67.874,52.655,0,57.289,5.000,-69.918,-47.374,8.238,-34.666,100.123,1,-46.500,1.000,-34.788,0,0,0,0,0,0,0,0,0,0,0,0,0,0,0,0,0,0,0,0,0,0,0,0
116.200,48.107,12.840,-67.895,52.592,0,57.289,5.000,-69.918,-47.369,8.219,-34.674,100.123,1,-46.500,1.000,-34.788,0,0,0,0,0,0,0,0,0,0,0,0,0,0,0,0,0,0,0,0,0,0,0,0
116.250,48.198,12.787,-67.915,52.529,0,57.289,5.000,-69.918,-47.363,8.199,-34.682,100.123,1,-46.500,1.000,-34.788,0,0,0,0,0,0,0,0,0,0,0,0,0,0,0,0,0,0,0,0,0,0,0,0
116.300,48.289,12.733,-67.934,52.466,0,57.289,5.000,-69.918,-47.358,8.180,-34.690,100.123,1,-46.500,1.000,-34.788,0,0,0,0,0,0,0,0,0,0,0,0,0,0,0,0,0,0,0,0,0,0,0,0
116.350,48.380,12.678,-67.952,52.403,0,57.289,5.000,-69.918,-47.353,8.161,-34.698,100.123,1,-46.500,1.000,-34.788,0,0,0,0,0,0,0,0,0,0,0,0,0,0,0,0,0,0,0,0,0,0,0,0
116.400,48.471,12.623,-67.969,52.339,0,57.289,5.000,-69.918,-47.348,8.141,-34.706,100.123,1,-46.500,1.000,-34.788,0,0,0,0,0,0,0,0,0,0,0,0,0,0,0,0,0,0,0,0,0,0,0,0
116.450,48.562,12.567,-67.984,52.276,0,57.289,5.000,-69.918,-47.342,8.121,-34.714,100.123,1,-46.500,1.000,-34.788,0,0,0,0,0,0,0,0,0,0,0,0,0,0,0,0,0,0,0,0,0,0,0,0
116.500,48.653,12.511,-67.998,52.213,0,57.289,5.000,-69.918,-47.337,8.102,-34.722,100.123,1,-46.500,1.000,-34.788,0,0,0,0,0,0,0,0,0,0,0,0,0,0,0,0,0,0,0,0,0,0,0,0
116.550,48.744,12.454,-68.011,52.150,0,57.289,5.000,-69.918,-47.332,8.082,-34.730,100.123,1,-46.500,1.000,-34.788,0,0,0,0,0,0,0,0,0,0,0,0,0,0,0,0,0,0,0,0,0,0,0,0
116.600,48.835,12.397,-68.023,52.087,0,57.289,5.000,-69.918,-47.326,8.062,-34.738,100.123,1,-46.500,1.000,-34.788,0,0,0,0,0,0,0,0,0,0,0,0,0,0,0,0,0,0,0,0,0,0,0,0
116.650,48.926,12.339,-68.034,52.024,0,57.289,5.000,-69.918,-47.321,8.043,-34.747,100.123,1,-46.500,1.000,-34.788,0,0,0,0,0,0,0,0,0,0,0,0,0,0,0,0,0,0,0,0,0,0,0,0
116.700,49.016,12.280,-68.044,51.961,0,57.289,5.000,-69.918,-47.315,8.023,-34.755,100.123,1,-46.500,1.000,-34.788,0,0,0,0,0,0,0,0,0,0,0,0,0,0,0,0,0,0,0,0,0,0,0,0
116.750,49.107,12.221,-68.053,51.898,0,57.289,5.000,-69.918,-47.310,8.003,-34.763,100.123,1,-46.500,1.000,-34.788,0,0,0,0,0,0,0,0,0,0,0,0,0,0,0,0,0,0,0,0,0,0,0,0
116.800,49.197,12.162,-68.061,51.835,0,57.289,5.000,-69.918,-47.305,7.984,-34.771,100.123,1,-46.500,1.000,-34.788,0,0,0,0,0,0,0,0,0,0,0,0,0,0,0,0,0,0,0,0,0,0,0,0
116.850,49.288,12.102,-68.067,51.772,0,57.289,5.000,-69.918,-47.299,7.965,-34.779,100.123,1,-46.500,1.000,-34.788,0,0,0,0,0,0,0,0,0,0,0,0,0,0,0,0,0,0,0,0,0,0,0,0
116.900,49.378,12.042,-68.073,51.709,0,57.289,5.000,-69.918,-47.294,7.945,-34.787,100.123,1,-46.500,1.000,-34.788,0,0,0,0,0,0,0,0,0,0,0,0,0,0,0,0,0,0,0,0,0,0,0,0
116.950,49.468,11.981,-68.077,51.646,0,57.289,5.000,-69.918,-47.289,7.926,-34.795,100.123,1,-46.500,1.000,-34.788,0,0,0,0,0,0,0,0,0,0,0,0,0,0,0,0,0,0,0,0,0,0,0,0
117.000,49.558,11.920,-68.081,51.584,0,57.289,5.000,-69.918,-47.284,7.907,-34.803,100.123,1,-46.500,1.000,-34.788,0,0,0,0,0,0,0,0,0,0,0,0,0,0,0,0,0,0,0,0,0,0,0,0
117.050,49.648,11.859,-68.083,51.521,0,57.289,5.000,-69.918,-47.279,7.888,-34.811,100.123,1,-46.500,1.000,-34.788,0,0,0,0,0,0,0,0,0,0,0,0,0,0,0,0,0,0,0,0,0,0,0,0
117.100,49.738,11.797,-68.084,51.459,0,57.289,5.000,-69.918,-47.274,7.870,-34.819,100.123,1,-46.500,1.000,-34.788,0,0,0,0,0,0,0,0,0,0,0,0,0,0,0,0,0,0,0,0,0,0,0,0
117.150,49.828,11.736,-68.085,51.397,0,57.289,5.000,-69.918,-47.269,7.851,-34.826,100.123,1,-46.500,1.000,-34.788,0,0,0,0,0,0,0,0,0,0,0,0,0,0,0,0,0,0,0,0,0,0,0,0
117.200,49.918,11.674,-68.084,51.335,0,57.289,5.000,-69.918,-47.264,7.833,-34.834,100.123,1,-46.500,1.000,-34.788,0,0,0,0,0,0,0,0,0,0,0,0,0,0,0,0,0,0,0,0,0,0,0,0
117.250,50.007,11.611,-68.083,51.274,0,57.289,5.000,-69.918,-47.259,7.815,-34.842,100.123,1,-46.500,1.000,-34.788,0,0,0,0,0,0,0,0,0,0,0,0,0,0,0,0,0,0,0,0,0,0,0,0
117.300,50.096,11.549,-68.080,51.212,0,57.289,5.000,-69.918,-47.255,7.797,-34.849,100.123,1,-46.500,1.000,-34.788,0,0,0,0,0,0,0,0,0,0,0,0,0,0,0,0,0,0,0,0,0,0,0,0
117.350,50.185,11.486,-68.077,51.151,0,57.289,5.000,-69.918,-47.250,7.779,-34.856,100.123,1,-46.500,1.000,-34.788,0,0,0,0,0,0,0,0,0,0,0,0,0,0,0,0,0,0,0,0,0,0,0,0
117.400,50.274,11.423,-68.073,51.090,0,57.289,5.000,-69.918,-47.246,7.762,-34.863,100.123,1,-46.500,1.000,-34.788,0,0,0,0,0,0,0,0,0,0,0,0,0,0,0,0,0,0,0,0,0,0,0,0
117.450,50.363,11.360,-68.067,51.029,0,57.289,5.000,-69.918,-47.242,7.745,-34.870,100.123,1,-46.500,1.000,-34.788,0,0,0,0,0,0,0,0,0,0,0,0,0,0,0,0,0,0,0,0,0,0,0,0
117.500,50.451,11.297,-68.061,50.968,0,57.289,5.000,-69.918,-47.237,7.729,-34.877,100.123,1,-46.500,1.000,-34.788,0,0,0,0,0,0,0,0,0,0,0,0,0,0,0,0,0,0,0,0,0,0,0,0
117.550,50.540,11.234,-68.054,50.908,0,57.289,5.000,-69.918,-47.233,7.712,-34.883,100.123,1,-46.500,1.000,-34.788,0,0,0,0,0,0,0,0,0,0,0,0,0,0,0,0,0,0,0,0,0,0,0,0
117.600,50.628,11.170,-68.047,50.848,0,57.289,5.000,-69.918,-47.229,7.697,-34.890,100.123,1,-46.500,1.000,-34.788,0,0,0,0,0,0,0,0,0,0,0,0,0,0,0,0,0,0,0,0,0,0,0,0
117.650,50.716,11.107,-68.038,50.788,0,57.289,5.000,-69.918,-47.225,7.681,-34.896,100.123,1,-46.500,1.000,-34.788,0,0,0,0,0,0,0,0,0,0,0,0,0,0,0,0,0,0,0,0,0,0,0,0
117.700,50.804,11.043,-68.029,50.729,0,57.289,5.000,-69.918,-47.222,7.666,-34.902,100.123,1,-46.500,1.000,-34.788,0,0,0,0,0,0,0,0,0,0,0,0,0,0,0,0,0,0,0,0,0,0,0,0
117.750,50.891,10.980,-68.019,50.670,0,57.289,5.000,-69.918,-47.218,7.651,-34.908,100.123,1,-46.500,1.000,-34.788,0,0,0,0,0,0,0,0,0,0,0,0,0,0,0,0,0,0,0,0,0,0,0,0
117.800,50.978,10.916,-68.009,50.611,0,57.289,5.000,-69.918,-47.215,7.636,-34.914,100.123,1,-46.500,1.000,-34.788,0,0,0,0,0,0,0,0,0,0,0,0,0,0,0,0,0,0,0,0,0,0,0,0
117.850,51.065,10.852,-67.998,50.553,0,57.289,5.000,-69.918,-47.211,7.622,-34.919,100.123,1,-46.500,1.000,-34.788,0,0,0,0,0,0,0,0,0,0,0,0,0,0,0,0,0,0,0,0,0,0,0,0
117.900,51.152,10.789,-67.986,50.495,0,57.289,5.000,-69.918,-47.208,7.609,-34.925,100.123,1,-46.500,1.000,-34.788,0,0,0,0,0,0,0,0,0,0,0,0,0,0,0,0,0,0,0,0,0,0,0,0
117.950,51.239,10.725,-67.973,50.438,0,57.289,5.000,-69.918,-47.205,7.596,-34.930,100.123,1,-46.500,1.000,-34.788,0,0,0,0,0,0,0,0,0,0,0,0,0,0,0,0,0,0,0,0,0,0,0,0
118.000,51.325,10.661,-67.960,50.381,0,57.289,5.000,-69.918,-47.202,7.583,-34.935,100.123,1,-46.500,1.000,-34.788,0,0,0,0,0,0,0,0,0,0,0,0,0,0,0,0,0,0,0,0,0,0,0,0
118.050,51.411,10.597,-67.947,50.324,0,57.289,5.000,-69.918,-47.199,7.570,-34.939,100.123,1,-46.500,1.000,-34.788,0,0,0,0,0,0,0,0,0,0,0,0,0,0,0,0,0,0,0,0,0,0,0,0
118.100,51.496,10.533,-67.933,50.268,0,57.289,5.000,-69.918,-47.197,7.558,-34.944,100.123,1,-46.500,1.000,-34.788,0,0,0,0,0,0,0,0,0,0,0,0,0,0,0,0,0,0,0,0,0,0,0,0
118.150,51.581,10.470,-67.918,50.213,0,57.289,5.000,-69.918,-47.194,7.547,-34.948,100.123,1,-46.500,1.000,-34.788,0,0,0,0,0,0,0,0,0,0,0,0,0,0,0,0,0,0,0,0,0,0,0,0
118.200,51.666,10.406,-67.903,50.158,0,57.289,5.000,-69.918,-47.192,7.536,-34.952,100.123,1,-46.500,1.000,-34.788,0,0,0,0,0,0,0,0,0,0,0,0,0,0,0,0,0,0,0,0,0,0,0,0
118.250,51.750,10.342,-67.888,50.105,0,57.289,5.000,-69.918,-47.189,7.525,-34.955,100.123,1,-46.500,1.000,-34.788,0,0,0,0,0,0,0,0,0,0,0,0,0,0,0,0,0,0,0,0,0,0,0,0
118.300,51.834,10.278,-67.872,50.051,0,57.289,5.000,-69.918,-47.187,7.515,-34.959,100.123,1,-46.500,1.000,-34.788,0,0,0,0,0,0,0,0,0,0,0,0,0,0,0,0,0,0,0,0,0,0,0,0
118.350,51.917,10.214,-67.855,49.999,0,57.289,5.000,-69.918,-47.185,7.506,-34.962,100.123,1,-46.500,1.000,-34.788,0,0,0,0,0,0,0,0,0,0,0,0,0,0,0,0,0,0,0,0,0,0,0,0
118.400,52.000,10.150,-67.839,49.948,0,57.289,5.000,-69.918,-47.184,7.497,-34.965,100.123,1,-46.500,1.000,-34.788,0,0,0,0,0,0,0,0,0,0,0,0,0,0,0,0,0,0,0,0,0,0,0,0
118.450,52.082,10.086,-67.822,49.897,0,57.289,5.000,-69.918,-47.182,7.488,-34.968,100.123,1,-46.500,1.000,-34.788,0,0,0,0,0,0,0,0,0,0,0,0,0,0,0,0,0,0,0,0,0,0,0,0
118.500,52.164,10.022,-67.805,49.847,0,57.289,5.000,-69.918,-47.180,7.480,-34.970,100.123,1,-46.500,1.000,-34.788,0,0,0,0,0,0,0,0,0,0,0,0,0,0,0,0,0,0,0,0,0,0,0,0
118.550,52.245,9.958,-67.788,49.799,0,57.289,5.000,-69.918,-47.179,7.472,-34.973,100.123,1,-46.500,1.000,-34.788,0,0,0,0,0,0,0,0,0,0,0,0,0,0,0,0,0,0,0,0,0,0,0,0
118.600,52.325,9.893,-67.770,49.751,0,57.289,5.000,-69.918,-47.178,7.465,-34.975,100.123,1,-46.500,1.000,-34.788,0,0,0,0,0,0,0,0,0,0,0,0,0,0,0,0,0,0,0,0,0,0,0,0
118.650,52.405,9.829,-67.753,49.704,0,57.289,5.000,-69.918,-47.176,7.458,-34.976,100.123,1,-46.500,1.000,-34.788,0,0,0,0,0,0,0,0,0,0,0,0,0,0,0,0,0,0,0,0,0,0,0,0
118.700,52.484,9.765,-67.736,49.658,0,57.289,5.000,-69.918,-47.175,7.452,-34.978,100.123,1,-46.500,1.000,-34.788,0,0,0,0,0,0,0,0,0,0,0,0,0,0,0,0,0,0,0,0,0,0,0,0
118.750,52.562,9.700,-67.718,49.614,0,57.289,5.000,-69.918,-47.175,7.447,-34.979,100.123,1,-46.500,1.000,-34.788,0,0,0,0,0,0,0,0,0,0,0,0,0,0,0,0,0,0,0,0,0,0,0,0
118.800,52.639,9.636,-67.701,49.570,0,57.289,5.000,-69.918,-47.174,7.442,-34.980,100.123,1,-46.500,1.000,-34.788,0,0,0,0,0,0,0,0,0,0,0,0,0,0,0,0,0,0,0,0,0,0,0,0
118.850,52.715,9.571,-67.684,49.527,0,57.289,5.000,-69.918,-47.173,7.437,-34.981,100.123,1,-46.500,1.000,-34.788,0,0,0,0,0,0,0,0,0,0,0,0,0,0,0,0,0,0,0,0,0,0,0,0
118.900,52.790,9.506,-67.668,49.486,0,57.289,5.000,-69.918,-47.173,7.433,-34.981,100.123,1,-46.500,1.000,-34.788,0,0,0,0,0,0,0,0,0,0,0,0,0,0,0,0,0,0,0,0,0,0,0,0
118.950,52.864,9.441,-67.651,49.445,0,57.289,5.000,-69.918,-47.172,7.430,-34.981,100.123,1,-46.500,1.000,-34.788,0,0,0,0,0,0,0,0,0,0,0,0,0,0,0,0,0,0,0,0,0,0,0,0
119.000,52.937,9.377,-67.635,49.405,0,57.289,5.000,-69.918,-47.172,7.427,-34.981,100.123,1,-46.500,1.000,-34.788,0,0,0,0,0,0,0,0,0,0,0,0,0,0,0,0,0,0,0,0,0,0,0,0
119.050,53.010,9.312,-67.619,49.367,0,57.289,5.000,-69.918,-47.172,7.424,-34.981,100.123,1,-46.500,1.000,-34.788,0,0,0,0,0,0,0,0,0,0,0,0,0,0,0,0,0,0,0,0,0,0,0,0
119.100,53.081,9.247,-67.604,49.329,0,57.289,5.000,-69.918,-47.172,7.422,-34.980,100.123,1,-46.500,1.000,-34.788,0,0,0,0,0,0,0,0,0,0,0,0,0,0,0,0,0,0,0,0,0,0,0,0
119.150,53.151,9.182,-67.590,49.293,0,57.289,5.000,-69.918,-47.172,7.421,-34.979,100.123,1,-46.500,1.000,-34.788,0,0,0,0,0,0,0,0,0,0,0,0,0,0,0,0,0,0,0,0,0,0,0,0
119.200,53.220,9.117,-67.575,49.257,0,57.289,5.000,-69.918,-47.173,7.420,-34.978,100.123,1,-46.500,1.000,-34.788,0,0,0,0,0,0,0,0,0,0,0,0,0,0,0,0,0,0,0,0,0,0,0,0
119.250,53.287,9.051,-67.562,49.223,0,57.289,5.000,-69.918,-47.173,7.420,-34.976,100.123,1,-46.500,1.000,-34.788,0,0,0,0,0,0,0,0,0,0,0,0,0,0,0,0,0,0,0,0,0,0,0,0
119.300,53.353,8.986,-67.549,49.189,0,57.289,5.000,-69.918,-47.174,7.420,-34.975,100.123,1,-46.500,1.000,-34.788,0,0,0,0,0,0,0,0,0,0,0,0,0,0,0,0,0,0,0,0,0,0,0,0
119.350,53.418,8.921,-67.537,49.156,0,57.289,5.000,-69.918,-47.174,7.421,-34.973,100.123,1,-46.500,1.000,-34.788,0,0,0,0,0,0,0,0,0,0,0,0,0,0,0,0,0,0,0,0,0,0,0,0
119.400,53.482,8.856,-67.526,49.123,0,57.289,5.000,-69.918,-47.175,7.422,-34.971,100.123,1,-46.500,1.000,-34.788,0,0,0,0,0,0,0,0,0,0,0,0,0,0,0,0,0,0,0,0,0,0,0,0
119.450,53.544,8.791,-67.515,49.092,0,57.289,5.000,-69.918,-47.176,7.424,-34.968,100.123,1,-46.500,1.000,-34.788,0,0,0,0,0,0,0,0,0,0,0,0,0,0,0,0,0,0,0,0,0,0,0,0
119.500,53.605,8.726,-67.506,49.061,0,57.289,5.000,-69.918,-47.177,7.427,-34.966,100.123,1,-46.500,1.000,-34.788,0,0,0,0,0,0,0,0,0,0,0,0,0,0,0,0,0,0,0,0,0,0,0,0
119.550,53.665,8.661,-67.498,49.030,0,57.289,5.000,-69.918,-47.178,7.430,-34.963,100.123,1,-46.500,1.000,-34.788,0,0,0,0,0,0,0,0,0,0,0,0,0,0,0,0,0,0,0,0,0,0,0,0
119.600,53.723,8.596,-67.490,48.999,0,57.289,5.000,-69.918,-47.179,7.433,-34.959,100.123,1,-46.500,1.000,-34.788,0,0,0,0,0,0,0,0,0,0,0,0,0,0,0,0,0,0,0,0,0,0,0,0
119.650,53.779,8.531,-67.484,48.969,0,57.289,5.000,-69.918,-47.181,7.437,-34.956,100.123,1,-46.500,1.000,-34.788,0,0,0,0,0,0,0,0,0,0,0,0,0,0,0,0,0,0,0,0,0,0,0,0
119.700,53.834,8.466,-67.479,48.939,0,57.289,5.000,-69.918,-47.182,7.442,-34.952,100.123,1,-46.500,1.000,-34.788,0,0,0,0,0,0,0,0,0,0,0,0,0,0,0,0,0,0,0,0,0,0,0,0
119.750,53.888,8.402,-67.475,48.910,0,57.289,5.000,-69.918,-47.184,7.447,-34.949,100.123,1,-46.500,1.000,-34.788,0,0,0,0,0,0,0,0,0,0,0,0,0,0,0,0,0,0,0,0,0,0,0,0
119.800,53.940,8.338,-67.472,48.880,0,57.289,5.000,-69.918,-47.185,7.453,-34.944,100.123,1,-46.500,1.000,-34.788,0,0,0,0,0,0,0,0,0,0,0,0,0,0,0,0,0,0,0,0,0,0,0,0
119.850,53.990,8.274,-67.471,48.850,0,57.289,5.000,-69.918,-47.187,7.459,-34.940,100.123,1,-46.500,1.000,-34.788,0,0,0,0,0,0,0,0,0,0,0,0,0,0,0,0,0,0,0,0,0,0,0,0
119.900,54.040,8.210,-67.471,48.821,0,57.289,5.000,-69.918,-47.189,7.466,-34.936,100.123,1,-46.500,1.000,-34.788,0,0,0,0,0,0,0,0,0,0,0,0,0,0,0,0,0,0,0,0,0,0,0,0
119.950,54.088,8.147,-67.473,48.791,0,57.289,5.000,-69.918,-47.191,7.473,-34.931,100.123,1,-46.500,1.000,-34.788,0,0,0,0,0,0,0,0,0,0,0,0,0,0,0,0,0,0,0,0,0,0,0,0
120.000,54.134,8.085,-67.476,48.762,0,57.289,5.000,-69.918,-47.193,7.481,-34.926,100.123,1,-46.500,1.000,-34.788,0,0,0,0,0,0,0,0,0,0,0,0,0,0,0,0,0,0,0,0,0,0,0,0
120.050,54.179,8.023,-67.481,48.732,0,57.289,5.000,-69.918,-47.195,7.489,-34.921,100.123,1,-46.500,1.000,-34.788,0,0,0,0,0,0,0,0,0,0,0,0,0,0,0,0,0,0,0,0,0,0,0,0
120.100,54.223,7.962,-67.487,48.669,1,22.342,1.000,-14.733,-47.197,7.498,-34.916,100.123,1,-46.500,1.000,-34.788,0,0,0,0,0,0,0,0,0,0,0,0,0,0,0,0,0,0,0,0,0,0,0,0
120.150,54.263,7.902,-67.491,48.605,1,22.342,1.000,-14.733,-47.200,7.507,-34.910,100.123,1,-46.500,1.000,-34.788,0,0,0,0,0,0,0,0,0,0,0,0,0,0,0,0,0,0,0,0,0,0,0,0
120.200,54.299,7.844,-67.490,48.542,1,22.342,1.000,-14.733,-47.202,7.517,-34.905,100.123,1,-46.500,1.000,-34.788,0,0,0,0,0,0,0,0,0,0,0,0,0,0,0,0,0,0,0,0,0,0,0,0
120.250,54.332,7.787,-67.487,48.479,1,22.342,1.000,-14.733,-47.204,7.527,-34.899,100.123,1,-46.500,1.000,-34.788,0,0,0,0,0,0,0,0,0,0,0,0,0,0,0,0,0,0,0,0,0,0,0,0
120.300,54.361,7.732,-67.481,48.416,1,22.342,1.000,-14.733,-47.207,7.538,-34.893,100.123,1,-46.500,1.000,-34.788,0,0,0,0,0,0,0,0,0,0,0,0,0,0,0,0,0,0,0,0,0,0,0,0
120.350,54.386,7.678,-67.472,48.352,1,22.342,1.000,-14.733,-47.209,7.549,-34.887,100.123,1,-46.500,1.000,-34.788,0,0,0,0,0,0,0,0,0,0,0,0,0,0,0,0,0,0,0,0,0,0,0,0
120.400,54.409,7.625,-67.460,48.289,1,22.342,1.000,-14.733,-47.212,7.560,-34.881,100.123,1,-46.500,1.000,-34.788,0,0,0,0,0,0,0,0,0,0,0,0,0,0,0,0,0,0,0,0,0,0,0,0
120.450,54.428,7.574,-67.445,48.225,1,22.342,1.000,-14.733,-47.215,7.572,-34.875,100.123,1,-46.500,1.000,-34.788,0,0,0,0,0,0,0,0,0,0,0,0,0,0,0,0,0,0,0,0,0,0,0,0
120.500,54.444,7.524,-67.428,48.162,1,22.342,1.000,-14.733,-47.217,7.584,-34.869,100.123,1,-46.500,1.000,-34.788,0,0,0,0,0,0,0,0,0,0,0,0,0,0,0,0,0,0,0,0,0,0,0,0
120.550,54.456,7.475,-67.407,48.098,1,22.342,1.000,-14.733,-47.220,7.597,-34.862,100.123,1,-46.500,1.000,-34.788,0,0,0,0,0,0,0,0,0,0,0,0,0,0,0,0,0,0,0,0,0,0,0,0
120.600,54.466,7.428,-67.384,48.034,1,22.342,1.000,-14.733,-47.223,7.610,-34.856,100.123,1,-46.500,1.000,-34.788,0,0,0,0,0,0,0,0,0,0,0,0,0,0,0,0,0,0,0,0,0,0,0,0
120.650,54.472,7.382,-67.358,47.970,1,22.342,1.000,-14.733,-47.226,7.624,-34.849,100.123,1,-46.500,1.000,-34.788,0,0,0,0,0,0,0,0,0,0,0,0,0,0,0,0,0,0,0,0,0,0,0,0
120.700,54.476,7.338,-67.330,47.905,1,22.342,1.000,-14.733,-47.229,7.638,-34.842,100.123,1,-46.500,1.000,-34.788,0,0,0,0,0,0,0,0,0,0,0,0,0,0,0,0,0,0,0,0,0,0,0,0
120.750,54.477,7.295,-67.299,47.841,1,22.342,1.000,-14.733,-47.232,7.652,-34.836,100.123,1,-46.500,1.000,-34.788,0,0,0,0,0,0,0,0,0,0,0,0,0,0,0,0,0,0,0,0,0,0,0,0
120.800,54.475,7.254,-67.265,47.776,1,22.342,1.000,-14.733,-47.235,7.666,-34.829,100.123,1,-46.500,1.000,-34.788,0,0,0,0,0,0,0,0,0,0,0,0,0,0,0,0,0,0,0,0,0,0,0,0
120.850,54.470,7.214,-67.229,47.711,1,22.342,1.000,-14.733,-47.237,7.681,-34.822,100.123,1,-46.500,1.000,-34.788,0,0,0,0,0,0,0,0,0,0,0,0,0,0,0,0,0,0,0,0,0,0,0,0
120.900,54.462,7.176,-67.191,47.646,1,22.342,1.000,-14.733,-47.240,7.696,-34.815,100.123,1,-46.500,1.000,-34.788,0,0,0,0,0,0,0,0,0,0,0,0,0,0,0,0,0,0,0,0,0,0,0,0
120.950,54.451,7.139,-67.150,47.581,1,22.342,1.000,-14.733,-47.244,7.711,-34.808,100.123,1,-46.500,1.000,-34.788,0,0,0,0,0,0,0,0,0,0,0,0,0,0,0,0,0,0,0,0,0,0,0,0
121.000,54.438,7.104,-67.107,47.516,1,22.342,1.000,-14.733,-47.247,7.727,-34.801,100.123,1,-46.500,1.000,-34.788,0,0,0,0,0,0,0,0,0,0,0,0,0,0,0,0,0,0,0,0,0,0,0,0
121.050,54.422,7.071,-67.062,47.450,1,22.342,1.000,-14.733,-47.250,7.743,-34.794,100.123,1,-46.500,1.000,-34.788,0,0,0,0,0,0,0,0,0,0,0,0,0,0,0,0,0,0,0,0,0,0,0,0
121.100,54.404,7.039,-67.014,47.384,1,22.342,1.000,-14.733,-47.253,7.759,-34.787,100.123,1,-46.500,1.000,-34.788,0,0,0,0,0,0,0,0,0,0,0,0,0,0,0,0,0,0,0,0,0,0,0,0
121.150,54.383,7.010,-66.965,47.318,1,22.342,1.000,-14.733,-47.256,7.775,-34.781,100.123,1,-46.500,1.000,-34.788,0,0,0,0,0,0,0,0,0,0,0,0,0,0,0,0,0,0,0,0,0,0,0,0
121.200,54.360,6.982,-66.913,47.252,1,22.342,1.000,-14.733,-47.259,7.792,-34.774,100.123,1,-46.500,1.000,-34.788,0,0,0,0,0,0,0,0,0,0,0,0,0,0,0,0,0,0,0,0,0,0,0,0
121.250,54.334,6.956,-66.860,47.185,1,22.342,1.000,-14.733,-47.262,7.808,-34.767,100.123,1,-46.500,1.000,-34.788,0,0,0,0,0,0,0,0,0,0,0,0,0,0,0,0,0,0,0,0,0,0,0,0
121.300,54.306,6.931,-66.804,47.118,1,22.342,1.000,-14.733,-47.265,7.825,-34.760,100.123,1,-46.500,1.000,-34.788,0,0,0,0,0,0,0,0,0,0,0,0,0,0,0,0,0,0,0,0,0,0,0,0
121.350,54.275,6.909,-66.747,47.051,1,22.342,1.000,-14.733,-47.268,7.842,-34.753,100.123,1,-46.500,1.000,-34.788,0,0,0,0,0,0,0,0,0,0,0,0,0,0,0,0,0,0,0,0,0,0,0,0
121.400,54.243,6.889,-66.688,46.984,1,22.342,1.000,-14.733,-47.271,7.859,-34.747,100.123,1,-46.500,1.000,-34.788,0,0,0,0,0,0,0,0,0,0,0,0,0,0,0,0,0,0,0,0,0,0,0,0
121.450,54.208,6.870,-66.627,46.917,1,22.342,1.000,-14.733,-47.274,7.876,-34.740,100.123,1,-46.500,1.000,-34.788,0,0,0,0,0,0,0,0,0,0,0,0,0,0,0,0,0,0,0,0,0,0,0,0
121.500,54.171,6.854,-66.565,46.849,1,22.342,1.000,-14.733,-47.277,7.894,-34.734,100.123,1,-46.500,1.000,-34.788,0,0,0,0,0,0,0,0,0,0,0,0,0,0,0,0,0,0,0,0,0,0,0,0
121.550,54.132,6.839,-66.501,46.782,1,22.342,1.000,-14.733,-47.280,7.911,-34.727,100.123,1,-46.500,1.000,-34.788,0,0,0,0,0,0,0,0,0,0,0,0,0,0,0,0,0,0,0,0,0,0,0,0
121.600,54.092,6.826,-66.436,46.714,1,22.342,1.000,-14.733,-47.283,7.928,-34.721,100.123,1,-46.500,1.000,-34.788,0,0,0,0,0,0,0,0,0,0,0,0,0,0,0,0,0,0,0,0,0,0,0,0
121.650,54.049,6.815,-66.369,46.646,1,22.342,1.000,-14.733,-47.286,7.946,-34.715,100.123,1,-46.500,1.000,-34.788,0,0,0,0,0,0,0,0,0,0,0,0,0,0,0,0,0,0,0,0,0,0,0,0
121.700,54.005,6.806,-66.301,46.578,1,22.342,1.000,-14.733,-47.289,7.963,-34.708,100.123,1,-46.500,1.000,-34.788,0,0,0,0,0,0,0,0,0,0,0,0,0,0,0,0,0,0,0,0,0,0,0,0
121.750,53.959,6.799,-66.232,46.510,1,22.342,1.000,-14.733,-47.292,7.980,-34.702,100.123,1,-46.500,1.000,-34.788,0,0,0,0,0,0,0,0,0,0,0,0,0,0,0,0,0,0,0,0,0,0,0,0
121.800,53.911,6.794,-66.162,46.442,1,22.342,1.000,-14.733,-47.295,7.998,-34.696,100.123,1,-46.500,1.000,-34.788,0,0,0,0,0,0,0,0,0,0,0,0,0,0,0,0,0,0,0,0,0,0,0,0
121.850,53.862,6.791,-66.091,46.374,1,22.342,1.000,-14.733,-47.298,8.015,-34.691,100.123,1,-46.500,1.000,-34.788,0,0,0,0,0,0,0,0,0,0,0,0,0,0,0,0,0,0,0,0,0,0,0,0
121.900,53.811,6.789,-66.019,46.305,1,22.342,1.000,-14.733,-47.300,8.032,-34.685,100.123,1,-46.500,1.000,-34.788,0,0,0,0,0,0,0,0,0,0,0,0,0,0,0,0,0,0,0,0,0,0,0,0
121.950,53.759,6.789,-65.946,46.237,1,22.342,1.000,-14.733,-47.303,8.049,-34.679,100.123,1,-46.500,1.000,-34.788,0,0,0,0,0,0,0,0,0,0,0,0,0,0,0,0,0,0,0,0,0,0,0,0
122.000,53.706,6.791,-65.872,46.169,1,22.342,1.000,-14.733,-47.306,8.066,-34.674,100.123,1,-46.500,1.000,-34.788,0,0,0,0,0,0,0,0,0,0,0,0,0,0,0,0,0,0,0,0,0,0,0,0
122.050,53.651,6.795,-65.798,46.100,1,22.342,1.000,-14.733,-47.308,8.083,-34.669,100.123,1,-46.500,1.000,-34.788,0,0,0,0,0,0,0,0,0,0,0,0,0,0,0,0,0,0,0,0,0,0,0,0
122.100,53.595,6.800,-65.722,46.032,1,22.342,1.000,-14.733,-47.311,8.100,-34.664,100.123,1,-46.500,1.000,-34.788,0,0,0,0,0,0,0,0,0,0,0,0,0,0,0,0,0,0,0,0,0,0,0,0
122.150,53.538,6.807,-65.646,45.964,1,22.342,1.000,-14.733,-47.313,8.117,-34.659,100.123,1,-46.500,1.000,-34.788,0,0,0,0,0,0,0,0,0,0,0,0,0,0,0,0,0,0,0,0,0,0,0,0
122.200,53.480,6.816,-65.570,45.896,1,22.342,1.000,-14.733,-47.316,8.133,-34.654,100.123,1,-46.500,1.000,-34.788,0,0,0,0,0,0,0,0,0,0,0,0,0,0,0,0,0,0,0,0,0,0,0,0
122.250,53.421,6.826,-65.493,45.827,1,22.342,1.000,-14.733,-47.318,8.150,-34.649,100.123,1,-46.500,1.000,-34.788,0,0,0,0,0,0,0,0,0,0,0,0,0,0,0,0,0,0,0,0,0,0,0,0
122.300,53.361,6.838,-65.416,45.759,1,22.342,1.000,-14.733,-47.320,8.166,-34.645,100.123,1,-46.500,1.000,-34.788,0,0,0,0,0,0,0,0,0,0,0,0,0,0,0,0,0,0,0,0,0,0,0,0
122.350,53.300,6.851,-65.338,45.690,1,22.342,1.000,-14.733,-47.322,8.182,-34.640,100.123,1,-46.500,1.000,-34.788,0,0,0,0,0,0,0,0,0,0,0,0,0,0,0,0,0,0,0,0,0,0,0,0
122.400,53.239,6.866,-65.259,45.622,1,22.342,1.000,-14.733,-47.325,8.198,-34.636,100.123,1,-46.500,1.000,-34.788,0,0,0,0,0,0,0,0,0,0,0,0,0,0,0,0,0,0,0,0,0,0,0,0
122.450,53.176,6.882,-65.181,45.554,1,22.342,1.000,-14.733,-47.327,8.213,-34.632,100.123,1,-46.500,1.000,-34.788,0,0,0,0,0,0,0,0,0,0,0,0,0,0,0,0,0,0,0,0,0,0,0,0
122.500,53.113,6.899,-65.102,45.485,1,22.342,1.000,-14.733,-47.329,8.229,-34.628,100.123,1,-46.500,1.000,-34.788,0,0,0,0,0,0,0,0,0,0,0,0,0,0,0,0,0,0,0,0,0,0,0,0
122.550,53.049,6.918,-65.023,45.417,1,22.342,1.000,-14.733,-47.330,8.244,-34.625,100.123,1,-46.500,1.000,-34.788,0,0,0,0,0,0,0,0,0,0,0,0,0,0,0,0,0,0,0,0,0,0,0,0
122.600,52.985,6.938,-64.944,45.349,1,22.342,1.000,-14.733,-47.332,8.258,-34.621,100.123,1,-46.500,1.000,-34.788,0,0,0,0,0,0,0,0,0,0,0,0,0,0,0,0,0,0,0,0,0,0,0,0
122.650,52.920,6.959,-64.864,45.280,1,22.342,1.000,-14.733,-47.334,8.273,-34.618,100.123,1,-46.500,1.000,-34.788,0,0,0,0,0,0,0,0,0,0,0,0,0,0,0,0,0,0,0,0,0,0,0,0
122.700,52.854,6.981,-64.784,45.212,1,22.342,1.000,-14.733,-47.335,8.287,-34.615,100.123,1,-46.500,1.000,-34.788,0,0,0,0,0,0,0,0,0,0,0,0,0,0,0,0,0,0,0,0,0,0,0,0
122.750,52.788,7.005,-64.704,45.144,1,22.342,1.000,-14.733,-47.337,8.301,-34.612,100.123,1,-46.500,1.000,-34.788,0,0,0,0,0,0,0,0,0,0,0,0,0,0,0,0,0,0,0,0,0,0,0,0
122.800,52.721,7.029,-64.624,45.076,1,22.342,1.000,-14.733,-47.338,8.315,-34.609,100.123,1,-46.500,1.000,-34.788,0,0,0,0,0,0,0,0,0,0,0,0,0,0,0,0,0,0,0,0,0,0,0,0
122.850,52.654,7.055,-64.544,45.008,1,22.342,1.000,-14.733,-47.339,8.328,-34.606,100.123,1,-46.500,1.000,-34.788,0,0,0,0,0,0,0,0,0,0,0,0,0,0,0,0,0,0,0,0,0,0,0,0
122.900,52.586,7.082,-64.464,44.940,1,22.342,1.000,-14.733,-47.341,8.341,-34.604,100.123,1,-46.500,1.000,-34.788,0,0,0,0,0,0,0,0,0,0,0,0,0,0,0,0,0,0,0,0,0,0,0,0
122.950,52.518,7.109,-64.384,44.872,1,22.342,1.000,-14.733,-47.342,8.354,-34.602,100.123,1,-46.500,1.000,-34.788,0,0,0,0,0,0,0,0,0,0,0,0,0,0,0,0,0,0,0,0,0,0,0,0
123.000,52.450,7.138,-64.304,44.804,1,22.342,1.000,-14.733,-47.343,8.366,-34.600,100.123,1,-46.500,1.000,-34.788,0,0,0,0,0,0,0,0,0,0,0,0,0,0,0,0,0,0,0,0,0,0,0,0
123.050,52.381,7.167,-64.224,44.736,1,22.342,1.000,-14.733,-47.343,8.378,-34.598,100.123,1,-46.500,1.000,-34.788,0,0,0,0,0,0,0,0,0,0,0,0,0,0,0,0,0,0,0,0,0,0,0,0
123.100,52.313,7.197,-64.143,44.669,1,22.342,1.000,-14.733,-47.344,8.389,-34.596,100.123,1,-46.500,1.000,-34.788,0,0,0,0,0,0,0,0,0,0,0,0,0,0,0,0,0,0,0,0,0,0,0,0
123.150,52.243,7.228,-64.063,44.601,1,22.342,1.000,-14.733,-47.345,8.400,-34.594,100.123,1,-46.500,1.000,-34.788,0,0,0,0,0,0,0,0,0,0,0,0,0,0,0,0,0,0,0,0,0,0,0,0
123.200,52.174,7.260,-63.983,44.534,1,22.342,1.000,-14.733,-47.345,8.411,-34.593,100.123,1,-46.500,1.000,-34.788,0,0,0,0,0,0,0,0,0,0,0,0,0,0,0,0,0,0,0,0,0,0,0,0
123.250,52.104,7.292,-63.903,44.467,1,22.342,1.000,-14.733,-47.346,8.421,-34.592,100.123,1,-46.500,1.000,-34.788,0,0,0,0,0,0,0,0,0,0,0,0,0,0,0,0,0,0,0,0,0,0,0,0
123.300,52.034,7.325,-63.823,44.400,1,22.342,1.000,-14.733,-47.346,8.431,-34.591,100.123,1,-46.500,1.000,-34.788,0,0,0,0,0,0,0,0,0,0,0,0,0,0,0,0,0,0,0,0,0,0,0,0
123.350,51.964,7.359,-63.743,44.333,1,22.342,1.000,-14.733,-47.346,8.440,-34.590,100.123,1,-46.500,1.000,-34.788,0,0,0,0,0,0,0,0,0,0,0,0,0,0,0,0,0,0,0,0,0,0,0,0
123.400,51.894,7.393,-63.663,44.266,1,22.342,1.000,-14.733,-47.346,8.449,-34.589,100.123,1,-46.500,1.000,-34.788,0,0,0,0,0,0,0,0,0,0,0,0,0,0,0,0,0,0,0,0,0,0,0,0
123.450,51.823,7.428,-63.583,44.199,1,22.342,1.000,-14.733,-47.346,8.457,-34.589,100.123,1,-46.500,1.000,-34.788,0,0,0,0,0,0,0,0,0,0,0,0,0,0,0,0,0,0,0,0,0,0,0,0
123.500,51.753,7.464,-63.503,44.132,1,22.342,1.000,-14.733,-47.346,8.465,-34.589,100.123,1,-46.500,1.000,-34.788,0,0,0,0,0,0,0,0,0,0,0,0,0,0,0,0,0,0,0,0,0,0,0,0
123.550,51.682,7.500,-63.424,44.065,1,22.342,1.000,-14.733,-47.346,8.473,-34.588,100.123,1,-46.500,1.000,-34.788,0,0,0,0,0,0,0,0,0,0,0,0,0,0,0,0,0,0,0,0,0,0,0,0
123.600,51.611,7.536,-63.344,43.999,1,22.342,1.000,-14.733,-47.345,8.480,-34.588,100.123,1,-46.500,1.000,-34.788,0,0,0,0,0,0,0,0,0,0,0,0,0,0,0,0,0,0,0,0,0,0,0,0
123.650,51.540,7.573,-63.264,43.933,1,22.342,1.000,-14.733,-47.345,8.486,-34.589,100.123,1,-46.500,1.000,-34.788,0,0,0,0,0,0,0,0,0,0,0,0,0,0,0,0,0,0,0,0,0,0,0,0
123.700,51.469,7.610,-63.185,43.866,1,22.342,1.000,-14.733,-47.344,8.492,-34.589,100.123,1,-46.500,1.000,-34.788,0,0,0,0,0,0,0,0,0,0,0,0,0,0,0,0,0,0,0,0,0,0,0,0
123.750,51.398,7.648,-63.106,43.800,1,22.342,1.000,-14.733,-47.344,8.498,-34.590,100.123,1,-46.500,1.000,-34.788,0,0,0,0,0,0,0,0,0,0,0,0,0,0,0,0,0,0,0,0,0,0,0,0
123.800,51.327,7.686,-63.026,43.734,1,22.342,1.000,-14.733,-47.343,8.503,-34.590,100.123,1,-46.500,1.000,-34.788,0,0,0,0,0,0,0,0,0,0,0,0,0,0,0,0,0,0,0,0,0,0,0,0
123.850,51.255,7.724,-62.947,43.668,1,22.342,1.000,-14.733,-47.342,8.507,-34.591,100.123,1,-46.500,1.000,-34.788,0,0,0,0,0,0,0,0,0,0,0,0,0,0,0,0,0,0,0,0,0,0,0,0
123.900,51.184,7.763,-62.868,43.602,1,22.342,1.000,-14.733,-47.341,8.511,-34.592,100.123,1,-46.500,1.000,-34.788,0,0,0,0,0,0,0,0,0,0,0,0,0,0,0,0,0,0,0,0,0,0,0,0
123.950,51.113,7.802,-62.789,43.536,1,22.342,1.000,-14.733,-47.340,8.515,-34.593,100.123,1,-46.500,1.000,-34.788,0,0,0,0,0,0,0,0,0,0,0,0,0,0,0,0,0,0,0,0,0,0,0,0
124.000,51.041,7.841,-62.710,43.471,1,22.342,1.000,-14.733,-47.339,8.517,-34.594,100.123,1,-46.500,1.000,-34.788,0,0,0,0,0,0,0,0,0,0,0,0,0,0,0,0,0,0,0,0,0,0,0,0
124.050,50.970,7.881,-62.632,43.405,1,22.342,1.000,-14.733,-47.338,8.520,-34.596,100.123,1,-46.500,1.000,-34.788,0,0,0,0,0,0,0,0,0,0,0,0,0,0,0,0,0,0,0,0,0,0,0,0
124.100,50.898,7.921,-62.553,43.339,1,22.342,1.000,-14.733,-47.337,8.522,-34.597,100.123,1,-46.500,1.000,-34.788,0,0,0,0,0,0,0,0,0,0,0,0,0,0,0,0,0,0,0,0,0,0,0,0
124.150,50.827,7.961,-62.475,43.274,1,22.342,1.000,-14.733,-47.335,8.523,-34.599,100.123,1,-46.500,1.000,-34.788,0,0,0,0,0,0,0,0,0,0,0,0,0,0,0,0,0,0,0,0,0,0,0,0
124.200,50.755,8.002,-62.396,43.208,1,22.342,1.000,-14.733,-47.334,8.524,-34.601,100.123,1,-46.500,1.000,-34.788,0,0,0,0,0,0,0,0,0,0,0,0,0,0,0,0,0,0,0,0,0,0,0,0
124.250,50.684,8.043,-62.318,43.143,1,22.342,1.000,-14.733,-47.333,8.524,-34.603,100.123,1,-46.500,1.000,-34.788,0,0,0,0,0,0,0,0,0,0,0,0,0,0,0,0,0,0,0,0,0,0,0,0
124.300,50.612,8.084,-62.240,43.078,1,22.342,1.000,-14.733,-47.331,8.524,-34.605,100.123,1,-46.500,1.000,-34.788,0,0,0,0,0,0,0,0,0,0,0,0,0,0,0,0,0,0,0,0,0,0,0,0
124.350,50.541,8.125,-62.162,43.013,1,22.342,1.000,-14.733,-47.330,8.523,-34.607,100.123,1,-46.500,1.000,-34.788,0,0,0,0,0,0,0,0,0,0,0,0,0,0,0,0,0,0,0,0,0,0,0,0
124.400,50.469,8.166,-62.084,42.948,1,22.342,1.000,-14.733,-47.328,8.522,-34.609,100.123,1,-46.500,1.000,-34.788,0,0,0,0,0,0,0,0,0,0,0,0,0,0,0,0,0,0,0,0,0,0,0,0
124.450,50.398,8.208,-62.006,42.883,1,22.342,1.000,-14.733,-47.326,8.520,-34.612,100.123,1,-46.500,1.000,-34.788,0,0,0,0,0,0,0,0,0,0,0,0,0,0,0,0,0,0,0,0,0,0,0,0
124.500,50.326,8.249,-61.928,42.819,1,22.342,1.000,-14.733,-47.325,8.518,-34.615,100.123,1,-46.500,1.000,-34.788,0,0,0,0,0,0,0,0,0,0,0,0,0,0,0,0,0,0,0,0,0,0,0,0
124.550,50.255,8.291,-61.850,42.755,1,22.342,1.000,-14.733,-47.323,8.515,-34.617,100.123,1,-46.500,1.000,-34.788,0,0,0,0,0,0,0,0,0,0,0,0,0,0,0,0,0,0,0,0,0,0,0,0
124.600,50.183,8.333,-61.773,42.690,1,22.342,1.000,-14.733,-47.321,8.512,-34.620,100.123,1,-46.500,1.000,-34.788,0,0,0,0,0,0,0,0,0,0,0,0,0,0,0,0,0,0,0,0,0,0,0,0
124.650,50.112,8.375,-61.695,42.626,1,22.342,1.000,-14.733,-47.319,8.508,-34.623,100.123,1,-46.500,1.000,-34.788,0,0,0,0,0,0,0,0,0,0,0,0,0,0,0,0,0,0,0,0,0,0,0,0
124.700,50.040,8.417,-61.618,42.562,1,22.342,1.000,-14.733,-47.317,8.504,-34.626,100.123,1,-46.500,1.000,-34.788,0,0,0,0,0,0,0,0,0,0,0,0,0,0,0,0,0,0,0,0,0,0,0,0
124.750,49.969,8.459,-61.541,42.499,1,22.342,1.000,-14.733,-47.316,8.499,-34.629,100.123,1,-46.500,1.000,-34.788,0,0,0,0,0,0,0,0,0,0,0,0,0,0,0,0,0,0,0,0,0,0,0,0
124.800,49.898,8.501,-61.463,42.435,1,22.342,1.000,-14.733,-47.314,8.494,-34.632,100.123,1,-46.500,1.000,-34.788,0,0,0,0,0,0,0,0,0,0,0,0,0,0,0,0,0,0,0,0,0,0,0,0
124.850,49.826,8.544,-61.386,42.372,1,22.342,1.000,-14.733,-47.312,8.488,-34.635,100.123,1,-46.500,1.000,-34.788,0,0,0,0,0,0,0,0,0,0,0,0,0,0,0,0,0,0,0,0,0,0,0,0
124.900,49.755,8.586,-61.309,42.308,1,22.342,1.000,-14.733,-47.310,8.481,-34.639,100.123,1,-46.500,1.000,-34.788,0,0,0,0,0,0,0,0,0,0,0,0,0,0,0,0,0,0,0,0,0,0,0,0
124.950,49.684,8.628,-61.232,42.246,1,22.342,1.000,-14.733,-47.308,8.474,-34.642,100.123,1,-46.500,1.000,-34.788,0,0,0,0,0,0,0,0,0,0,0,0,0,0,0,0,0,0,0,0,0,0,0,0
125.000,49.613,8.670,-61.155,42.183,1,22.342,1.000,-14.733,-47.306,8.467,-34.646,100.123,1,-46.500,1.000,-34.788,0,0,0,0,0,0,0,0,0,0,0,0,0,0,0,0,0,0,0,0,0,0,0,0
125.050,49.542,8.713,-61.079,42.120,1,22.342,1.000,-14.733,-47.304,8.459,-34.649,100.123,1,-46.500,1.000,-34.788,0,0,0,0,0,0,0,0,0,0,0,0,0,0,0,0,0,0,0,0,0,0,0,0
125.100,49.471,8.755,-61.002,42.057,1,22.342,1.000,-14.733,-47.302,8.451,-34.653,100.123,1,-46.500,1.000,-34.788,0,0,0,0,0,0,0,0,0,0,0,0,0,0,0,0,0,0,0,0,0,0,0,0
125.150,49.400,8.797,-60.925,41.995,1,22.342,1.000,-14.733,-47.300,8.442,-34.656,100.123,1,-46.500,1.000,-34.788,0,0,0,0,0,0,0,0,0,0,0,0,0,0,0,0,0,0,0,0,0,0,0,0
125.200,49.329,8.839,-60.848,41.932,1,22.342,1.000,-14.733,-47.298,8.433,-34.660,100.123,1,-46.500,1.000,-34.788,0,0,0,0,0,0,0,0,0,0,0,0,0,0,0,0,0,0,0,0,0,0,0,0
125.250,49.258,8.881,-60.772,41.870,1,22.342,1.000,-14.733,-47.296,8.424,-34.664,100.123,1,-46.500,1.000,-34.788,0,0,0,0,0,0,0,0,0,0,0,0,0,0,0,0,0,0,0,0,0,0,0,0
125.300,49.188,8.923,-60.695,41.808,1,22.342,1.000,-14.733,-47.294,8.414,-34.668,100.123,1,-46.500,1.000,-34.788,0,0,0,0,0,0,0,0,0,0,0,0,0,0,0,0,0,0,0,0,0,0,0,0
125.350,49.117,8.965,-60.619,41.746,1,22.342,1.000,-14.733,-47.292,8.403,-34.672,100.123,1,-46.500,1.000,-34.788,0,0,0,0,0,0,0,0,0,0,0,0,0,0,0,0,0,0,0,0,0,0,0,0
125.400,49.046,9.007,-60.543,41.684,1,22.342,1.000,-14.733,-47.291,8.392,-34.676,100.123,1,-46.500,1.000,-34.788,0,0,0,0,0,0,0,0,0,0,0,0,0,0,0,0,0,0,0,0,0,0,0,0
125.450,48.976,9.049,-60.466,41.623,1,22.342,1.000,-14.733,-47.289,8.381,-34.680,100.123,1,-46.500,1.000,-34.788,0,0,0,0,0,0,0,0,0,0,0,0,0,0,0,0,0,0,0,0,0,0,0,0
125.500,48.906,9.091,-60.390,41.561,1,22.342,1.000,-14.733,-47.287,8.370,-34.684,100.123,1,-46.500,1.000,-34.788,0,0,0,0,0,0,0,0,0,0,0,0,0,0,0,0,0,0,0,0,0,0,0,0
125.550,48.835,9.133,-60.314,41.500,1,22.342,1.000,-14.733,-47.285,8.358,-34.688,100.123,1,-46.500,1.000,-34.788,0,0,0,0,0,0,0,0,0,0,0,0,0,0,0,0,0,0,0,0,0,0,0,0
125.600,48.765,9.175,-60.238,41.438,1,22.342,1.000,-14.733,-47.283,8.345,-34.692,100.123,1,-46.500,1.000,-34.788,0,0,0,0,0,0,0,0,0,0,0,0,0,0,0,0,0,0,0,0,0,0,0,0
125.650,48.695,9.217,-60.161,41.377,1,22.342,1.000,-14.733,-47.281,8.333,-34.696,100.123,1,-46.500,1.000,-34.788,0,0,0,0,0,0,0,0,0,0,0,0,0,0,0,0,0,0,0,0,0,0,0,0
125.700,48.625,9.259,-60.085,41.316,1,22.342,1.000,-14.733,-47.280,8.320,-34.700,100.123,1,-46.500,1.000,-34.788,0,0,0,0,0,0,0,0,0,0,0,0,0,0,0,0,0,0,0,0,0,0,0,0
125.750,48.556,9.301,-60.009,41.255,1,22.342,1.000,-14.733,-47.278,8.306,-34.704,100.123,1,-46.500,1.000,-34.788,0,0,0,0,0,0,0,0,0,0,0,0,0,0,0,0,0,0,0,0,0,0,0,0
125.800,48.486,9.343,-59.933,41.195,1,22.342,1.000,-14.733,-47.277,8.293,-34.708,100.123,1,-46.500,1.000,-34.788,0,0,0,0,0,0,0,0,0,0,0,0,0,0,0,0,0,0,0,0,0,0,0,0
125.850,48.417,9.385,-59.857,41.134,1,22.342,1.000,-14.733,-47.275,8.279,-34.712,100.123,1,-46.500,1.000,-34.788,0,0,0,0,0,0,0,0,0,0,0,0,0,0,0,0,0,0,0,0,0,0,0,0
125.900,48.347,9.426,-59.781,41.074,1,22.342,1.000,-14.733,-47.274,8.265,-34.716,100.123,1,-46.500,1.000,-34.788,0,0,0,0,0,0,0,0,0,0,0,0,0,0,0,0,0,0,0,0,0,0,0,0
125.950,48.278,9.468,-59.705,41.013,1,22.342,1.000,-14.733,-47.272,8.251,-34.721,100.123,1,-46.500,1.000,-34.788,0,0,0,0,0,0,0,0,0,0,0,0,0,0,0,0,0,0,0,0,0,0,0,0
126.000,48.209,9.510,-59.629,40.953,1,22.342,1.000,-14.733,-47.271,8.237,-34.725,100.123,1,-46.500,1.000,-34.788,0,0,0,0,0,0,0,0,0,0,0,0,0,0,0,0,0,0,0,0,0,0,0,0
126.050,48.141,9.552,-59.552,40.894,1,22.342,1.000,-14.733,-47.269,8.222,-34.729,100.123,1,-46.500,1.000,-34.788,0,0,0,0,0,0,0,0,0,0,0,0,0,0,0,0,0,0,0,0,0,0,0,0
126.100,48.072,9.593,-59.476,40.834,1,22.342,1.000,-14.733,-47.268,8.207,-34.733,100.123,1,-46.500,1.000,-34.788,0,0,0,0,0,0,0,0,0,0,0,0,0,0,0,0,0,0,0,0,0,0,0,0
126.150,48.004,9.635,-59.400,40.775,1,22.342,1.000,-14.733,-47.267,8.192,-34.737,100.123,1,-46.500,1.000,-34.788,0,0,0,0,0,0,0,0,0,0,0,0,0,0,0,0,0,0,0,0,0,0,0,0
126.200,47.936,9.676,-59.324,40.715,1,22.342,1.000,-14.733,-47.266,8.177,-34.741,100.123,1,-46.500,1.000,-34.788,0,0,0,0,0,0,0,0,0,0,0,0,0,0,0,0,0,0,0,0,0,0,0,0
126.250,47.868,9.717,-59.248,40.656,1,22.342,1.000,-14.733,-47.265,8.162,-34.745,100.123,1,-46.500,1.000,-34.788,0,0,0,0,0,0,0,0,0,0,0,0,0,0,0,0,0,0,0,0,0,0,0,0
126.300,47.800,9.758,-59.172,40.597,1,22.342,1.000,-14.733,-47.264,8.147,-34.749,100.123,1,-46.500,1.000,-34.788,0,0,0,0,0,0,0,0,0,0,0,0,0,0,0,0,0,0,0,0,0,0,0,0
126.350,47.733,9.800,-59.095,40.539,1,22.342,1.000,-14.733,-47.263,8.131,-34.753,100.123,1,-46.500,1.000,-34.788,0,0,0,0,0,0,0,0,0,0,0,0,0,0,0,0,0,0,0,0,0,0,0,0
126.400,47.665,9.840,-59.019,40.480,1,22.342,1.000,-14.733,-47.263,8.116,-34.757,100.123,1,-46.500,1.000,-34.788,0,0,0,0,0,0,0,0,0,0,0,0,0,0,0,0,0,0,0,0,0,0,0,0
126.450,47.598,9.881,-58.942,40.422,1,22.342,1.000,-14.733,-47.262,8.100,-34.761,100.123,1,-46.500,1.000,-34.788,0,0,0,0,0,0,0,0,0,0,0,0,0,0,0,0,0,0,0,0,0,0,0,0
126.500,47.531,9.922,-58.866,40.364,1,22.342,1.000,-14.733,-47.262,8.085,-34.765,100.123,1,-46.500,1.000,-34.788,0,0,0,0,0,0,0,0,0,0,0,0,0,0,0,0,0,0,0,0,0,0,0,0
126.550,47.465,9.962,-58.789,40.306,1,22.342,1.000,-14.733,-47.261,8.069,-34.769,100.123,1,-46.500,1.000,-34.788,0,0,0,0,0,0,0,0,0,0,0,0,0,0,0,0,0,0,0,0,0,0,0,0
126.600,47.398,10.002,-58.713,40.248,1,22.342,1.000,-14.733,-47.261,8.054,-34.773,100.123,1,-46.500,1.000,-34.788,0,0,0,0,0,0,0,0,0,0,0,0,0,0,0,0,0,0,0,0,0,0,0,0
126.650,47.332,10.042,-58.636,40.190,1,22.342,1.000,-14.733,-47.260,8.038,-34.776,100.123,1,-46.500,1.000,-34.788,0,0,0,0,0,0,0,0,0,0,0,0,0,0,0,0,0,0,0,0,0,0,0,0
126.700,47.266,10.082,-58.559,40.133,1,22.342,1.000,-14.733,-47.260,8.022,-34.780,100.123,1,-46.500,1.000,-34.788,0,0,0,0,0,0,0,0,0,0,0,0,0,0,0,0,0,0,0,0,0,0,0,0
126.750,47.200,10.121,-58.482,40.075,1,22.342,1.000,-14.733,-47.260,8.007,-34.784,100.123,1,-46.500,1.000,-34.788,0,0,0,0,0,0,0,0,0,0,0,0,0,0,0,0,0,0,0,0,0,0,0,0
126.800,47.134,10.160,-58.405,40.018,1,22.342,1.000,-14.733,-47.260,7.991,-34.787,100.123,1,-46.500,1.000,-34.788,0,0,0,0,0,0,0,0,0,0,0,0,0,0,0,0,0,0,0,0,0,0,0,0
126.850,47.069,10.199,-58.328,39.961,1,22.342,1.000,-14.733,-47.260,7.976,-34.791,100.123,1,-46.500,1.000,-34.788,0,0,0,0,0,0,0,0,0,0,0,0,0,0,0,0,0,0,0,0,0,0,0,0
126.900,47.004,10.238,-58.251,39.904,1,22.342,1.000,-14.733,-47.260,7.961,-34.795,100.123,1,-46.500,1.000,-34.788,0,0,0,0,0,0,0,0,0,0,0,0,0,0,0,0,0,0,0,0,0,0,0,0
126.950,46.939,10.276,-58.174,39.847,1,22.342,1.000,-14.733,-47.260,7.945,-34.798,100.123,1,-46.500,1.000,-34.788,0,0,0,0,0,0,0,0,0,0,0,0,0,0,0,0,0,0,0,0,0,0,0,0
127.000,46.874,10.314,-58.096,39.791,1,22.342,1.000,-14.733,-47.261,7.930,-34.801,100.123,1,-46.500,1.000,-34.788,0,0,0,0,0,0,0,0,0,0,0,0,0,0,0,0,0,0,0,0,0,0,0,0
127.050,46.810,10.352,-58.019,39.734,1,22.342,1.000,-14.733,-47.261,7.915,-34.805,100.123,1,-46.500,1.000,-34.788,0,0,0,0,0,0,0,0,0,0,0,0,0,0,0,0,0,0,0,0,0,0,0,0
127.100,46.746,10.390,-57.941,39.678,1,22.342,1.000,-14.733,-47.262,7.900,-34.808,100.123,1,-46.500,1.000,-34.788,0,0,0,0,0,0,0,0,0,0,0,0,0,0,0,0,0,0,0,0,0,0,0,0
127.150,46.682,10.427,-57.863,39.621,1,22.342,1.000,-14.733,-47.262,7.885,-34.811,100.123,1,-46.500,1.000,-34.788,0,0,0,0,0,0,0,0,0,0,0,0,0,0,0,0,0,0,0,0,0,0,0,0
127.200,46.618,10.464,-57.785,39.565,1,22.342,1.000,-14.733,-47.263,7.870,-34.815,100.123,1,-46.500,1.000,-34.788,0,0,0,0,0,0,0,0,0,0,0,0,0,0,0,0,0,0,0,0,0,0,0,0
127.250,46.554,10.501,-57.707,39.509,1,22.342,1.000,-14.733,-47.263,7.856,-34.818,100.123,1,-46.500,1.000,-34.788,0,0,0,0,0,0,0,0,0,0,0,0,0,0,0,0,0,0,0,0,0,0,0,0
127.300,46.491,10.537,-57.629,39.453,1,22.342,1.000,-14.733,-47.264,7.841,-34.821,100.123,1,-46.500,1.000,-34.788,0,0,0,0,0,0,0,0,0,0,0,0,0,0,0,0,0,0,0,0,0,0,0,0
127.350,46.428,10.573,-57.551,39.397,1,22.342,1.000,-14.733,-47.265,7.827,-34.824,100.123,1,-46.500,1.000,-34.788,0,0,0,0,0,0,0,0,0,0,0,0,0,0,0,0,0,0,0,0,0,0,0,0
127.400,46.365,10.609,-57.472,39.342,1,22.342,1.000,-14.733,-47.266,7.813,-34.827,100.123,1,-46.500,1.000,-34.788,0,0,0,0,0,0,0,0,0,0,0,0,0,0,0,0,0,0,0,0,0,0,0,0
127.450,46.303,10.644,-57.393,39.286,1,22.342,1.000,-14.733,-47.267,7.799,-34.830,100.123,1,-46.500,1.000,-34.788,0,0,0,0,0,0,0,0,0,0,0,0,0,0,0,0,0,0,0,0,0,0,0,0
127.500,46.240,10.679,-57.315,39.231,1,22.342,1.000,-14.733,-47.267,7.786,-34.832,100.123,1,-46.500,1.000,-34.788,0,0,0,0,0,0,0,0,0,0,0,0,0,0,0,0,0,0,0,0,0,0,0,0
127.550,46.178,10.714,-57.236,39.175,1,22.342,1.000,-14.733,-47.268,7.773,-34.835,100.123,1,-46.500,1.000,-34.788,0,0,0,0,0,0,0,0,0,0,0,0,0,0,0,0,0,0,0,0,0,0,0,0
127.600,46.117,10.749,-57.157,39.120,1,22.342,1.000,-14.733,-47.269,7.760,-34.838,100.123,1,-46.500,1.000,-34.788,0,0,0,0,0,0,0,0,0,0,0,0,0,0,0,0,0,0,0,0,0,0,0,0
127.650,46.055,10.783,-57.077,39.065,1,22.342,1.000,-14.733,-47.271,7.747,-34.840,100.123,1,-46.500,1.000,-34.788,0,0,0,0,0,0,0,0,0,0,0,0,0,0,0,0,0,0,0,0,0,0,0,0
127.700,45.994,10.817,-56.998,39.010,1,22.342,1.000,-14.733,-47.272,7.734,-34.843,100.123,1,-46.500,1.000,-34.788,0,0,0,0,0,0,0,0,0,0,0,0,0,0,0,0,0,0,0,0,0,0,0,0
127.750,45.932,10.850,-56.918,38.955,1,22.342,1.000,-14.733,-47.273,7.722,-34.845,100.123,1,-46.500,1.000,-34.788,0,0,0,0,0,0,0,0,0,0,0,0,0,0,0,0,0,0,0,0,0,0,0,0
127.800,45.872,10.883,-56.838,38.900,1,22.342,1.000,-14.733,-47.274,7.710,-34.847,100.123,1,-46.500,1.000,-34.788,0,0,0,0,0,0,0,0,0,0,0,0,0,0,0,0,0,0,0,0,0,0,0,0
127.850,45.811,10.916,-56.759,38.846,1,22.342,1.000,-14.733,-47.275,7.698,-34.850,100.123,1,-46.500,1.000,-34.788,0,0,0,0,0,0,0,0,0,0,0,0,0,0,0,0,0,0,0,0,0,0,0,0
127.900,45.751,10.949,-56.678,38.791,1,22.342,1.000,-14.733,-47.276,7.687,-34.852,100.123,1,-46.500,1.000,-34.788,0,0,0,0,0,0,0,0,0,0,0,0,0,0,0,0,0,0,0,0,0,0,0,0
127.950,45.691,10.981,-56.598,38.736,1,22.342,1.000,-14.733,-47.277,7.676,-34.854,100.123,1,-46.500,1.000,-34.788,0,0,0,0,0,0,0,0,0,0,0,0,0,0,0,0,0,0,0,0,0,0,0,0
128.000,45.631,11.012,-56.518,38.682,1,22.342,1.000,-14.733,-47.278,7.665,-34.856,100.123,1,-46.500,1.000,-34.788,0,0,0,0,0,0,0,0,0,0,0,0,0,0,0,0,0,0,0,0,0,0,0,0
128.050,45.571,11.044,-56.437,38.628,1,22.342,1.000,-14.733,-47.280,7.655,-34.857,100.123,1,-46.500,1.000,-34.788,0,0,0,0,0,0,0,0,0,0,0,0,0,0,0,0,0,0,0,0,0,0,0,0
128.100,45.512,11.075,-56.356,38.573,1,22.342,1.000,-14.733,-47.281,7.645,-34.859,100.123,1,-46.500,1.000,-34.788,0,0,0,0,0,0,0,0,0,0,0,0,0,0,0,0,0,0,0,0,0,0,0,0
128.150,45.453,11.106,-56.275,38.519,1,22.342,1.000,-14.733,-47.282,7.636,-34.861,100.123,1,-46.500,1.000,-34.788,0,0,0,0,0,0,0,0,0,0,0,0,0,0,0,0,0,0,0,0,0,0,0,0
128.200,45.394,11.136,-56.194,38.464,1,22.342,1.000,-14.733,-47.283,7.626,-34.863,100.123,1,-46.500,1.000,-34.788,0,0,0,0,0,0,0,0,0,0,0,0,0,0,0,0,0,0,0,0,0,0,0,0
128.250,45.335,11.166,-56.113,38.410,1,22.342,1.000,-14.733,-47.284,7.617,-34.864,100.123,1,-46.500,1.000,-34.788,0,0,0,0,0,0,0,0,0,0,0,0,0,0,0,0,0,0,0,0,0,0,0,0
128.300,45.276,11.195,-56.032,38.356,1,22.342,1.000,-14.733,-47.285,7.609,-34.865,100.123,1,-46.500,1.000,-34.788,0,0,0,0,0,0,0,0,0,0,0,0,0,0,0,0,0,0,0,0,0,0,0,0
128.350,45.218,11.225,-55.950,38.302,1,22.342,1.000,-14.733,-47.286,7.601,-34.867,100.123,1,-46.500,1.000,-34.788,0,0,0,0,0,0,0,0,0,0,0,0,0,0,0,0,0,0,0,0,0,0,0,0
128.400,45.160,11.253,-55.868,38.247,1,22.342,1.000,-14.733,-47.287,7.593,-34.868,100.123,1,-46.500,1.000,-34.788,0,0,0,0,0,0,0,0,0,0,0,0,0,0,0,0,0,0,0,0,0,0,0,0
128.450,45.102,11.282,-55.787,38.193,1,22.342,1.000,-14.733,-47.288,7.586,-34.869,100.123,1,-46.500,1.000,-34.788,0,0,0,0,0,0,0,0,0,0,0,0,0,0,0,0,0,0,0,0,0,0,0,0
128.500,45.044,11.310,-55.705,38.139,1,22.342,1.000,-14.733,-47.289,7.579,-34.870,100.123,1,-46.500,1.000,-34.788,0,0,0,0,0,0,0,0,0,0,0,0,0,0,0,0,0,0,0,0,0,0,0,0
128.550,44.986,11.337,-55.622,38.085,1,22.342,1.000,-14.733,-47.290,7.572,-34.871,100.123,1,-46.500,1.000,-34.788,0,0,0,0,0,0,0,0,0,0,0,0,0,0,0,0,0,0,0,0,0,0,0,0
128.600,44.928,11.364,-55.540,38.030,1,22.342,1.000,-14.733,-47.291,7.566,-34.872,100.123,1,-46.500,1.000,-34.788,0,0,0,0,0,0,0,0,0,0,0,0,0,0,0,0,0,0,0,0,0,0,0,0
128.650,44.871,11.391,-55.458,37.976,1,22.342,1.000,-14.733,-47.292,7.560,-34.873,100.123,1,-46.500,1.000,-34.788,0,0,0,0,0,0,0,0,0,0,0,0,0,0,0,0,0,0,0,0,0,0,0,0
128.700,44.813,11.417,-55.375,37.922,1,22.342,1.000,-14.733,-47.293,7.555,-34.873,100.123,1,-46.500,1.000,-34.788,0,0,0,0,0,0,0,0,0,0,0,0,0,0,0,0,0,0,0,0,0,0,0,0
128.750,44.756,11.443,-55.292,37.867,1,22.342,1.000,-14.733,-47.293,7.550,-34.874,100.123,1,-46.500,1.000,-34.788,0,0,0,0,0,0,0,0,0,0,0,0,0,0,0,0,0,0,0,0,0,0,0,0
128.800,44.698,11.469,-55.210,37.813,1,22.342,1.000,-14.733,-47.294,7.545,-34.874,100.123,1,-46.500,1.000,-34.788,0,0,0,0,0,0,0,0,0,0,0,0,0,0,0,0,0,0,0,0,0,0,0,0
128.850,44.641,11.494,-55.127,37.759,1,22.342,1.000,-14.733,-47.295,7.541,-34.875,100.123,1,-46.500,1.000,-34.788,0,0,0,0,0,0,0,0,0,0,0,0,0,0,0,0,0,0,0,0,0,0,0,0
128.900,44.584,11.518,-55.044,37.704,1,22.342,1.000,-14.733,-47.295,7.537,-34.875,100.123,1,-46.500,1.000,-34.788,0,0,0,0,0,0,0,0,0,0,0,0,0,0,0,0,0,0,0,0,0,0,0,0
128.950,44.527,11.542,-54.960,37.650,1,22.342,1.000,-14.733,-47.296,7.534,-34.875,100.123,1,-46.500,1.000,-34.788,0,0,0,0,0,0,0,0,0,0,0,0,0,0,0,0,0,0,0,0,0,0,0,0
129.000,44.469,11.566,-54.877,37.595,1,22.342,1.000,-14.733,-47.296,7.531,-34.875,100.123,1,-46.500,1.000,-34.788,0,0,0,0,0,0,0,0,0,0,0,0,0,0,0,0,0,0,0,0,0,0,0,0
129.050,44.412,11.589,-54.794,37.541,1,22.342,1.000,-14.733,-47.297,7.529,-34.875,100.123,1,-46.500,1.000,-34.788,0,0,0,0,0,0,0,0,0,0,0,0,0,0,0,0,0,0,0,0,0,0,0,0
129.100,44.355,11.611,-54.710,37.487,1,22.342,1.000,-14.733,-47.297,7.527,-34.875,100.123,1,-46.500,1.000,-34.788,0,0,0,0,0,0,0,0,0,0,0,0,0,0,0,0,0,0,0,0,0,0,0,0
129.150,44.298,11.633,-54.626,37.432,1,22.342,1.000,-14.733,-47.297,7.525,-34.875,100.123,1,-46.500,1.000,-34.788,0,0,0,0,0,0,0,0,0,0,0,0,0,0,0,0,0,0,0,0,0,0,0,0
129.200,44.241,11.655,-54.543,37.378,1,22.342,1.000,-14.733,-47.297,7.524,-34.874,100.123,1,-46.500,1.000,-34.788,0,0,0,0,0,0,0,0,0,0,0,0,0,0,0,0,0,0,0,0,0,0,0,0
129.250,44.184,11.676,-54.459,37.323,1,22.342,1.000,-14.733,-47.297,7.524,-34.874,100.123,1,-46.500,1.000,-34.788,0,0,0,0,0,0,0,0,0,0,0,0,0,0,0,0,0,0,0,0,0,0,0,0
129.300,44.126,11.697,-54.375,37.269,1,22.342,1.000,-14.733,-47.297,7.524,-34.874,100.123,1,-46.500,1.000,-34.788,0,0,0,0,0,0,0,0,0,0,0,0,0,0,0,0,0,0,0,0,0,0,0,0
129.350,44.069,11.718,-54.291,37.214,1,22.342,1.000,-14.733,-47.297,7.524,-34.873,100.123,1,-46.500,1.000,-34.788,0,0,0,0,0,0,0,0,0,0,0,0,0,0,0,0,0,0,0,0,0,0,0,0
129.400,44.012,11.737,-54.207,37.159,1,22.342,1.000,-14.733,-47.297,7.525,-34.872,100.123,1,-46.500,1.000,-34.788,0,0,0,0,0,0,0,0,0,0,0,0,0,0,0,0,0,0,0,0,0,0,0,0
129.450,43.955,11.757,-54.122,37.105,1,22.342,1.000,-14.733,-47.297,7.526,-34.872,100.123,1,-46.500,1.000,-34.788,0,0,0,0,0,0,0,0,0,0,0,0,0,0,0,0,0,0,0,0,0,0,0,0
129.500,43.898,11.776,-54.038,37.050,1,22.342,1.000,-14.733,-47.297,7.527,-34.871,100.123,1,-46.500,1.000,-34.788,0,0,0,0,0,0,0,0,0,0,0,0,0,0,0,0,0,0,0,0,0,0,0,0
129.550,43.840,11.794,-53.954,36.996,1,22.342,1.000,-14.733,-47.296,7.529,-34.870,100.123,1,-46.500,1.000,-34.788,0,0,0,0,0,0,0,0,0,0,0,0,0,0,0,0,0,0,0,0,0,0,0,0
129.600,43.783,11.812,-53.869,36.941,1,22.342,1.000,-14.733,-47.296,7.532,-34.869,100.123,1,-46.500,1.000,-34.788,0,0,0,0,0,0,0,0,0,0,0,0,0,0,0,0,0,0,0,0,0,0,0,0
129.650,43.726,11.829,-53.785,36.887,1,22.342,1.000,-14.733,-47.296,7.535,-34.868,100.123,1,-46.500,1.000,-34.788,0,0,0,0,0,0,0,0,0,0,0,0,0,0,0,0,0,0,0,0,0,0,0,0
129.700,43.669,11.846,-53.700,36.832,1,22.342,1.000,-14.733,-47.295,7.538,-34.866,100.123,1,-46.500,1.000,-34.788,0,0,0,0,0,0,0,0,0,0,0,0,0,0,0,0,0,0,0,0,0,0,0,0
129.750,43.611,11.863,-53.615,36.777,1,22.342,1.000,-14.733,-47.294,7.542,-34.865,100.123,1,-46.500,1.000,-34.788,0,0,0,0,0,0,0,0,0,0,0,0,0,0,0,0,0,0,0,0,0,0,0,0
129.800,43.554,11.879,-53.531,36.723,1,22.342,1.000,-14.733,-47.294,7.546,-34.864,100.123,1,-46.500,1.000,-34.788,0,0,0,0,0,0,0,0,0,0,0,0,0,0,0,0,0,0,0,0,0,0,0,0
129.850,43.497,11.895,-53.446,36.668,1,22.342,1.000,-14.733,-47.293,7.550,-34.862,100.123,1,-46.500,1.000,-34.788,0,0,0,0,0,0,0,0,0,0,0,0,0,0,0,0,0,0,0,0,0,0,0,0
129.900,43.439,11.910,-53.361,36.614,1,22.342,1.000,-14.733,-47.292,7.556,-34.861,100.123,1,-46.500,1.000,-34.788,0,0,0,0,0,0,0,0,0,0,0,0,0,0,0,0,0,0,0,0,0,0,0,0
129.950,43.382,11.924,-53.276,36.559,1,22.342,1.000,-14.733,-47.291,7.561,-34.859,100.123,1,-46.500,1.000,-34.788,0,0,0,0,0,0,0,0,0,0,0,0,0,0,0,0,0,0,0,0,0,0,0,0
130.000,43.325,11.939,-53.191,36.504,1,22.342,1.000,-14.733,-47.290,7.567,-34.858,100.123,1,-46.500,1.000,-34.788,0,0,0,0,0,0,0,0,0,0,0,0,0,0,0,0,0,0,0,0,0,0,0,0
130.050,43.267,11.952,-53.105,36.450,1,22.342,1.000,-14.733,-47.289,7.573,-34.856,100.123,1,-46.500,1.000,-34.788,0,0,0,0,0,0,0,0,0,0,0,0,0,0,0,0,0,0,0,0,0,0,0,0
130.100,43.210,11.966,-53.020,36.395,1,22.342,1.000,-14.733,-47.288,7.580,-34.854,100.123,1,-46.500,1.000,-34.788,0,0,0,0,0,0,0,0,0,0,0,0,0,0,0,0,0,0,0,0,0,0,0,0
130.150,43.153,11.979,-52.935,36.341,1,22.342,1.000,-14.733,-47.287,7.587,-34.852,100.123,1,-46.500,1.000,-34.788,0,0,0,0,0,0,0,0,0,0,0,0,0,0,0,0,0,0,0,0,0,0,0,0
130.200,43.095,11.991,-52.850,36.286,1,22.342,1.000,-14.733,-47.286,7.594,-34.850,100.123,1,-46.500,1.000,-34.788,0,0,0,0,0,0,0,0,0,0,0,0,0,0,0,0,0,0,0,0,0,0,0,0
130.250,43.038,12.003,-52.764,36.231,1,22.342,1.000,-14.733,-47.285,7.602,-34.848,100.123,1,-46.500,1.000,-34.788,0,0,0,0,0,0,0,0,0,0,0,0,0,0,0,0,0,0,0,0,0,0,0,0
130.300,42.980,12.014,-52.679,36.177,1,22.342,1.000,-14.733,-47.283,7.610,-34.846,100.123,1,-46.500,1.000,-34.788,0,0,0,0,0,0,0,0,0,0,0,0,0,0,0,0,0,0,0,0,0,0,0,0
130.350,42.923,12.025,-52.593,36.122,1,22.342,1.000,-14.733,-47.282,7.619,-34.844,100.123,1,-46.500,1.000,-34.788,0,0,0,0,0,0,0,0,0,0,0,0,0,0,0,0,0,0,0,0,0,0,0,0
130.400,42.866,12.036,-52.507,36.068,1,22.342,1.000,-14.733,-47.281,7.628,-34.842,100.123,1,-46.500,1.000,-34.788,0,0,0,0,0,0,0,0,0,0,0,0,0,0,0,0,0,0,0,0,0,0,0,0
130.450,42.808,12.046,-52.422,36.013,1,22.342,1.000,-14.733,-47.279,7.637,-34.839,100.123,1,-46.500,1.000,-34.788,0,0,0,0,0,0,0,0,0,0,0,0,0,0,0,0,0,0,0,0,0,0,0,0
130.500,42.751,12.056,-52.336,35.958,1,22.342,1.000,-14.733,-47.278,7.647,-34.837,100.123,1,-46.500,1.000,-34.788,0,0,0,0,0,0,0,0,0,0,0,0,0,0,0,0,0,0,0,0,0,0,0,0
130.550,42.693,12.066,-52.250,35.904,1,22.342,1.000,-14.733,-47.277,7.657,-34.834,100.123,1,-46.500,1.000,-34.788,0,0,0,0,0,0,0,0,0,0,0,0,0,0,0,0,0,0,0,0,0,0,0,0
130.600,42.636,12.075,-52.165,35.849,1,22.342,1.000,-14.733,-47.275,7.667,-34.832,100.123,1,-46.500,1.000,-34.788,0,0,0,0,0,0,0,0,0,0,0,0,0,0,0,0,0,0,0,0,0,0,0,0
130.650,42.579,12.083,-52.079,35.795,1,22.342,1.000,-14.733,-47.274,7.678,-34.830,100.123,1,-46.500,1.000,-34.788,0,0,0,0,0,0,0,0,0,0,0,0,0,0,0,0,0,0,0,0,0,0,0,0
130.700,42.521,12.091,-51.993,35.740,1,22.342,1.000,-14.733,-47.272,7.689,-34.827,100.123,1,-46.500,1.000,-34.788,0,0,0,0,0,0,0,0,0,0,0,0,0,0,0,0,0,0,0,0,0,0,0,0
130.750,42.464,12.099,-51.907,35.685,1,22.342,1.000,-14.733,-47.271,7.700,-34.824,100.123,1,-46.500,1.000,-34.788,0,0,0,0,0,0,0,0,0,0,0,0,0,0,0,0,0,0,0,0,0,0,0,0
130.800,42.406,12.107,-51.821,35.631,1,22.342,1.000,-14.733,-47.270,7.711,-34.822,100.123,1,-46.500,1.000,-34.788,0,0,0,0,0,0,0,0,0,0,0,0,0,0,0,0,0,0,0,0,0,0,0,0
130.850,42.349,12.114,-51.735,35.576,1,22.342,1.000,-14.733,-47.268,7.723,-34.819,100.123,1,-46.500,1.000,-34.788,0,0,0,0,0,0,0,0,0,0,0,0,0,0,0,0,0,0,0,0,0,0,0,0
130.900,42.292,12.120,-51.649,35.521,1,22.342,1.000,-14.733,-47.267,7.735,-34.816,100.123,1,-46.500,1.000,-34.788,0,0,0,0,0,0,0,0,0,0,0,0,0,0,0,0,0,0,0,0,0,0,0,0
130.950,42.234,12.126,-51.562,35.467,1,22.342,1.000,-14.733,-47.265,7.747,-34.814,100.123,1,-46.500,1.000,-34.788,0,0,0,0,0,0,0,0,0,0,0,0,0,0,0,0,0,0,0,0,0,0,0,0
131.000,42.177,12.132,-51.476,35.412,1,22.342,1.000,-14.733,-47.264,7.759,-34.811,100.123,1,-46.500,1.000,-34.788,0,0,0,0,0,0,0,0,0,0,0,0,0,0,0,0,0,0,0,0,0,0,0,0
131.050,42.120,12.138,-51.390,35.357,1,22.342,1.000,-14.733,-47.263,7.772,-34.808,100.123,1,-46.500,1.000,-34.788,0,0,0,0,0,0,0,0,0,0,0,0,0,0,0,0,0,0,0,0,0,0,0,0
131.100,42.062,12.143,-51.304,35.303,1,22.342,1.000,-14.733,-47.261,7.785,-34.805,100.123,1,-46.500,1.000,-34.788,0,0,0,0,0,0,0,0,0,0,0,0,0,0,0,0,0,0,0,0,0,0,0,0
131.150,42.005,12.148,-51.217,35.248,1,22.342,1.000,-14.733,-47.260,7.798,-34.802,100.123,1,-46.500,1.000,-34.788,0,0,0,0,0,0,0,0,0,0,0,0,0,0,0,0,0,0,0,0,0,0,0,0
131.200,41.948,12.152,-51.131,35.193,1,22.342,1.000,-14.733,-47.259,7.811,-34.799,100.123,1,-46.500,1.000,-34.788,0,0,0,0,0,0,0,0,0,0,0,0,0,0,0,0,0,0,0,0,0,0,0,0
131.250,41.890,12.156,-51.045,35.138,1,22.342,1.000,-14.733,-47.257,7.824,-34.797,100.123,1,-46.500,1.000,-34.788,0,0,0,0,0,0,0,0,0,0,0,0,0,0,0,0,0,0,0,0,0,0,0,0
131.300,41.833,12.160,-50.958,35.084,1,22.342,1.000,-14.733,-47.256,7.838,-34.794,100.123,1,-46.500,1.000,-34.788,0,0,0,0,0,0,0,0,0,0,0,0,0,0,0,0,0,0,0,0,0,0,0,0
131.350,41.776,12.163,-50.872,35.029,1,22.342,1.000,-14.733,-47.255,7.851,-34.791,100.123,1,-46.500,1.000,-34.788,0,0,0,0,0,0,0,0,0,0,0,0,0,0,0,0,0,0,0,0,0,0,0,0
131.400,41.719,12.166,-50.785,34.974,1,22.342,1.000,-14.733,-47.254,7.865,-34.788,100.123,1,-46.500,1.000,-34.788,0,0,0,0,0,0,0,0,0,0,0,0,0,0,0,0,0,0,0,0,0,0,0,0
131.450,41.661,12.169,-50.699,34.920,1,22.342,1.000,-14.733,-47.253,7.879,-34.785,100.123,1,-46.500,1.000,-34.788,0,0,0,0,0,0,0,0,0,0,0,0,0,0,0,0,0,0,0,0,0,0,0,0
131.500,41.604,12.172,-50.612,34.865,1,22.342,1.000,-14.733,-47.252,7.893,-34.782,100.123,1,-46.500,1.000,-34.788,0,0,0,0,0,0,0,0,0,0,0,0,0,0,0,0,0,0,0,0,0,0,0,0
131.550,41.547,12.174,-50.526,34.810,1,22.342,1.000,-14.733,-47.251,7.907,-34.779,100.123,1,-46.500,1.000,-34.788,0,0,0,0,0,0,0,0,0,0,0,0,0,0,0,0,0,0,0,0,0,0,0,0
131.600,41.490,12.176,-50.439,34.756,1,22.342,1.000,-14.733,-47.251,7.921,-34.776,100.123,1,-46.500,1.000,-34.788,0,0,0,0,0,0,0,0,0,0,0,0,0,0,0,0,0,0,0,0,0,0,0,0
131.650,41.433,12.177,-50.352,34.701,1,22.342,1.000,-14.733,-47.250,7.935,-34.773,100.123,1,-46.500,1.000,-34.788,0,0,0,0,0,0,0,0,0,0,0,0,0,0,0,0,0,0,0,0,0,0,0,0
131.700,41.376,12.178,-50.266,34.646,1,22.342,1.000,-14.733,-47.249,7.949,-34.770,100.123,1,-46.500,1.000,-34.788,0,0,0,0,0,0,0,0,0,0,0,0,0,0,0,0,0,0,0,0,0,0,0,0
131.750,41.318,12.179,-50.179,34.591,1,22.342,1.000,-14.733,-47.249,7.963,-34.767,100.123,1,-46.500,1.000,-34.788,0,0,0,0,0,0,0,0,0,0,0,0,0,0,0,0,0,0,0,0,0,0,0,0
131.800,41.261,12.180,-50.092,34.537,1,22.342,1.000,-14.733,-47.248,7.977,-34.764,100.123,1,-46.500,1.000,-34.788,0,0,0,0,0,0,0,0,0,0,0,0,0,0,0,0,0,0,0,0,0,0,0,0
131.850,41.204,12.180,-50.005,34.482,1,22.342,1.000,-14.733,-47.248,7.991,-34.761,100.123,1,-46.500,1.000,-34.788,0,0,0,0,0,0,0,0,0,0,0,0,0,0,0,0,0,0,0,0,0,0,0,0
131.900,41.147,12.180,-49.919,34.427,1,22.342,1.000,-14.733,-47.247,8.005,-34.758,100.123,1,-46.500,1.000,-34.788,0,0,0,0,0,0,0,0,0,0,0,0,0,0,0,0,0,0,0,0,0,0,0,0
131.950,41.090,12.180,-49.832,34.373,1,22.342,1.000,-14.733,-47.247,8.019,-34.755,100.123,1,-46.500,1.000,-34.788,0,0,0,0,0,0,0,0,0,0,0,0,0,0,0,0,0,0,0,0,0,0,0,0
132.000,41.033,12.180,-49.745,34.318,1,22.342,1.000,-14.733,-47.247,8.033,-34.752,100.123,1,-46.500,1.000,-34.788,0,0,0,0,0,0,0,0,0,0,0,0,0,0,0,0,0,0,0,0,0,0,0,0
132.050,40.976,12.179,-49.658,34.263,1,22.342,1.000,-14.733,-47.247,8.047,-34.749,100.123,1,-46.500,1.000,-34.788,0,0,0,0,0,0,0,0,0,0,0,0,0,0,0,0,0,0,0,0,0,0,0,0
132.100,40.919,12.178,-49.571,34.208,1,22.342,1.000,-14.733,-47.247,8.061,-34.746,100.123,1,-46.500,1.000,-34.788,0,0,0,0,0,0,0,0,0,0,0,0,0,0,0,0,0,0,0,0,0,0,0,0
132.150,40.862,12.177,-49.484,34.154,1,22.342,1.000,-14.733,-47.247,8.074,-34.743,100.123,1,-46.500,1.000,-34.788,0,0,0,0,0,0,0,0,0,0,0,0,0,0,0,0,0,0,0,0,0,0,0,0
132.200,40.805,12.176,-49.397,34.099,1,22.342,1.000,-14.733,-47.247,8.088,-34.740,100.123,1,-46.500,1.000,-34.788,0,0,0,0,0,0,0,0,0,0,0,0,0,0,0,0,0,0,0,0,0,0,0,0
132.250,40.748,12.174,-49.311,34.044,1,22.342,1.000,-14.733,-47.247,8.101,-34.737,100.123,1,-46.500,1.000,-34.788,0,0,0,0,0,0,0,0,0,0,0,0,0,0,0,0,0,0,0,0,0,0,0,0
132.300,40.691,12.172,-49.224,33.990,1,22.342,1.000,-14.733,-47.248,8.115,-34.734,100.123,1,-46.500,1.000,-34.788,0,0,0,0,0,0,0,0,0,0,0,0,0,0,0,0,0,0,0,0,0,0,0,0
132.350,40.635,12.170,-49.137,33.935,1,22.342,1.000,-14.733,-47.248,8.128,-34.732,100.123,1,-46.500,1.000,-34.788,0,0,0,0,0,0,0,0,0,0,0,0,0,0,0,0,0,0,0,0,0,0,0,0
132.400,40.578,12.168,-49.050,33.880,1,22.342,1.000,-14.733,-47.249,8.141,-34.729,100.123,1,-46.500,1.000,-34.788,0,0,0,0,0,0,0,0,0,0,0,0,0,0,0,0,0,0,0,0,0,0,0,0
132.450,40.521,12.165,-48.963,33.825,1,22.342,1.000,-14.733,-47.249,8.154,-34.726,100.123,1,-46.500,1.000,-34.788,0,0,0,0,0,0,0,0,0,0,0,0,0,0,0,0,0,0,0,0,0,0,0,0
132.500,40.464,12.162,-48.875,33.771,1,22.342,1.000,-14.733,-47.250,8.167,-34.723,100.123,1,-46.500,1.000,-34.788,0,0,0,0,0,0,0,0,0,0,0,0,0,0,0,0,0,0,0,0,0,0,0,0
132.550,40.407,12.159,-48.788,33.716,1,22.342,1.000,-14.733,-47.251,8.179,-34.720,100.123,1,-46.500,1.000,-34.788,0,0,0,0,0,0,0,0,0,0,0,0,0,0,0,0,0,0,0,0,0,0,0,0
132.600,40.351,12.156,-48.701,33.661,1,22.342,1.000,-14.733,-47.251,8.192,-34.718,100.123,1,-46.500,1.000,-34.788,0,0,0,0,0,0,0,0,0,0,0,0,0,0,0,0,0,0,0,0,0,0,0,0
132.650,40.294,12.153,-48.614,33.607,1,22.342,1.000,-14.733,-47.252,8.204,-34.715,100.123,1,-46.500,1.000,-34.788,0,0,0,0,0,0,0,0,0,0,0,0,0,0,0,0,0,0,0,0,0,0,0,0
132.700,40.237,12.149,-48.527,33.552,1,22.342,1.000,-14.733,-47.253,8.216,-34.712,100.123,1,-46.500,1.000,-34.788,0,0,0,0,0,0,0,0,0,0,0,0,0,0,0,0,0,0,0,0,0,0,0,0
132.750,40.181,12.145,-48.440,33.497,1,22.342,1.000,-14.733,-47.254,8.228,-34.709,100.123,1,-46.500,1.000,-34.788,0,0,0,0,0,0,0,0,0,0,0,0,0,0,0,0,0,0,0,0,0,0,0,0
132.800,40.124,12.141,-48.353,33.443,1,22.342,1.000,-14.733,-47.255,8.239,-34.707,100.123,1,-46.500,1.000,-34.788,0,0,0,0,0,0,0,0,0,0,0,0,0,0,0,0,0,0,0,0,0,0,0,0
132.850,40.068,12.137,-48.266,33.388,1,22.342,1.000,-14.733,-47.257,8.251,-34.704,100.123,1,-46.500,1.000,-34.788,0,0,0,0,0,0,0,0,0,0,0,0,0,0,0,0,0,0,0,0,0,0,0,0
132.900,40.011,12.133,-48.179,33.333,1,22.342,1.000,-14.733,-47.258,8.262,-34.701,100.123,1,-46.500,1.000,-34.788,0,0,0,0,0,0,0,0,0,0,0,0,0,0,0,0,0,0,0,0,0,0,0,0
132.950,39.955,12.128,-48.091,33.279,1,22.342,1.000,-14.733,-47.259,8.272,-34.699,100.123,1,-46.500,1.000,-34.788,0,0,0,0,0,0,0,0,0,0,0,0,0,0,0,0,0,0,0,0,0,0,0,0
133.000,39.898,12.123,-48.004,33.224,1,22.342,1.000,-14.733,-47.261,8.283,-34.696,100.123,1,-46.500,1.000,-34.788,0,0,0,0,0,0,0,0,0,0,0,0,0,0,0,0,0,0,0,0,0,0,0,0
133.050,39.842,12.119,-47.917,33.169,1,22.342,1.000,-14.733,-47.262,8.293,-34.694,100.123,1,-46.500,1.000,-34.788,0,0,0,0,0,0,0,0,0,0,0,0,0,0,0,0,0,0,0,0,0,0,0,0
133.100,39.785,12.114,-47.830,33.115,1,22.342,1.000,-14.733,-47.264,8.303,-34.691,100.123,1,-46.500,1.000,-34.788,0,0,0,0,0,0,0,0,0,0,0,0,0,0,0,0,0,0,0,0,0,0,0,0
133.150,39.729,12.108,-47.742,33.060,1,22.342,1.000,-14.733,-47.265,8.313,-34.689,100.123,1,-46.500,1.000,-34.788,0,0,0,0,0,0,0,0,0,0,0,0,0,0,0,0,0,0,0,0,0,0,0,0
133.200,39.673,12.103,-47.655,33.005,1,22.342,1.000,-14.733,-47.267,8.322,-34.686,100.123,1,-46.500,1.000,-34.788,0,0,0,0,0,0,0,0,0,0,0,0,0,0,0,0,0,0,0,0,0,0,0,0
133.250,39.616,12.098,-47.568,32.951,1,22.342,1.000,-14.733,-47.269,8.331,-34.684,100.123,1,-46.500,1.000,-34.788,0,0,0,0,0,0,0,0,0,0,0,0,0,0,0,0,0,0,0,0,0,0,0,0
133.300,39.560,12.092,-47.481,32.896,1,22.342,1.000,-14.733,-47.271,8.339,-34.682,100.123,1,-46.500,1.000,-34.788,0,0,0,0,0,0,0,0,0,0,0,0,0,0,0,0,0,0,0,0,0,0,0,0
133.350,39.504,12.086,-47.393,32.841,1,22.342,1.000,-14.733,-47.272,8.348,-34.679,100.123,1,-46.500,1.000,-34.788,0,0,0,0,0,0,0,0,0,0,0,0,0,0,0,0,0,0,0,0,0,0,0,0
133.400,39.448,12.080,-47.306,32.787,1,22.342,1.000,-14.733,-47.274,8.355,-34.677,100.123,1,-46.500,1.000,-34.788,0,0,0,0,0,0,0,0,0,0,0,0,0,0,0,0,0,0,0,0,0,0,0,0
133.450,39.392,12.074,-47.219,32.732,1,22.342,1.000,-14.733,-47.276,8.363,-34.675,100.123,1,-46.500,1.000,-34.788,0,0,0,0,0,0,0,0,0,0,0,0,0,0,0,0,0,0,0,0,0,0,0,0
133.500,39.335,12.068,-47.131,32.678,1,22.342,1.000,-14.733,-47.278,8.370,-34.673,100.123,1,-46.500,1.000,-34.788,0,0,0,0,0,0,0,0,0,0,0,0,0,0,0,0,0,0,0,0,0,0,0,0
133.550,39.279,12.062,-47.044,32.623,1,22.342,1.000,-14.733,-47.280,8.377,-34.671,100.123,1,-46.500,1.000,-34.788,0,0,0,0,0,0,0,0,0,0,0,0,0,0,0,0,0,0,0,0,0,0,0,0
133.600,39.223,12.056,-46.957,32.568,1,22.342,1.000,-14.733,-47.282,8.383,-34.669,100.123,1,-46.500,1.000,-34.788,0,0,0,0,0,0,0,0,0,0,0,0,0,0,0,0,0,0,0,0,0,0,0,0
133.650,39.167,12.049,-46.869,32.514,1,22.342,1.000,-14.733,-47.284,8.389,-34.667,100.123,1,-46.500,1.000,-34.788,0,0,0,0,0,0,0,0,0,0,0,0,0,0,0,0,0,0,0,0,0,0,0,0
133.700,39.111,12.042,-46.782,32.459,1,22.342,1.000,-14.733,-47.286,8.395,-34.665,100.123,1,-46.500,1.000,-34.788,0,0,0,0,0,0,0,0,0,0,0,0,0,0,0,0,0,0,0,0,0,0,0,0
133.750,39.055,12.036,-46.694,32.405,1,22.342,1.000,-14.733,-47.288,8.400,-34.663,100.123,1,-46.500,1.000,-34.788,0,0,0,0,0,0,0,0,0,0,0,0,0,0,0,0,0,0,0,0,0,0,0,0
133.800,38.999,12.029,-46.607,32.350,1,22.342,1.000,-14.733,-47.290,8.405,-34.661,100.123,1,-46.500,1.000,-34.788,0,0,0,0,0,0,0,0,0,0,0,0,0,0,0,0,0,0,0,0,0,0,0,0
133.850,38.943,12.022,-46.520,32.296,1,22.342,1.000,-14.733,-47.292,8.409,-34.660,100.123,1,-46.500,1.000,-34.788,0,0,0,0,0,0,0,0,0,0,0,0,0,0,0,0,0,0,0,0,0,0,0,0
133.900,38.888,12.015,-46.432,32.241,1,22.342,1.000,-14.733,-47.294,8.413,-34.658,100.123,1,-46.500,1.000,-34.788,0,0,0,0,0,0,0,0,0,0,0,0,0,0,0,0,0,0,0,0,0,0,0,0
133.950,38.832,12.008,-46.345,32.186,1,22.342,1.000,-14.733,-47.296,8.417,-34.656,100.123,1,-46.500,1.000,-34.788,0,0,0,0,0,0,0,0,0,0,0,0,0,0,0,0,0,0,0,0,0,0,0,0
134.000,38.776,12.000,-46.257,32.132,1,22.342,1.000,-14.733,-47.298,8.420,-34.655,100.123,1,-46.500,1.000,-34.788,0,0,0,0,0,0,0,0,0,0,0,0,0,0,0,0,0,0,0,0,0,0,0,0
134.050,38.720,11.993,-46.170,32.077,1,22.342,1.000,-14.733,-47.301,8.422,-34.654,100.123,1,-46.500,1.000,-34.788,0,0,0,0,0,0,0,0,0,0,0,0,0,0,0,0,0,0,0,0,0,0,0,0
134.100,38.665,11.986,-46.082,32.023,1,22.342,1.000,-14.733,-47.303,8.425,-34.652,100.123,1,-46.500,1.000,-34.788,0,0,0,0,0,0,0,0,0,0,0,0,0,0,0,0,0,0,0,0,0,0,0,0
134.150,38.609,11.978,-45.995,31.968,1,22.342,1.000,-14.733,-47.305,8.426,-34.651,100.123,1,-46.500,1.000,-34.788,0,0,0,0,0,0,0,0,0,0,0,0,0,0,0,0,0,0,0,0,0,0,0,0
134.200,38.553,11.970,-45.907,31.914,1,22.342,1.000,-14.733,-47.307,8.428,-34.650,100.123,1,-46.500,1.000,-34.788,0,0,0,0,0,0,0,0,0,0,0,0,0,0,0,0,0,0,0,0,0,0,0,0
134.250,38.498,11.963,-45.820,31.859,1,22.342,1.000,-14.733,-47.309,8.428,-34.649,100.123,1,-46.500,1.000,-34.788,0,0,0,0,0,0,0,0,0,0,0,0,0,0,0,0,0,0,0,0,0,0,0,0
134.300,38.442,11.955,-45.732,31.805,1,22.342,1.000,-14.733,-47.311,8.429,-34.648,100.123,1,-46.500,1.000,-34.788,0,0,0,0,0,0,0,0,0,0,0,0,0,0,0,0,0,0,0,0,0,0,0,0
134.350,38.387,11.947,-45.645,31.751,1,22.342,1.000,-14.733,-47.313,8.429,-34.647,100.123,1,-46.500,1.000,-34.788,0,0,0,0,0,0,0,0,0,0,0,0,0,0,0,0,0,0,0,0,0,0,0,0
134.400,38.331,11.939,-45.557,31.696,1,22.342,1.000,-14.733,-47.315,8.428,-34.646,100.123,1,-46.500,1.000,-34.788,0,0,0,0,0,0,0,0,0,0,0,0,0,0,0,0,0,0,0,0,0,0,0,0
134.450,38.276,11.931,-45.470,31.642,1,22.342,1.000,-14.733,-47.317,8.427,-34.645,100.123,1,-46.500,1.000,-34.788,0,0,0,0,0,0,0,0,0,0,0,0,0,0,0,0,0,0,0,0,0,0,0,0
134.500,38.220,11.923,-45.382,31.587,1,22.342,1.000,-14.733,-47.319,8.426,-34.644,100.123,1,-46.500,1.000,-34.788,0,0,0,0,0,0,0,0,0,0,0,0,0,0,0,0,0,0,0,0,0,0,0,0
134.550,38.165,11.915,-45.295,31.533,1,22.342,1.000,-14.733,-47.320,8.424,-34.644,100.123,1,-46.500,1.000,-34.788,0,0,0,0,0,0,0,0,0,0,0,0,0,0,0,0,0,0,0,0,0,0,0,0
134.600,38.110,11.907,-45.207,31.478,1,22.342,1.000,-14.733,-47.322,8.421,-34.643,100.123,1,-46.500,1.000,-34.788,0,0,0,0,0,0,0,0,0,0,0,0,0,0,0,0,0,0,0,0,0,0,0,0
134.650,38.055,11.898,-45.119,31.424,1,22.342,1.000,-14.733,-47.324,8.419,-34.643,100.123,1,-46.500,1.000,-34.788,0,0,0,0,0,0,0,0,0,0,0,0,0,0,0,0,0,0,0,0,0,0,0,0
134.700,37.999,11.890,-45.032,31.370,1,22.342,1.000,-14.733,-47.326,8.415,-34.643,100.123,1,-46.500,1.000,-34.788,0,0,0,0,0,0,0,0,0,0,0,0,0,0,0,0,0,0,0,0,0,0,0,0
134.750,37.944,11.881,-44.944,31.315,1,22.342,1.000,-14.733,-47.328,8.412,-34.643,100.123,1,-46.500,1.000,-34.788,0,0,0,0,0,0,0,0,0,0,0,0,0,0,0,0,0,0,0,0,0,0,0,0
134.800,37.889,11.873,-44.856,31.261,1,22.342,1.000,-14.733,-47.329,8.408,-34.642,100.123,1,-46.500,1.000,-34.788,0,0,0,0,0,0,0,0,0,0,0,0,0,0,0,0,0,0,0,0,0,0,0,0
134.850,37.834,11.864,-44.769,31.206,1,22.342,1.000,-14.733,-47.331,8.403,-34.643,100.123,1,-46.500,1.000,-34.788,0,0,0,0,0,0,0,0,0,0,0,0,0,0,0,0,0,0,0,0,0,0,0,0
134.900,37.779,11.856,-44.681,31.152,1,22.342,1.000,-14.733,-47.332,8.398,-34.643,100.123,1,-46.500,1.000,-34.788,0,0,0,0,0,0,0,0,0,0,0,0,0,0,0,0,0,0,0,0,0,0,0,0
134.950,37.724,11.847,-44.593,31.098,1,22.342,1.000,-14.733,-47.334,8.393,-34.643,100.123,1,-46.500,1.000,-34.788,0,0,0,0,0,0,0,0,0,0,0,0,0,0,0,0,0,0,0,0,0,0,0,0
135.000,37.669,11.839,-44.506,31.043,1,22.342,1.000,-14.733,-47.335,8.387,-34.643,100.123,1,-46.500,1.000,-34.788,0,0,0,0,0,0,0,0,0,0,0,0,0,0,0,0,0,0,0,0,0,0,0,0
135.050,37.614,11.830,-44.418,30.989,1,22.342,1.000,-14.733,-47.337,8.380,-34.644,100.123,1,-46.500,1.000,-34.788,0,0,0,0,0,0,0,0,0,0,0,0,0,0,0,0,0,0,0,0,0,0,0,0
135.100,37.559,11.821,-44.330,30.935,1,22.342,1.000,-14.733,-47.338,8.374,-34.644,100.123,1,-46.500,1.000,-34.788,0,0,0,0,0,0,0,0,0,0,0,0,0,0,0,0,0,0,0,0,0,0,0,0
135.150,37.504,11.812,-44.243,30.880,1,22.342,1.000,-14.733,-47.339,8.367,-34.645,100.123,1,-46.500,1.000,-34.788,0,0,0,0,0,0,0,0,0,0,0,0,0,0,0,0,0,0,0,0,0,0,0,0
135.200,37.449,11.803,-44.155,30.826,1,22.342,1.000,-14.733,-47.340,8.359,-34.646,100.123,1,-46.500,1.000,-34.788,0,0,0,0,0,0,0,0,0,0,0,0,0,0,0,0,0,0,0,0,0,0,0,0
135.250,37.395,11.794,-44.067,30.772,1,22.342,1.000,-14.733,-47.341,8.351,-34.647,100.123,1,-46.500,1.000,-34.788,0,0,0,0,0,0,0,0,0,0,0,0,0,0,0,0,0,0,0,0,0,0,0,0
135.300,37.340,11.785,-43.979,30.718,1,22.342,1.000,-14.733,-47.342,8.343,-34.648,100.123,1,-46.500,1.000,-34.788,0,0,0,0,0,0,0,0,0,0,0,0,0,0,0,0,0,0,0,0,0,0,0,0
135.350,37.285,11.776,-43.892,30.663,1,22.342,1.000,-14.733,-47.343,8.334,-34.649,100.123,1,-46.500,1.000,-34.788,0,0,0,0,0,0,0,0,0,0,0,0,0,0,0,0,0,0,0,0,0,0,0,0
135.400,37.230,11.767,-43.804,30.609,1,22.342,1.000,-14.733,-47.344,8.325,-34.650,100.123,1,-46.500,1.000,-34.788,0,0,0,0,0,0,0,0,0,0,0,0,0,0,0,0,0,0,0,0,0,0,0,0
135.450,37.176,11.758,-43.716,30.555,1,22.342,1.000,-14.733,-47.345,8.316,-34.652,100.123,1,-46.500,1.000,-34.788,0,0,0,0,0,0,0,0,0,0,0,0,0,0,0,0,0,0,0,0,0,0,0,0
135.500,37.121,11.749,-43.628,30.501,1,22.342,1.000,-14.733,-47.345,8.307,-34.653,100.123,1,-46.500,1.000,-34.788,0,0,0,0,0,0,0,0,0,0,0,0,0,0,0,0,0,0,0,0,0,0,0,0
135.550,37.067,11.740,-43.540,30.446,1,22.342,1.000,-14.733,-47.346,8.297,-34.655,100.123,1,-46.500,1.000,-34.788,0,0,0,0,0,0,0,0,0,0,0,0,0,0,0,0,0,0,0,0,0,0,0,0
135.600,37.012,11.731,-43.453,30.392,1,22.342,1.000,-14.733,-47.347,8.287,-34.657,100.123,1,-46.500,1.000,-34.788,0,0,0,0,0,0,0,0,0,0,0,0,0,0,0,0,0,0,0,0,0,0,0,0
135.650,36.958,11.722,-43.365,30.338,1,22.342,1.000,-14.733,-47.347,8.276,-34.658,100.123,1,-46.500,1.000,-34.788,0,0,0,0,0,0,0,0,0,0,0,0,0,0,0,0,0,0,0,0,0,0,0,0
135.700,36.903,11.712,-43.277,30.284,1,22.342,1.000,-14.733,-47.347,8.265,-34.660,100.123,1,-46.500,1.000,-34.788,0,0,0,0,0,0,0,0,0,0,0,0,0,0,0,0,0,0,0,0,0,0,0,0
135.750,36.849,11.703,-43.189,30.230,1,22.342,1.000,-14.733,-47.348,8.254,-34.662,100.123,1,-46.500,1.000,-34.788,0,0,0,0,0,0,0,0,0,0,0,0,0,0,0,0,0,0,0,0,0,0,0,0
135.800,36.795,11.694,-43.101,30.176,1,22.342,1.000,-14.733,-47.348,8.243,-34.665,100.123,1,-46.500,1.000,-34.788,0,0,0,0,0,0,0,0,0,0,0,0,0,0,0,0,0,0,0,0,0,0,0,0
135.850,36.740,11.684,-43.013,30.121,1,22.342,1.000,-14.733,-47.348,8.232,-34.667,100.123,1,-46.500,1.000,-34.788,0,0,0,0,0,0,0,0,0,0,0,0,0,0,0,0,0,0,0,0,0,0,0,0
135.900,36.686,11.675,-42.925,30.067,1,22.342,1.000,-14.733,-47.348,8.220,-34.669,100.123,1,-46.500,1.000,-34.788,0,0,0,0,0,0,0,0,0,0,0,0,0,0,0,0,0,0,0,0,0,0,0,0
135.950,36.632,11.666,-42.837,30.013,1,22.342,1.000,-14.733,-47.348,8.208,-34.672,100.123,1,-46.500,1.000,-34.788,0,0,0,0,0,0,0,0,0,0,0,0,0,0,0,0,0,0,0,0,0,0,0,0
136.000,36.578,11.656,-42.749,29.959,1,22.342,1.000,-14.733,-47.348,8.196,-34.675,100.123,1,-46.500,1.000,-34.788,0,0,0,0,0,0,0,0,0,0,0,0,0,0,0,0,0,0,0,0,0,0,0,0
136.050,36.524,11.647,-42.661,29.905,1,22.342,1.000,-14.733,-47.348,8.183,-34.677,100.123,1,-46.500,1.000,-34.788,0,0,0,0,0,0,0,0,0,0,0,0,0,0,0,0,0,0,0,0,0,0,0,0
136.100,36.470,11.638,-42.573,29.851,1,22.342,1.000,-14.733,-47.347,8.171,-34.680,100.123,1,-46.500,1.000,-34.788,0,0,0,0,0,0,0,0,0,0,0,0,0,0,0,0,0,0,0,0,0,0,0,0
136.150,36.416,11.628,-42.486,29.797,1,22.342,1.000,-14.733,-47.347,8.158,-34.683,100.123,1,-46.500,1.000,-34.788,0,0,0,0,0,0,0,0,0,0,0,0,0,0,0,0,0,0,0,0,0,0,0,0
136.200,36.362,11.619,-42.398,29.743,1,22.342,1.000,-14.733,-47.347,8.146,-34.686,100.123,1,-46.500,1.000,-34.788,0,0,0,0,0,0,0,0,0,0,0,0,0,0,0,0,0,0,0,0,0,0,0,0
136.250,36.308,11.609,-42.310,29.689,1,22.342,1.000,-14.733,-47.346,8.133,-34.689,100.123,1,-46.500,1.000,-34.788,0,0,0,0,0,0,0,0,0,0,0,0,0,0,0,0,0,0,0,0,0,0,0,0
136.300,36.255,11.600,-42.221,29.636,1,22.342,1.000,-14.733,-47.345,8.120,-34.692,100.123,1,-46.500,1.000,-34.788,0,0,0,0,0,0,0,0,0,0,0,0,0,0,0,0,0,0,0,0,0,0,0,0
136.350,36.201,11.590,-42.133,29.582,1,22.342,1.000,-14.733,-47.345,8.107,-34.696,100.123,1,-46.500,1.000,-34.788,0,0,0,0,0,0,0,0,0,0,0,0,0,0,0,0,0,0,0,0,0,0,0,0
136.400,36.147,11.581,-42.045,29.528,1,22.342,1.000,-14.733,-47.344,8.094,-34.699,100.123,1,-46.500,1.000,-34.788,0,0,0,0,0,0,0,0,0,0,0,0,0,0,0,0,0,0,0,0,0,0,0,0
136.450,36.094,11.572,-41.957,29.474,1,22.342,1.000,-14.733,-47.343,8.081,-34.703,100.123,1,-46.500,1.000,-34.788,0,0,0,0,0,0,0,0,0,0,0,0,0,0,0,0,0,0,0,0,0,0,0,0
136.500,36.040,11.562,-41.869,29.420,1,22.342,1.000,-14.733,-47.342,8.067,-34.706,100.123,1,-46.500,1.000,-34.788,0,0,0,0,0,0,0,0,0,0,0,0,0,0,0,0,0,0,0,0,0,0,0,0
136.550,35.987,11.553,-41.781,29.367,1,22.342,1.000,-14.733,-47.341,8.054,-34.710,100.123,1,-46.500,1.000,-34.788,0,0,0,0,0,0,0,0,0,0,0,0,0,0,0,0,0,0,0,0,0,0,0,0
136.600,35.933,11.543,-41.693,29.313,1,22.342,1.000,-14.733,-47.340,8.041,-34.714,100.123,1,-46.500,1.000,-34.788,0,0,0,0,0,0,0,0,0,0,0,0,0,0,0,0,0,0,0,0,0,0,0,0
136.650,35.880,11.534,-41.605,29.259,1,22.342,1.000,-14.733,-47.339,8.027,-34.717,100.123,1,-46.500,1.000,-34.788,0,0,0,0,0,0,0,0,0,0,0,0,0,0,0,0,0,0,0,0,0,0,0,0
136.700,35.826,11.524,-41.517,29.205,1,22.342,1.000,-14.733,-47.338,8.014,-34.721,100.123,1,-46.500,1.000,-34.788,0,0,0,0,0,0,0,0,0,0,0,0,0,0,0,0,0,0,0,0,0,0,0,0
136.750,35.773,11.515,-41.429,29.152,1,22.342,1.000,-14.733,-47.337,8.001,-34.725,100.123,1,-46.500,1.000,-34.788,0,0,0,0,0,0,0,0,0,0,0,0,0,0,0,0,0,0,0,0,0,0,0,0
136.800,35.720,11.506,-41.340,29.098,1,22.342,1.000,-14.733,-47.336,7.987,-34.729,100.123,1,-46.500,1.000,-34.788,0,0,0,0,0,0,0,0,0,0,0,0,0,0,0,0,0,0,0,0,0,0,0,0
136.850,35.667,11.496,-41.252,29.044,1,22.342,1.000,-14.733,-47.334,7.974,-34.733,100.123,1,-46.500,1.000,-34.788,0,0,0,0,0,0,0,0,0,0,0,0,0,0,0,0,0,0,0,0,0,0,0,0
136.900,35.614,11.487,-41.164,28.991,1,22.342,1.000,-14.733,-47.333,7.961,-34.737,100.123,1,-46.500,1.000,-34.788,0,0,0,0,0,0,0,0,0,0,0,0,0,0,0,0,0,0,0,0,0,0,0,0
136.950,35.561,11.478,-41.076,28.937,1,22.342,1.000,-14.733,-47.331,7.948,-34.742,100.123,1,-46.500,1.000,-34.788,0,0,0,0,0,0,0,0,0,0,0,0,0,0,0,0,0,0,0,0,0,0,0,0
137.000,35.508,11.468,-40.988,28.884,1,22.342,1.000,-14.733,-47.330,7.935,-34.746,100.123,1,-46.500,1.000,-34.788,0,0,0,0,0,0,0,0,0,0,0,0,0,0,0,0,0,0,0,0,0,0,0,0
137.050,35.455,11.459,-40.899,28.830,1,22.342,1.000,-14.733,-47.328,7.922,-34.750,100.123,1,-46.500,1.000,-34.788,0,0,0,0,0,0,0,0,0,0,0,0,0,0,0,0,0,0,0,0,0,0,0,0
137.100,35.403,11.450,-40.811,28.776,1,22.342,1.000,-14.733,-47.327,7.909,-34.755,100.123,1,-46.500,1.000,-34.788,0,0,0,0,0,0,0,0,0,0,0,0,0,0,0,0,0,0,0,0,0,0,0,0
137.150,35.350,11.440,-40.723,28.723,1,22.342,1.000,-14.733,-47.325,7.896,-34.759,100.123,1,-46.500,1.000,-34.788,0,0,0,0,0,0,0,0,0,0,0,0,0,0,0,0,0,0,0,0,0,0,0,0
137.200,35.297,11.431,-40.634,28.669,1,22.342,1.000,-14.733,-47.323,7.883,-34.763,100.123,1,-46.500,1.000,-34.788,0,0,0,0,0,0,0,0,0,0,0,0,0,0,0,0,0,0,0,0,0,0,0,0
137.250,35.245,11.422,-40.546,28.616,1,22.342,1.000,-14.733,-47.321,7.870,-34.768,100.123,1,-46.500,1.000,-34.788,0,0,0,0,0,0,0,0,0,0,0,0,0,0,0,0,0,0,0,0,0,0,0,0
137.300,35.192,11.412,-40.458,28.563,1,22.342,1.000,-14.733,-47.320,7.858,-34.772,100.123,1,-46.500,1.000,-34.788,0,0,0,0,0,0,0,0,0,0,0,0,0,0,0,0,0,0,0,0,0,0,0,0
137.350,35.140,11.403,-40.369,28.509,1,22.342,1.000,-14.733,-47.318,7.846,-34.777,100.123,1,-46.500,1.000,-34.788,0,0,0,0,0,0,0,0,0,0,0,0,0,0,0,0,0,0,0,0,0,0,0,0
137.400,35.087,11.394,-40.281,28.456,1,22.342,1.000,-14.733,-47.316,7.834,-34.781,100.123,1,-46.500,1.000,-34.788,0,0,0,0,0,0,0,0,0,0,0,0,0,0,0,0,0,0,0,0,0,0,0,0
137.450,35.035,11.385,-40.192,28.402,1,22.342,1.000,-14.733,-47.314,7.822,-34.785,100.123,1,-46.500,1.000,-34.788,0,0,0,0,0,0,0,0,0,0,0,0,0,0,0,0,0,0,0,0,0,0,0,0
137.500,34.983,11.375,-40.104,28.349,1,22.342,1.000,-14.733,-47.312,7.810,-34.790,100.123,1,-46.500,1.000,-34.788,0,0,0,0,0,0,0,0,0,0,0,0,0,0,0,0,0,0,0,0,0,0,0,0
137.550,34.931,11.366,-40.016,28.296,1,22.342,1.000,-14.733,-47.310,7.799,-34.794,100.123,1,-46.500,1.000,-34.788,0,0,0,0,0,0,0,0,0,0,0,0,0,0,0,0,0,0,0,0,0,0,0,0
137.600,34.879,11.357,-39.927,28.242,1,22.342,1.000,-14.733,-47.308,7.787,-34.799,100.123,1,-46.500,1.000,-34.788,0,0,0,0,0,0,0,0,0,0,0,0,0,0,0,0,0,0,0,0,0,0,0,0
137.650,34.827,11.348,-39.839,28.189,1,22.342,1.000,-14.733,-47.306,7.776,-34.803,100.123,1,-46.500,1.000,-34.788,0,0,0,0,0,0,0,0,0,0,0,0,0,0,0,0,0,0,0,0,0,0,0,0
137.700,34.775,11.339,-39.750,28.136,1,22.342,1.000,-14.733,-47.304,7.765,-34.808,100.123,1,-46.500,1.000,-34.788,0,0,0,0,0,0,0,0,0,0,0,0,0,0,0,0,0,0,0,0,0,0,0,0
137.750,34.723,11.330,-39.661,28.082,1,22.342,1.000,-14.733,-47.302,7.755,-34.812,100.123,1,-46.500,1.000,-34.788,0,0,0,0,0,0,0,0,0,0,0,0,0,0,0,0,0,0,0,0,0,0,0,0
137.800,34.671,11.321,-39.573,28.029,1,22.342,1.000,-14.733,-47.300,7.744,-34.816,100.123,1,-46.500,1.000,-34.788,0,0,0,0,0,0,0,0,0,0,0,0,0,0,0,0,0,0,0,0,0,0,0,0
137.850,34.620,11.311,-39.484,27.976,1,22.342,1.000,-14.733,-47.298,7.734,-34.821,100.123,1,-46.500,1.000,-34.788,0,0,0,0,0,0,0,0,0,0,0,0,0,0,0,0,0,0,0,0,0,0,0,0
137.900,34.568,11.302,-39.396,27.923,1,22.342,1.000,-14.733,-47.295,7.724,-34.825,100.123,1,-46.500,1.000,-34.788,0,0,0,0,0,0,0,0,0,0,0,0,0,0,0,0,0,0,0,0,0,0,0,0
137.950,34.516,11.293,-39.307,27.870,1,22.342,1.000,-14.733,-47.293,7.715,-34.829,100.123,1,-46.500,1.000,-34.788,0,0,0,0,0,0,0,0,0,0,0,0,0,0,0,0,0,0,0,0,0,0,0,0
138.000,34.465,11.284,-39.218,27.817,1,22.342,1.000,-14.733,-47.291,7.706,-34.833,100.123,1,-46.500,1.000,-34.788,0,0,0,0,0,0,0,0,0,0,0,0,0,0,0,0,0,0,0,0,0,0,0,0
138.050,34.414,11.275,-39.130,27.763,1,22.342,1.000,-14.733,-47.289,7.697,-34.837,100.123,1,-46.500,1.000,-34.788,0,0,0,0,0,0,0,0,0,0,0,0,0,0,0,0,0,0,0,0,0,0,0,0
138.100,34.362,11.266,-39.041,27.710,1,22.342,1.000,-14.733,-47.287,7.688,-34.841,100.123,1,-46.500,1.000,-34.788,0,0,0,0,0,0,0,0,0,0,0,0,0,0,0,0,0,0,0,0,0,0,0,0
138.150,34.311,11.257,-38.952,27.657,1,22.342,1.000,-14.733,-47.284,7.680,-34.845,100.123,1,-46.500,1.000,-34.788,0,0,0,0,0,0,0,0,0,0,0,0,0,0,0,0,0,0,0,0,0,0,0,0
138.200,34.260,11.248,-38.864,27.604,1,22.342,1.000,-14.733,-47.282,7.672,-34.849,100.123,1,-46.500,1.000,-34.788,0,0,0,0,0,0,0,0,0,0,0,0,0,0,0,0,0,0,0,0,0,0,0,0
138.250,34.209,11.239,-38.775,27.551,1,22.342,1.000,-14.733,-47.280,7.664,-34.853,100.123,1,-46.500,1.000,-34.788,0,0,0,0,0,0,0,0,0,0,0,0,0,0,0,0,0,0,0,0,0,0,0,0
138.300,34.158,11.230,-38.686,27.498,1,22.342,1.000,-14.733,-47.278,7.657,-34.856,100.123,1,-46.500,1.000,-34.788,0,0,0,0,0,0,0,0,0,0,0,0,0,0,0,0,0,0,0,0,0,0,0,0
138.350,34.107,11.221,-38.597,27.445,1,22.342,1.000,-14.733,-47.275,7.650,-34.860,100.123,1,-46.500,1.000,-34.788,0,0,0,0,0,0,0,0,0,0,0,0,0,0,0,0,0,0,0,0,0,0,0,0
138.400,34.056,11.212,-38.509,27.392,1,22.342,1.000,-14.733,-47.273,7.643,-34.864,100.123,1,-46.500,1.000,-34.788,0,0,0,0,0,0,0,0,0,0,0,0,0,0,0,0,0,0,0,0,0,0,0,0
138.450,34.005,11.204,-38.420,27.339,1,22.342,1.000,-14.733,-47.271,7.637,-34.867,100.123,1,-46.500,1.000,-34.788,0,0,0,0,0,0,0,0,0,0,0,0,0,0,0,0,0,0,0,0,0,0,0,0
138.500,33.954,11.195,-38.331,27.286,1,22.342,1.000,-14.733,-47.269,7.631,-34.870,100.123,1,-46.500,1.000,-34.788,0,0,0,0,0,0,0,0,0,0,0,0,0,0,0,0,0,0,0,0,0,0,0,0
138.550,33.904,11.186,-38.242,27.233,1,22.342,1.000,-14.733,-47.267,7.625,-34.874,100.123,1,-46.500,1.000,-34.788,0,0,0,0,0,0,0,0,0,0,0,0,0,0,0,0,0,0,0,0,0,0,0,0
138.600,33.853,11.177,-38.153,27.180,1,22.342,1.000,-14.733,-47.264,7.620,-34.877,100.123,1,-46.500,1.000,-34.788,0,0,0,0,0,0,0,0,0,0,0,0,0,0,0,0,0,0,0,0,0,0,0,0
138.650,33.803,11.168,-38.064,27.127,1,22.342,1.000,-14.733,-47.262,7.615,-34.880,100.123,1,-46.500,1.000,-34.788,0,0,0,0,0,0,0,0,0,0,0,0,0,0,0,0,0,0,0,0,0,0,0,0
138.700,33.752,11.159,-37.975,27.074,1,22.342,1.000,-14.733,-47.260,7.610,-34.882,100.123,1,-46.500,1.000,-34.788,0,0,0,0,0,0,0,0,0,0,0,0,0,0,0,0,0,0,0,0,0,0,0,0
138.750,33.702,11.150,-37.886,27.021,1,22.342,1.000,-14.733,-47.258,7.606,-34.885,100.123,1,-46.500,1.000,-34.788,0,0,0,0,0,0,0,0,0,0,0,0,0,0,0,0,0,0,0,0,0,0,0,0
138.800,33.652,11.142,-37.797,26.969,1,22.342,1.000,-14.733,-47.256,7.602,-34.888,100.123,1,-46.500,1.000,-34.788,0,0,0,0,0,0,0,0,0,0,0,0,0,0,0,0,0,0,0,0,0,0,0,0
138.850,33.601,11.133,-37.708,26.916,1,22.342,1.000,-14.733,-47.254,7.599,-34.890,100.123,1,-46.500,1.000,-34.788,0,0,0,0,0,0,0,0,0,0,0,0,0,0,0,0,0,0,0,0,0,0,0,0
138.900,33.551,11.124,-37.619,26.863,1,22.342,1.000,-14.733,-47.252,7.596,-34.893,100.123,1,-46.500,1.000,-34.788,0,0,0,0,0,0,0,0,0,0,0,0,0,0,0,0,0,0,0,0,0,0,0,0
138.950,33.501,11.115,-37.530,26.810,1,22.342,1.000,-14.733,-47.250,7.593,-34.895,100.123,1,-46.500,1.000,-34.788,0,0,0,0,0,0,0,0,0,0,0,0,0,0,0,0,0,0,0,0,0,0,0,0
139.000,33.451,11.106,-37.441,26.757,1,22.342,1.000,-14.733,-47.248,7.590,-34.897,100.123,1,-46.500,1.000,-34.788,0,0,0,0,0,0,0,0,0,0,0,0,0,0,0,0,0,0,0,0,0,0,0,0
139.050,33.401,11.098,-37.352,26.705,1,22.342,1.000,-14.733,-47.246,7.589,-34.899,100.123,1,-46.500,1.000,-34.788,0,0,0,0,0,0,0,0,0,0,0,0,0,0,0,0,0,0,0,0,0,0,0,0
139.100,33.352,11.089,-37.263,26.652,1,22.342,1.000,-14.733,-47.244,7.587,-34.901,100.123,1,-46.500,1.000,-34.788,0,0,0,0,0,0,0,0,0,0,0,0,0,0,0,0,0,0,0,0,0,0,0,0
139.150,33.302,11.080,-37.174,26.599,1,22.342,1.000,-14.733,-47.242,7.586,-34.902,100.123,1,-46.500,1.000,-34.788,0,0,0,0,0,0,0,0,0,0,0,0,0,0,0,0,0,0,0,0,0,0,0,0
139.200,33.252,11.071,-37.084,26.546,1,22.342,1.000,-14.733,-47.240,7.585,-34.904,100.123,1,-46.500,1.000,-34.788,0,0,0,0,0,0,0,0,0,0,0,0,0,0,0,0,0,0,0,0,0,0,0,0
139.250,33.203,11.063,-36.995,26.494,1,22.342,1.000,-14.733,-47.238,7.585,-34.905,100.123,1,-46.500,1.000,-34.788,0,0,0,0,0,0,0,0,0,0,0,0,0,0,0,0,0,0,0,0,0,0,0,0
139.300,33.153,11.054,-36.906,26.441,1,22.342,1.000,-14.733,-47.236,7.585,-34.906,100.123,1,-46.500,1.000,-34.788,0,0,0,0,0,0,0,0,0,0,0,0,0,0,0,0,0,0,0,0,0,0,0,0
139.350,33.104,11.045,-36.817,26.388,1,22.342,1.000,-14.733,-47.235,7.585,-34.907,100.123,1,-46.500,1.000,-34.788,0,0,0,0,0,0,0,0,0,0,0,0,0,0,0,0,0,0,0,0,0,0,0,0
139.400,33.054,11.037,-36.727,26.336,1,22.342,1.000,-14.733,-47.233,7.586,-34.908,100.123,1,-46.500,1.000,-34.788,0,0,0,0,0,0,0,0,0,0,0,0,0,0,0,0,0,0,0,0,0,0,0,0
139.450,33.005,11.028,-36.638,26.283,1,22.342,1.000,-14.733,-47.232,7.587,-34.909,100.123,1,-46.500,1.000,-34.788,0,0,0,0,0,0,0,0,0,0,0,0,0,0,0,0,0,0,0,0,0,0,0,0
139.500,32.956,11.019,-36.549,26.230,1,22.342,1.000,-14.733,-47.230,7.588,-34.909,100.123,1,-46.500,1.000,-34.788,0,0,0,0,0,0,0,0,0,0,0,0,0,0,0,0,0,0,0,0,0,0,0,0
139.550,32.907,11.010,-36.460,26.178,1,22.342,1.000,-14.733,-47.229,7.590,-34.910,100.123,1,-46.500,1.000,-34.788,0,0,0,0,0,0,0,0,0,0,0,0,0,0,0,0,0,0,0,0,0,0,0,0
139.600,32.858,11.002,-36.370,26.125,1,22.342,1.000,-14.733,-47.227,7.592,-34.910,100.123,1,-46.500,1.000,-34.788,0,0,0,0,0,0,0,0,0,0,0,0,0,0,0,0,0,0,0,0,0,0,0,0
139.650,32.808,10.993,-36.281,26.072,1,22.342,1.000,-14.733,-47.226,7.595,-34.910,100.123,1,-46.500,1.000,-34.788,0,0,0,0,0,0,0,0,0,0,0,0,0,0,0,0,0,0,0,0,0,0,0,0
139.700,32.759,10.984,-36.191,26.020,1,22.342,1.000,-14.733,-47.225,7.598,-34.910,100.123,1,-46.500,1.000,-34.788,0,0,0,0,0,0,0,0,0,0,0,0,0,0,0,0,0,0,0,0,0,0,0,0
139.750,32.711,10.976,-36.102,25.967,1,22.342,1.000,-14.733,-47.224,7.602,-34.910,100.123,1,-46.500,1.000,-34.788,0,0,0,0,0,0,0,0,0,0,0,0,0,0,0,0,0,0,0,0,0,0,0,0
139.800,32.662,10.967,-36.013,25.915,1,22.342,1.000,-14.733,-47.223,7.605,-34.909,100.123,1,-46.500,1.000,-34.788,0,0,0,0,0,0,0,0,0,0,0,0,0,0,0,0,0,0,0,0,0,0,0,0
139.850,32.613,10.958,-35.923,25.862,1,22.342,1.000,-14.733,-47.222,7.610,-34.909,100.123,1,-46.500,1.000,-34.788,0,0,0,0,0,0,0,0,0,0,0,0,0,0,0,0,0,0,0,0,0,0,0,0
139.900,32.564,10.950,-35.834,25.809,1,22.342,1.000,-14.733,-47.221,7.614,-34.908,100.123,1,-46.500,1.000,-34.788,0,0,0,0,0,0,0,0,0,0,0,0,0,0,0,0,0,0,0,0,0,0,0,0
139.950,32.516,10.941,-35.744,25.757,1,22.342,1.000,-14.733,-47.220,7.619,-34.907,100.123,1,-46.500,1.000,-34.788,0,0,0,0,0,0,0,0,0,0,0,0,0,0,0,0,0,0,0,0,0,0,0,0
140.000,32.467,10.932,-35.655,25.704,1,22.342,1.000,-14.733,-47.220,7.624,-34.906,100.123,1,-46.500,1.000,-34.788,0,0,0,0,0,0,0,0,0,0,0,0,0,0,0,0,0,0,0,0,0,0,0,0
140.050,32.418,10.924,-35.565,25.652,1,22.342,1.000,-14.733,-47.219,7.630,-34.904,100.123,1,-46.500,1.000,-34.788,0,0,0,0,0,0,0,0,0,0,0,0,0,0,0,0,0,0,0,0,0,0,0,0
140.100,32.370,10.915,-35.476,25.599,1,22.342,1.000,-14.733,-47.219,7.636,-34.903,100.123,1,-46.500,1.000,-34.788,0,0,0,0,0,0,0,0,0,0,0,0,0,0,0,0,0,0,0,0,0,0,0,0
140.150,32.321,10.906,-35.386,25.547,1,22.342,1.000,-14.733,-47.218,7.642,-34.901,100.123,1,-46.500,1.000,-34.788,0,0,0,0,0,0,0,0,0,0,0,0,0,0,0,0,0,0,0,0,0,0,0,0
140.200,32.273,10.898,-35.297,25.494,1,22.342,1.000,-14.733,-47.218,7.649,-34.900,100.123,1,-46.500,1.000,-34.788,0,0,0,0,0,0,0,0,0,0,0,0,0,0,0,0,0,0,0,0,0,0,0,0
140.250,32.225,10.889,-35.207,25.442,1,22.342,1.000,-14.733,-47.218,7.656,-34.898,100.123,1,-46.500,1.000,-34.788,0,0,0,0,0,0,0,0,0,0,0,0,0,0,0,0,0,0,0,0,0,0,0,0
140.300,32.176,10.880,-35.118,25.389,1,22.342,1.000,-14.733,-47.218,7.663,-34.896,100.123,1,-46.500,1.000,-34.788,0,0,0,0,0,0,0,0,0,0,0,0,0,0,0,0,0,0,0,0,0,0,0,0
140.350,32.128,10.871,-35.028,25.337,1,22.342,1.000,-14.733,-47.218,7.670,-34.893,100.123,1,-46.500,1.000,-34.788,0,0,0,0,0,0,0,0,0,0,0,0,0,0,0,0,0,0,0,0,0,0,0,0
140.400,32.080,10.863,-34.938,25.284,1,22.342,1.000,-14.733,-47.218,7.678,-34.891,100.123,1,-46.500,1.000,-34.788,0,0,0,0,0,0,0,0,0,0,0,0,0,0,0,0,0,0,0,0,0,0,0,0
140.450,32.032,10.854,-34.849,25.232,1,22.342,1.000,-14.733,-47.218,7.686,-34.889,100.123,1,-46.500,1.000,-34.788,0,0,0,0,0,0,0,0,0,0,0,0,0,0,0,0,0,0,0,0,0,0,0,0
140.500,31.984,10.845,-34.759,25.179,1,22.342,1.000,-14.733,-47.219,7.695,-34.886,100.123,1,-46.500,1.000,-34.788,0,0,0,0,0,0,0,0,0,0,0,0,0,0,0,0,0,0,0,0,0,0,0,0
140.550,31.936,10.837,-34.669,25.127,1,22.342,1.000,-14.733,-47.219,7.703,-34.883,100.123,1,-46.500,1.000,-34.788,0,0,0,0,0,0,0,0,0,0,0,0,0,0,0,0,0,0,0,0,0,0,0,0
140.600,31.888,10.828,-34.580,25.074,1,22.342,1.000,-14.733,-47.220,7.712,-34.880,100.123,1,-46.500,1.000,-34.788,0,0,0,0,0,0,0,0,0,0,0,0,0,0,0,0,0,0,0,0,0,0,0,0
140.650,31.840,10.819,-34.490,25.022,1,22.342,1.000,-14.733,-47.221,7.722,-34.877,100.123,1,-46.500,1.000,-34.788,0,0,0,0,0,0,0,0,0,0,0,0,0,0,0,0,0,0,0,0,0,0,0,0
140.700,31.792,10.811,-34.400,24.970,1,22.342,1.000,-14.733,-47.221,7.731,-34.874,100.123,1,-46.500,1.000,-34.788,0,0,0,0,0,0,0,0,0,0,0,0,0,0,0,0,0,0,0,0,0,0,0,0
140.750,31.744,10.802,-34.311,24.917,1,22.342,1.000,-14.733,-47.222,7.741,-34.870,100.123,1,-46.500,1.000,-34.788,0,0,0,0,0,0,0,0,0,0,0,0,0,0,0,0,0,0,0,0,0,0,0,0
140.800,31.696,10.793,-34.221,24.865,1,22.342,1.000,-14.733,-47.223,7.751,-34.867,100.123,1,-46.500,1.000,-34.788,0,0,0,0,0,0,0,0,0,0,0,0,0,0,0,0,0,0,0,0,0,0,0,0
140.850,31.649,10.784,-34.131,24.812,1,22.342,1.000,-14.733,-47.225,7.761,-34.863,100.123,1,-46.500,1.000,-34.788,0,0,0,0,0,0,0,0,0,0,0,0,0,0,0,0,0,0,0,0,0,0,0,0
140.900,31.601,10.776,-34.041,24.760,1,22.342,1.000,-14.733,-47.226,7.771,-34.860,100.123,1,-46.500,1.000,-34.788,0,0,0,0,0,0,0,0,0,0,0,0,0,0,0,0,0,0,0,0,0,0,0,0
140.950,31.553,10.767,-33.952,24.708,1,22.342,1.000,-14.733,-47.227,7.782,-34.856,100.123,1,-46.500,1.000,-34.788,0,0,0,0,0,0,0,0,0,0,0,0,0,0,0,0,0,0,0,0,0,0,0,0
141.000,31.506,10.758,-33.862,24.655,1,22.342,1.000,-14.733,-47.229,7.792,-34.852,100.123,1,-46.500,1.000,-34.788,0,0,0,0,0,0,0,0,0,0,0,0,0,0,0,0,0,0,0,0,0,0,0,0
141.050,31.458,10.749,-33.772,24.603,1,22.342,1.000,-14.733,-47.230,7.803,-34.848,100.123,1,-46.500,1.000,-34.788,0,0,0,0,0,0,0,0,0,0,0,0,0,0,0,0,0,0,0,0,0,0,0,0
141.100,31.411,10.740,-33.682,24.550,1,22.342,1.000,-14.733,-47.232,7.814,-34.844,100.123,1,-46.500,1.000,-34.788,0,0,0,0,0,0,0,0,0,0,0,0,0,0,0,0,0,0,0,0,0,0,0,0
141.150,31.363,10.732,-33.592,24.498,1,22.342,1.000,-14.733,-47.234,7.825,-34.840,100.123,1,-46.500,1.000,-34.788,0,0,0,0,0,0,0,0,0,0,0,0,0,0,0,0,0,0,0,0,0,0,0,0
141.200,31.316,10.723,-33.503,24.446,1,22.342,1.000,-14.733,-47.236,7.837,-34.836,100.123,1,-46.500,1.000,-34.788,0,0,0,0,0,0,0,0,0,0,0,0,0,0,0,0,0,0,0,0,0,0,0,0
141.250,31.269,10.714,-33.413,24.393,1,22.342,1.000,-14.733,-47.238,7.848,-34.831,100.123,1,-46.500,1.000,-34.788,0,0,0,0,0,0,0,0,0,0,0,0,0,0,0,0,0,0,0,0,0,0,0,0
141.300,31.221,10.705,-33.323,24.341,1,22.342,1.000,-14.733,-47.240,7.860,-34.827,100.123,1,-46.500,1.000,-34.788,0,0,0,0,0,0,0,0,0,0,0,0,0,0,0,0,0,0,0,0,0,0,0,0
141.350,31.174,10.696,-33.233,24.289,1,22.342,1.000,-14.733,-47.242,7.871,-34.822,100.123,1,-46.500,1.000,-34.788,0,0,0,0,0,0,0,0,0,0,0,0,0,0,0,0,0,0,0,0,0,0,0,0
141.400,31.127,10.687,-33.143,24.237,1,22.342,1.000,-14.733,-47.244,7.883,-34.818,100.123,1,-46.500,1.000,-34.788,0,0,0,0,0,0,0,0,0,0,0,0,0,0,0,0,0,0,0,0,0,0,0,0
141.450,31.080,10.678,-33.053,24.184,1,22.342,1.000,-14.733,-47.247,7.895,-34.813,100.123,1,-46.500,1.000,-34.788,0,0,0,0,0,0,0,0,0,0,0,0,0,0,0,0,0,0,0,0,0,0,0,0
141.500,31.032,10.669,-32.963,24.132,1,22.342,1.000,-14.733,-47.249,7.907,-34.809,100.123,1,-46.500,1.000,-34.788,0,0,0,0,0,0,0,0,0,0,0,0,0,0,0,0,0,0,0,0,0,0,0,0
141.550,30.985,10.660,-32.874,24.080,1,22.342,1.000,-14.733,-47.252,7.918,-34.804,100.123,1,-46.500,1.000,-34.788,0,0,0,0,0,0,0,0,0,0,0,0,0,0,0,0,0,0,0,0,0,0,0,0
141.600,30.938,10.651,-32.784,24.027,1,22.342,1.000,-14.733,-47.254,7.930,-34.799,100.123,1,-46.500,1.000,-34.788,0,0,0,0,0,0,0,0,0,0,0,0,0,0,0,0,0,0,0,0,0,0,0,0
141.650,30.891,10.642,-32.694,23.975,1,22.342,1.000,-14.733,-47.257,7.942,-34.795,100.123,1,-46.500,1.000,-34.788,0,0,0,0,0,0,0,0,0,0,0,0,0,0,0,0,0,0,0,0,0,0,0,0
141.700,30.844,10.633,-32.604,23.923,1,22.342,1.000,-14.733,-47.260,7.954,-34.790,100.123,1,-46.500,1.000,-34.788,0,0,0,0,0,0,0,0,0,0,0,0,0,0,0,0,0,0,0,0,0,0,0,0
141.750,30.797,10.624,-32.514,23.871,1,22.342,1.000,-14.733,-47.263,7.966,-34.785,100.123,1,-46.500,1.000,-34.788,0,0,0,0,0,0,0,0,0,0,0,0,0,0,0,0,0,0,0,0,0,0,0,0
141.800,30.751,10.615,-32.424,23.818,1,22.342,1.000,-14.733,-47.266,7.978,-34.780,100.123,1,-46.500,1.000,-34.788,0,0,0,0,0,0,0,0,0,0,0,0,0,0,0,0,0,0,0,0,0,0,0,0
141.850,30.704,10.606,-32.334,23.766,1,22.342,1.000,-14.733,-47.269,7.989,-34.776,100.123,1,-46.500,1.000,-34.788,0,0,0,0,0,0,0,0,0,0,0,0,0,0,0,0,0,0,0,0,0,0,0,0
141.900,30.657,10.597,-32.244,23.714,1,22.342,1.000,-14.733,-47.272,8.001,-34.771,100.123,1,-46.500,1.000,-34.788,0,0,0,0,0,0,0,0,0,0,0,0,0,0,0,0,0,0,0,0,0,0,0,0
141.950,30.610,10.588,-32.154,23.662,1,22.342,1.000,-14.733,-47.275,8.013,-34.766,100.123,1,-46.500,1.000,-34.788,0,0,0,0,0,0,0,0,0,0,0,0,0,0,0,0,0,0,0,0,0,0,0,0
142.000,30.563,10.578,-32.064,23.610,1,22.342,1.000,-14.733,-47.278,8.024,-34.761,100.123,1,-46.500,1.000,-34.788,0,0,0,0,0,0,0,0,0,0,0,0,0,0,0,0,0,0,0,0,0,0,0,0
142.050,30.517,10.569,-31.974,23.557,1,22.342,1.000,-14.733,-47.281,8.036,-34.757,100.123,1,-46.500,1.000,-34.788,0,0,0,0,0,0,0,0,0,0,0,0,0,0,0,0,0,0,0,0,0,0,0,0
142.100,30.470,10.560,-31.884,23.505,1,22.342,1.000,-14.733,-47.284,8.047,-34.752,100.123,1,-46.500,1.000,-34.788,0,0,0,0,0,0,0,0,0,0,0,0,0,0,0,0,0,0,0,0,0,0,0,0
142.150,30.424,10.551,-31.794,23.453,1,22.342,1.000,-14.733,-47.288,8.059,-34.747,100.123,1,-46.500,1.000,-34.788,0,0,0,0,0,0,0,0,0,0,0,0,0,0,0,0,0,0,0,0,0,0,0,0
142.200,30.377,10.541,-31.704,23.401,1,22.342,1.000,-14.733,-47.291,8.070,-34.743,100.123,1,-46.500,1.000,-34.788,0,0,0,0,0,0,0,0,0,0,0,0,0,0,0,0,0,0,0,0,0,0,0,0
142.250,30.330,10.532,-31.614,23.349,1,22.342,1.000,-14.733,-47.294,8.081,-34.738,100.123,1,-46.500,1.000,-34.788,0,0,0,0,0,0,0,0,0,0,0,0,0,0,0,0,0,0,0,0,0,0,0,0
142.300,30.284,10.523,-31.524,23.297,1,22.342,1.000,-14.733,-47.297,8.092,-34.734,100.123,1,-46.500,1.000,-34.788,0,0,0,0,0,0,0,0,0,0,0,0,0,0,0,0,0,0,0,0,0,0,0,0
142.350,30.238,10.513,-31.434,23.244,1,22.342,1.000,-14.733,-47.301,8.103,-34.729,100.123,1,-46.500,1.000,-34.788,0,0,0,0,0,0,0,0,0,0,0,0,0,0,0,0,0,0,0,0,0,0,0,0
142.400,30.191,10.504,-31.344,23.192,1,22.342,1.000,-14.733,-47.304,8.114,-34.725,100.123,1,-46.500,1.000,-34.788,0,0,0,0,0,0,0,0,0,0,0,0,0,0,0,0,0,0,0,0,0,0,0,0
142.450,30.145,10.494,-31.254,23.140,1,22.342,1.000,-14.733,-47.307,8.124,-34.720,100.123,1,-46.500,1.000,-34.788,0,0,0,0,0,0,0,0,0,0,0,0,0,0,0,0,0,0,0,0,0,0,0,0
142.500,30.099,10.485,-31.164,23.088,1,22.342,1.000,-14.733,-47.311,8.135,-34.716,100.123,1,-46.500,1.000,-34.788,0,0,0,0,0,0,0,0,0,0,0,0,0,0,0,0,0,0,0,0,0,0,0,0
142.550,30.052,10.475,-31.074,23.036,1,22.342,1.000,-14.733,-47.314,8.145,-34.712,100.123,1,-46.500,1.000,-34.788,0,0,0,0,0,0,0,0,0,0,0,0,0,0,0,0,0,0,0,0,0,0,0,0
142.600,30.006,10.466,-30.983,22.984,1,22.342,1.000,-14.733,-47.317,8.155,-34.707,100.123,1,-46.500,1.000,-34.788,0,0,0,0,0,0,0,0,0,0,0,0,0,0,0,0,0,0,0,0,0,0,0,0
142.650,29.960,10.456,-30.893,22.932,1,22.342,1.000,-14.733,-47.320,8.165,-34.703,100.123,1,-46.500,1.000,-34.788,0,0,0,0,0,0,0,0,0,0,0,0,0,0,0,0,0,0,0,0,0,0,0,0
142.700,29.914,10.446,-30.803,22.880,1,22.342,1.000,-14.733,-47.323,8.174,-34.699,100.123,1,-46.500,1.000,-34.788,0,0,0,0,0,0,0,0,0,0,0,0,0,0,0,0,0,0,0,0,0,0,0,0
142.750,29.868,10.437,-30.713,22.828,1,22.342,1.000,-14.733,-47.327,8.183,-34.695,100.123,1,-46.500,1.000,-34.788,0,0,0,0,0,0,0,0,0,0,0,0,0,0,0,0,0,0,0,0,0,0,0,0
142.800,29.821,10.427,-30.623,22.775,1,22.342,1.000,-14.733,-47.330,8.193,-34.691,100.123,1,-46.500,1.000,-34.788,0,0,0,0,0,0,0,0,0,0,0,0,0,0,0,0,0,0,0,0,0,0,0,0
142.850,29.775,10.417,-30.533,22.723,1,22.342,1.000,-14.733,-47.333,8.202,-34.688,100.123,1,-46.500,1.000,-34.788,0,0,0,0,0,0,0,0,0,0,0,0,0,0,0,0,0,0,0,0,0,0,0,0
142.900,29.729,10.407,-30.443,22.671,1,22.342,1.000,-14.733,-47.336,8.210,-34.684,100.123,1,-46.500,1.000,-34.788,0,0,0,0,0,0,0,0,0,0,0,0,0,0,0,0,0,0,0,0,0,0,0,0
142.950,29.683,10.398,-30.353,22.619,1,22.342,1.000,-14.733,-47.339,8.219,-34.681,100.123,1,-46.500,1.000,-34.788,0,0,0,0,0,0,0,0,0,0,0,0,0,0,0,0,0,0,0,0,0,0,0,0
143.000,29.638,10.388,-30.263,22.567,1,22.342,1.000,-14.733,-47.341,8.227,-34.677,100.123,1,-46.500,1.000,-34.788,0,0,0,0,0,0,0,0,0,0,0,0,0,0,0,0,0,0,0,0,0,0,0,0
143.050,29.592,10.378,-30.172,22.515,1,22.342,1.000,-14.733,-47.344,8.235,-34.674,100.123,1,-46.500,1.000,-34.788,0,0,0,0,0,0,0,0,0,0,0,0,0,0,0,0,0,0,0,0,0,0,0,0
143.100,29.546,10.368,-30.082,22.463,1,22.342,1.000,-14.733,-47.347,8.242,-34.670,100.123,1,-46.500,1.000,-34.788,0,0,0,0,0,0,0,0,0,0,0,0,0,0,0,0,0,0,0,0,0,0,0,0
143.150,29.500,10.358,-29.992,22.411,1,22.342,1.000,-14.733,-47.350,8.250,-34.667,100.123,1,-46.500,1.000,-34.788,0,0,0,0,0,0,0,0,0,0,0,0,0,0,0,0,0,0,0,0,0,0,0,0
143.200,29.454,10.348,-29.902,22.359,1,22.342,1.000,-14.733,-47.352,8.257,-34.664,100.123,1,-46.500,1.000,-34.788,0,0,0,0,0,0,0,0,0,0,0,0,0,0,0,0,0,0,0,0,0,0,0,0
143.250,29.408,10.338,-29.812,22.307,1,22.342,1.000,-14.733,-47.355,8.264,-34.661,100.123,1,-46.500,1.000,-34.788,0,0,0,0,0,0,0,0,0,0,0,0,0,0,0,0,0,0,0,0,0,0,0,0
143.300,29.363,10.327,-29.722,22.255,1,22.342,1.000,-14.733,-47.357,8.270,-34.659,100.123,1,-46.500,1.000,-34.788,0,0,0,0,0,0,0,0,0,0,0,0,0,0,0,0,0,0,0,0,0,0,0,0
143.350,29.317,10.317,-29.631,22.203,1,22.342,1.000,-14.733,-47.359,8.276,-34.656,100.123,1,-46.500,1.000,-34.788,0,0,0,0,0,0,0,0,0,0,0,0,0,0,0,0,0,0,0,0,0,0,0,0
143.400,29.271,10.307,-29.541,22.151,1,22.342,1.000,-14.733,-47.361,8.282,-34.654,100.123,1,-46.500,1.000,-34.788,0,0,0,0,0,0,0,0,0,0,0,0,0,0,0,0,0,0,0,0,0,0,0,0
143.450,29.226,10.297,-29.451,22.099,1,22.342,1.000,-14.733,-47.364,8.287,-34.651,100.123,1,-46.500,1.000,-34.788,0,0,0,0,0,0,0,0,0,0,0,0,0,0,0,0,0,0,0,0,0,0,0,0
143.500,29.180,10.286,-29.361,22.047,1,22.342,1.000,-14.733,-47.366,8.293,-34.649,100.123,1,-46.500,1.000,-34.788,0,0,0,0,0,0,0,0,0,0,0,0,0,0,0,0,0,0,0,0,0,0,0,0
143.550,29.135,10.276,-29.271,21.995,1,22.342,1.000,-14.733,-47.367,8.298,-34.647,100.123,1,-46.500,1.000,-34.788,0,0,0,0,0,0,0,0,0,0,0,0,0,0,0,0,0,0,0,0,0,0,0,0
143.600,29.089,10.265,-29.180,21.943,1,22.342,1.000,-14.733,-47.369,8.302,-34.645,100.123,1,-46.500,1.000,-34.788,0,0,0,0,0,0,0,0,0,0,0,0,0,0,0,0,0,0,0,0,0,0,0,0
143.650,29.044,10.255,-29.090,21.891,1,22.342,1.000,-14.733,-47.371,8.306,-34.643,100.123,1,-46.500,1.000,-34.788,0,0,0,0,0,0,0,0,0,0,0,0,0,0,0,0,0,0,0,0,0,0,0,0
143.700,28.998,10.244,-29.000,21.839,1,22.342,1.000,-14.733,-47.372,8.310,-34.642,100.123,1,-46.500,1.000,-34.788,0,0,0,0,0,0,0,0,0,0,0,0,0,0,0,0,0,0,0,0,0,0,0,0
143.750,28.953,10.234,-28.910,21.787,1,22.342,1.000,-14.733,-47.374,8.314,-34.640,100.123,1,-46.500,1.000,-34.788,0,0,0,0,0,0,0,0,0,0,0,0,0,0,0,0,0,0,0,0,0,0,0,0
143.800,28.908,10.223,-28.820,21.735,1,22.342,1.000,-14.733,-47.375,8.317,-34.639,100.123,1,-46.500,1.000,-34.788,0,0,0,0,0,0,0,0,0,0,0,0,0,0,0,0,0,0,0,0,0,0,0,0
143.850,28.862,10.212,-28.729,21.683,1,22.342,1.000,-14.733,-47.376,8.319,-34.638,100.123,1,-46.500,1.000,-34.788,0,0,0,0,0,0,0,0,0,0,0,0,0,0,0,0,0,0,0,0,0,0,0,0
143.900,28.817,10.201,-28.639,21.631,1,22.342,1.000,-14.733,-47.377,8.322,-34.637,100.123,1,-46.500,1.000,-34.788,0,0,0,0,0,0,0,0,0,0,0,0,0,0,0,0,0,0,0,0,0,0,0,0
143.950,28.772,10.191,-28.549,21.579,1,22.342,1.000,-14.733,-47.378,8.324,-34.636,100.123,1,-46.500,1.000,-34.788,0,0,0,0,0,0,0,0,0,0,0,0,0,0,0,0,0,0,0,0,0,0,0,0
144.000,28.727,10.180,-28.459,21.527,1,22.342,1.000,-14.733,-47.379,8.326,-34.635,100.123,1,-46.500,1.000,-34.788,0,0,0,0,0,0,0,0,0,0,0,0,0,0,0,0,0,0,0,0,0,0,0,0
144.050,28.682,10.169,-28.368,21.475,1,22.342,1.000,-14.733,-47.379,8.327,-34.634,100.123,1,-46.500,1.000,-34.788,0,0,0,0,0,0,0,0,0,0,0,0,0,0,0,0,0,0,0,0,0,0,0,0
144.100,28.636,10.158,-28.278,21.424,1,22.342,1.000,-14.733,-47.380,8.328,-34.634,100.123,1,-46.500,1.000,-34.788,0,0,0,0,0,0,0,0,0,0,0,0,0,0,0,0,0,0,0,0,0,0,0,0
144.150,28.591,10.147,-28.188,21.372,1,22.342,1.000,-14.733,-47.380,8.328,-34.634,100.123,1,-46.500,1.000,-34.788,0,0,0,0,0,0,0,0,0,0,0,0,0,0,0,0,0,0,0,0,0,0,0,0
144.200,28.546,10.136,-28.098,21.320,1,22.342,1.000,-14.733,-47.380,8.329,-34.634,100.123,1,-46.500,1.000,-34.788,0,0,0,0,0,0,0,0,0,0,0,0,0,0,0,0,0,0,0,0,0,0,0,0
144.250,28.501,10.124,-28.007,21.268,1,22.342,1.000,-14.733,-47.381,8.328,-34.634,100.123,1,-46.500,1.000,-34.788,0,0,0,0,0,0,0,0,0,0,0,0,0,0,0,0,0,0,0,0,0,0,0,0
144.300,28.456,10.113,-27.917,21.216,1,22.342,1.000,-14.733,-47.380,8.328,-34.634,100.123,1,-46.500,1.000,-34.788,0,0,0,0,0,0,0,0,0,0,0,0,0,0,0,0,0,0,0,0,0,0,0,0
144.350,28.411,10.102,-27.827,21.164,1,22.342,1.000,-14.733,-47.380,8.327,-34.634,100.123,1,-46.500,1.000,-34.788,0,0,0,0,0,0,0,0,0,0,0,0,0,0,0,0,0,0,0,0,0,0,0,0
144.400,28.366,10.090,-27.737,21.112,1,22.342,1.000,-14.733,-47.380,8.326,-34.635,100.123,1,-46.500,1.000,-34.788,0,0,0,0,0,0,0,0,0,0,0,0,0,0,0,0,0,0,0,0,0,0,0,0
144.450,28.322,10.079,-27.646,21.060,1,22.342,1.000,-14.733,-47.379,8.324,-34.636,100.123,1,-46.500,1.000,-34.788,0,0,0,0,0,0,0,0,0,0,0,0,0,0,0,0,0,0,0,0,0,0,0,0
144.500,28.277,10.067,-27.556,21.008,1,22.342,1.000,-14.733,-47.379,8.322,-34.636,100.123,1,-46.500,1.000,-34.788,0,0,0,0,0,0,0,0,0,0,0,0,0,0,0,0,0,0,0,0,0,0,0,0
144.550,28.232,10.056,-27.466,20.957,1,22.342,1.000,-14.733,-47.378,8.319,-34.637,100.123,1,-46.500,1.000,-34.788,0,0,0,0,0,0,0,0,0,0,0,0,0,0,0,0,0,0,0,0,0,0,0,0
144.600,28.187,10.044,-27.376,20.905,1,22.342,1.000,-14.733,-47.377,8.317,-34.639,100.123,1,-46.500,1.000,-34.788,0,0,0,0,0,0,0,0,0,0,0,0,0,0,0,0,0,0,0,0,0,0,0,0
144.650,28.142,10.033,-27.285,20.853,1,22.342,1.000,-14.733,-47.376,8.314,-34.640,100.123,1,-46.500,1.000,-34.788,0,0,0,0,0,0,0,0,0,0,0,0,0,0,0,0,0,0,0,0,0,0,0,0
144.700,28.098,10.021,-27.195,20.801,1,22.342,1.000,-14.733,-47.375,8.310,-34.641,100.123,1,-46.500,1.000,-34.788,0,0,0,0,0,0,0,0,0,0,0,0,0,0,0,0,0,0,0,0,0,0,0,0
144.750,28.053,10.009,-27.105,20.749,1,22.342,1.000,-14.733,-47.374,8.306,-34.643,100.123,1,-46.500,1.000,-34.788,0,0,0,0,0,0,0,0,0,0,0,0,0,0,0,0,0,0,0,0,0,0,0,0
144.800,28.008,9.997,-27.015,20.697,1,22.342,1.000,-14.733,-47.372,8.302,-34.645,100.123,1,-46.500,1.000,-34.788,0,0,0,0,0,0,0,0,0,0,0,0,0,0,0,0,0,0,0,0,0,0,0,0
144.850,27.964,9.985,-26.924,20.646,1,22.342,1.000,-14.733,-47.371,8.297,-34.647,100.123,1,-46.500,1.000,-34.788,0,0,0,0,0,0,0,0,0,0,0,0,0,0,0,0,0,0,0,0,0,0,0,0
144.900,27.919,9.973,-26.834,20.594,1,22.342,1.000,-14.733,-47.369,8.293,-34.649,100.123,1,-46.500,1.000,-34.788,0,0,0,0,0,0,0,0,0,0,0,0,0,0,0,0,0,0,0,0,0,0,0,0
144.950,27.875,9.961,-26.744,20.542,1,22.342,1.000,-14.733,-47.367,8.287,-34.651,100.123,1,-46.500,1.000,-34.788,0,0,0,0,0,0,0,0,0,0,0,0,0,0,0,0,0,0,0,0,0,0,0,0
145.000,27.830,9.948,-26.653,20.490,1,22.342,1.000,-14.733,-47.366,8.282,-34.653,100.123,1,-46.500,1.000,-34.788,0,0,0,0,0,0,0,0,0,0,0,0,0,0,0,0,0,0,0,0,0,0,0,0
145.050,27.786,9.936,-26.563,20.438,1,22.342,1.000,-14.733,-47.364,8.276,-34.656,100.123,1,-46.500,1.000,-34.788,0,0,0,0,0,0,0,0,0,0,0,0,0,0,0,0,0,0,0,0,0,0,0,0
145.100,27.741,9.924,-26.473,20.387,1,22.342,1.000,-14.733,-47.362,8.270,-34.658,100.123,1,-46.500,1.000,-34.788,0,0,0,0,0,0,0,0,0,0,0,0,0,0,0,0,0,0,0,0,0,0,0,0
145.150,27.697,9.911,-26.383,20.335,1,22.342,1.000,-14.733,-47.359,8.263,-34.661,100.123,1,-46.500,1.000,-34.788,0,0,0,0,0,0,0,0,0,0,0,0,0,0,0,0,0,0,0,0,0,0,0,0
145.200,27.653,9.899,-26.292,20.283,1,22.342,1.000,-14.733,-47.357,8.257,-34.664,100.123,1,-46.500,1.000,-34.788,0,0,0,0,0,0,0,0,0,0,0,0,0,0,0,0,0,0,0,0,0,0,0,0
145.250,27.608,9.886,-26.202,20.231,1,22.342,1.000,-14.733,-47.355,8.250,-34.667,100.123,1,-46.500,1.000,-34.788,0,0,0,0,0,0,0,0,0,0,0,0,0,0,0,0,0,0,0,0,0,0,0,0
145.300,27.564,9.874,-26.112,20.180,1,22.342,1.000,-14.733,-47.352,8.242,-34.670,100.123,1,-46.500,1.000,-34.788,0,0,0,0,0,0,0,0,0,0,0,0,0,0,0,0,0,0,0,0,0,0,0,0
145.350,27.520,9.861,-26.022,20.128,1,22.342,1.000,-14.733,-47.350,8.235,-34.673,100.123,1,-46.500,1.000,-34.788,0,0,0,0,0,0,0,0,0,0,0,0,0,0,0,0,0,0,0,0,0,0,0,0
145.400,27.476,9.848,-25.931,20.076,1,22.342,1.000,-14.733,-47.347,8.227,-34.677,100.123,1,-46.500,1.000,-34.788,0,0,0,0,0,0,0,0,0,0,0,0,0,0,0,0,0,0,0,0,0,0,0,0
145.450,27.432,9.835,-25.841,20.025,1,22.342,1.000,-14.733,-47.344,8.219,-34.680,100.123,1,-46.500,1.000,-34.788,0,0,0,0,0,0,0,0,0,0,0,0,0,0,0,0,0,0,0,0,0,0,0,0
145.500,27.387,9.822,-25.751,19.973,1,22.342,1.000,-14.733,-47.342,8.211,-34.683,100.123,1,-46.500,1.000,-34.788,0,0,0,0,0,0,0,0,0,0,0,0,0,0,0,0,0,0,0,0,0,0,0,0
145.550,27.343,9.809,-25.661,19.921,1,22.342,1.000,-14.733,-47.339,8.202,-34.687,100.123,1,-46.500,1.000,-34.788,0,0,0,0,0,0,0,0,0,0,0,0,0,0,0,0,0,0,0,0,0,0,0,0
145.600,27.299,9.796,-25.570,19.869,1,22.342,1.000,-14.733,-47.336,8.194,-34.691,100.123,1,-46.500,1.000,-34.788,0,0,0,0,0,0,0,0,0,0,0,0,0,0,0,0,0,0,0,0,0,0,0,0
145.650,27.255,9.782,-25.480,19.818,1,22.342,1.000,-14.733,-47.333,8.185,-34.694,100.123,1,-46.500,1.000,-34.788,0,0,0,0,0,0,0,0,0,0,0,0,0,0,0,0,0,0,0,0,0,0,0,0
145.700,27.211,9.769,-25.390,19.766,1,22.342,1.000,-14.733,-47.330,8.176,-34.698,100.123,1,-46.500,1.000,-34.788,0,0,0,0,0,0,0,0,0,0,0,0,0,0,0,0,0,0,0,0,0,0,0,0
145.750,27.167,9.755,-25.300,19.714,1,22.342,1.000,-14.733,-47.327,8.166,-34.702,100.123,1,-46.500,1.000,-34.788,0,0,0,0,0,0,0,0,0,0,0,0,0,0,0,0,0,0,0,0,0,0,0,0
145.800,27.123,9.742,-25.210,19.663,1,22.342,1.000,-14.733,-47.324,8.157,-34.706,100.123,1,-46.500,1.000,-34.788,0,0,0,0,0,0,0,0,0,0,0,0,0,0,0,0,0,0,0,0,0,0,0,0
145.850,27.080,9.728,-25.119,19.611,1,22.342,1.000,-14.733,-47.321,8.147,-34.710,100.123,1,-46.500,1.000,-34.788,0,0,0,0,0,0,0,0,0,0,0,0,0,0,0,0,0,0,0,0,0,0,0,0
145.900,27.036,9.714,-25.029,19.560,1,22.342,1.000,-14.733,-47.318,8.138,-34.714,100.123,1,-46.500,1.000,-34.788,0,0,0,0,0,0,0,0,0,0,0,0,0,0,0,0,0,0,0,0,0,0,0,0
145.950,26.992,9.701,-24.939,19.508,1,22.342,1.000,-14.733,-47.315,8.128,-34.718,100.123,1,-46.500,1.000,-34.788,0,0,0,0,0,0,0,0,0,0,0,0,0,0,0,0,0,0,0,0,0,0,0,0
146.000,26.948,9.687,-24.849,19.456,1,22.342,1.000,-14.733,-47.312,8.118,-34.723,100.123,1,-46.500,1.000,-34.788,0,0,0,0,0,0,0,0,0,0,0,0,0,0,0,0,0,0,0,0,0,0,0,0
146.050,26.904,9.673,-24.759,19.405,1,22.342,1.000,-14.733,-47.309,8.108,-34.727,100.123,1,-46.500,1.000,-34.788,0,0,0,0,0,0,0,0,0,0,0,0,0,0,0,0,0,0,0,0,0,0,0,0
146.100,26.861,9.658,-24.668,19.353,1,22.342,1.000,-14.733,-47.306,8.097,-34.731,100.123,1,-46.500,1.000,-34.788,0,0,0,0,0,0,0,0,0,0,0,0,0,0,0,0,0,0,0,0,0,0,0,0
146.150,26.817,9.644,-24.578,19.302,1,22.342,1.000,-14.733,-47.303,8.087,-34.735,100.123,1,-46.500,1.000,-34.788,0,0,0,0,0,0,0,0,0,0,0,0,0,0,0,0,0,0,0,0,0,0,0,0
146.200,26.773,9.630,-24.488,19.250,1,22.342,1.000,-14.733,-47.300,8.077,-34.740,100.123,1,-46.500,1.000,-34.788,0,0,0,0,0,0,0,0,0,0,0,0,0,0,0,0,0,0,0,0,0,0,0,0
146.250,26.730,9.615,-24.398,19.198,1,22.342,1.000,-14.733,-47.297,8.066,-34.744,100.123,1,-46.500,1.000,-34.788,0,0,0,0,0,0,0,0,0,0,0,0,0,0,0,0,0,0,0,0,0,0,0,0
146.300,26.686,9.601,-24.308,19.147,1,22.342,1.000,-14.733,-47.294,8.056,-34.748,100.123,1,-46.500,1.000,-34.788,0,0,0,0,0,0,0,0,0,0,0,0,0,0,0,0,0,0,0,0,0,0,0,0
146.350,26.643,9.586,-24.218,19.095,1,22.342,1.000,-14.733,-47.291,8.045,-34.753,100.123,1,-46.500,1.000,-34.788,0,0,0,0,0,0,0,0,0,0,0,0,0,0,0,0,0,0,0,0,0,0,0,0
146.400,26.599,9.571,-24.128,19.044,1,22.342,1.000,-14.733,-47.288,8.035,-34.757,100.123,1,-46.500,1.000,-34.788,0,0,0,0,0,0,0,0,0,0,0,0,0,0,0,0,0,0,0,0,0,0,0,0
146.450,26.556,9.557,-24.038,18.992,1,22.342,1.000,-14.733,-47.285,8.024,-34.761,100.123,1,-46.500,1.000,-34.788,0,0,0,0,0,0,0,0,0,0,0,0,0,0,0,0,0,0,0,0,0,0,0,0
146.500,26.512,9.542,-23.948,18.941,1,22.342,1.000,-14.733,-47.282,8.014,-34.766,100.123,1,-46.500,1.000,-34.788,0,0,0,0,0,0,0,0,0,0,0,0,0,0,0,0,0,0,0,0,0,0,0,0
146.550,26.469,9.527,-23.858,18.889,1,22.342,1.000,-14.733,-47.279,8.003,-34.770,100.123,1,-46.500,1.000,-34.788,0,0,0,0,0,0,0,0,0,0,0,0,0,0,0,0,0,0,0,0,0,0,0,0
146.600,26.425,9.511,-23.767,18.838,1,22.342,1.000,-14.733,-47.276,7.992,-34.775,100.123,1,-46.500,1.000,-34.788,0,0,0,0,0,0,0,0,0,0,0,0,0,0,0,0,0,0,0,0,0,0,0,0
146.650,26.382,9.496,-23.677,18.787,1,22.342,1.000,-14.733,-47.273,7.982,-34.779,100.123,1,-46.500,1.000,-34.788,0,0,0,0,0,0,0,0,0,0,0,0,0,0,0,0,0,0,0,0,0,0,0,0
146.700,26.338,9.481,-23.587,18.735,1,22.342,1.000,-14.733,-47.271,7.971,-34.783,100.123,1,-46.500,1.000,-34.788,0,0,0,0,0,0,0,0,0,0,0,0,0,0,0,0,0,0,0,0,0,0,0,0
146.750,26.295,9.465,-23.498,18.684,1,22.342,1.000,-14.733,-47.268,7.961,-34.787,100.123,1,-46.500,1.000,-34.788,0,0,0,0,0,0,0,0,0,0,0,0,0,0,0,0,0,0,0,0,0,0,0,0
146.800,26.252,9.450,-23.408,18.632,1,22.342,1.000,-14.733,-47.266,7.950,-34.792,100.123,1,-46.500,1.000,-34.788,0,0,0,0,0,0,0,0,0,0,0,0,0,0,0,0,0,0,0,0,0,0,0,0
146.850,26.209,9.434,-23.318,18.581,1,22.342,1.000,-14.733,-47.263,7.940,-34.796,100.123,1,-46.500,1.000,-34.788,0,0,0,0,0,0,0,0,0,0,0,0,0,0,0,0,0,0,0,0,0,0,0,0
146.900,26.165,9.418,-23.228,18.530,1,22.342,1.000,-14.733,-47.261,7.929,-34.800,100.123,1,-46.500,1.000,-34.788,0,0,0,0,0,0,0,0,0,0,0,0,0,0,0,0,0,0,0,0,0,0,0,0
146.950,26.122,9.402,-23.138,18.478,1,22.342,1.000,-14.733,-47.259,7.919,-34.804,100.123,1,-46.500,1.000,-34.788,0,0,0,0,0,0,0,0,0,0,0,0,0,0,0,0,0,0,0,0,0,0,0,0
147.000,26.079,9.386,-23.048,18.427,1,22.342,1.000,-14.733,-47.256,7.909,-34.808,100.123,1,-46.500,1.000,-34.788,0,0,0,0,0,0,0,0,0,0,0,0,0,0,0,0,0,0,0,0,0,0,0,0
147.050,26.036,9.369,-22.958,18.376,1,22.342,1.000,-14.733,-47.254,7.899,-34.812,100.123,1,-46.500,1.000,-34.788,0,0,0,0,0,0,0,0,0,0,0,0,0,0,0,0,0,0,0,0,0,0,0,0
147.100,25.993,9.353,-22.868,18.324,1,22.342,1.000,-14.733,-47.252,7.889,-34.816,100.123,1,-46.500,1.000,-34.788,0,0,0,0,0,0,0,0,0,0,0,0,0,0,0,0,0,0,0,0,0,0,0,0
147.150,25.950,9.336,-22.779,18.273,1,22.342,1.000,-14.733,-47.250,7.879,-34.820,100.123,1,-46.500,1.000,-34.788,0,0,0,0,0,0,0,0,0,0,0,0,0,0,0,0,0,0,0,0,0,0,0,0
147.200,25.907,9.320,-22.689,18.222,1,22.342,1.000,-14.733,-47.249,7.869,-34.823,100.123,1,-46.500,1.000,-34.788,0,0,0,0,0,0,0,0,0,0,0,0,0,0,0,0,0,0,0,0,0,0,0,0
147.250,25.864,9.303,-22.599,18.170,1,22.342,1.000,-14.733,-47.247,7.860,-34.827,100.123,1,-46.500,1.000,-34.788,0,0,0,0,0,0,0,0,0,0,0,0,0,0,0,0,0,0,0,0,0,0,0,0
147.300,25.821,9.286,-22.509,18.119,1,22.342,1.000,-14.733,-47.245,7.850,-34.831,100.123,1,-46.500,1.000,-34.788,0,0,0,0,0,0,0,0,0,0,0,0,0,0,0,0,0,0,0,0,0,0,0,0
147.350,25.778,9.269,-22.420,18.068,1,22.342,1.000,-14.733,-47.244,7.841,-34.834,100.123,1,-46.500,1.000,-34.788,0,0,0,0,0,0,0,0,0,0,0,0,0,0,0,0,0,0,0,0,0,0,0,0
147.400,25.735,9.251,-22.330,18.017,1,22.342,1.000,-14.733,-47.242,7.831,-34.838,100.123,1,-46.500,1.000,-34.788,0,0,0,0,0,0,0,0,0,0,0,0,0,0,0,0,0,0,0,0,0,0,0,0
147.450,25.692,9.234,-22.240,17.966,1,22.342,1.000,-14.733,-47.241,7.822,-34.841,100.123,1,-46.500,1.000,-34.788,0,0,0,0,0,0,0,0,0,0,0,0,0,0,0,0,0,0,0,0,0,0,0,0
147.500,25.649,9.216,-22.151,17.915,1,22.342,1.000,-14.733,-47.240,7.814,-34.844,100.123,1,-46.500,1.000,-34.788,0,0,0,0,0,0,0,0,0,0,0,0,0,0,0,0,0,0,0,0,0,0,0,0
147.550,25.606,9.198,-22.061,17.863,1,22.342,1.000,-14.733,-47.238,7.805,-34.848,100.123,1,-46.500,1.000,-34.788,0,0,0,0,0,0,0,0,0,0,0,0,0,0,0,0,0,0,0,0,0,0,0,0
147.600,25.564,9.180,-21.972,17.812,1,22.342,1.000,-14.733,-47.237,7.796,-34.851,100.123,1,-46.500,1.000,-34.788,0,0,0,0,0,0,0,0,0,0,0,0,0,0,0,0,0,0,0,0,0,0,0,0
147.650,25.521,9.162,-21.882,17.761,1,22.342,1.000,-14.733,-47.236,7.788,-34.853,100.123,1,-46.500,1.000,-34.788,0,0,0,0,0,0,0,0,0,0,0,0,0,0,0,0,0,0,0,0,0,0,0,0
147.700,25.478,9.144,-21.793,17.710,1,22.342,1.000,-14.733,-47.236,7.780,-34.856,100.123,1,-46.500,1.000,-34.788,0,0,0,0,0,0,0,0,0,0,0,0,0,0,0,0,0,0,0,0,0,0,0,0
147.750,25.436,9.125,-21.704,17.659,1,22.342,1.000,-14.733,-47.235,7.772,-34.859,100.123,1,-46.500,1.000,-34.788,0,0,0,0,0,0,0,0,0,0,0,0,0,0,0,0,0,0,0,0,0,0,0,0
147.800,25.393,9.107,-21.614,17.608,1,22.342,1.000,-14.733,-47.234,7.765,-34.862,100.123,1,-46.500,1.000,-34.788,0,0,0,0,0,0,0,0,0,0,0,0,0,0,0,0,0,0,0,0,0,0,0,0
147.850,25.350,9.088,-21.525,17.557,1,22.342,1.000,-14.733,-47.234,7.757,-34.864,100.123,1,-46.500,1.000,-34.788,0,0,0,0,0,0,0,0,0,0,0,0,0,0,0,0,0,0,0,0,0,0,0,0
147.900,25.308,9.068,-21.436,17.507,1,22.342,1.000,-14.733,-47.233,7.750,-34.866,100.123,1,-46.500,1.000,-34.788,0,0,0,0,0,0,0,0,0,0,0,0,0,0,0,0,0,0,0,0,0,0,0,0
147.950,25.266,9.049,-21.347,17.456,1,22.342,1.000,-14.733,-47.233,7.743,-34.869,100.123,1,-46.500,1.000,-34.788,0,0,0,0,0,0,0,0,0,0,0,0,0,0,0,0,0,0,0,0,0,0,0,0
148.000,25.223,9.030,-21.258,17.405,1,22.342,1.000,-14.733,-47.233,7.737,-34.871,100.123,1,-46.500,1.000,-34.788,0,0,0,0,0,0,0,0,0,0,0,0,0,0,0,0,0,0,0,0,0,0,0,0
148.050,25.181,9.010,-21.168,17.354,1,22.342,1.000,-14.733,-47.233,7.730,-34.873,100.123,1,-46.500,1.000,-34.788,0,0,0,0,0,0,0,0,0,0,0,0,0,0,0,0,0,0,0,0,0,0,0,0
148.100,25.139,8.990,-21.079,17.303,1,22.342,1.000,-14.733,-47.233,7.724,-34.875,100.123,1,-46.500,1.000,-34.788,0,0,0,0,0,0,0,0,0,0,0,0,0,0,0,0,0,0,0,0,0,0,0,0
148.150,25.096,8.970,-20.990,17.253,1,22.342,1.000,-14.733,-47.233,7.718,-34.876,100.123,1,-46.500,1.000,-34.788,0,0,0,0,0,0,0,0,0,0,0,0,0,0,0,0,0,0,0,0,0,0,0,0
148.200,25.054,8.949,-20.902,17.202,1,22.342,1.000,-14.733,-47.233,7.713,-34.878,100.123,1,-46.500,1.000,-34.788,0,0,0,0,0,0,0,0,0,0,0,0,0,0,0,0,0,0,0,0,0,0,0,0
148.250,25.012,8.928,-20.813,17.151,1,22.342,1.000,-14.733,-47.233,7.707,-34.879,100.123,1,-46.500,1.000,-34.788,0,0,0,0,0,0,0,0,0,0,0,0,0,0,0,0,0,0,0,0,0,0,0,0
148.300,24.970,8.907,-20.724,17.101,1,22.342,1.000,-14.733,-47.234,7.702,-34.881,100.123,1,-46.500,1.000,-34.788,0,0,0,0,0,0,0,0,0,0,0,0,0,0,0,0,0,0,0,0,0,0,0,0
148.350,24.928,8.886,-20.635,17.050,1,22.342,1.000,-14.733,-47.234,7.697,-34.882,100.123,1,-46.500,1.000,-34.788,0,0,0,0,0,0,0,0,0,0,0,0,0,0,0,0,0,0,0,0,0,0,0,0
148.400,24.886,8.865,-20.547,17.000,1,22.342,1.000,-14.733,-47.235,7.693,-34.883,100.123,1,-46.500,1.000,-34.788,0,0,0,0,0,0,0,0,0,0,0,0,0,0,0,0,0,0,0,0,0,0,0,0
148.450,24.845,8.843,-20.458,16.949,1,22.342,1.000,-14.733,-47.235,7.689,-34.884,100.123,1,-46.500,1.000,-34.788,0,0,0,0,0,0,0,0,0,0,0,0,0,0,0,0,0,0,0,0,0,0,0,0
148.500,24.803,8.821,-20.369,16.899,1,22.342,1.000,-14.733,-47.236,7.685,-34.885,100.123,1,-46.500,1.000,-34.788,0,0,0,0,0,0,0,0,0,0,0,0,0,0,0,0,0,0,0,0,0,0,0,0
148.550,24.761,8.799,-20.281,17.399,1,22.342,1.000,-14.733,-47.237,7.681,-34.885,100.123,1,-46.500,1.000,-34.788,0,0,0,0,0,0,0,0,0,0,0,0,0,0,0,0,0,0,0,0,0,0,0,0
148.600,24.720,8.776,-20.193,17.899,1,22.342,1.000,-14.733,-47.238,7.678,-34.886,100.123,1,-46.500,1.000,-34.788,0,0,0,0,0,0,0,0,0,0,0,0,0,0,0,0,0,0,0,0,0,0,0,0
148.650,24.678,8.753,-20.104,18.399,1,22.342,1.000,-14.733,-47.239,7.675,-34.886,100.123,1,-46.500,1.000,-34.788,0,0,0,0,0,0,0,0,0,0,0,0,0,0,0,0,0,0,0,0,0,0,0,0
148.700,24.637,8.730,-20.016,18.899,1,22.342,1.000,-14.733,-47.240,7.672,-34.886,100.123,1,-46.500,1.000,-34.788,0,0,0,0,0,0,0,0,0,0,0,0,0,0,0,0,0,0,0,0,0,0,0,0
148.750,24.596,8.706,-19.928,19.399,1,22.342,1.000,-14.733,-47.241,7.670,-34.886,100.123,1,-46.500,1.000,-34.788,0,0,0,0,0,0,0,0,0,0,0,0,0,0,0,0,0,0,0,0,0,0,0,0
148.800,24.555,8.683,-19.840,19.899,1,22.342,1.000,-14.733,-47.242,7.667,-34.886,100.123,1,-46.500,1.000,-34.788,0,0,0,0,0,0,0,0,0,0,0,0,0,0,0,0,0,0,0,0,0,0,0,0
148.850,24.514,8.658,-19.752,20.399,1,22.342,1.000,-14.733,-47.243,7.666,-34.886,100.123,1,-46.500,1.000,-34.788,0,0,0,0,0,0,0,0,0,0,0,0,0,0,0,0,0,0,0,0,0,0,0,0
148.900,24.473,8.634,-19.664,20.899,1,22.342,1.000,-14.733,-47.245,7.664,-34.886,100.123,1,-46.500,1.000,-34.788,0,0,0,0,0,0,0,0,0,0,0,0,0,0,0,0,0,0,0,0,0,0,0,0
148.950,24.433,8.609,-19.577,21.399,1,22.342,1.000,-14.733,-47.246,7.663,-34.885,100.123,1,-46.500,1.000,-34.788,0,0,0,0,0,0,0,0,0,0,0,0,0,0,0,0,0,0,0,0,0,0,0,0
149.000,24.392,8.584,-19.489,21.899,1,22.342,1.000,-14.733,-47.248,7.662,-34.885,100.123,1,-46.500,1.000,-34.788,0,0,0,0,0,0,0,0,0,0,0,0,0,0,0,0,0,0,0,0,0,0,0,0
149.050,24.352,8.558,-19.402,22.399,1,22.342,1.000,-14.733,-47.249,7.661,-34.884,100.123,1,-46.500,1.000,-34.788,0,0,0,0,0,0,0,0,0,0,0,0,0,0,0,0,0,0,0,0,0,0,0,0
149.100,24.312,8.533,-19.314,22.899,1,22.342,1.000,-14.733,-47.251,7.661,-34.883,100.123,1,-46.500,1.000,-34.788,0,0,0,0,0,0,0,0,0,0,0,0,0,0,0,0,0,0,0,0,0,0,0,0
149.150,24.272,8.506,-19.227,23.399,1,22.342,1.000,-14.733,-47.252,7.661,-34.882,100.123,1,-46.500,1.000,-34.788,0,0,0,0,0,0,0,0,0,0,0,0,0,0,0,0,0,0,0,0,0,0,0,0
149.200,24.232,8.480,-19.140,23.899,1,22.342,1.000,-14.733,-47.254,7.661,-34.881,100.123,1,-46.500,1.000,-34.788,0,0,0,0,0,0,0,0,0,0,0,0,0,0,0,0,0,0,0,0,0,0,0,0
149.250,24.193,8.453,-19.053,24.399,1,22.342,1.000,-14.733,-47.256,7.662,-34.880,100.123,1,-46.500,1.000,-34.788,0,0,0,0,0,0,0,0,0,0,0,0,0,0,0,0,0,0,0,0,0,0,0,0
149.300,24.154,8.425,-18.966,24.899,1,22.342,1.000,-14.733,-47.258,7.663,-34.879,100.123,1,-46.500,1.000,-34.788,0,0,0,0,0,0,0,0,0,0,0,0,0,0,0,0,0,0,0,0,0,0,0,0
149.350,24.115,8.397,-18.879,25.399,1,22.342,1.000,-14.733,-47.260,7.664,-34.877,100.123,1,-46.500,1.000,-34.788,0,0,0,0,0,0,0,0,0,0,0,0,0,0,0,0,0,0,0,0,0,0,0,0
149.400,24.076,8.369,-18.792,25.899,1,22.342,1.000,-14.733,-47.262,7.666,-34.876,100.123,1,-46.500,1.000,-34.788,0,0,0,0,0,0,0,0,0,0,0,0,0,0,0,0,0,0,0,0,0,0,0,0
149.450,24.038,8.340,-18.706,26.399,1,22.342,1.000,-14.733,-47.263,7.667,-34.874,100.123,1,-46.500,1.000,-34.788,0,0,0,0,0,0,0,0,0,0,0,0,0,0,0,0,0,0,0,0,0,0,0,0
149.500,24.000,8.311,-18.620,26.899,1,22.342,1.000,-14.733,-47.265,7.670,-34.872,100.123,1,-46.500,1.000,-34.788,0,0,0,0,0,0,0,0,0,0,0,0,0,0,0,0,0,0,0,0,0,0,0,0
149.550,23.962,8.282,-18.533,27.399,1,22.342,1.000,-14.733,-47.267,7.672,-34.870,100.123,1,-46.500,1.000,-34.788,0,0,0,0,0,0,0,0,0,0,0,0,0,0,0,0,0,0,0,0,0,0,0,0
149.600,23.924,8.252,-18.447,27.899,1,22.342,1.000,-14.733,-47.269,7.675,-34.868,100.123,1,-46.500,1.000,-34.788,0,0,0,0,0,0,0,0,0,0,0,0,0,0,0,0,0,0,0,0,0,0,0,0
149.650,23.887,8.221,-18.361,28.399,1,22.342,1.000,-14.733,-47.272,7.678,-34.866,100.123,1,-46.500,1.000,-34.788,0,0,0,0,0,0,0,0,0,0,0,0,0,0,0,0,0,0,0,0,0,0,0,0
149.700,23.850,8.190,-18.276,28.899,1,22.342,1.000,-14.733,-47.274,7.681,-34.864,100.123,1,-46.500,1.000,-34.788,0,0,0,0,0,0,0,0,0,0,0,0,0,0,0,0,0,0,0,0,0,0,0,0
149.750,23.814,8.159,-18.190,29.399,1,22.342,1.000,-14.733,-47.276,7.685,-34.861,100.123,1,-46.500,1.000,-34.788,0,0,0,0,0,0,0,0,0,0,0,0,0,0,0,0,0,0,0,0,0,0,0,0
149.800,23.777,8.127,-18.105,29.899,1,22.342,1.000,-14.733,-47.278,7.689,-34.859,100.123,1,-46.500,1.000,-34.788,0,0,0,0,0,0,0,0,0,0,0,0,0,0,0,0,0,0,0,0,0,0,0,0
149.850,23.741,8.094,-18.019,30.399,1,22.342,1.000,-14.733,-47.280,7.693,-34.856,100.123,1,-46.500,1.000,-34.788,0,0,0,0,0,0,0,0,0,0,0,0,0,0,0,0,0,0,0,0,0,0,0,0
149.900,23.706,8.061,-17.934,30.899,1,22.342,1.000,-14.733,-47.282,7.697,-34.854,100.123,1,-46.500,1.000,-34.788,0,0,0,0,0,0,0,0,0,0,0,0,0,0,0,0,0,0,0,0,0,0,0,0
149.950,23.670,8.028,-17.850,31.399,1,22.342,1.000,-14.733,-47.284,7.702,-34.851,100.123,1,-46.500,1.000,-34.788,0,0,0,0,0,0,0,0,0,0,0,0,0,0,0,0,0,0,0,0,0,0,0,0
150.000,23.636,7.993,-17.765,31.899,1,22.342,1.000,-14.733,-47.286,7.707,-34.848,100.123,1,-46.500,1.000,-34.788,0,0,0,0,0,0,0,0,0,0,0,0,0,0,0,0,0,0,0,0,0,0,0,0
150.050,23.601,7.959,-17.681,32.399,1,22.342,1.000,-14.733,-47.288,7.712,-34.846,100.123,1,-46.500,1.000,-34.788,0,0,0,0,0,0,0,0,0,0,0,0,0,0,0,0,0,0,0,0,0,0,0,0
150.100,23.567,7.924,-17.596,32.899,1,22.342,1.000,-14.733,-47.291,7.717,-34.843,100.123,1,-46.500,1.000,-34.788,0,0,0,0,0,0,0,0,0,0,0,0,0,0,0,0,0,0,0,0,0,0,0,0
150.150,23.533,7.888,-17.512,33.399,1,22.342,1.000,-14.733,-47.293,7.723,-34.840,100.123,1,-46.500,1.000,-34.788,0,0,0,0,0,0,0,0,0,0,0,0,0,0,0,0,0,0,0,0,0,0,0,0
150.200,23.500,7.851,-17.429,33.899,1,22.342,1.000,-14.733,-47.295,7.729,-34.837,100.123,1,-46.500,1.000,-34.788,0,0,0,0,0,0,0,0,0,0,0,0,0,0,0,0,0,0,0,0,0,0,0,0
150.250,23.467,7.814,-17.345,34.399,1,22.342,1.000,-14.733,-47.297,7.735,-34.834,100.123,1,-46.500,1.000,-34.788,0,0,0,0,0,0,0,0,0,0,0,0,0,0,0,0,0,0,0,0,0,0,0,0
150.300,23.435,7.777,-17.262,34.899,1,22.342,1.000,-14.733,-47.299,7.742,-34.830,100.123,1,-46.500,1.000,-34.788,0,0,0,0,0,0,0,0,0,0,0,0,0,0,0,0,0,0,0,0,0,0,0,0
150.350,23.403,7.738,-17.179,35.399,1,22.342,1.000,-14.733,-47.301,7.748,-34.827,100.123,1,-46.500,1.000,-34.788,0,0,0,0,0,0,0,0,0,0,0,0,0,0,0,0,0,0,0,0,0,0,0,0
150.400,23.371,7.699,-17.096,35.899,1,22.342,1.000,-14.733,-47.303,7.755,-34.824,100.123,1,-46.500,1.000,-34.788,0,0,0,0,0,0,0,0,0,0,0,0,0,0,0,0,0,0,0,0,0,0,0,0
150.450,23.340,7.660,-17.014,36.399,1,22.342,1.000,-14.733,-47.305,7.762,-34.821,100.123,1,-46.500,1.000,-34.788,0,0,0,0,0,0,0,0,0,0,0,0,0,0,0,0,0,0,0,0,0,0,0,0
150.500,23.310,7.620,-16.932,36.899,1,22.342,1.000,-14.733,-47.307,7.769,-34.818,100.123,1,-46.500,1.000,-34.788,0,0,0,0,0,0,0,0,0,0,0,0,0,0,0,0,0,0,0,0,0,0,0,0
150.550,23.280,7.579,-16.850,37.399,1,22.342,1.000,-14.733,-47.309,7.776,-34.814,100.123,1,-46.500,1.000,-34.788,0,0,0,0,0,0,0,0,0,0,0,0,0,0,0,0,0,0,0,0,0,0,0,0
150.600,23.250,7.537,-16.769,37.899,1,22.342,1.000,-14.733,-47.311,7.784,-34.811,100.123,1,-46.500,1.000,-34.788,0,0,0,0,0,0,0,0,0,0,0,0,0,0,0,0,0,0,0,0,0,0,0,0
150.650,23.221,7.495,-16.688,38.399,1,22.342,1.000,-14.733,-47.313,7.792,-34.808,100.123,1,-46.500,1.000,-34.788,0,0,0,0,0,0,0,0,0,0,0,0,0,0,0,0,0,0,0,0,0,0,0,0
150.700,23.193,7.452,-16.607,38.899,1,22.342,1.000,-14.733,-47.314,7.800,-34.804,100.123,1,-46.500,1.000,-34.788,0,0,0,0,0,0,0,0,0,0,0,0,0,0,0,0,0,0,0,0,0,0,0,0
150.750,23.165,7.409,-16.526,39.399,1,22.342,1.000,-14.733,-47.316,7.808,-34.801,100.123,1,-46.500,1.000,-34.788,0,0,0,0,0,0,0,0,0,0,0,0,0,0,0,0,0,0,0,0,0,0,0,0
150.800,23.138,7.365,-16.446,39.899,1,22.342,1.000,-14.733,-47.318,7.816,-34.798,100.123,1,-46.500,1.000,-34.788,0,0,0,0,0,0,0,0,0,0,0,0,0,0,0,0,0,0,0,0,0,0,0,0
150.850,23.111,7.320,-16.366,40.399,1,22.342,1.000,-14.733,-47.320,7.824,-34.794,100.123,1,-46.500,1.000,-34.788,0,0,0,0,0,0,0,0,0,0,0,0,0,0,0,0,0,0,0,0,0,0,0,0
150.900,23.085,7.274,-16.287,40.899,1,22.342,1.000,-14.733,-47.321,7.832,-34.791,100.123,1,-46.500,1.000,-34.788,0,0,0,0,0,0,0,0,0,0,0,0,0,0,0,0,0,0,0,0,0,0,0,0
150.950,23.060,7.228,-16.208,41.399,1,22.342,1.000,-14.733,-47.323,7.841,-34.788,100.123,1,-46.500,1.000,-34.788,0,0,0,0,0,0,0,0,0,0,0,0,0,0,0,0,0,0,0,0,0,0,0,0
151.000,23.035,7.181,-16.129,41.899,1,22.342,1.000,-14.733,-47.324,7.850,-34.784,100.123,1,-46.500,1.000,-34.788,0,0,0,0,0,0,0,0,0,0,0,0,0,0,0,0,0,0,0,0,0,0,0,0
151.050,23.011,7.133,-16.051,42.399,1,22.342,1.000,-14.733,-47.326,7.858,-34.781,100.123,1,-46.500,1.000,-34.788,0,0,0,0,0,0,0,0,0,0,0,0,0,0,0,0,0,0,0,0,0,0,0,0
151.100,22.988,7.085,-15.973,42.899,1,22.342,1.000,-14.733,-47.327,7.867,-34.778,100.123,1,-46.500,1.000,-34.788,0,0,0,0,0,0,0,0,0,0,0,0,0,0,0,0,0,0,0,0,0,0,0,0
151.150,22.965,7.036,-15.896,43.399,1,22.342,1.000,-14.733,-47.329,7.876,-34.774,100.123,1,-46.500,1.000,-34.788,0,0,0,0,0,0,0,0,0,0,0,0,0,0,0,0,0,0,0,0,0,0,0,0
151.200,22.943,6.986,-15.819,43.899,1,22.342,1.000,-14.733,-47.330,7.885,-34.771,100.123,1,-46.500,1.000,-34.788,0,0,0,0,0,0,0,0,0,0,0,0,0,0,0,0,0,0,0,0,0,0,0,0
151.250,22.921,6.935,-15.742,44.399,1,22.342,1.000,-14.733,-47.331,7.894,-34.768,100.123,1,-46.500,1.000,-34.788,0,0,0,0,0,0,0,0,0,0,0,0,0,0,0,0,0,0,0,0,0,0,0,0
151.300,22.901,6.884,-15.667,44.899,1,22.342,1.000,-14.733,-47.333,7.903,-34.765,100.123,1,-46.500,1.000,-34.788,0,0,0,0,0,0,0,0,0,0,0,0,0,0,0,0,0,0,0,0,0,0,0,0
151.350,22.881,6.832,-15.591,45.399,1,22.342,1.000,-14.733,-47.334,7.912,-34.762,100.123,1,-46.500,1.000,-34.788,0,0,0,0,0,0,0,0,0,0,0,0,0,0,0,0,0,0,0,0,0,0,0,0
151.400,22.862,6.779,-15.517,45.899,1,22.342,1.000,-14.733,-47.335,7.921,-34.759,100.123,1,-46.500,1.000,-34.788,0,0,0,0,0,0,0,0,0,0,0,0,0,0,0,0,0,0,0,0,0,0,0,0
151.450,22.844,6.726,-15.443,46.399,1,22.342,1.000,-14.733,-47.336,7.930,-34.756,100.123,1,-46.500,1.000,-34.788,0,0,0,0,0,0,0,0,0,0,0,0,0,0,0,0,0,0,0,0,0,0,0,0
151.500,22.826,6.671,-15.370,46.899,1,22.342,1.000,-14.733,-47.337,7.939,-34.753,100.123,1,-46.500,1.000,-34.788,0,0,0,0,0,0,0,0,0,0,0,0,0,0,0,0,0,0,0,0,0,0,0,0
151.550,22.810,6.617,-15.297,47.399,1,22.342,1.000,-14.733,-47.338,7.948,-34.750,100.123,1,-46.500,1.000,-34.788,0,0,0,0,0,0,0,0,0,0,0,0,0,0,0,0,0,0,0,0,0,0,0,0
151.600,22.794,6.561,-15.225,47.899,1,22.342,1.000,-14.733,-47.339,7.958,-34.747,100.123,1,-46.500,1.000,-34.788,0,0,0,0,0,0,0,0,0,0,0,0,0,0,0,0,0,0,0,0,0,0,0,0
151.650,22.779,6.504,-15.154,48.399,1,22.342,1.000,-14.733,-47.340,7.967,-34.745,100.123,1,-46.500,1.000,-34.788,0,0,0,0,0,0,0,0,0,0,0,0,0,0,0,0,0,0,0,0,0,0,0,0
151.700,22.765,6.447,-15.084,48.899,1,22.342,1.000,-14.733,-47.340,7.976,-34.742,100.123,1,-46.500,1.000,-34.788,0,0,0,0,0,0,0,0,0,0,0,0,0,0,0,0,0,0,0,0,0,0,0,0
151.750,22.751,6.390,-15.014,49.399,1,22.342,1.000,-14.733,-47.341,7.985,-34.740,100.123,1,-46.500,1.000,-34.788,0,0,0,0,0,0,0,0,0,0,0,0,0,0,0,0,0,0,0,0,0,0,0,0
151.800,22.738,6.331,-14.946,49.899,1,22.342,1.000,-14.733,-47.342,7.993,-34.737,100.123,1,-46.500,1.000,-34.788,0,0,0,0,0,0,0,0,0,0,0,0,0,0,0,0,0,0,0,0,0,0,0,0
151.850,22.726,6.272,-14.878,50.399,1,22.342,1.000,-14.733,-47.342,8.002,-34.735,100.123,1,-46.500,1.000,-34.788,0,0,0,0,0,0,0,0,0,0,0,0,0,0,0,0,0,0,0,0,0,0,0,0
151.900,22.714,6.212,-14.811,50.899,1,22.342,1.000,-14.733,-47.343,8.011,-34.732,100.123,1,-46.500,1.000,-34.788,0,0,0,0,0,0,0,0,0,0,0,0,0,0,0,0,0,0,0,0,0,0,0,0
151.950,22.703,6.152,-14.745,51.399,1,22.342,1.000,-14.733,-47.343,8.020,-34.730,100.123,1,-46.500,1.000,-34.788,0,0,0,0,0,0,0,0,0,0,0,0,0,0,0,0,0,0,0,0,0,0,0,0
152.000,22.692,6.091,-14.681,51.899,1,22.342,1.000,-14.733,-47.343,8.028,-34.728,100.123,1,-46.500,1.000,-34.788,0,0,0,0,0,0,0,0,0,0,0,0,0,0,0,0,0,0,0,0,0,0,0,0
152.050,22.681,6.029,-14.617,52.399,1,22.342,1.000,-14.733,-47.344,8.037,-34.726,100.123,1,-46.500,1.000,-34.788,0,0,0,0,0,0,0,0,0,0,0,0,0,0,0,0,0,0,0,0,0,0,0,0
152.100,22.671,5.966,-14.555,52.899,1,22.342,1.000,-14.733,-47.344,8.046,-34.724,100.123,1,-46.500,1.000,-34.788,0,0,0,0,0,0,0,0,0,0,0,0,0,0,0,0,0,0,0,0,0,0,0,0
152.150,22.661,5.903,-14.493,53.399,2,22.342,1.000,-14.733,-47.344,8.054,-34.722,100.123,1,-46.500,1.000,-34.788,0,0,0,0,0,0,0,0,0,0,0,0,0,0,0,0,0,0,0,0,0,0,0,0
152.200,22.652,5.842,-14.434,53.899,2,22.342,1.000,-14.733,-47.344,8.062,-34.720,100.123,1,-46.500,1.000,-34.788,0,0,0,0,0,0,0,0,0,0,0,0,0,0,0,0,0,0,0,0,0,0,0,0
152.250,22.642,5.783,-14.376,54.399,2,22.342,1.000,-14.733,-47.344,8.070,-34.718,100.123,1,-46.500,1.000,-34.788,0,0,0,0,0,0,0,0,0,0,0,0,0,0,0,0,0,0,0,0,0,0,0,0
152.300,22.633,5.725,-14.320,54.899,2,22.342,1.000,-14.733,-47.344,8.078,-34.716,100.123,1,-46.500,1.000,-34.788,0,0,0,0,0,0,0,0,0,0,0,0,0,0,0,0,0,0,0,0,0,0,0,0
152.350,22.624,5.669,-14.265,55.399,2,22.342,1.000,-14.733,-47.344,8.086,-34.715,100.123,1,-46.500,1.000,-34.788,0,0,0,0,0,0,0,0,0,0,0,0,0,0,0,0,0,0,0,0,0,0,0,0
152.400,22.616,5.614,-14.212,55.899,2,22.342,1.000,-14.733,-47.344,8.094,-34.713,100.123,1,-46.500,1.000,-34.788,0,0,0,0,0,0,0,0,0,0,0,0,0,0,0,0,0,0,0,0,0,0,0,0
152.450,22.608,5.561,-14.160,56.399,2,22.342,1.000,-14.733,-47.343,8.102,-34.712,100.123,1,-46.500,1.000,-34.788,0,0,0,0,0,0,0,0,0,0,0,0,0,0,0,0,0,0,0,0,0,0,0,0
152.500,22.599,5.509,-14.110,56.899,2,22.342,1.000,-14.733,-47.343,8.109,-34.711,100.123,1,-46.500,1.000,-34.788,0,0,0,0,0,0,0,0,0,0,0,0,0,0,0,0,0,0,0,0,0,0,0,0
152.550,22.591,5.458,-14.061,57.399,2,22.342,1.000,-14.733,-47.343,8.116,-34.709,100.123,1,-46.500,1.000,-34.788,0,0,0,0,0,0,0,0,0,0,0,0,0,0,0,0,0,0,0,0,0,0,0,0
152.600,22.584,5.409,-14.012,57.899,2,22.342,1.000,-14.733,-47.342,8.123,-34.708,100.123,1,-46.500,1.000,-34.788,0,0,0,0,0,0,0,0,0,0,0,0,0,0,0,0,0,0,0,0,0,0,0,0
152.650,22.576,5.360,-13.965,58.399,2,22.342,1.000,-14.733,-47.342,8.130,-34.707,100.123,1,-46.500,1.000,-34.788,0,0,0,0,0,0,0,0,0,0,0,0,0,0,0,0,0,0,0,0,0,0,0,0
152.700,22.569,5.313,-13.920,58.899,2,22.342,1.000,-14.733,-47.341,8.137,-34.706,100.123,1,-46.500,1.000,-34.788,0,0,0,0,0,0,0,0,0,0,0,0,0,0,0,0,0,0,0,0,0,0,0,0
152.750,22.561,5.267,-13.875,59.399,2,22.342,1.000,-14.733,-47.340,8.144,-34.705,100.123,1,-46.500,1.000,-34.788,0,0,0,0,0,0,0,0,0,0,0,0,0,0,0,0,0,0,0,0,0,0,0,0
152.800,22.554,5.222,-13.831,59.899,2,22.342,1.000,-14.733,-47.340,8.150,-34.704,100.123,1,-46.500,1.000,-34.788,0,0,0,0,0,0,0,0,0,0,0,0,0,0,0,0,0,0,0,0,0,0,0,0
152.850,22.547,5.177,-13.788,60.399,2,22.342,1.000,-14.733,-47.339,8.157,-34.704,100.123,1,-46.500,1.000,-34.788,0,0,0,0,0,0,0,0,0,0,0,0,0,0,0,0,0,0,0,0,0,0,0,0
152.900,22.540,5.134,-13.745,60.899,2,22.342,1.000,-14.733,-47.338,8.163,-34.703,100.123,1,-46.500,1.000,-34.788,0,0,0,0,0,0,0,0,0,0,0,0,0,0,0,0,0,0,0,0,0,0,0,0
152.950,22.534,5.091,-13.704,61.399,2,22.342,1.000,-14.733,-47.337,8.168,-34.702,100.123,1,-46.500,1.000,-34.788,0,0,0,0,0,0,0,0,0,0,0,0,0,0,0,0,0,0,0,0,0,0,0,0
153.000,22.527,5.050,-13.664,61.899,2,22.342,1.000,-14.733,-47.336,8.174,-34.702,100.123,1,-46.500,1.000,-34.788,0,0,0,0,0,0,0,0,0,0,0,0,0,0,0,0,0,0,0,0,0,0,0,0
153.050,22.521,5.009,-13.624,62.399,2,22.342,1.000,-14.733,-47.336,8.180,-34.701,100.123,1,-46.500,1.000,-34.788,0,0,0,0,0,0,0,0,0,0,0,0,0,0,0,0,0,0,0,0,0,0,0,0
153.100,22.515,4.969,-13.585,62.899,2,22.342,1.000,-14.733,-47.335,8.185,-34.701,100.123,1,-46.500,1.000,-34.788,0,0,0,0,0,0,0,0,0,0,0,0,0,0,0,0,0,0,0,0,0,0,0,0
153.150,22.508,4.930,-13.547,63.399,2,22.342,1.000,-14.733,-47.333,8.190,-34.701,100.123,1,-46.500,1.000,-34.788,0,0,0,0,0,0,0,0,0,0,0,0,0,0,0,0,0,0,0,0,0,0,0,0
153.200,22.502,4.891,-13.509,63.899,2,22.342,1.000,-14.733,-47.332,8.195,-34.701,100.123,1,-46.500,1.000,-34.788,0,0,0,0,0,0,0,0,0,0,0,0,0,0,0,0,0,0,0,0,0,0,0,0
153.250,22.496,4.853,-13.473,64.399,2,22.342,1.000,-14.733,-47.331,8.199,-34.701,100.123,1,-46.500,1.000,-34.788,0,0,0,0,0,0,0,0,0,0,0,0,0,0,0,0,0,0,0,0,0,0,0,0
153.300,22.491,4.816,-13.436,64.899,2,22.342,1.000,-14.733,-47.330,8.203,-34.701,100.123,1,-46.500,1.000,-34.788,0,0,0,0,0,0,0,0,0,0,0,0,0,0,0,0,0,0,0,0,0,0,0,0
153.350,22.485,4.779,-13.401,65.399,2,22.342,1.000,-14.733,-47.329,8.207,-34.701,100.123,1,-46.500,1.000,-34.788,0,0,0,0,0,0,0,0,0,0,0,0,0,0,0,0,0,0,0,0,0,0,0,0
153.400,22.479,4.743,-13.366,65.899,2,22.342,1.000,-14.733,-47.328,8.211,-34.701,100.123,1,-46.500,1.000,-34.788,0,0,0,0,0,0,0,0,0,0,0,0,0,0,0,0,0,0,0,0,0,0,0,0
153.450,22.474,4.708,-13.332,66.399,2,22.342,1.000,-14.733,-47.326,8.215,-34.701,100.123,1,-46.500,1.000,-34.788,0,0,0,0,0,0,0,0,0,0,0,0,0,0,0,0,0,0,0,0,0,0,0,0
153.500,22.468,4.673,-13.298,66.899,2,22.342,1.000,-14.733,-47.325,8.218,-34.701,100.123,1,-46.500,1.000,-34.788,0,0,0,0,0,0,0,0,0,0,0,0,0,0,0,0,0,0,0,0,0,0,0,0
153.550,22.463,4.639,-13.265,67.399,2,22.342,1.000,-14.733,-47.324,8.221,-34.702,100.123,1,-46.500,1.000,-34.788,0,0,0,0,0,0,0,0,0,0,0,0,0,0,0,0,0,0,0,0,0,0,0,0
153.600,22.458,4.606,-13.232,67.899,2,22.342,1.000,-14.733,-47.322,8.224,-34.702,100.123,1,-46.500,1.000,-34.788,0,0,0,0,0,0,0,0,0,0,0,0,0,0,0,0,0,0,0,0,0,0,0,0
153.650,22.452,4.572,-13.200,68.399,2,22.342,1.000,-14.733,-47.321,8.227,-34.702,100.123,1,-46.500,1.000,-34.788,0,0,0,0,0,0,0,0,0,0,0,0,0,0,0,0,0,0,0,0,0,0,0,0
153.700,22.447,4.540,-13.168,68.899,2,22.342,1.000,-14.733,-47.320,8.229,-34.703,100.123,1,-46.500,1.000,-34.788,0,0,0,0,0,0,0,0,0,0,0,0,0,0,0,0,0,0,0,0,0,0,0,0
153.750,22.442,4.508,-13.137,69.399,2,22.342,1.000,-14.733,-47.318,8.231,-34.704,100.123,1,-46.500,1.000,-34.788,0,0,0,0,0,0,0,0,0,0,0,0,0,0,0,0,0,0,0,0,0,0,0,0
153.800,22.437,4.476,-13.106,69.899,2,22.342,1.000,-14.733,-47.317,8.233,-34.704,100.123,1,-46.500,1.000,-34.788,0,0,0,0,0,0,0,0,0,0,0,0,0,0,0,0,0,0,0,0,0,0,0,0
153.850,22.432,4.445,-13.076,70.399,2,22.342,1.000,-14.733,-47.315,8.234,-34.705,100.123,1,-46.500,1.000,-34.788,0,0,0,0,0,0,0,0,0,0,0,0,0,0,0,0,0,0,0,0,0,0,0,0
153.900,22.428,4.414,-13.046,70.899,2,22.342,1.000,-14.733,-47.314,8.236,-34.706,100.123,1,-46.500,1.000,-34.788,0,0,0,0,0,0,0,0,0,0,0,0,0,0,0,0,0,0,0,0,0,0,0,0
153.950,22.423,4.384,-13.017,71.399,2,22.342,1.000,-14.733,-47.312,8.237,-34.706,100.123,1,-46.500,1.000,-34.788,0,0,0,0,0,0,0,0,0,0,0,0,0,0,0,0,0,0,0,0,0,0,0,0
154.000,22.418,4.354,-12.988,71.899,2,22.342,1.000,-14.733,-47.311,8.237,-34.707,100.123,1,-46.500,1.000,-34.788,0,0,0,0,0,0,0,0,0,0,0,0,0,0,0,0,0,0,0,0,0,0,0,0
154.050,22.413,4.325,-12.959,72.399,2,22.342,1.000,-14.733,-47.309,8.238,-34.708,100.123,1,-46.500,1.000,-34.788,0,0,0,0,0,0,0,0,0,0,0,0,0,0,0,0,0,0,0,0,0,0,0,0
154.100,22.409,4.296,-12.931,72.899,2,22.342,1.000,-14.733,-47.308,8.238,-34.709,100.123,1,-46.500,1.000,-34.788,0,0,0,0,0,0,0,0,0,0,0,0,0,0,0,0,0,0,0,0,0,0,0,0
154.150,22.404,4.267,-12.903,73.399,2,22.342,1.000,-14.733,-47.307,8.238,-34.710,100.123,1,-46.500,1.000,-34.788,0,0,0,0,0,0,0,0,0,0,0,0,0,0,0,0,0,0,0,0,0,0,0,0
154.200,22.400,4.239,-12.876,73.899,2,22.342,1.000,-14.733,-47.305,8.238,-34.711,100.123,1,-46.500,1.000,-34.788,0,0,0,0,0,0,0,0,0,0,0,0,0,0,0,0,0,0,0,0,0,0,0,0
154.250,22.396,4.211,-12.849,74.399,2,22.342,1.000,-14.733,-47.304,8.237,-34.712,100.123,1,-46.500,1.000,-34.788,0,0,0,0,0,0,0,0,0,0,0,0,0,0,0,0,0,0,0,0,0,0,0,0
154.300,22.391,4.184,-12.822,74.899,2,22.342,1.000,-14.733,-47.302,8.236,-34.714,100.123,1,-46.500,1.000,-34.788,0,0,0,0,0,0,0,0,0,0,0,0,0,0,0,0,0,0,0,0,0,0,0,0
154.350,22.387,4.156,-12.795,75.399,2,22.342,1.000,-14.733,-47.301,8.235,-34.715,100.123,1,-46.500,1.000,-34.788,0,0,0,0,0,0,0,0,0,0,0,0,0,0,0,0,0,0,0,0,0,0,0,0
154.400,22.383,4.130,-12.769,75.899,2,22.342,1.000,-14.733,-47.299,8.234,-34.716,100.123,1,-46.500,1.000,-34.788,0,0,0,0,0,0,0,0,0,0,0,0,0,0,0,0,0,0,0,0,0,0,0,0
154.450,22.379,4.103,-12.744,76.399,2,22.342,1.000,-14.733,-47.298,8.232,-34.717,100.123,1,-46.500,1.000,-34.788,0,0,0,0,0,0,0,0,0,0,0,0,0,0,0,0,0,0,0,0,0,0,0,0
154.500,22.375,4.077,-12.718,76.899,2,22.342,1.000,-14.733,-47.297,8.230,-34.718,100.123,1,-46.500,1.000,-34.788,0,0,0,0,0,0,0,0,0,0,0,0,0,0,0,0,0,0,0,0,0,0,0,0
154.550,22.371,4.051,-12.693,77.399,2,22.342,1.000,-14.733,-47.295,8.228,-34.720,100.123,1,-46.500,1.000,-34.788,0,0,0,0,0,0,0,0,0,0,0,0,0,0,0,0,0,0,0,0,0,0,0,0
154.600,22.367,4.026,-12.668,77.899,2,22.342,1.000,-14.733,-47.294,8.225,-34.721,100.123,1,-46.500,1.000,-34.788,0,0,0,0,0,0,0,0,0,0,0,0,0,0,0,0,0,0,0,0,0,0,0,0
154.650,22.363,4.001,-12.644,78.399,2,22.342,1.000,-14.733,-47.293,8.223,-34.723,100.123,1,-46.500,1.000,-34.788,0,0,0,0,0,0,0,0,0,0,0,0,0,0,0,0,0,0,0,0,0,0,0,0
154.700,22.359,3.976,-12.620,78.899,2,22.342,1.000,-14.733,-47.291,8.220,-34.724,100.123,1,-46.500,1.000,-34.788,0,0,0,0,0,0,0,0,0,0,0,0,0,0,0,0,0,0,0,0,0,0,0,0
154.750,22.355,3.951,-12.596,79.399,2,22.342,1.000,-14.733,-47.290,8.217,-34.725,100.123,1,-46.500,1.000,-34.788,0,0,0,0,0,0,0,0,0,0,0,0,0,0,0,0,0,0,0,0,0,0,0,0
154.800,22.351,3.927,-12.572,79.899,2,22.342,1.000,-14.733,-47.289,8.213,-34.727,100.123,1,-46.500,1.000,-34.788,0,0,0,0,0,0,0,0,0,0,0,0,0,0,0,0,0,0,0,0,0,0,0,0
154.850,22.347,3.903,-12.549,80.399,2,22.342,1.000,-14.733,-47.288,8.210,-34.728,100.123,1,-46.500,1.000,-34.788,0,0,0,0,0,0,0,0,0,0,0,0,0,0,0,0,0,0,0,0,0,0,0,0
154.900,22.343,3.879,-12.526,80.899,2,22.342,1.000,-14.733,-47.287,8.206,-34.730,100.123,1,-46.500,1.000,-34.788,0,0,0,0,0,0,0,0,0,0,0,0,0,0,0,0,0,0,0,0,0,0,0,0
154.950,22.340,3.855,-12.503,81.399,2,22.342,1.000,-14.733,-47.286,8.202,-34.731,100.123,1,-46.500,1.000,-34.788,0,0,0,0,0,0,0,0,0,0,0,0,0,0,0,0,0,0,0,0,0,0,0,0
155.000,22.336,3.832,-12.480,81.899,2,22.342,1.000,-14.733,-47.285,8.197,-34.733,100.123,1,-46.500,1.000,-34.788,0,0,0,0,0,0,0,0,0,0,0,0,0,0,0,0,0,0,0,0,0,0,0,0
155.050,22.333,3.809,-12.458,82.399,2,22.342,1.000,-14.733,-47.284,8.193,-34.734,100.123,1,-46.500,1.000,-34.788,0,0,0,0,0,0,0,0,0,0,0,0,0,0,0,0,0,0,0,0,0,0,0,0
155.100,22.329,3.786,-12.436,82.899,2,22.342,1.000,-14.733,-47.283,8.188,-34.736,100.123,1,-46.500,1.000,-34.788,0,0,0,0,0,0,0,0,0,0,0,0,0,0,0,0,0,0,0,0,0,0,0,0
155.150,22.325,3.764,-12.414,83.399,2,22.342,1.000,-14.733,-47.282,8.183,-34.737,100.123,1,-46.500,1.000,-34.788,0,0,0,0,0,0,0,0,0,0,0,0,0,0,0,0,0,0,0,0,0,0,0,0
155.200,22.322,3.742,-12.392,83.899,2,22.342,1.000,-14.733,-47.281,8.178,-34.739,100.123,1,-46.500,1.000,-34.788,0,0,0,0,0,0,0,0,0,0,0,0,0,0,0,0,0,0,0,0,0,0,0,0
155.250,22.318,3.720,-12.371,84.399,2,22.342,1.000,-14.733,-47.280,8.173,-34.740,100.123,1,-46.500,1.000,-34.788,0,0,0,0,0,0,0,0,0,0,0,0,0,0,0,0,0,0,0,0,0,0,0,0
155.300,22.315,3.698,-12.350,84.899,2,22.342,1.000,-14.733,-47.280,8.167,-34.742,100.123,1,-46.500,1.000,-34.788,0,0,0,0,0,0,0,0,0,0,0,0,0,0,0,0,0,0,0,0,0,0,0,0
155.350,22.312,3.676,-12.329,85.399,2,22.342,1.000,-14.733,-47.279,8.161,-34.743,100.123,1,-46.500,1.000,-34.788,0,0,0,0,0,0,0,0,0,0,0,0,0,0,0,0,0,0,0,0,0,0,0,0
155.400,22.308,3.655,-12.308,85.899,2,22.342,1.000,-14.733,-47.279,8.156,-34.745,100.123,1,-46.500,1.000,-34.788,0,0,0,0,0,0,0,0,0,0,0,0,0,0,0,0,0,0,0,0,0,0,0,0
155.450,22.305,3.634,-12.287,86.399,2,22.342,1.000,-14.733,-47.278,8.149,-34.747,100.123,1,-46.500,1.000,-34.788,0,0,0,0,0,0,0,0,0,0,0,0,0,0,0,0,0,0,0,0,0,0,0,0
155.500,22.302,3.613,-12.267,86.899,2,22.342,1.000,-14.733,-47.278,8.143,-34.748,100.123,1,-46.500,1.000,-34.788,0,0,0,0,0,0,0,0,0,0,0,0,0,0,0,0,0,0,0,0,0,0,0,0
155.550,22.298,3.592,-12.247,87.399,2,22.342,1.000,-14.733,-47.277,8.137,-34.750,100.123,1,-46.500,1.000,-34.788,0,0,0,0,0,0,0,0,0,0,0,0,0,0,0,0,0,0,0,0,0,0,0,0
155.600,22.295,3.571,-12.227,87.899,2,22.342,1.000,-14.733,-47.277,8.130,-34.751,100.123,1,-46.500,1.000,-34.788,0,0,0,0,0,0,0,0,0,0,0,0,0,0,0,0,0,0,0,0,0,0,0,0
155.650,22.292,3.551,-12.207,88.399,2,22.342,1.000,-14.733,-47.277,8.124,-34.753,100.123,1,-46.500,1.000,-34.788,0,0,0,0,0,0,0,0,0,0,0,0,0,0,0,0,0,0,0,0,0,0,0,0
155.700,22.289,3.531,-12.187,88.899,2,22.342,1.000,-14.733,-47.276,8.117,-34.754,100.123,1,-46.500,1.000,-34.788,0,0,0,0,0,0,0,0,0,0,0,0,0,0,0,0,0,0,0,0,0,0,0,0
155.750,22.286,3.511,-12.168,89.399,2,22.342,1.000,-14.733,-47.276,8.110,-34.756,100.123,1,-46.500,1.000,-34.788,0,0,0,0,0,0,0,0,0,0,0,0,0,0,0,0,0,0,0,0,0,0,0,0
155.800,22.283,3.491,-12.149,89.899,2,22.342,1.000,-14.733,-47.276,8.103,-34.757,100.123,1,-46.500,1.000,-34.788,0,0,0,0,0,0,0,0,0,0,0,0,0,0,0,0,0,0,0,0,0,0,0,0
155.850,22.280,3.472,-12.130,90.399,2,22.342,1.000,-14.733,-47.276,8.096,-34.759,100.123,1,-46.500,1.000,-34.788,0,0,0,0,0,0,0,0,0,0,0,0,0,0,0,0,0,0,0,0,0,0,0,0
155.900,22.276,3.452,-12.111,90.899,2,22.342,1.000,-14.733,-47.276,8.088,-34.760,100.123,1,-46.500,1.000,-34.788,0,0,0,0,0,0,0,0,0,0,0,0,0,0,0,0,0,0,0,0,0,0,0,0
155.950,22.273,3.433,-12.092,91.399,2,22.342,1.000,-14.733,-47.276,8.081,-34.762,100.123,1,-46.500,1.000,-34.788,0,0,0,0,0,0,0,0,0,0,0,0,0,0,0,0,0,0,0,0,0,0,0,0
156.000,22.270,3.414,-12.074,91.899,2,22.342,1.000,-14.733,-47.276,8.074,-34.763,100.123,1,-46.500,1.000,-34.788,0,0,0,0,0,0,0,0,0,0,0,0,0,0,0,0,0,0,0,0,0,0,0,0
156.050,22.267,3.395,-12.055,92.399,2,22.342,1.000,-14.733,-47.276,8.066,-34.765,100.123,1,-46.500,1.000,-34.788,0,0,0,0,0,0,0,0,0,0,0,0,0,0,0,0,0,0,0,0,0,0,0,0
156.100,22.265,3.376,-12.037,92.899,2,22.342,1.000,-14.733,-47.277,8.058,-34.766,100.123,1,-46.500,1.000,-34.788,0,0,0,0,0,0,0,0,0,0,0,0,0,0,0,0,0,0,0,0,0,0,0,0
156.150,22.262,3.358,-12.019,93.399,2,22.342,1.000,-14.733,-47.277,8.051,-34.768,100.123,1,-46.500,1.000,-34.788,0,0,0,0,0,0,0,0,0,0,0,0,0,0,0,0,0,0,0,0,0,0,0,0
156.200,22.259,3.339,-12.001,93.899,2,22.342,1.000,-14.733,-47.277,8.043,-34.769,100.123,1,-46.500,1.000,-34.788,0,0,0,0,0,0,0,0,0,0,0,0,0,0,0,0,0,0,0,0,0,0,0,0
156.250,22.256,3.321,-11.983,94.399,2,22.342,1.000,-14.733,-47.278,8.035,-34.770,100.123,1,-46.500,1.000,-34.788,0,0,0,0,0,0,0,0,0,0,0,0,0,0,0,0,0,0,0,0,0,0,0,0
156.300,22.253,3.303,-11.966,94.899,2,22.342,1.000,-14.733,-47.278,8.027,-34.772,100.123,1,-46.500,1.000,-34.788,0,0,0,0,0,0,0,0,0,0,0,0,0,0,0,0,0,0,0,0,0,0,0,0
156.350,22.250,3.285,-11.948,95.399,2,22.342,1.000,-14.733,-47.279,8.019,-34.773,100.123,1,-46.500,1.000,-34.788,0,0,0,0,0,0,0,0,0,0,0,0,0,0,0,0,0,0,0,0,0,0,0,0
156.400,22.247,3.267,-11.931,95.899,0,29.666,9.075,-9.403,-47.280,8.011,-34.775,100.123,1,-46.500,1.000,-34.788,0,0,0,0,0,0,0,0,0,0,0,0,0,0,0,0,0,0,0,0,0,0,0,0
156.450,22.247,3.253,-11.911,96.399,0,29.666,9.075,-9.403,-47.280,8.003,-34.776,100.123,1,-46.500,1.000,-34.788,0,0,0,0,0,0,0,0,0,0,0,0,0,0,0,0,0,0,0,0,0,0,0,0
156.500,22.250,3.242,-11.887,96.899,0,29.666,9.075,-9.403,-47.281,7.995,-34.777,100.123,1,-46.500,1.000,-34.788,0,0,0,0,0,0,0,0,0,0,0,0,0,0,0,0,0,0,0,0,0,0,0,0
156.550,22.256,3.235,-11.861,97.399,0,29.666,9.075,-9.403,-47.282,7.987,-34.779,100.123,1,-46.500,1.000,-34.788,0,0,0,0,0,0,0,0,0,0,0,0,0,0,0,0,0,0,0,0,0,0,0,0
156.600,22.264,3.231,-11.832,97.899,0,29.666,9.075,-9.403,-47.282,7.979,-34.780,100.123,1,-46.500,1.000,-34.788,0,0,0,0,0,0,0,0,0,0,0,0,0,0,0,0,0,0,0,0,0,0,0,0
156.650,22.275,3.230,-11.799,98.399,0,29.666,9.075,-9.403,-47.283,7.971,-34.781,100.123,1,-46.500,1.000,-34.788,0,0,0,0,0,0,0,0,0,0,0,0,0,0,0,0,0,0,0,0,0,0,0,0
156.700,22.289,3.232,-11.764,98.899,0,29.666,9.075,-9.403,-47.284,7.963,-34.783,100.123,1,-46.500,1.000,-34.788,0,0,0,0,0,0,0,0,0,0,0,0,0,0,0,0,0,0,0,0,0,0,0,0
156.750,22.305,3.238,-11.726,99.399,0,29.666,9.075,-9.403,-47.285,7.955,-34.784,100.123,1,-46.500,1.000,-34.788,0,0,0,0,0,0,0,0,0,0,0,0,0,0,0,0,0,0,0,0,0,0,0,0
156.800,22.324,3.248,-11.685,99.899,0,29.666,9.075,-9.403,-47.286,7.948,-34.785,100.123,1,-46.500,1.000,-34.788,0,0,0,0,0,0,0,0,0,0,0,0,0,0,0,0,0,0,0,0,0,0,0,0
156.850,22.346,3.260,-11.642,100.399,0,29.666,9.075,-9.403,-47.287,7.940,-34.786,100.123,1,-46.500,1.000,-34.788,0,0,0,0,0,0,0,0,0,0,0,0,0,0,0,0,0,0,0,0,0,0,0,0
156.900,22.370,3.275,-11.596,100.399,0,29.666,9.075,-9.403,-47.288,7.932,-34.788,100.123,1,-46.500,1.000,-34.788,0,0,0,0,0,0,0,0,0,0,0,0,0,0,0,0,0,0,0,0,0,0,0,0
156.950,22.396,3.294,-11.548,100.399,0,29.666,9.075,-9.403,-47.289,7.924,-34.789,100.123,1,-46.500,1.000,-34.788,0,0,0,0,0,0,0,0,0,0,0,0,0,0,0,0,0,0,0,0,0,0,0,0
157.000,22.424,3.316,-11.498,100.399,0,29.666,9.075,-9.403,-47.290,7.916,-34.790,100.123,1,-46.500,1.000,-34.788,0,0,0,0,0,0,0,0,0,0,0,0,0,0,0,0,0,0,0,0,0,0,0,0
157.050,22.455,3.340,-11.445,100.399,0,29.666,9.075,-9.403,-47.291,7.908,-34.791,100.123,1,-46.500,1.000,-34.788,0,0,0,0,0,0,0,0,0,0,0,0,0,0,0,0,0,0,0,0,0,0,0,0
157.100,22.488,3.367,-11.391,100.399,0,29.666,9.075,-9.403,-47.292,7.901,-34.792,100.123,1,-46.500,1.000,-34.788,0,0,0,0,0,0,0,0,0,0,0,0,0,0,0,0,0,0,0,0,0,0,0,0
157.150,22.523,3.397,-11.334,100.399,0,29.666,9.075,-9.403,-47.294,7.893,-34.794,100.123,1,-46.500,1.000,-34.788,0,0,0,0,0,0,0,0,0,0,0,0,0,0,0,0,0,0,0,0,0,0,0,0
157.200,22.560,3.429,-11.275,100.399,0,29.666,9.075,-9.403,-47.295,7.885,-34.795,100.123,1,-46.500,1.000,-34.788,0,0,0,0,0,0,0,0,0,0,0,0,0,0,0,0,0,0,0,0,0,0,0,0
157.250,22.599,3.464,-11.215,100.399,0,29.666,9.075,-9.403,-47.296,7.878,-34.796,100.123,1,-46.500,1.000,-34.788,0,0,0,0,0,0,0,0,0,0,0,0,0,0,0,0,0,0,0,0,0,0,0,0
157.300,22.639,3.502,-11.154,100.399,0,29.666,9.075,-9.403,-47.297,7.871,-34.797,100.123,1,-46.500,1.000,-34.788,0,0,0,0,0,0,0,0,0,0,0,0,0,0,0,0,0,0,0,0,0,0,0,0
157.350,22.682,3.541,-11.090,100.399,0,29.666,9.075,-9.403,-47.298,7.863,-34.798,100.123,1,-46.500,1.000,-34.788,0,0,0,0,0,0,0,0,0,0,0,0,0,0,0,0,0,0,0,0,0,0,0,0
157.400,22.726,3.583,-11.026,100.399,0,29.666,9.075,-9.403,-47.300,7.856,-34.799,100.123,1,-46.500,1.000,-34.788,0,0,0,0,0,0,0,0,0,0,0,0,0,0,0,0,0,0,0,0,0,0,0,0
157.450,22.771,3.627,-10.960,100.399,0,29.666,9.075,-9.403,-47.301,7.849,-34.800,100.123,1,-46.500,1.000,-34.788,0,0,0,0,0,0,0,0,0,0,0,0,0,0,0,0,0,0,0,0,0,0,0,0
157.500,22.818,3.673,-10.892,100.399,0,29.666,9.075,-9.403,-47.302,7.842,-34.801,100.123,1,-46.500,1.000,-34.788,0,0,0,0,0,0,0,0,0,0,0,0,0,0,0,0,0,0,0,0,0,0,0,0
157.550,22.867,3.721,-10.824,100.399,0,29.666,9.075,-9.403,-47.303,7.836,-34.802,100.123,1,-46.500,1.000,-34.788,0,0,0,0,0,0,0,0,0,0,0,0,0,0,0,0,0,0,0,0,0,0,0,0
157.600,22.916,3.771,-10.755,100.399,0,29.666,9.075,-9.403,-47.304,7.829,-34.803,100.123,1,-46.500,1.000,-34.788,0,0,0,0,0,0,0,0,0,0,0,0,0,0,0,0,0,0,0,0,0,0,0,0
157.650,22.967,3.822,-10.685,100.399,0,29.666,9.075,-9.403,-47.305,7.823,-34.804,100.123,1,-46.500,1.000,-34.788,0,0,0,0,0,0,0,0,0,0,0,0,0,0,0,0,0,0,0,0,0,0,0,0
157.700,23.020,3.875,-10.614,100.399,0,29.666,9.075,-9.403,-47.307,7.816,-34.805,100.123,1,-46.500,1.000,-34.788,0,0,0,0,0,0,0,0,0,0,0,0,0,0,0,0,0,0,0,0,0,0,0,0
157.750,23.073,3.929,-10.542,100.399,0,29.666,9.075,-9.403,-47.308,7.810,-34.806,100.123,1,-46.500,1.000,-34.788,0,0,0,0,0,0,0,0,0,0,0,0,0,0,0,0,0,0,0,0,0,0,0,0
157.800,23.127,3.985,-10.469,100.399,0,29.666,9.075,-9.403,-47.309,7.804,-34.807,100.123,1,-46.500,1.000,-34.788,0,0,0,0,0,0,0,0,0,0,0,0,0,0,0,0,0,0,0,0,0,0,0,0
157.850,23.182,4.042,-10.396,100.399,0,29.666,9.075,-9.403,-47.310,7.798,-34.808,100.123,1,-46.500,1.000,-34.788,0,0,0,0,0,0,0,0,0,0,0,0,0,0,0,0,0,0,0,0,0,0,0,0
157.900,23.239,4.101,-10.323,100.399,0,29.666,9.075,-9.403,-47.311,7.792,-34.809,100.123,1,-46.500,1.000,-34.788,0,0,0,0,0,0,0,0,0,0,0,0,0,0,0,0,0,0,0,0,0,0,0,0
157.950,23.296,4.160,-10.248,100.399,0,29.666,9.075,-9.403,-47.312,7.787,-34.810,100.123,1,-46.500,1.000,-34.788,0,0,0,0,0,0,0,0,0,0,0,0,0,0,0,0,0,0,0,0,0,0,0,0
158.000,23.353,4.221,-10.174,100.399,0,29.666,9.075,-9.403,-47.313,7.782,-34.811,100.123,1,-46.500,1.000,-34.788,0,0,0,0,0,0,0,0,0,0,0,0,0,0,0,0,0,0,0,0,0,0,0,0
158.050,23.412,4.283,-10.099,100.399,0,29.666,9.075,-9.403,-47.314,7.777,-34.812,100.123,1,-46.500,1.000,-34.788,0,0,0,0,0,0,0,0,0,0,0,0,0,0,0,0,0,0,0,0,0,0,0,0
158.100,23.471,4.346,-10.023,100.399,0,29.666,9.075,-9.403,-47.315,7.772,-34.813,100.123,1,-46.500,1.000,-34.788,0,0,0,0,0,0,0,0,0,0,0,0,0,0,0,0,0,0,0,0,0,0,0,0
158.150,23.531,4.409,-9.948,100.399,0,29.666,9.075,-9.403,-47.316,7.767,-34.813,100.123,1,-46.500,1.000,-34.788,0,0,0,0,0,0,0,0,0,0,0,0,0,0,0,0,0,0,0,0,0,0,0,0
158.200,23.592,4.474,-9.872,100.399,0,29.666,9.075,-9.403,-47.317,7.762,-34.814,100.123,1,-46.500,1.000,-34.788,0,0,0,0,0,0,0,0,0,0,0,0,0,0,0,0,0,0,0,0,0,0,0,0
158.250,23.653,4.539,-9.796,100.399,0,29.666,9.075,-9.403,-47.317,7.758,-34.815,100.123,1,-46.500,1.000,-34.788,0,0,0,0,0,0,0,0,0,0,0,0,0,0,0,0,0,0,0,0,0,0,0,0
158.300,23.715,4.605,-9.719,100.399,0,29.666,9.075,-9.403,-47.318,7.754,-34.816,100.123,1,-46.500,1.000,-34.788,0,0,0,0,0,0,0,0,0,0,0,0,0,0,0,0,0,0,0,0,0,0,0,0
158.350,23.777,4.672,-9.643,100.399,0,29.666,9.075,-9.403,-47.319,7.750,-34.816,100.123,1,-46.500,1.000,-34.788,0,0,0,0,0,0,0,0,0,0,0,0,0,0,0,0,0,0,0,0,0,0,0,0
158.400,23.839,4.740,-9.566,100.399,0,29.666,9.075,-9.403,-47.319,7.746,-34.817,100.123,1,-46.500,1.000,-34.788,0,0,0,0,0,0,0,0,0,0,0,0,0,0,0,0,0,0,0,0,0,0,0,0
158.450,23.903,4.808,-9.489,100.399,0,29.666,9.075,-9.403,-47.320,7.743,-34.818,100.123,1,-46.500,1.000,-34.788,0,0,0,0,0,0,0,0,0,0,0,0,0,0,0,0,0,0,0,0,0,0,0,0
158.500,23.966,4.877,-9.412,100.399,0,29.666,9.075,-9.403,-47.321,7.739,-34.818,100.123,1,-46.500,1.000,-34.788,0,0,0,0,0,0,0,0,0,0,0,0,0,0,0,0,0,0,0,0,0,0,0,0
158.550,24.030,4.946,-9.335,100.399,0,29.666,9.075,-9.403,-47.321,7.736,-34.819,100.123,1,-46.500,1.000,-34.788,0,0,0,0,0,0,0,0,0,0,0,0,0,0,0,0,0,0,0,0,0,0,0,0
158.600,24.095,5.016,-9.258,100.399,0,29.666,9.075,-9.403,-47.322,7.733,-34.820,100.123,1,-46.500,1.000,-34.788,0,0,0,0,0,0,0,0,0,0,0,0,0,0,0,0,0,0,0,0,0,0,0,0
158.650,24.159,5.086,-9.181,100.399,0,29.666,9.075,-9.403,-47.322,7.731,-34.820,100.123,1,-46.500,1.000,-34.788,0,0,0,0,0,0,0,0,0,0,0,0,0,0,0,0,0,0,0,0,0,0,0,0
158.700,24.224,5.157,-9.104,100.399,0,29.666,9.075,-9.403,-47.322,7.728,-34.821,100.123,1,-46.500,1.000,-34.788,0,0,0,0,0,0,0,0,0,0,0,0,0,0,0,0,0,0,0,0,0,0,0,0
158.750,24.290,5.228,-9.027,100.399,0,29.666,9.075,-9.403,-47.322,7.726,-34.821,100.123,1,-46.500,1.000,-34.788,0,0,0,0,0,0,0,0,0,0,0,0,0,0,0,0,0,0,0,0,0,0,0,0
158.800,24.356,5.299,-8.951,100.399,0,29.666,9.075,-9.403,-47.323,7.724,-34.822,100.123,1,-46.500,1.000,-34.788,0,0,0,0,0,0,0,0,0,0,0,0,0,0,0,0,0,0,0,0,0,0,0,0
158.850,24.422,5.371,-8.874,100.399,0,29.666,9.075,-9.403,-47.323,7.723,-34.822,100.123,1,-46.500,1.000,-34.788,0,0,0,0,0,0,0,0,0,0,0,0,0,0,0,0,0,0,0,0,0,0,0,0
158.900,24.488,5.444,-8.797,100.399,0,29.666,9.075,-9.403,-47.323,7.721,-34.823,100.123,1,-46.500,1.000,-34.788,0,0,0,0,0,0,0,0,0,0,0,0,0,0,0,0,0,0,0,0,0,0,0,0
158.950,24.555,5.516,-8.721,100.399,0,29.666,9.075,-9.403,-47.323,7.720,-34.823,100.123,1,-46.500,1.000,-34.788,0,0,0,0,0,0,0,0,0,0,0,0,0,0,0,0,0,0,0,0,0,0,0,0
159.000,24.622,5.589,-8.644,100.399,0,29.666,9.075,-9.403,-47.323,7.719,-34.824,100.123,1,-46.500,1.000,-34.788,0,0,0,0,0,0,0,0,0,0,0,0,0,0,0,0,0,0,0,0,0,0,0,0
159.050,24.690,5.662,-8.568,100.399,0,29.666,9.075,-9.403,-47.323,7.718,-34.824,100.123,1,-46.500,1.000,-34.788,0,0,0,0,0,0,0,0,0,0,0,0,0,0,0,0,0,0,0,0,0,0,0,0
159.100,24.757,5.735,-8.492,100.399,0,29.666,9.075,-9.403,-47.322,7.718,-34.824,100.123,1,-46.500,1.000,-34.788,0,0,0,0,0,0,0,0,0,0,0,0,0,0,0,0,0,0,0,0,0,0,0,0
159.150,24.825,5.809,-8.417,100.399,0,29.666,9.075,-9.403,-47.322,7.718,-34.825,100.123,1,-46.500,1.000,-34.788,0,0,0,0,0,0,0,0,0,0,0,0,0,0,0,0,0,0,0,0,0,0,0,0
159.200,24.894,5.883,-8.341,100.399,0,29.666,9.075,-9.403,-47.322,7.718,-34.825,100.123,1,-46.500,1.000,-34.788,0,0,0,0,0,0,0,0,0,0,0,0,0,0,0,0,0,0,0,0,0,0,0,0
159.250,24.962,5.957,-8.266,100.399,0,29.666,9.075,-9.403,-47.321,7.718,-34.825,100.123,1,-46.500,1.000,-34.788,0,0,0,0,0,0,0,0,0,0,0,0,0,0,0,0,0,0,0,0,0,0,0,0
159.300,25.031,6.031,-8.192,100.399,0,29.666,9.075,-9.403,-47.321,7.718,-34.825,100.123,1,-46.500,1.000,-34.788,0,0,0,0,0,0,0,0,0,0,0,0,0,0,0,0,0,0,0,0,0,0,0,0
159.350,25.101,6.106,-8.118,100.399,0,29.666,9.075,-9.403,-47.320,7.719,-34.826,100.123,1,-46.500,1.000,-34.788,0,0,0,0,0,0,0,0,0,0,0,0,0,0,0,0,0,0,0,0,0,0,0,0
159.400,25.170,6.180,-8.045,100.399,0,29.666,9.075,-9.403,-47.320,7.720,-34.826,100.123,1,-46.500,1.000,-34.788,0,0,0,0,0,0,0,0,0,0,0,0,0,0,0,0,0,0,0,0,0,0,0,0
159.450,25.240,6.255,-7.972,100.399,0,29.666,9.075,-9.403,-47.319,7.721,-34.826,100.123,1,-46.500,1.000,-34.788,0,0,0,0,0,0,0,0,0,0,0,0,0,0,0,0,0,0,0,0,0,0,0,0
159.500,25.310,6.330,-7.901,100.399,0,29.666,9.075,-9.403,-47.318,7.722,-34.826,100.123,1,-46.500,1.000,-34.788,0,0,0,0,0,0,0,0,0,0,0,0,0,0,0,0,0,0,0,0,0,0,0,0
159.550,25.381,6.405,-7.830,100.399,0,29.666,9.075,-9.403,-47.318,7.724,-34.826,100.123,1,-46.500,1.000,-34.788,0,0,0,0,0,0,0,0,0,0,0,0,0,0,0,0,0,0,0,0,0,0,0,0
159.600,25.452,6.480,-7.760,100.399,0,29.666,9.075,-9.403,-47.317,7.726,-34.826,100.123,1,-46.500,1.000,-34.788,0,0,0,0,0,0,0,0,0,0,0,0,0,0,0,0,0,0,0,0,0,0,0,0
159.650,25.523,6.556,-7.692,100.399,0,29.666,9.075,-9.403,-47.316,7.728,-34.826,100.123,1,-46.500,1.000,-34.788,0,0,0,0,0,0,0,0,0,0,0,0,0,0,0,0,0,0,0,0,0,0,0,0
159.700,25.594,6.631,-7.625,100.399,0,29.666,9.075,-9.403,-47.315,7.731,-34.826,100.123,1,-46.500,1.000,-34.788,0,0,0,0,0,0,0,0,0,0,0,0,0,0,0,0,0,0,0,0,0,0,0,0
159.750,25.666,6.707,-7.559,100.399,0,29.666,9.075,-9.403,-47.314,7.733,-34.826,100.123,1,-46.500,1.000,-34.788,0,0,0,0,0,0,0,0,0,0,0,0,0,0,0,0,0,0,0,0,0,0,0,0
159.800,25.738,6.783,-7.495,100.399,0,29.666,9.075,-9.403,-47.313,7.736,-34.826,100.123,1,-46.500,1.000,-34.788,0,0,0,0,0,0,0,0,0,0,0,0,0,0,0,0,0,0,0,0,0,0,0,0
159.850,25.811,6.859,-7.433,100.399,0,16.760,5.000,14.890,-47.312,7.739,-34.826,100.123,1,-46.500,1.000,-34.788,0,0,0,0,0,0,0,0,0,0,0,0,0,0,0,0,0,0,0,0,0,0,0,0
159.900,25.878,6.935,-7.370,100.399,0,16.760,5.000,14.890,-47.311,7.742,-34.826,100.123,1,-46.500,1.000,-34.788,0,0,0,0,0,0,0,0,0,0,0,0,0,0,0,0,0,0,0,0,0,0,0,0
159.950,25.942,7.011,-7.307,100.324,0,16.760,5.000,14.890,-47.310,7.746,-34.825,100.123,1,-46.500,1.000,-34.788,0,0,0,0,0,0,0,0,0,0,0,0,0,0,0,0,0,0,0,0,0,0,0,0
160.000,26.000,7.088,-7.243,100.248,0,16.760,5.000,14.890,-47.309,7.749,-34.825,100.123,1,-46.500,1.000,-34.788,0,0,0,0,0,0,0,0,0,0,0,0,0,0,0,0,0,0,0,0,0,0,0,0
160.050,26.055,7.164,-7.177,100.173,0,16.760,5.000,14.890,-47.307,7.753,-34.825,100.123,1,-46.500,1.000,-34.788,0,0,0,0,0,0,0,0,0,0,0,0,0,0,0,0,0,0,0,0,0,0,0,0
160.100,26.106,7.242,-7.111,100.097,0,16.760,5.000,14.890,-47.306,7.757,-34.825,100.123,1,-46.500,1.000,-34.788,0,0,0,0,0,0,0,0,0,0,0,0,0,0,0,0,0,0,0,0,0,0,0,0
160.150,26.153,7.319,-7.045,100.022,0,16.760,5.000,14.890,-47.305,7.762,-34.824,100.123,1,-46.500,1.000,-34.788,0,0,0,0,0,0,0,0,0,0,0,0,0,0,0,0,0,0,0,0,0,0,0,0
160.200,26.196,7.397,-6.977,99.946,0,16.760,5.000,14.890,-47.304,7.766,-34.824,100.123,1,-46.500,1.000,-34.788,0,0,0,0,0,0,0,0,0,0,0,0,0,0,0,0,0,0,0,0,0,0,0,0
160.250,26.236,7.475,-6.909,99.871,0,16.760,5.000,14.890,-47.302,7.771,-34.824,100.123,1,-46.500,1.000,-34.788,0,0,0,0,0,0,0,0,0,0,0,0,0,0,0,0,0,0,0,0,0,0,0,0
160.300,26.272,7.553,-6.839,99.796,0,16.760,5.000,14.890,-47.301,7.776,-34.823,100.123,1,-46.500,1.000,-34.788,0,0,0,0,0,0,0,0,0,0,0,0,0,0,0,0,0,0,0,0,0,0,0,0
160.350,26.305,7.632,-6.769,99.720,0,16.760,5.000,14.890,-47.300,7.781,-34.823,100.123,1,-46.500,1.000,-34.788,0,0,0,0,0,0,0,0,0,0,0,0,0,0,0,0,0,0,0,0,0,0,0,0
160.400,26.335,7.711,-6.699,99.645,0,16.760,5.000,14.890,-47.298,7.786,-34.822,100.123,1,-46.500,1.000,-34.788,0,0,0,0,0,0,0,0,0,0,0,0,0,0,0,0,0,0,0,0,0,0,0,0
160.450,26.361,7.790,-6.628,99.570,0,16.760,5.000,14.890,-47.297,7.792,-34.821,100.123,1,-46.500,1.000,-34.788,0,0,0,0,0,0,0,0,0,0,0,0,0,0,0,0,0,0,0,0,0,0,0,0
160.500,26.385,7.870,-6.556,99.495,0,16.760,5.000,14.890,-47.296,7.797,-34.821,100.123,1,-46.500,1.000,-34.788,0,0,0,0,0,0,0,0,0,0,0,0,0,0,0,0,0,0,0,0,0,0,0,0
160.550,26.406,7.950,-6.483,99.421,0,16.760,5.000,14.890,-47.294,7.803,-34.820,100.123,1,-46.500,1.000,-34.788,0,0,0,0,0,0,0,0,0,0,0,0,0,0,0,0,0,0,0,0,0,0,0,0
160.600,26.424,8.029,-6.410,99.346,0,16.760,5.000,14.890,-47.293,7.809,-34.819,100.123,1,-46.500,1.000,-34.788,0,0,0,0,0,0,0,0,0,0,0,0,0,0,0,0,0,0,0,0,0,0,0,0
160.650,26.440,8.110,-6.336,99.271,0,16.760,5.000,14.890,-47.291,7.815,-34.819,100.123,1,-46.500,1.000,-34.788,0,0,0,0,0,0,0,0,0,0,0,0,0,0,0,0,0,0,0,0,0,0,0,0
160.700,26.453,8.190,-6.261,99.197,0,16.760,5.000,14.890,-47.290,7.821,-34.818,100.123,1,-46.500,1.000,-34.788,0,0,0,0,0,0,0,0,0,0,0,0,0,0,0,0,0,0,0,0,0,0,0,0
160.750,26.463,8.270,-6.186,99.123,0,16.760,5.000,14.890,-47.289,7.827,-34.817,100.123,1,-46.500,1.000,-34.788,0,0,0,0,0,0,0,0,0,0,0,0,0,0,0,0,0,0,0,0,0,0,0,0
160.800,26.471,8.351,-6.111,99.049,0,16.760,5.000,14.890,-47.287,7.834,-34.816,100.123,1,-46.500,1.000,-34.788,0,0,0,0,0,0,0,0,0,0,0,0,0,0,0,0,0,0,0,0,0,0,0,0
160.850,26.477,8.432,-6.035,98.976,0,16.760,5.000,14.890,-47.286,7.840,-34.815,100.123,1,-46.500,1.000,-34.788,0,0,0,0,0,0,0,0,0,0,0,0,0,0,0,0,0,0,0,0,0,0,0,0
160.900,26.481,8.512,-5.959,98.903,0,16.760,5.000,14.890,-47.285,7.847,-34.815,100.123,1,-46.500,1.000,-34.788,0,0,0,0,0,0,0,0,0,0,0,0,0,0,0,0,0,0,0,0,0,0,0,0
160.950,26.482,8.593,-5.882,98.830,0,16.760,5.000,14.890,-47.284,7.854,-34.814,100.123,1,-46.500,1.000,-34.788,0,0,0,0,0,0,0,0,0,0,0,0,0,0,0,0,0,0,0,0,0,0,0,0
161.000,26.482,8.674,-5.805,98.757,0,16.760,5.000,14.890,-47.282,7.861,-34.813,100.123,1,-46.500,1.000,-34.788,0,0,0,0,0,0,0,0,0,0,0,0,0,0,0,0,0,0,0,0,0,0,0,0
161.050,26.479,8.754,-5.727,98.685,0,16.760,5.000,14.890,-47.281,7.868,-34.812,100.123,1,-46.500,1.000,-34.788,0,0,0,0,0,0,0,0,0,0,0,0,0,0,0,0,0,0,0,0,0,0,0,0
161.100,26.475,8.835,-5.649,98.613,0,16.760,5.000,14.890,-47.280,7.875,-34.810,100.123,1,-46.500,1.000,-34.788,0,0,0,0,0,0,0,0,0,0,0,0,0,0,0,0,0,0,0,0,0,0,0,0
161.150,26.469,8.915,-5.571,98.541,0,16.760,5.000,14.890,-47.279,7.882,-34.809,100.123,1,-46.500,1.000,-34.788,0,0,0,0,0,0,0,0,0,0,0,0,0,0,0,0,0,0,0,0,0,0,0,0
161.200,26.461,8.995,-5.492,98.470,0,16.760,5.000,14.890,-47.278,7.889,-34.808,100.123,1,-46.500,1.000,-34.788,0,0,0,0,0,0,0,0,0,0,0,0,0,0,0,0,0,0,0,0,0,0,0,0
161.250,26.452,9.076,-5.414,98.399,0,16.760,5.000,14.890,-47.277,7.896,-34.807,100.123,1,-46.500,1.000,-34.788,0,0,0,0,0,0,0,0,0,0,0,0,0,0,0,0,0,0,0,0,0,0,0,0
161.300,26.440,9.155,-5.334,98.328,0,16.760,5.000,14.890,-47.276,7.904,-34.806,100.123,1,-46.500,1.000,-34.788,0,0,0,0,0,0,0,0,0,0,0,0,0,0,0,0,0,0,0,0,0,0,0,0
161.350,26.428,9.235,-5.255,98.258,0,16.760,5.000,14.890,-47.275,7.911,-34.805,100.123,1,-46.500,1.000,-34.788,0,0,0,0,0,0,0,0,0,0,0,0,0,0,0,0,0,0,0,0,0,0,0,0
161.400,26.413,9.314,-5.176,98.188,0,16.760,5.000,14.890,-47.274,7.919,-34.803,100.123,1,-46.500,1.000,-34.788,0,0,0,0,0,0,0,0,0,0,0,0,0,0,0,0,0,0,0,0,0,0,0,0
161.450,26.398,9.393,-5.096,98.118,0,16.760,5.000,14.890,-47.273,7.926,-34.802,100.123,1,-46.500,1.000,-34.788,0,0,0,0,0,0,0,0,0,0,0,0,0,0,0,0,0,0,0,0,0,0,0,0
161.500,26.381,9.472,-5.016,98.049,0,16.760,5.000,14.890,-47.273,7.934,-34.801,100.123,1,-46.500,1.000,-34.788,0,0,0,0,0,0,0,0,0,0,0,0,0,0,0,0,0,0,0,0,0,0,0,0
161.550,26.362,9.550,-4.936,97.981,0,16.760,5.000,14.890,-47.272,7.941,-34.799,100.123,1,-46.500,1.000,-34.788,0,0,0,0,0,0,0,0,0,0,0,0,0,0,0,0,0,0,0,0,0,0,0,0
161.600,26.342,9.628,-4.855,97.913,0,16.760,5.000,14.890,-47.271,7.948,-34.798,100.123,1,-46.500,1.000,-34.788,0,0,0,0,0,0,0,0,0,0,0,0,0,0,0,0,0,0,0,0,0,0,0,0
161.650,26.321,9.705,-4.775,97.845,0,16.760,5.000,14.890,-47.271,7.956,-34.797,100.123,1,-46.500,1.000,-34.788,0,0,0,0,0,0,0,0,0,0,0,0,0,0,0,0,0,0,0,0,0,0,0,0
161.700,26.299,9.782,-4.694,97.778,0,16.760,5.000,14.890,-47.270,7.963,-34.795,100.123,1,-46.500,1.000,-34.788,0,0,0,0,0,0,0,0,0,0,0,0,0,0,0,0,0,0,0,0,0,0,0,0
161.750,26.276,9.858,-4.613,97.711,0,16.760,5.000,14.890,-47.270,7.971,-34.794,100.123,1,-46.500,1.000,-34.788,0,0,0,0,0,0,0,0,0,0,0,0,0,0,0,0,0,0,0,0,0,0,0,0
161.800,26.252,9.934,-4.532,97.646,0,16.760,5.000,14.890,-47.270,7.978,-34.792,100.123,1,-46.500,1.000,-34.788,0,0,0,0,0,0,0,0,0,0,0,0,0,0,0,0,0,0,0,0,0,0,0,0
161.850,26.226,10.009,-4.451,97.580,0,16.760,5.000,14.890,-47.269,7.986,-34.791,100.123,1,-46.500,1.000,-34.788,0,0,0,0,0,0,0,0,0,0,0,0,0,0,0,0,0,0,0,0,0,0,0,0
161.900,26.199,10.083,-4.370,97.515,0,16.760,5.000,14.890,-47.269,7.993,-34.789,100.123,1,-46.500,1.000,-34.788,0,0,0,0,0,0,0,0,0,0,0,0,0,0,0,0,0,0,0,0,0,0,0,0
161.950,26.172,10.157,-4.289,97.451,0,16.760,5.000,14.890,-47.269,8.001,-34.787,100.123,1,-46.500,1.000,-34.788,0,0,0,0,0,0,0,0,0,0,0,0,0,0,0,0,0,0,0,0,0,0,0,0
162.000,26.143,10.229,-4.207,97.387,0,16.760,5.000,14.890,-47.269,8.008,-34.786,100.123,1,-46.500,1.000,-34.788,0,0,0,0,0,0,0,0,0,0,0,0,0,0,0,0,0,0,0,0,0,0,0,0
162.050,26.114,10.301,-4.126,97.324,0,16.760,5.000,14.890,-47.269,8.015,-34.784,100.123,1,-46.500,1.000,-34.788,0,0,0,0,0,0,0,0,0,0,0,0,0,0,0,0,0,0,0,0,0,0,0,0
162.100,26.084,10.373,-4.044,97.261,0,16.760,5.000,14.890,-47.269,8.022,-34.782,100.123,1,-46.500,1.000,-34.788,0,0,0,0,0,0,0,0,0,0,0,0,0,0,0,0,0,0,0,0,0,0,0,0
162.150,26.053,10.443,-3.962,97.199,0,16.760,5.000,14.890,-47.269,8.029,-34.781,100.123,1,-46.500,1.000,-34.788,0,0,0,0,0,0,0,0,0,0,0,0,0,0,0,0,0,0,0,0,0,0,0,0
162.200,26.021,10.512,-3.881,97.137,0,16.760,5.000,14.890,-47.269,8.036,-34.779,100.123,1,-46.500,1.000,-34.788,0,0,0,0,0,0,0,0,0,0,0,0,0,0,0,0,0,0,0,0,0,0,0,0
162.250,25.988,10.581,-3.799,97.076,0,16.760,5.000,14.890,-47.270,8.043,-34.777,100.123,1,-46.500,1.000,-34.788,0,0,0,0,0,0,0,0,0,0,0,0,0,0,0,0,0,0,0,0,0,0,0,0
162.300,25.954,10.648,-3.717,97.015,0,16.760,5.000,14.890,-47.270,8.050,-34.776,100.123,1,-46.500,1.000,-34.788,0,0,0,0,0,0,0,0,0,0,0,0,0,0,0,0,0,0,0,0,0,0,0,0
162.350,25.920,10.714,-3.634,96.954,0,16.760,5.000,14.890,-47.271,8.057,-34.774,100.123,1,-46.500,1.000,-34.788,0,0,0,0,0,0,0,0,0,0,0,0,0,0,0,0,0,0,0,0,0,0,0,0
162.400,25.885,10.780,-3.552,96.894,0,16.760,5.000,14.890,-47.271,8.064,-34.772,100.123,1,-46.500,1.000,-34.788,0,0,0,0,0,0,0,0,0,0,0,0,0,0,0,0,0,0,0,0,0,0,0,0
162.450,25.849,10.844,-3.470,96.834,0,16.760,5.000,14.890,-47.272,8.071,-34.770,100.123,1,-46.500,1.000,-34.788,0,0,0,0,0,0,0,0,0,0,0,0,0,0,0,0,0,0,0,0,0,0,0,0
162.500,25.812,10.907,-3.387,96.775,0,16.760,5.000,14.890,-47.272,8.077,-34.768,100.123,1,-46.500,1.000,-34.788,0,0,0,0,0,0,0,0,0,0,0,0,0,0,0,0,0,0,0,0,0,0,0,0
162.550,25.775,10.969,-3.304,96.716,0,16.760,5.000,14.890,-47.273,8.084,-34.767,100.123,1,-46.500,1.000,-34.788,0,0,0,0,0,0,0,0,0,0,0,0,0,0,0,0,0,0,0,0,0,0,0,0
162.600,25.737,11.030,-3.221,96.657,0,16.760,5.000,14.890,-47.274,8.090,-34.765,100.123,1,-46.500,1.000,-34.788,0,0,0,0,0,0,0,0,0,0,0,0,0,0,0,0,0,0,0,0,0,0,0,0
162.650,25.699,11.089,-3.139,96.598,0,16.760,5.000,14.890,-47.275,8.096,-34.763,100.123,1,-46.500,1.000,-34.788,0,0,0,0,0,0,0,0,0,0,0,0,0,0,0,0,0,0,0,0,0,0,0,0
162.700,25.660,11.148,-3.055,96.540,0,16.760,5.000,14.890,-47.276,8.102,-34.761,100.123,1,-46.500,1.000,-34.788,0,0,0,0,0,0,0,0,0,0,0,0,0,0,0,0,0,0,0,0,0,0,0,0
162.750,25.620,11.205,-2.972,96.482,0,16.760,5.000,14.890,-47.277,8.108,-34.759,100.123,1,-46.500,1.000,-34.788,0,0,0,0,0,0,0,0,0,0,0,0,0,0,0,0,0,0,0,0,0,0,0,0
162.800,25.580,11.260,-2.889,96.424,0,16.760,5.000,14.890,-47.278,8.114,-34.757,100.123,1,-46.500,1.000,-34.788,0,0,0,0,0,0,0,0,0,0,0,0,0,0,0,0,0,0,0,0,0,0,0,0
162.850,25.539,11.315,-2.805,96.366,0,16.760,5.000,14.890,-47.279,8.119,-34.755,100.123,1,-46.500,1.000,-34.788,0,0,0,0,0,0,0,0,0,0,0,0,0,0,0,0,0,0,0,0,0,0,0,0
162.900,25.497,11.368,-2.721,96.309,0,16.760,5.000,14.890,-47.280,8.125,-34.753,100.123,1,-46.500,1.000,-34.788,0,0,0,0,0,0,0,0,0,0,0,0,0,0,0,0,0,0,0,0,0,0,0,0
162.950,25.455,11.419,-2.637,96.251,0,16.760,5.000,14.890,-47.281,8.130,-34.752,100.123,1,-46.500,1.000,-34.788,0,0,0,0,0,0,0,0,0,0,0,0,0,0,0,0,0,0,0,0,0,0,0,0
163.000,25.413,11.469,-2.553,96.194,0,16.760,5.000,14.890,-47.282,8.135,-34.750,100.123,1,-46.500,1.000,-34.788,0,0,0,0,0,0,0,0,0,0,0,0,0,0,0,0,0,0,0,0,0,0,0,0
163.050,25.369,11.518,-2.469,96.136,0,16.760,5.000,14.890,-47.284,8.140,-34.748,100.123,1,-46.500,1.000,-34.788,0,0,0,0,0,0,0,0,0,0,0,0,0,0,0,0,0,0,0,0,0,0,0,0
163.100,25.326,11.566,-2.385,96.079,0,16.760,5.000,14.890,-47.285,8.145,-34.746,100.123,1,-46.500,1.000,-34.788,0,0,0,0,0,0,0,0,0,0,0,0,0,0,0,0,0,0,0,0,0,0,0,0
163.150,25.282,11.612,-2.300,96.021,0,16.760,5.000,14.890,-47.287,8.150,-34.744,100.123,1,-46.500,1.000,-34.788,0,0,0,0,0,0,0,0,0,0,0,0,0,0,0,0,0,0,0,0,0,0,0,0
163.200,25.237,11.656,-2.215,95.964,0,16.760,5.000,14.890,-47.288,8.154,-34.742,100.123,1,-46.500,1.000,-34.788,0,0,0,0,0,0,0,0,0,0,0,0,0,0,0,0,0,0,0,0,0,0,0,0
163.250,25.191,11.699,-2.130,95.907,0,16.760,5.000,14.890,-47.290,8.159,-34.740,100.123,1,-46.500,1.000,-34.788,0,0,0,0,0,0,0,0,0,0,0,0,0,0,0,0,0,0,0,0,0,0,0,0
163.300,25.146,11.741,-2.045,95.849,0,16.760,5.000,14.890,-47.291,8.163,-34.738,100.123,1,-46.500,1.000,-34.788,0,0,0,0,0,0,0,0,0,0,0,0,0,0,0,0,0,0,0,0,0,0,0,0
163.350,25.099,11.781,-1.960,95.792,0,16.760,5.000,14.890,-47.293,8.167,-34.737,100.123,1,-46.500,1.000,-34.788,0,0,0,0,0,0,0,0,0,0,0,0,0,0,0,0,0,0,0,0,0,0,0,0
163.400,25.053,11.820,-1.874,95.734,0,16.760,5.000,14.890,-47.294,8.170,-34.735,100.123,1,-46.500,1.000,-34.788,0,0,0,0,0,0,0,0,0,0,0,0,0,0,0,0,0,0,0,0,0,0,0,0
163.450,25.005,11.857,-1.789,95.677,0,16.760,5.000,14.890,-47.296,8.174,-34.733,100.123,1,-46.500,1.000,-34.788,0,0,0,0,0,0,0,0,0,0,0,0,0,0,0,0,0,0,0,0,0,0,0,0
163.500,24.958,11.893,-1.703,95.619,0,16.760,5.000,14.890,-47.298,8.177,-34.731,100.123,1,-46.500,1.000,-34.788,0,0,0,0,0,0,0,0,0,0,0,0,0,0,0,0,0,0,0,0,0,0,0,0
163.550,24.909,11.927,-1.617,95.562,0,16.760,5.000,14.890,-47.300,8.180,-34.730,100.123,1,-46.500,1.000,-34.788,0,0,0,0,0,0,0,0,0,0,0,0,0,0,0,0,0,0,0,0,0,0,0,0
163.600,24.861,11.960,-1.531,95.504,0,16.760,5.000,14.890,-47.301,8.183,-34.728,100.123,1,-46.500,1.000,-34.788,0,0,0,0,0,0,0,0,0,0,0,0,0,0,0,0,0,0,0,0,0,0,0,0
163.650,24.812,11.991,-1.444,95.446,0,16.760,5.000,14.890,-47.303,8.186,-34.726,100.123,1,-46.500,1.000,-34.788,0,0,0,0,0,0,0,0,0,0,0,0,0,0,0,0,0,0,0,0,0,0,0,0
163.700,24.763,12.021,-1.358,95.389,0,16.760,5.000,14.890,-47.305,8.188,-34.724,100.123,1,-46.500,1.000,-34.788,0,0,0,0,0,0,0,0,0,0,0,0,0,0,0,0,0,0,0,0,0,0,0,0
163.750,24.713,12.050,-1.271,95.331,0,16.760,5.000,14.890,-47.307,8.191,-34.723,100.123,1,-46.500,1.000,-34.788,0,0,0,0,0,0,0,0,0,0,0,0,0,0,0,0,0,0,0,0,0,0,0,0
163.800,24.663,12.077,-1.184,95.273,0,16.760,5.000,14.890,-47.308,8.193,-34.721,100.123,1,-46.500,1.000,-34.788,0,0,0,0,0,0,0,0,0,0,0,0,0,0,0,0,0,0,0,0,0,0,0,0
163.850,24.612,12.102,-1.097,95.215,0,16.760,5.000,14.890,-47.310,8.194,-34.720,100.123,1,-46.500,1.000,-34.788,0,0,0,0,0,0,0,0,0,0,0,0,0,0,0,0,0,0,0,0,0,0,0,0
163.900,24.561,12.127,-1.010,95.158,0,16.760,5.000,14.890,-47.312,8.196,-34.718,100.123,1,-46.500,1.000,-34.788,0,0,0,0,0,0,0,0,0,0,0,0,0,0,0,0,0,0,0,0,0,0,0,0
163.950,24.510,12.150,-0.923,95.100,0,16.760,5.000,14.890,-47.314,8.197,-34.717,100.123,1,-46.500,1.000,-34.788,0,0,0,0,0,0,0,0,0,0,0,0,0,0,0,0,0,0,0,0,0,0,0,0
164.000,24.459,12.171,-0.836,95.042,0,16.760,5.000,14.890,-47.316,8.199,-34.715,100.123,1,-46.500,1.000,-34.788,0,0,0,0,0,0,0,0,0,0,0,0,0,0,0,0,0,0,0,0,0,0,0,0
164.050,24.407,12.191,-0.748,94.984,0,16.760,5.000,14.890,-47.318,8.199,-34.714,100.123,1,-46.500,1.000,-34.788,0,0,0,0,0,0,0,0,0,0,0,0,0,0,0,0,0,0,0,0,0,0,0,0
164.100,24.355,12.210,-0.660,94.926,0,16.760,5.000,14.890,-47.319,8.200,-34.713,100.123,1,-46.500,1.000,-34.788,0,0,0,0,0,0,0,0,0,0,0,0,0,0,0,0,0,0,0,0,0,0,0,0
164.150,24.302,12.228,-0.573,94.867,0,16.760,5.000,14.890,-47.321,8.201,-34.711,100.123,1,-46.500,1.000,-34.788,0,0,0,0,0,0,0,0,0,0,0,0,0,0,0,0,0,0,0,0,0,0,0,0
164.200,24.250,12.244,-0.485,94.809,0,16.760,5.000,14.890,-47.323,8.201,-34.710,100.123,1,-46.500,1.000,-34.788,0,0,0,0,0,0,0,0,0,0,0,0,0,0,0,0,0,0,0,0,0,0,0,0
164.250,24.197,12.259,-0.397,94.751,0,16.760,5.000,14.890,-47.325,8.201,-34.709,100.123,1,-46.500,1.000,-34.788,0,0,0,0,0,0,0,0,0,0,0,0,0,0,0,0,0,0,0,0,0,0,0,0
164.300,24.144,12.273,-0.309,94.693,0,16.760,5.000,14.890,-47.326,8.200,-34.708,100.123,1,-46.500,1.000,-34.788,0,0,0,0,0,0,0,0,0,0,0,0,0,0,0,0,0,0,0,0,0,0,0,0
164.350,24.090,12.285,-0.220,94.634,0,16.760,5.000,14.890,-47.328,8.200,-34.707,100.123,1,-46.500,1.000,-34.788,0,0,0,0,0,0,0,0,0,0,0,0,0,0,0,0,0,0,0,0,0,0,0,0
164.400,24.037,12.297,-0.132,94.576,0,16.760,5.000,14.890,-47.330,8.199,-34.706,100.123,1,-46.500,1.000,-34.788,0,0,0,0,0,0,0,0,0,0,0,0,0,0,0,0,0,0,0,0,0,0,0,0
164.450,23.983,12.307,-0.043,94.518,0,16.760,5.000,14.890,-47.332,8.198,-34.705,100.123,1,-46.500,1.000,-34.788,0,0,0,0,0,0,0,0,0,0,0,0,0,0,0,0,0,0,0,0,0,0,0,0
164.500,23.929,12.316,0.045,94.459,0,16.760,5.000,14.890,-47.333,8.197,-34.704,100.123,1,-46.500,1.000,-34.788,0,0,0,0,0,0,0,0,0,0,0,0,0,0,0,0,0,0,0,0,0,0,0,0
164.550,23.875,12.323,0.134,94.401,0,16.760,5.000,14.890,-47.335,8.196,-34.703,100.123,1,-46.500,1.000,-34.788,0,0,0,0,0,0,0,0,0,0,0,0,0,0,0,0,0,0,0,0,0,0,0,0
164.600,23.821,12.330,0.223,94.342,0,16.760,5.000,14.890,-47.336,8.194,-34.702,100.123,1,-46.500,1.000,-34.788,0,0,0,0,0,0,0,0,0,0,0,0,0,0,0,0,0,0,0,0,0,0,0,0
164.650,23.766,12.335,0.311,94.283,0,16.760,5.000,14.890,-47.338,8.192,-34.702,100.123,1,-46.500,1.000,-34.788,0,0,0,0,0,0,0,0,0,0,0,0,0,0,0,0,0,0,0,0,0,0,0,0
164.700,23.712,12.340,0.400,94.225,0,16.760,5.000,14.890,-47.339,8.190,-34.701,100.123,1,-46.500,1.000,-34.788,0,0,0,0,0,0,0,0,0,0,0,0,0,0,0,0,0,0,0,0,0,0,0,0
164.750,23.657,12.343,0.489,94.166,0,16.760,5.000,14.890,-47.341,8.187,-34.701,100.123,1,-46.500,1.000,-34.788,0,0,0,0,0,0,0,0,0,0,0,0,0,0,0,0,0,0,0,0,0,0,0,0
164.800,23.602,12.345,0.578,94.107,0,16.760,5.000,14.890,-47.342,8.185,-34.700,100.123,1,-46.500,1.000,-34.788,0,0,0,0,0,0,0,0,0,0,0,0,0,0,0,0,0,0,0,0,0,0,0,0
164.850,23.547,12.346,0.667,94.049,0,16.760,5.000,14.890,-47.343,8.182,-34.700,100.123,1,-46.500,1.000,-34.788,0,0,0,0,0,0,0,0,0,0,0,0,0,0,0,0,0,0,0,0,0,0,0,0
164.900,23.492,12.346,0.756,93.990,0,16.760,5.000,14.890,-47.345,8.179,-34.700,100.123,1,-46.500,1.000,-34.788,0,0,0,0,0,0,0,0,0,0,0,0,0,0,0,0,0,0,0,0,0,0,0,0
164.950,23.437,12.345,0.846,93.931,0,16.760,5.000,14.890,-47.346,8.176,-34.700,100.123,1,-46.500,1.000,-34.788,0,0,0,0,0,0,0,0,0,0,0,0,0,0,0,0,0,0,0,0,0,0,0,0
165.000,23.382,12.343,0.935,93.872,0,16.760,5.000,14.890,-47.347,8.172,-34.700,100.123,1,-46.500,1.000,-34.788,0,0,0,0,0,0,0,0,0,0,0,0,0,0,0,0,0,0,0,0,0,0,0,0
165.050,23.326,12.340,1.024,93.814,0,16.760,5.000,14.890,-47.348,8.169,-34.700,100.123,1,-46.500,1.000,-34.788,0,0,0,0,0,0,0,0,0,0,0,0,0,0,0,0,0,0,0,0,0,0,0,0
165.100,23.271,12.337,1.113,93.755,0,16.760,5.000,14.890,-47.349,8.165,-34.700,100.123,1,-46.500,1.000,-34.788,0,0,0,0,0,0,0,0,0,0,0,0,0,0,0,0,0,0,0,0,0,0,0,0
165.150,23.215,12.332,1.203,93.696,0,16.760,5.000,14.890,-47.350,8.161,-34.700,100.123,1,-46.500,1.000,-34.788,0,0,0,0,0,0,0,0,0,0,0,0,0,0,0,0,0,0,0,0,0,0,0,0
165.200,23.160,12.326,1.292,93.637,0,16.760,5.000,14.890,-47.351,8.156,-34.700,100.123,1,-46.500,1.000,-34.788,0,0,0,0,0,0,0,0,0,0,0,0,0,0,0,0,0,0,0,0,0,0,0,0
165.250,23.104,12.320,1.382,93.578,0,16.760,5.000,14.890,-47.352,8.152,-34.701,100.123,1,-46.500,1.000,-34.788,0,0,0,0,0,0,0,0,0,0,0,0,0,0,0,0,0,0,0,0,0,0,0,0
165.300,23.049,12.312,1.471,93.519,0,16.760,5.000,14.890,-47.352,8.147,-34.701,100.123,1,-46.500,1.000,-34.788,0,0,0,0,0,0,0,0,0,0,0,0,0,0,0,0,0,0,0,0,0,0,0,0
165.350,22.993,12.304,1.560,93.461,0,16.760,5.000,14.890,-47.353,8.142,-34.702,100.123,1,-46.500,1.000,-34.788,0,0,0,0,0,0,0,0,0,0,0,0,0,0,0,0,0,0,0,0,0,0,0,0
165.400,22.938,12.295,1.650,93.402,0,16.760,5.000,14.890,-47.353,8.137,-34.702,100.123,1,-46.500,1.000,-34.788,0,0,0,0,0,0,0,0,0,0,0,0,0,0,0,0,0,0,0,0,0,0,0,0
165.450,22.882,12.285,1.739,93.343,0,16.760,5.000,14.890,-47.354,8.132,-34.703,100.123,1,-46.500,1.000,-34.788,0,0,0,0,0,0,0,0,0,0,0,0,0,0,0,0,0,0,0,0,0,0,0,0
165.500,22.827,12.274,1.829,93.284,0,16.760,5.000,14.890,-47.354,8.127,-34.704,100.123,1,-46.500,1.000,-34.788,0,0,0,0,0,0,0,0,0,0,0,0,0,0,0,0,0,0,0,0,0,0,0,0
165.550,22.771,12.263,1.918,93.225,0,16.760,5.000,14.890,-47.355,8.121,-34.705,100.123,1,-46.500,1.000,-34.788,0,0,0,0,0,0,0,0,0,0,0,0,0,0,0,0,0,0,0,0,0,0,0,0
165.600,22.715,12.251,2.008,93.166,0,16.760,5.000,14.890,-47.355,8.115,-34.706,100.123,1,-46.500,1.000,-34.788,0,0,0,0,0,0,0,0,0,0,0,0,0,0,0,0,0,0,0,0,0,0,0,0
165.650,22.660,12.238,2.097,93.108,0,16.760,5.000,14.890,-47.355,8.110,-34.707,100.123,1,-46.500,1.000,-34.788,0,0,0,0,0,0,0,0,0,0,0,0,0,0,0,0,0,0,0,0,0,0,0,0
165.700,22.604,12.224,2.187,93.049,0,16.760,5.000,14.890,-47.355,8.104,-34.708,100.123,1,-46.500,1.000,-34.788,0,0,0,0,0,0,0,0,0,0,0,0,0,0,0,0,0,0,0,0,0,0,0,0
165.750,22.549,12.210,2.276,92.990,0,16.760,5.000,14.890,-47.355,8.097,-34.709,100.123,1,-46.500,1.000,-34.788,0,0,0,0,0,0,0,0,0,0,0,0,0,0,0,0,0,0,0,0,0,0,0,0
165.800,22.494,12.195,2.366,92.931,0,16.760,5.000,14.890,-47.355,8.091,-34.711,100.123,1,-46.500,1.000,-34.788,0,0,0,0,0,0,0,0,0,0,0,0,0,0,0,0,0,0,0,0,0,0,0,0
165.850,22.438,12.180,2.455,92.873,0,16.760,5.000,14.890,-47.355,8.085,-34.712,100.123,1,-46.500,1.000,-34.788,0,0,0,0,0,0,0,0,0,0,0,0,0,0,0,0,0,0,0,0,0,0,0,0
165.900,22.383,12.164,2.545,92.814,0,16.760,5.000,14.890,-47.355,8.078,-34.714,100.123,1,-46.500,1.000,-34.788,0,0,0,0,0,0,0,0,0,0,0,0,0,0,0,0,0,0,0,0,0,0,0,0
165.950,22.328,12.147,2.634,92.755,0,16.760,5.000,14.890,-47.354,8.072,-34.716,100.123,1,-46.500,1.000,-34.788,0,0,0,0,0,0,0,0,0,0,0,0,0,0,0,0,0,0,0,0,0,0,0,0
166.000,22.272,12.129,2.724,92.697,0,16.760,5.000,14.890,-47.354,8.065,-34.717,100.123,1,-46.500,1.000,-34.788,0,0,0,0,0,0,0,0,0,0,0,0,0,0,0,0,0,0,0,0,0,0,0,0
166.050,22.217,12.111,2.813,92.638,0,16.760,5.000,14.890,-47.353,8.058,-34.719,100.123,1,-46.500,1.000,-34.788,0,0,0,0,0,0,0,0,0,0,0,0,0,0,0,0,0,0,0,0,0,0,0,0
166.100,22.162,12.093,2.903,92.579,0,16.760,5.000,14.890,-47.353,8.051,-34.721,100.123,1,-46.500,1.000,-34.788,0,0,0,0,0,0,0,0,0,0,0,0,0,0,0,0,0,0,0,0,0,0,0,0
166.150,22.107,12.074,2.992,92.521,0,16.760,5.000,14.890,-47.352,8.044,-34.723,100.123,1,-46.500,1.000,-34.788,0,0,0,0,0,0,0,0,0,0,0,0,0,0,0,0,0,0,0,0,0,0,0,0
166.200,22.053,12.054,3.081,92.462,0,16.760,5.000,14.890,-47.351,8.037,-34.725,100.123,1,-46.500,1.000,-34.788,0,0,0,0,0,0,0,0,0,0,0,0,0,0,0,0,0,0,0,0,0,0,0,0
166.250,21.998,12.034,3.171,92.404,0,16.760,5.000,14.890,-47.351,8.030,-34.727,100.123,1,-46.500,1.000,-34.788,0,0,0,0,0,0,0,0,0,0,0,0,0,0,0,0,0,0,0,0,0,0,0,0
166.300,21.943,12.013,3.260,92.346,0,16.760,5.000,14.890,-47.350,8.022,-34.730,100.123,1,-46.500,1.000,-34.788,0,0,0,0,0,0,0,0,0,0,0,0,0,0,0,0,0,0,0,0,0,0,0,0
166.350,21.889,11.992,3.350,92.287,0,16.760,5.000,14.890,-47.349,8.015,-34.732,100.123,1,-46.500,1.000,-34.788,0,0,0,0,0,0,0,0,0,0,0,0,0,0,0,0,0,0,0,0,0,0,0,0
166.400,21.834,11.971,3.439,92.229,0,16.760,5.000,14.890,-47.348,8.008,-34.734,100.123,1,-46.500,1.000,-34.788,0,0,0,0,0,0,0,0,0,0,0,0,0,0,0,0,0,0,0,0,0,0,0,0
166.450,21.780,11.949,3.528,92.170,0,16.760,5.000,14.890,-47.346,8.000,-34.737,100.123,1,-46.500,1.000,-34.788,0,0,0,0,0,0,0,0,0,0,0,0,0,0,0,0,0,0,0,0,0,0,0,0
166.500,21.726,11.926,3.618,92.112,0,16.760,5.000,14.890,-47.345,7.993,-34.739,100.123,1,-46.500,1.000,-34.788,0,0,0,0,0,0,0,0,0,0,0,0,0,0,0,0,0,0,0,0,0,0,0,0
166.550,21.672,11.903,3.707,92.054,0,16.760,5.000,14.890,-47.344,7.986,-34.742,100.123,1,-46.500,1.000,-34.788,0,0,0,0,0,0,0,0,0,0,0,0,0,0,0,0,0,0,0,0,0,0,0,0
166.600,21.618,11.880,3.796,91.996,0,16.760,5.000,14.890,-47.343,7.978,-34.744,100.123,1,-46.500,1.000,-34.788,0,0,0,0,0,0,0,0,0,0,0,0,0,0,0,0,0,0,0,0,0,0,0,0
166.650,21.564,11.856,3.886,91.938,0,16.760,5.000,14.890,-47.341,7.971,-34.747,100.123,1,-46.500,1.000,-34.788,0,0,0,0,0,0,0,0,0,0,0,0,0,0,0,0,0,0,0,0,0,0,0,0
166.700,21.510,11.832,3.975,91.880,0,16.760,5.000,14.890,-47.340,7.963,-34.750,100.123,1,-46.500,1.000,-34.788,0,0,0,0,0,0,0,0,0,0,0,0,0,0,0,0,0,0,0,0,0,0,0,0
166.750,21.457,11.807,4.064,91.822,0,16.760,5.000,14.890,-47.338,7.956,-34.753,100.123,1,-46.500,1.000,-34.788,0,0,0,0,0,0,0,0,0,0,0,0,0,0,0,0,0,0,0,0,0,0,0,0
166.800,21.403,11.782,4.154,91.764,0,16.760,5.000,14.890,-47.337,7.948,-34.755,100.123,1,-46.500,1.000,-34.788,0,0,0,0,0,0,0,0,0,0,0,0,0,0,0,0,0,0,0,0,0,0,0,0
166.850,21.350,11.757,4.243,91.706,0,16.760,5.000,14.890,-47.335,7.941,-34.758,100.123,1,-46.500,1.000,-34.788,0,0,0,0,0,0,0,0,0,0,0,0,0,0,0,0,0,0,0,0,0,0,0,0
166.900,21.297,11.732,4.332,91.648,0,16.760,5.000,14.890,-47.334,7.933,-34.761,100.123,1,-46.500,1.000,-34.788,0,0,0,0,0,0,0,0,0,0,0,0,0,0,0,0,0,0,0,0,0,0,0,0
166.950,21.244,11.706,4.421,91.590,0,16.760,5.000,14.890,-47.332,7.926,-34.764,100.123,1,-46.500,1.000,-34.788,0,0,0,0,0,0,0,0,0,0,0,0,0,0,0,0,0,0,0,0,0,0,0,0
167.000,21.192,11.679,4.511,91.532,0,16.760,5.000,14.890,-47.330,7.918,-34.767,100.123,1,-46.500,1.000,-34.788,0,0,0,0,0,0,0,0,0,0,0,0,0,0,0,0,0,0,0,0,0,0,0,0
167.050,21.139,11.653,4.600,91.475,0,16.760,5.000,14.890,-47.328,7.911,-34.770,100.123,1,-46.500,1.000,-34.788,0,0,0,0,0,0,0,0,0,0,0,0,0,0,0,0,0,0,0,0,0,0,0,0
167.100,21.087,11.626,4.689,91.417,0,16.760,5.000,14.890,-47.326,7.904,-34.773,100.123,1,-46.500,1.000,-34.788,0,0,0,0,0,0,0,0,0,0,0,0,0,0,0,0,0,0,0,0,0,0,0,0
167.150,21.035,11.599,4.778,91.360,0,16.760,5.000,14.890,-47.325,7.896,-34.777,100.123,1,-46.500,1.000,-34.788,0,0,0,0,0,0,0,0,0,0,0,0,0,0,0,0,0,0,0,0,0,0,0,0
167.200,20.983,11.571,4.868,91.303,0,16.760,5.000,14.890,-47.323,7.889,-34.780,100.123,1,-46.500,1.000,-34.788,0,0,0,0,0,0,0,0,0,0,0,0,0,0,0,0,0,0,0,0,0,0,0,0
167.250,20.931,11.544,4.957,91.246,0,16.760,5.000,14.890,-47.321,7.882,-34.783,100.123,1,-46.500,1.000,-34.788,0,0,0,0,0,0,0,0,0,0,0,0,0,0,0,0,0,0,0,0,0,0,0,0
167.300,20.879,11.516,5.046,91.189,0,16.760,5.000,14.890,-47.319,7.875,-34.786,100.123,1,-46.500,1.000,-34.788,0,0,0,0,0,0,0,0,0,0,0,0,0,0,0,0,0,0,0,0,0,0,0,0
167.350,20.828,11.488,5.135,91.132,0,16.760,5.000,14.890,-47.317,7.868,-34.789,100.123,1,-46.500,1.000,-34.788,0,0,0,0,0,0,0,0,0,0,0,0,0,0,0,0,0,0,0,0,0,0,0,0
167.400,20.777,11.459,5.224,91.075,0,16.760,5.000,14.890,-47.315,7.861,-34.792,100.123,1,-46.500,1.000,-34.788,0,0,0,0,0,0,0,0,0,0,0,0,0,0,0,0,0,0,0,0,0,0,0,0
167.450,20.726,11.431,5.314,91.018,0,16.760,5.000,14.890,-47.313,7.854,-34.795,100.123,1,-46.500,1.000,-34.788,0,0,0,0,0,0,0,0,0,0,0,0,0,0,0,0,0,0,0,0,0,0,0,0
167.500,20.675,11.402,5.403,90.962,0,16.760,5.000,14.890,-47.311,7.848,-34.799,100.123,1,-46.500,1.000,-34.788,0,0,0,0,0,0,0,0,0,0,0,0,0,0,0,0,0,0,0,0,0,0,0,0
167.550,20.625,11.373,5.492,90.905,0,16.760,5.000,14.890,-47.308,7.841,-34.802,100.123,1,-46.500,1.000,-34.788,0,0,0,0,0,0,0,0,0,0,0,0,0,0,0,0,0,0,0,0,0,0,0,0
167.600,20.575,11.344,5.581,90.849,0,16.760,5.000,14.890,-47.306,7.835,-34.805,100.123,1,-46.500,1.000,-34.788,0,0,0,0,0,0,0,0,0,0,0,0,0,0,0,0,0,0,0,0,0,0,0,0
167.650,20.525,11.315,5.671,90.793,0,16.760,5.000,14.890,-47.304,7.829,-34.808,100.123,1,-46.500,1.000,-34.788,0,0,0,0,0,0,0,0,0,0,0,0,0,0,0,0,0,0,0,0,0,0,0,0
167.700,20.475,11.285,5.760,90.737,0,16.760,5.000,14.890,-47.302,7.822,-34.811,100.123,1,-46.500,1.000,-34.788,0,0,0,0,0,0,0,0,0,0,0,0,0,0,0,0,0,0,0,0,0,0,0,0
167.750,20.426,11.256,5.849,90.681,0,16.760,5.000,14.890,-47.300,7.817,-34.814,100.123,1,-46.500,1.000,-34.788,0,0,0,0,0,0,0,0,0,0,0,0,0,0,0,0,0,0,0,0,0,0,0,0
167.800,20.377,11.226,5.938,90.625,0,16.760,5.000,14.890,-47.298,7.811,-34.817,100.123,1,-46.500,1.000,-34.788,0,0,0,0,0,0,0,0,0,0,0,0,0,0,0,0,0,0,0,0,0,0,0,0
167.850,20.328,11.196,6.028,90.569,0,16.760,5.000,14.890,-47.296,7.805,-34.820,100.123,1,-46.500,1.000,-34.788,0,0,0,0,0,0,0,0,0,0,0,0,0,0,0,0,0,0,0,0,0,0,0,0
167.900,20.279,11.166,6.117,90.514,0,16.760,5.000,14.890,-47.294,7.800,-34.823,100.123,1,-46.500,1.000,-34.788,0,0,0,0,0,0,0,0,0,0,0,0,0,0,0,0,0,0,0,0,0,0,0,0
167.950,20.231,11.136,6.206,90.458,0,16.760,5.000,14.890,-47.291,7.794,-34.826,100.123,1,-46.500,1.000,-34.788,0,0,0,0,0,0,0,0,0,0,0,0,0,0,0,0,0,0,0,0,0,0,0,0
168.000,20.183,11.106,6.296,90.403,0,16.760,5.000,14.890,-47.289,7.789,-34.829,100.123,1,-46.500,1.000,-34.788,0,0,0,0,0,0,0,0,0,0,0,0,0,0,0,0,0,0,0,0,0,0,0,0
168.050,20.135,11.076,6.385,90.348,0,16.760,5.000,14.890,-47.287,7.784,-34.832,100.123,1,-46.500,1.000,-34.788,0,0,0,0,0,0,0,0,0,0,0,0,0,0,0,0,0,0,0,0,0,0,0,0
168.100,20.088,11.045,6.475,90.292,0,16.760,5.000,14.890,-47.285,7.779,-34.834,100.123,1,-46.500,1.000,-34.788,0,0,0,0,0,0,0,0,0,0,0,0,0,0,0,0,0,0,0,0,0,0,0,0
168.150,20.041,11.015,6.564,90.237,0,16.760,5.000,14.890,-47.283,7.775,-34.837,100.123,1,-46.500,1.000,-34.788,0,0,0,0,0,0,0,0,0,0,0,0,0,0,0,0,0,0,0,0,0,0,0,0
168.200,19.994,10.984,6.654,90.182,0,16.760,5.000,14.890,-47.281,7.770,-34.840,100.123,1,-46.500,1.000,-34.788,0,0,0,0,0,0,0,0,0,0,0,0,0,0,0,0,0,0,0,0,0,0,0,0
168.250,19.948,10.954,6.743,90.128,0,16.760,5.000,14.890,-47.279,7.766,-34.842,100.123,1,-46.500,1.000,-34.788,0,0,0,0,0,0,0,0,0,0,0,0,0,0,0,0,0,0,0,0,0,0,0,0
168.300,19.902,10.923,6.833,90.073,0,16.760,5.000,14.890,-47.277,7.762,-34.845,100.123,1,-46.500,1.000,-34.788,0,0,0,0,0,0,0,0,0,0,0,0,0,0,0,0,0,0,0,0,0,0,0,0
168.350,19.856,10.893,6.922,90.018,0,16.760,5.000,14.890,-47.275,7.758,-34.847,100.123,1,-46.500,1.000,-34.788,0,0,0,0,0,0,0,0,0,0,0,0,0,0,0,0,0,0,0,0,0,0,0,0
168.400,19.810,10.862,7.012,89.964,0,16.760,5.000,14.890,-47.273,7.755,-34.849,100.123,1,-46.500,1.000,-34.788,0,0,0,0,0,0,0,0,0,0,0,0,0,0,0,0,0,0,0,0,0,0,0,0
168.450,19.765,10.831,7.102,89.909,0,16.760,5.000,14.890,-47.271,7.751,-34.851,100.123,1,-46.500,1.000,-34.788,0,0,0,0,0,0,0,0,0,0,0,0,0,0,0,0,0,0,0,0,0,0,0,0
168.500,19.720,10.801,7.191,89.855,0,16.760,5.000,14.890,-47.269,7.748,-34.854,100.123,1,-46.500,1.000,-34.788,0,0,0,0,0,0,0,0,0,0,0,0,0,0,0,0,0,0,0,0,0,0,0,0
168.550,19.675,10.770,7.281,89.801,0,16.760,5.000,14.890,-47.268,7.745,-34.856,100.123,1,-46.500,1.000,-34.788,0,0,0,0,0,0,0,0,0,0,0,0,0,0,0,0,0,0,0,0,0,0,0,0
168.600,19.631,10.739,7.371,89.747,0,16.760,5.000,14.890,-47.266,7.742,-34.858,100.123,1,-46.500,1.000,-34.788,0,0,0,0,0,0,0,0,0,0,0,0,0,0,0,0,0,0,0,0,0,0,0,0
168.650,19.587,10.708,7.461,89.693,0,16.760,5.000,14.890,-47.264,7.740,-34.860,100.123,1,-46.500,1.000,-34.788,0,0,0,0,0,0,0,0,0,0,0,0,0,0,0,0,0,0,0,0,0,0,0,0
168.700,19.543,10.678,7.550,89.639,0,16.760,5.000,14.890,-47.262,7.737,-34.861,100.123,1,-46.500,1.000,-34.788,0,0,0,0,0,0,0,0,0,0,0,0,0,0,0,0,0,0,0,0,0,0,0,0
168.750,19.500,10.647,7.640,89.585,0,16.760,5.000,14.890,-47.261,7.735,-34.863,100.123,1,-46.500,1.000,-34.788,0,0,0,0,0,0,0,0,0,0,0,0,0,0,0,0,0,0,0,0,0,0,0,0
168.800,19.457,10.616,7.730,89.531,0,16.760,5.000,14.890,-47.259,7.733,-34.865,100.123,1,-46.500,1.000,-34.788,0,0,0,0,0,0,0,0,0,0,0,0,0,0,0,0,0,0,0,0,0,0,0,0
168.850,19.414,10.585,7.820,89.478,0,16.760,5.000,14.890,-47.258,7.732,-34.866,100.123,1,-46.500,1.000,-34.788,0,0,0,0,0,0,0,0,0,0,0,0,0,0,0,0,0,0,0,0,0,0,0,0
168.900,19.371,10.555,7.910,89.424,0,16.760,5.000,14.890,-47.256,7.730,-34.867,100.123,1,-46.500,1.000,-34.788,0,0,0,0,0,0,0,0,0,0,0,0,0,0,0,0,0,0,0,0,0,0,0,0
168.950,19.329,10.524,8.000,89.371,0,16.760,5.000,14.890,-47.255,7.729,-34.869,100.123,1,-46.500,1.000,-34.788,0,0,0,0,0,0,0,0,0,0,0,0,0,0,0,0,0,0,0,0,0,0,0,0
169.000,19.287,10.493,8.090,89.317,0,16.760,5.000,14.890,-47.254,7.728,-34.870,100.123,1,-46.500,1.000,-34.788,0,0,0,0,0,0,0,0,0,0,0,0,0,0,0,0,0,0,0,0,0,0,0,0
169.050,19.246,10.463,8.180,89.264,0,16.760,5.000,14.890,-47.252,7.728,-34.871,100.123,1,-46.500,1.000,-34.788,0,0,0,0,0,0,0,0,0,0,0,0,0,0,0,0,0,0,0,0,0,0,0,0
169.100,19.204,10.432,8.271,89.211,0,16.760,5.000,14.890,-47.251,7.727,-34.872,100.123,1,-46.500,1.000,-34.788,0,0,0,0,0,0,0,0,0,0,0,0,0,0,0,0,0,0,0,0,0,0,0,0
169.150,19.163,10.401,8.361,89.158,0,16.760,5.000,14.890,-47.250,7.727,-34.872,100.123,1,-46.500,1.000,-34.788,0,0,0,0,0,0,0,0,0,0,0,0,0,0,0,0,0,0,0,0,0,0,0,0
169.200,19.122,10.371,8.451,89.105,0,16.760,5.000,14.890,-47.249,7.727,-34.873,100.123,1,-46.500,1.000,-34.788,0,0,0,0,0,0,0,0,0,0,0,0,0,0,0,0,0,0,0,0,0,0,0,0
169.250,19.082,10.340,8.541,89.052,0,16.760,5.000,14.890,-47.248,7.727,-34.874,100.123,1,-46.500,1.000,-34.788,0,0,0,0,0,0,0,0,0,0,0,0,0,0,0,0,0,0,0,0,0,0,0,0
169.300,19.042,10.309,8.632,88.999,0,16.760,5.000,14.890,-47.247,7.728,-34.874,100.123,1,-46.500,1.000,-34.788,0,0,0,0,0,0,0,0,0,0,0,0,0,0,0,0,0,0,0,0,0,0,0,0
169.350,19.002,10.279,8.722,88.946,0,16.760,5.000,14.890,-47.246,7.729,-34.874,100.123,1,-46.500,1.000,-34.788,0,0,0,0,0,0,0,0,0,0,0,0,0,0,0,0,0,0,0,0,0,0,0,0
169.400,18.963,10.248,8.812,88.893,0,16.760,5.000,14.890,-47.245,7.730,-34.875,100.123,1,-46.500,1.000,-34.788,0,0,0,0,0,0,0,0,0,0,0,0,0,0,0,0,0,0,0,0,0,0,0,0
169.450,18.923,10.218,8.903,88.841,0,16.760,5.000,14.890,-47.245,7.731,-34.875,100.123,1,-46.500,1.000,-34.788,0,0,0,0,0,0,0,0,0,0,0,0,0,0,0,0,0,0,0,0,0,0,0,0
169.500,18.885,10.187,8.993,88.788,0,16.760,5.000,14.890,-47.244,7.732,-34.875,100.123,1,-46.500,1.000,-34.788,0,0,0,0,0,0,0,0,0,0,0,0,0,0,0,0,0,0,0,0,0,0,0,0
169.550,18.846,10.157,9.084,88.735,0,16.760,5.000,14.890,-47.244,7.734,-34.874,100.123,1,-46.500,1.000,-34.788,0,0,0,0,0,0,0,0,0,0,0,0,0,0,0,0,0,0,0,0,0,0,0,0
169.600,18.808,10.126,9.174,88.683,0,16.760,5.000,14.890,-47.243,7.736,-34.874,100.123,1,-46.500,1.000,-34.788,0,0,0,0,0,0,0,0,0,0,0,0,0,0,0,0,0,0,0,0,0,0,0,0
169.650,18.770,10.096,9.265,88.631,0,16.760,5.000,14.890,-47.243,7.738,-34.874,100.123,1,-46.500,1.000,-34.788,0,0,0,0,0,0,0,0,0,0,0,0,0,0,0,0,0,0,0,0,0,0,0,0
169.700,18.732,10.065,9.356,88.578,0,16.760,5.000,14.890,-47.243,7.741,-34.873,100.123,1,-46.500,1.000,-34.788,0,0,0,0,0,0,0,0,0,0,0,0,0,0,0,0,0,0,0,0,0,0,0,0
169.750,18.695,10.035,9.446,88.526,0,16.760,5.000,14.890,-47.243,7.743,-34.873,100.123,1,-46.500,1.000,-34.788,0,0,0,0,0,0,0,0,0,0,0,0,0,0,0,0,0,0,0,0,0,0,0,0
169.800,18.658,10.004,9.537,88.474,0,16.760,5.000,14.890,-47.242,7.746,-34.872,100.123,1,-46.500,1.000,-34.788,0,0,0,0,0,0,0,0,0,0,0,0,0,0,0,0,0,0,0,0,0,0,0,0
169.850,18.621,9.974,9.628,88.421,0,16.760,5.000,14.890,-47.242,7.749,-34.871,100.123,1,-46.500,1.000,-34.788,0,0,0,0,0,0,0,0,0,0,0,0,0,0,0,0,0,0,0,0,0,0,0,0
169.900,18.585,9.943,9.719,88.369,0,16.760,5.000,14.890,-47.243,7.752,-34.870,100.123,1,-46.500,1.000,-34.788,0,0,0,0,0,0,0,0,0,0,0,0,0,0,0,0,0,0,0,0,0,0,0,0
169.950,18.549,9.913,9.809,88.317,0,16.760,5.000,14.890,-47.243,7.756,-34.869,100.123,1,-46.500,1.000,-34.788,0,0,0,0,0,0,0,0,0,0,0,0,0,0,0,0,0,0,0,0,0,0,0,0
170.000,18.513,9.882,9.900,88.265,0,16.760,5.000,14.890,-47.243,7.760,-34.867,100.123,1,-46.500,1.000,-34.788,0,0,0,0,0,0,0,0,0,0,0,0,0,0,0,0,0,0,0,0,0,0,0,0
170.050,18.478,9.851,9.991,88.213,0,16.760,5.000,14.890,-47.243,7.764,-34.866,100.123,1,-46.500,1.000,-34.788,0,0,0,0,0,0,0,0,0,0,0,0,0,0,0,0,0,0,0,0,0,0,0,0
170.100,18.443,9.821,10.082,88.161,0,16.760,5.000,14.890,-47.244,7.768,-34.864,100.123,1,-46.500,1.000,-34.788,0,0,0,0,0,0,0,0,0,0,0,0,0,0,0,0,0,0,0,0,0,0,0,0
170.150,18.408,9.790,10.173,88.109,0,16.760,5.000,14.890,-47.245,7.772,-34.863,100.123,1,-46.500,1.000,-34.788,0,0,0,0,0,0,0,0,0,0,0,0,0,0,0,0,0,0,0,0,0,0,0,0
170.200,18.373,9.759,10.264,88.058,0,16.760,5.000,14.890,-47.245,7.777,-34.861,100.123,1,-46.500,1.000,-34.788,0,0,0,0,0,0,0,0,0,0,0,0,0,0,0,0,0,0,0,0,0,0,0,0
170.250,18.339,9.728,10.355,88.006,0,16.760,5.000,14.890,-47.246,7.781,-34.859,100.123,1,-46.500,1.000,-34.788,0,0,0,0,0,0,0,0,0,0,0,0,0,0,0,0,0,0,0,0,0,0,0,0
170.300,18.306,9.698,10.446,87.954,0,16.760,5.000,14.890,-47.247,7.786,-34.857,100.123,1,-46.500,1.000,-34.788,0,0,0,0,0,0,0,0,0,0,0,0,0,0,0,0,0,0,0,0,0,0,0,0
170.350,18.272,9.667,10.537,87.902,0,16.760,5.000,14.890,-47.248,7.791,-34.855,100.123,1,-46.500,1.000,-34.788,0,0,0,0,0,0,0,0,0,0,0,0,0,0,0,0,0,0,0,0,0,0,0,0
170.400,18.239,9.635,10.629,87.851,0,16.760,5.000,14.890,-47.249,7.797,-34.853,100.123,1,-46.500,1.000,-34.788,0,0,0,0,0,0,0,0,0,0,0,0,0,0,0,0,0,0,0,0,0,0,0,0
170.450,18.206,9.604,10.720,87.799,0,16.760,5.000,14.890,-47.250,7.802,-34.851,100.123,1,-46.500,1.000,-34.788,0,0,0,0,0,0,0,0,0,0,0,0,0,0,0,0,0,0,0,0,0,0,0,0
170.500,18.174,9.573,10.811,87.748,0,16.760,5.000,14.890,-47.251,7.808,-34.849,100.123,1,-46.500,1.000,-34.788,0,0,0,0,0,0,0,0,0,0,0,0,0,0,0,0,0,0,0,0,0,0,0,0
170.550,18.142,9.542,10.902,87.697,0,16.760,5.000,14.890,-47.252,7.813,-34.846,100.123,1,-46.500,1.000,-34.788,0,0,0,0,0,0,0,0,0,0,0,0,0,0,0,0,0,0,0,0,0,0,0,0
170.600,18.110,9.510,10.993,87.645,0,16.760,5.000,14.890,-47.254,7.819,-34.844,100.123,1,-46.500,1.000,-34.788,0,0,0,0,0,0,0,0,0,0,0,0,0,0,0,0,0,0,0,0,0,0,0,0
170.650,18.079,9.479,11.085,87.594,0,16.760,5.000,14.890,-47.255,7.825,-34.841,100.123,1,-46.500,1.000,-34.788,0,0,0,0,0,0,0,0,0,0,0,0,0,0,0,0,0,0,0,0,0,0,0,0
170.700,18.048,9.447,11.176,87.543,0,16.760,5.000,14.890,-47.257,7.831,-34.838,100.123,1,-46.500,1.000,-34.788,0,0,0,0,0,0,0,0,0,0,0,0,0,0,0,0,0,0,0,0,0,0,0,0
170.750,18.018,9.415,11.267,87.492,0,16.760,5.000,14.890,-47.258,7.838,-34.835,100.123,1,-46.500,1.000,-34.788,0,0,0,0,0,0,0,0,0,0,0,0,0,0,0,0,0,0,0,0,0,0,0,0
170.800,17.988,9.383,11.358,87.441,0,16.760,5.000,14.890,-47.260,7.844,-34.833,100.123,1,-46.500,1.000,-34.788,0,0,0,0,0,0,0,0,0,0,0,0,0,0,0,0,0,0,0,0,0,0,0,0
170.850,17.958,9.351,11.449,87.390,0,16.760,5.000,14.890,-47.261,7.851,-34.830,100.123,1,-46.500,1.000,-34.788,0,0,0,0,0,0,0,0,0,0,0,0,0,0,0,0,0,0,0,0,0,0,0,0
170.900,17.929,9.319,11.540,87.339,0,16.760,5.000,14.890,-47.263,7.857,-34.827,100.123,1,-46.500,1.000,-34.788,0,0,0,0,0,0,0,0,0,0,0,0,0,0,0,0,0,0,0,0,0,0,0,0
170.950,17.900,9.286,11.632,87.288,0,16.760,5.000,14.890,-47.265,7.864,-34.824,100.123,1,-46.500,1.000,-34.788,0,0,0,0,0,0,0,0,0,0,0,0,0,0,0,0,0,0,0,0,0,0,0,0
171.000,17.871,9.253,11.723,87.237,0,16.760,5.000,14.890,-47.267,7.871,-34.821,100.123,1,-46.500,1.000,-34.788,0,0,0,0,0,0,0,0,0,0,0,0,0,0,0,0,0,0,0,0,0,0,0,0
171.050,17.843,9.220,11.814,87.186,0,16.760,5.000,14.890,-47.269,7.878,-34.817,100.123,1,-46.500,1.000,-34.788,0,0,0,0,0,0,0,0,0,0,0,0,0,0,0,0,0,0,0,0,0,0,0,0
171.100,17.815,9.187,11.905,87.135,0,16.760,5.000,14.890,-47.271,7.885,-34.814,100.123,1,-46.500,1.000,-34.788,0,0,0,0,0,0,0,0,0,0,0,0,0,0,0,0,0,0,0,0,0,0,0,0
171.150,17.788,9.154,11.996,87.084,0,16.760,5.000,14.890,-47.273,7.892,-34.811,100.123,1,-46.500,1.000,-34.788,0,0,0,0,0,0,0,0,0,0,0,0,0,0,0,0,0,0,0,0,0,0,0,0
171.200,17.761,9.120,12.087,87.033,0,16.760,5.000,14.890,-47.275,7.899,-34.808,100.123,1,-46.500,1.000,-34.788,0,0,0,0,0,0,0,0,0,0,0,0,0,0,0,0,0,0,0,0,0,0,0,0
171.250,17.734,9.086,12.178,86.983,0,16.760,5.000,14.890,-47.278,7.906,-34.804,100.123,1,-46.500,1.000,-34.788,0,0,0,0,0,0,0,0,0,0,0,0,0,0,0,0,0,0,0,0,0,0,0,0
171.300,17.708,9.052,12.269,86.922,0,9.857,5.000,-6.276,-47.280,7.913,-34.801,100.123,1,-46.500,1.000,-34.788,0,0,0,0,0,0,0,0,0,0,0,0,0,0,0,0,0,0,0,0,0,0,0,0
171.350,17.681,9.020,12.353,86.862,0,9.857,5.000,-6.276,-47.282,7.921,-34.798,100.123,1,-46.500,1.000,-34.788,0,0,0,0,0,0,0,0,0,0,0,0,0,0,0,0,0,0,0,0,0,0,0,0
171.400,17.654,8.991,12.432,86.802,0,9.857,5.000,-6.276,-47.284,7.928,-34.794,100.123,1,-46.500,1.000,-34.788,0,0,0,0,0,0,0,0,0,0,0,0,0,0,0,0,0,0,0,0,0,0,0,0
171.450,17.625,8.965,12.505,86.742,0,9.857,5.000,-6.276,-47.287,7.935,-34.791,100.123,1,-46.500,1.000,-34.788,0,0,0,0,0,0,0,0,0,0,0,0,0,0,0,0,0,0,0,0,0,0,0,0
171.500,17.596,8.940,12.573,86.681,0,9.857,5.000,-6.276,-47.289,7.942,-34.788,100.123,1,-46.500,1.000,-34.788,0,0,0,0,0,0,0,0,0,0,0,0,0,0,0,0,0,0,0,0,0,0,0,0
171.550,17.565,8.918,12.636,86.621,0,9.857,5.000,-6.276,-47.292,7.950,-34.784,100.123,1,-46.500,1.000,-34.788,0,0,0,0,0,0,0,0,0,0,0,0,0,0,0,0,0,0,0,0,0,0,0,0
171.600,17.534,8.898,12.694,86.561,0,9.857,5.000,-6.276,-47.294,7.957,-34.781,100.123,1,-46.500,1.000,-34.788,0,0,0,0,0,0,0,0,0,0,0,0,0,0,0,0,0,0,0,0,0,0,0,0
171.650,17.502,8.880,12.747,86.501,0,9.857,5.000,-6.276,-47.297,7.964,-34.777,100.123,1,-46.500,1.000,-34.788,0,0,0,0,0,0,0,0,0,0,0,0,0,0,0,0,0,0,0,0,0,0,0,0
171.700,17.469,8.864,12.796,86.441,0,9.857,5.000,-6.276,-47.299,7.971,-34.774,100.123,1,-46.500,1.000,-34.788,0,0,0,0,0,0,0,0,0,0,0,0,0,0,0,0,0,0,0,0,0,0,0,0
171.750,17.435,8.850,12.840,86.381,0,9.857,5.000,-6.276,-47.302,7.979,-34.771,100.123,1,-46.500,1.000,-34.788,0,0,0,0,0,0,0,0,0,0,0,0,0,0,0,0,0,0,0,0,0,0,0,0
171.800,17.400,8.838,12.881,86.321,0,9.857,5.000,-6.276,-47.304,7.986,-34.767,100.123,1,-46.500,1.000,-34.788,0,0,0,0,0,0,0,0,0,0,0,0,0,0,0,0,0,0,0,0,0,0,0,0
171.850,17.365,8.828,12.917,86.261,0,9.857,5.000,-6.276,-47.307,7.993,-34.764,100.123,1,-46.500,1.000,-34.788,0,0,0,0,0,0,0,0,0,0,0,0,0,0,0,0,0,0,0,0,0,0,0,0
171.900,17.328,8.819,12.950,86.201,0,9.857,5.000,-6.276,-47.309,8.000,-34.760,100.123,1,-46.500,1.000,-34.788,0,0,0,0,0,0,0,0,0,0,0,0,0,0,0,0,0,0,0,0,0,0,0,0
171.950,17.290,8.812,12.979,86.141,0,9.857,5.000,-6.276,-47.312,8.007,-34.757,100.123,1,-46.500,1.000,-34.788,0,0,0,0,0,0,0,0,0,0,0,0,0,0,0,0,0,0,0,0,0,0,0,0
172.000,17.252,8.807,13.004,86.082,0,9.857,5.000,-6.276,-47.314,8.014,-34.754,100.123,1,-46.500,1.000,-34.788,0,0,0,0,0,0,0,0,0,0,0,0,0,0,0,0,0,0,0,0,0,0,0,0
172.050,17.212,8.803,13.025,86.022,0,9.857,5.000,-6.276,-47.317,8.021,-34.751,100.123,1,-46.500,1.000,-34.788,0,0,0,0,0,0,0,0,0,0,0,0,0,0,0,0,0,0,0,0,0,0,0,0
172.100,17.172,8.801,13.043,85.963,0,9.857,5.000,-6.276,-47.319,8.028,-34.747,100.123,1,-46.500,1.000,-34.788,0,0,0,0,0,0,0,0,0,0,0,0,0,0,0,0,0,0,0,0,0,0,0,0
172.150,17.131,8.801,13.057,85.903,0,9.857,5.000,-6.276,-47.322,8.035,-34.744,100.123,1,-46.500,1.000,-34.788,0,0,0,0,0,0,0,0,0,0,0,0,0,0,0,0,0,0,0,0,0,0,0,0
172.200,17.089,8.802,13.068,85.844,0,9.857,5.000,-6.276,-47.324,8.041,-34.741,100.123,1,-46.500,1.000,-34.788,0,0,0,0,0,0,0,0,0,0,0,0,0,0,0,0,0,0,0,0,0,0,0,0
172.250,17.046,8.805,13.075,85.785,0,9.857,5.000,-6.276,-47.327,8.048,-34.738,100.123,1,-46.500,1.000,-34.788,0,0,0,0,0,0,0,0,0,0,0,0,0,0,0,0,0,0,0,0,0,0,0,0
172.300,17.002,8.810,13.079,85.726,0,9.857,5.000,-6.276,-47.329,8.054,-34.735,100.123,1,-46.500,1.000,-34.788,0,0,0,0,0,0,0,0,0,0,0,0,0,0,0,0,0,0,0,0,0,0,0,0
172.350,16.957,8.815,13.080,85.667,0,9.857,5.000,-6.276,-47.331,8.061,-34.732,100.123,1,-46.500,1.000,-34.788,0,0,0,0,0,0,0,0,0,0,0,0,0,0,0,0,0,0,0,0,0,0,0,0
172.400,16.912,8.823,13.077,85.609,0,9.857,5.000,-6.276,-47.334,8.067,-34.729,100.123,1,-46.500,1.000,-34.788,0,0,0,0,0,0,0,0,0,0,0,0,0,0,0,0,0,0,0,0,0,0,0,0
172.450,16.866,8.831,13.071,85.550,0,9.857,5.000,-6.276,-47.336,8.073,-34.727,100.123,1,-46.500,1.000,-34.788,0,0,0,0,0,0,0,0,0,0,0,0,0,0,0,0,0,0,0,0,0,0,0,0
172.500,16.819,8.841,13.062,85.492,0,9.857,5.000,-6.276,-47.338,8.079,-34.724,100.123,1,-46.500,1.000,-34.788,0,0,0,0,0,0,0,0,0,0,0,0,0,0,0,0,0,0,0,0,0,0,0,0
172.550,16.772,8.853,13.050,85.434,0,9.857,5.000,-6.276,-47.340,8.085,-34.721,100.123,1,-46.500,1.000,-34.788,0,0,0,0,0,0,0,0,0,0,0,0,0,0,0,0,0,0,0,0,0,0,0,0
172.600,16.724,8.865,13.034,85.376,0,9.857,5.000,-6.276,-47.342,8.091,-34.719,100.123,1,-46.500,1.000,-34.788,0,0,0,0,0,0,0,0,0,0,0,0,0,0,0,0,0,0,0,0,0,0,0,0
172.650,16.676,8.879,13.016,85.318,0,9.857,5.000,-6.276,-47.344,8.097,-34.716,100.123,1,-46.500,1.000,-34.788,0,0,0,0,0,0,0,0,0,0,0,0,0,0,0,0,0,0,0,0,0,0,0,0
172.700,16.627,8.894,12.994,85.260,0,9.857,5.000,-6.276,-47.346,8.102,-34.714,100.123,1,-46.500,1.000,-34.788,0,0,0,0,0,0,0,0,0,0,0,0,0,0,0,0,0,0,0,0,0,0,0,0
172.750,16.578,8.911,12.970,85.203,0,9.857,5.000,-6.276,-47.348,8.108,-34.711,100.123,1,-46.500,1.000,-34.788,0,0,0,0,0,0,0,0,0,0,0,0,0,0,0,0,0,0,0,0,0,0,0,0
172.800,16.528,8.928,12.943,85.145,0,9.857,5.000,-6.276,-47.350,8.113,-34.709,100.123,1,-46.500,1.000,-34.788,0,0,0,0,0,0,0,0,0,0,0,0,0,0,0,0,0,0,0,0,0,0,0,0
172.850,16.478,8.946,12.913,85.088,0,9.857,5.000,-6.276,-47.352,8.118,-34.707,100.123,1,-46.500,1.000,-34.788,0,0,0,0,0,0,0,0,0,0,0,0,0,0,0,0,0,0,0,0,0,0,0,0
172.900,16.428,8.966,12.881,85.031,0,9.857,5.000,-6.276,-47.353,8.123,-34.705,100.123,1,-46.500,1.000,-34.788,0,0,0,0,0,0,0,0,0,0,0,0,0,0,0,0,0,0,0,0,0,0,0,0
172.950,16.378,8.986,12.846,84.975,0,9.857,5.000,-6.276,-47.355,8.127,-34.703,100.123,1,-46.500,1.000,-34.788,0,0,0,0,0,0,0,0,0,0,0,0,0,0,0,0,0,0,0,0,0,0,0,0
173.000,16.328,9.008,12.808,84.918,0,9.857,5.000,-6.276,-47.356,8.132,-34.701,100.123,1,-46.500,1.000,-34.788,0,0,0,0,0,0,0,0,0,0,0,0,0,0,0,0,0,0,0,0,0,0,0,0
173.050,16.278,9.030,12.768,84.862,0,9.857,5.000,-6.276,-47.358,8.136,-34.699,100.123,1,-46.500,1.000,-34.788,0,0,0,0,0,0,0,0,0,0,0,0,0,0,0,0,0,0,0,0,0,0,0,0
173.100,16.227,9.053,12.726,84.805,0,9.857,5.000,-6.276,-47.359,8.141,-34.698,100.123,1,-46.500,1.000,-34.788,0,0,0,0,0,0,0,0,0,0,0,0,0,0,0,0,0,0,0,0,0,0,0,0
173.150,16.177,9.077,12.681,84.749,0,9.857,5.000,-6.276,-47.360,8.145,-34.696,100.123,1,-46.500,1.000,-34.788,0,0,0,0,0,0,0,0,0,0,0,0,0,0,0,0,0,0,0,0,0,0,0,0
173.200,16.127,9.102,12.634,84.694,0,9.857,5.000,-6.276,-47.362,8.148,-34.694,100.123,1,-46.500,1.000,-34.788,0,0,0,0,0,0,0,0,0,0,0,0,0,0,0,0,0,0,0,0,0,0,0,0
173.250,16.077,9.127,12.585,84.638,0,9.857,5.000,-6.276,-47.363,8.152,-34.693,100.123,1,-46.500,1.000,-34.788,0,0,0,0,0,0,0,0,0,0,0,0,0,0,0,0,0,0,0,0,0,0,0,0
173.300,16.027,9.153,12.534,84.583,0,9.857,5.000,-6.276,-47.364,8.155,-34.692,100.123,1,-46.500,1.000,-34.788,0,0,0,0,0,0,0,0,0,0,0,0,0,0,0,0,0,0,0,0,0,0,0,0
173.350,15.978,9.180,12.480,84.527,0,9.857,5.000,-6.276,-47.364,8.159,-34.691,100.123,1,-46.500,1.000,-34.788,0,0,0,0,0,0,0,0,0,0,0,0,0,0,0,0,0,0,0,0,0,0,0,0
173.400,15.929,9.207,12.425,84.472,0,9.857,5.000,-6.276,-47.365,8.162,-34.690,100.123,1,-46.500,1.000,-34.788,0,0,0,0,0,0,0,0,0,0,0,0,0,0,0,0,0,0,0,0,0,0,0,0
173.450,15.880,9.234,12.368,84.417,0,9.857,5.000,-6.276,-47.366,8.165,-34.689,100.123,1,-46.500,1.000,-34.788,0,0,0,0,0,0,0,0,0,0,0,0,0,0,0,0,0,0,0,0,0,0,0,0
173.500,15.831,9.262,12.310,84.363,0,9.857,5.000,-6.276,-47.366,8.167,-34.688,100.123,1,-46.500,1.000,-34.788,0,0,0,0,0,0,0,0,0,0,0,0,0,0,0,0,0,0,0,0,0,0,0,0
173.550,15.783,9.291,12.249,84.308,0,9.857,5.000,-6.276,-47.367,8.170,-34.687,100.123,1,-46.500,1.000,-34.788,0,0,0,0,0,0,0,0,0,0,0,0,0,0,0,0,0,0,0,0,0,0,0,0
173.600,15.735,9.319,12.187,84.254,0,9.857,5.000,-6.276,-47.367,8.172,-34.687,100.123,1,-46.500,1.000,-34.788,0,0,0,0,0,0,0,0,0,0,0,0,0,0,0,0,0,0,0,0,0,0,0,0
173.650,15.688,9.348,12.123,84.199,0,9.857,5.000,-6.276,-47.368,8.174,-34.686,100.123,1,-46.500,1.000,-34.788,0,0,0,0,0,0,0,0,0,0,0,0,0,0,0,0,0,0,0,0,0,0,0,0
173.700,15.641,9.378,12.058,84.145,0,9.857,5.000,-6.276,-47.368,8.175,-34.686,100.123,1,-46.500,1.000,-34.788,0,0,0,0,0,0,0,0,0,0,0,0,0,0,0,0,0,0,0,0,0,0,0,0
173.750,15.595,9.407,11.992,84.091,0,9.857,5.000,-6.276,-47.368,8.177,-34.686,100.123,1,-46.500,1.000,-34.788,0,0,0,0,0,0,0,0,0,0,0,0,0,0,0,0,0,0,0,0,0,0,0,0
173.800,15.549,9.437,11.924,84.038,0,9.857,5.000,-6.276,-47.368,8.178,-34.685,100.123,1,-46.500,1.000,-34.788,0,0,0,0,0,0,0,0,0,0,0,0,0,0,0,0,0,0,0,0,0,0,0,0
173.850,15.503,9.467,11.854,83.984,0,9.857,5.000,-6.276,-47.368,8.179,-34.685,100.123,1,-46.500,1.000,-34.788,0,0,0,0,0,0,0,0,0,0,0,0,0,0,0,0,0,0,0,0,0,0,0,0
173.900,15.458,9.497,11.784,83.930,0,9.857,5.000,-6.276,-47.367,8.180,-34.685,100.123,1,-46.500,1.000,-34.788,0,0,0,0,0,0,0,0,0,0,0,0,0,0,0,0,0,0,0,0,0,0,0,0
173.950,15.414,9.528,11.712,83.877,0,9.857,5.000,-6.276,-47.367,8.181,-34.686,100.123,1,-46.500,1.000,-34.788,0,0,0,0,0,0,0,0,0,0,0,0,0,0,0,0,0,0,0,0,0,0,0,0
174.000,15.370,9.558,11.639,83.824,0,9.857,5.000,-6.276,-47.367,8.181,-34.686,100.123,1,-46.500,1.000,-34.788,0,0,0,0,0,0,0,0,0,0,0,0,0,0,0,0,0,0,0,0,0,0,0,0
174.050,15.327,9.588,11.565,83.770,0,9.857,5.000,-6.276,-47.366,8.181,-34.686,100.123,1,-46.500,1.000,-34.788,0,0,0,0,0,0,0,0,0,0,0,0,0,0,0,0,0,0,0,0,0,0,0,0
174.100,15.284,9.619,11.490,83.717,0,9.857,5.000,-6.276,-47.365,8.181,-34.687,100.123,1,-46.500,1.000,-34.788,0,0,0,0,0,0,0,0,0,0,0,0,0,0,0,0,0,0,0,0,0,0,0,0
174.150,15.242,9.649,11.414,83.664,0,9.857,5.000,-6.276,-47.365,8.181,-34.688,100.123,1,-46.500,1.000,-34.788,0,0,0,0,0,0,0,0,0,0,0,0,0,0,0,0,0,0,0,0,0,0,0,0
174.200,15.201,9.679,11.337,83.612,0,9.857,5.000,-6.276,-47.364,8.181,-34.688,100.123,1,-46.500,1.000,-34.788,0,0,0,0,0,0,0,0,0,0,0,0,0,0,0,0,0,0,0,0,0,0,0,0
174.250,15.160,9.710,11.259,83.559,0,9.857,5.000,-6.276,-47.363,8.180,-34.689,100.123,1,-46.500,1.000,-34.788,0,0,0,0,0,0,0,0,0,0,0,0,0,0,0,0,0,0,0,0,0,0,0,0
174.300,15.119,9.740,11.180,83.506,0,9.857,5.000,-6.276,-47.362,8.179,-34.690,100.123,1,-46.500,1.000,-34.788,0,0,0,0,0,0,0,0,0,0,0,0,0,0,0,0,0,0,0,0,0,0,0,0
174.350,15.080,9.770,11.101,83.454,0,9.857,5.000,-6.276,-47.361,8.178,-34.691,100.123,1,-46.500,1.000,-34.788,0,0,0,0,0,0,0,0,0,0,0,0,0,0,0,0,0,0,0,0,0,0,0,0
174.400,15.041,9.800,11.020,83.402,0,9.857,5.000,-6.276,-47.359,8.176,-34.693,100.123,1,-46.500,1.000,-34.788,0,0,0,0,0,0,0,0,0,0,0,0,0,0,0,0,0,0,0,0,0,0,0,0
174.450,15.002,9.830,10.939,83.349,0,9.857,5.000,-6.276,-47.358,8.175,-34.694,100.123,1,-46.500,1.000,-34.788,0,0,0,0,0,0,0,0,0,0,0,0,0,0,0,0,0,0,0,0,0,0,0,0
174.500,14.964,9.860,10.857,83.297,0,9.857,5.000,-6.276,-47.357,8.173,-34.695,100.123,1,-46.500,1.000,-34.788,0,0,0,0,0,0,0,0,0,0,0,0,0,0,0,0,0,0,0,0,0,0,0,0
174.550,14.927,9.890,10.774,83.245,0,9.857,5.000,-6.276,-47.355,8.171,-34.697,100.123,1,-46.500,1.000,-34.788,0,0,0,0,0,0,0,0,0,0,0,0,0,0,0,0,0,0,0,0,0,0,0,0
174.600,14.890,9.919,10.691,83.193,0,9.857,5.000,-6.276,-47.354,8.169,-34.699,100.123,1,-46.500,1.000,-34.788,0,0,0,0,0,0,0,0,0,0,0,0,0,0,0,0,0,0,0,0,0,0,0,0
174.650,14.853,9.948,10.607,83.141,0,9.857,5.000,-6.276,-47.352,8.166,-34.700,100.123,1,-46.500,1.000,-34.788,0,0,0,0,0,0,0,0,0,0,0,0,0,0,0,0,0,0,0,0,0,0,0,0
174.700,14.818,9.977,10.522,83.089,0,9.857,5.000,-6.276,-47.350,8.163,-34.702,100.123,1,-46.500,1.000,-34.788,0,0,0,0,0,0,0,0,0,0,0,0,0,0,0,0,0,0,0,0,0,0,0,0
174.750,14.783,10.006,10.437,83.038,0,9.857,5.000,-6.276,-47.349,8.161,-34.704,100.123,1,-46.500,1.000,-34.788,0,0,0,0,0,0,0,0,0,0,0,0,0,0,0,0,0,0,0,0,0,0,0,0
174.800,14.748,10.034,10.351,82.986,0,9.857,5.000,-6.276,-47.347,8.157,-34.706,100.123,1,-46.500,1.000,-34.788,0,0,0,0,0,0,0,0,0,0,0,0,0,0,0,0,0,0,0,0,0,0,0,0
174.850,14.714,10.062,10.265,82.935,0,9.857,5.000,-6.276,-47.345,8.154,-34.708,100.123,1,-46.500,1.000,-34.788,0,0,0,0,0,0,0,0,0,0,0,0,0,0,0,0,0,0,0,0,0,0,0,0
174.900,14.681,10.090,10.178,82.883,0,9.857,5.000,-6.276,-47.343,8.151,-34.710,100.123,1,-46.500,1.000,-34.788,0,0,0,0,0,0,0,0,0,0,0,0,0,0,0,0,0,0,0,0,0,0,0,0
174.950,14.648,10.118,10.091,82.832,0,9.857,5.000,-6.276,-47.341,8.147,-34.712,100.123,1,-46.500,1.000,-34.788,0,0,0,0,0,0,0,0,0,0,0,0,0,0,0,0,0,0,0,0,0,0,0,0
175.000,14.616,10.145,10.003,82.781,0,9.857,5.000,-6.276,-47.339,8.143,-34.715,100.123,1,-46.500,1.000,-34.788,0,0,0,0,0,0,0,0,0,0,0,0,0,0,0,0,0,0,0,0,0,0,0,0
175.050,14.585,10.172,9.915,82.730,0,9.857,5.000,-6.276,-47.337,8.139,-34.717,100.123,1,-46.500,1.000,-34.788,0,0,0,0,0,0,0,0,0,0,0,0,0,0,0,0,0,0,0,0,0,0,0,0
175.100,14.554,10.199,9.826,82.679,0,9.857,5.000,-6.276,-47.334,8.135,-34.719,100.123,1,-46.500,1.000,-34.788,0,0,0,0,0,0,0,0,0,0,0,0,0,0,0,0,0,0,0,0,0,0,0,0
175.150,14.523,10.225,9.737,82.628,0,9.857,5.000,-6.276,-47.332,8.130,-34.722,100.123,1,-46.500,1.000,-34.788,0,0,0,0,0,0,0,0,0,0,0,0,0,0,0,0,0,0,0,0,0,0,0,0
175.200,14.494,10.251,9.648,82.577,0,9.857,5.000,-6.276,-47.330,8.126,-34.724,100.123,1,-46.500,1.000,-34.788,0,0,0,0,0,0,0,0,0,0,0,0,0,0,0,0,0,0,0,0,0,0,0,0
175.250,14.464,10.277,9.558,82.526,0,9.857,5.000,-6.276,-47.328,8.121,-34.727,100.123,1,-46.500,1.000,-34.788,0,0,0,0,0,0,0,0,0,0,0,0,0,0,0,0,0,0,0,0,0,0,0,0
175.300,14.436,10.302,9.468,82.475,0,9.857,5.000,-6.276,-47.325,8.116,-34.730,100.123,1,-46.500,1.000,-34.788,0,0,0,0,0,0,0,0,0,0,0,0,0,0,0,0,0,0,0,0,0,0,0,0
175.350,14.408,10.327,9.377,82.424,0,9.857,5.000,-6.276,-47.323,8.111,-34.732,100.123,1,-46.500,1.000,-34.788,0,0,0,0,0,0,0,0,0,0,0,0,0,0,0,0,0,0,0,0,0,0,0,0
175.400,14.380,10.351,9.286,82.373,0,9.857,5.000,-6.276,-47.321,8.106,-34.735,100.123,1,-46.500,1.000,-34.788,0,0,0,0,0,0,0,0,0,0,0,0,0,0,0,0,0,0,0,0,0,0,0,0
175.450,14.353,10.375,9.195,82.323,0,9.857,5.000,-6.276,-47.318,8.101,-34.738,100.123,1,-46.500,1.000,-34.788,0,0,0,0,0,0,0,0,0,0,0,0,0,0,0,0,0,0,0,0,0,0,0,0
175.500,14.326,10.399,9.103,82.272,0,9.857,5.000,-6.276,-47.316,8.095,-34.741,100.123,1,-46.500,1.000,-34.788,0,0,0,0,0,0,0,0,0,0,0,0,0,0,0,0,0,0,0,0,0,0,0,0
175.550,14.300,10.422,9.011,82.221,0,9.857,5.000,-6.276,-47.313,8.089,-34.743,100.123,1,-46.500,1.000,-34.788,0,0,0,0,0,0,0,0,0,0,0,0,0,0,0,0,0,0,0,0,0,0,0,0
175.600,14.275,10.444,8.919,82.171,0,9.857,5.000,-6.276,-47.311,8.084,-34.746,100.123,1,-46.500,1.000,-34.788,0,0,0,0,0,0,0,0,0,0,0,0,0,0,0,0,0,0,0,0,0,0,0,0
175.650,14.250,10.467,8.827,82.120,0,9.857,5.000,-6.276,-47.309,8.078,-34.749,100.123,1,-46.500,1.000,-34.788,0,0,0,0,0,0,0,0,0,0,0,0,0,0,0,0,0,0,0,0,0,0,0,0
175.700,14.225,10.489,8.734,82.070,0,9.857,5.000,-6.276,-47.306,8.072,-34.752,100.123,1,-46.500,1.000,-34.788,0,0,0,0,0,0,0,0,0,0,0,0,0,0,0,0,0,0,0,0,0,0,0,0
175.750,14.201,10.510,8.641,82.019,0,9.857,5.000,-6.276,-47.304,8.066,-34.755,100.123,1,-46.500,1.000,-34.788,0,0,0,0,0,0,0,0,0,0,0,0,0,0,0,0,0,0,0,0,0,0,0,0
175.800,14.178,10.531,8.548,81.969,0,9.857,5.000,-6.276,-47.302,8.060,-34.758,100.123,1,-46.500,1.000,-34.788,0,0,0,0,0,0,0,0,0,0,0,0,0,0,0,0,0,0,0,0,0,0,0,0
175.850,14.155,10.552,8.454,81.918,0,9.857,5.000,-6.276,-47.299,8.054,-34.761,100.123,1,-46.500,1.000,-34.788,0,0,0,0,0,0,0,0,0,0,0,0,0,0,0,0,0,0,0,0,0,0,0,0
175.900,14.132,10.572,8.360,81.868,0,9.857,5.000,-6.276,-47.297,8.047,-34.764,100.123,1,-46.500,1.000,-34.788,0,0,0,0,0,0,0,0,0,0,0,0,0,0,0,0,0,0,0,0,0,0,0,0
175.950,14.110,10.591,8.266,81.818,0,9.857,5.000,-6.276,-47.295,8.041,-34.767,100.123,1,-46.500,1.000,-34.788,0,0,0,0,0,0,0,0,0,0,0,0,0,0,0,0,0,0,0,0,0,0,0,0
176.000,14.088,10.611,8.172,81.767,0,9.857,5.000,-6.276,-47.292,8.034,-34.770,100.123,1,-46.500,1.000,-34.788,0,0,0,0,0,0,0,0,0,0,0,0,0,0,0,0,0,0,0,0,0,0,0,0
176.050,14.067,10.629,8.078,81.717,0,9.857,5.000,-6.276,-47.290,8.028,-34.773,100.123,1,-46.500,1.000,-34.788,0,0,0,0,0,0,0,0,0,0,0,0,0,0,0,0,0,0,0,0,0,0,0,0
176.100,14.046,10.647,7.983,81.667,0,9.857,5.000,-6.276,-47.288,8.021,-34.776,100.123,1,-46.500,1.000,-34.788,0,0,0,0,0,0,0,0,0,0,0,0,0,0,0,0,0,0,0,0,0,0,0,0
176.150,14.025,10.665,7.888,81.616,0,9.857,5.000,-6.276,-47.286,8.015,-34.779,100.123,1,-46.500,1.000,-34.788,0,0,0,0,0,0,0,0,0,0,0,0,0,0,0,0,0,0,0,0,0,0,0,0
176.200,14.005,10.682,7.793,81.566,0,9.857,5.000,-6.276,-47.284,8.008,-34.782,100.123,1,-46.500,1.000,-34.788,0,0,0,0,0,0,0,0,0,0,0,0,0,0,0,0,0,0,0,0,0,0,0,0
176.250,13.985,10.699,7.698,81.516,0,9.857,5.000,-6.276,-47.282,8.001,-34.785,100.123,1,-46.500,1.000,-34.788,0,0,0,0,0,0,0,0,0,0,0,0,0,0,0,0,0,0,0,0,0,0,0,0
176.300,13.966,10.715,7.603,81.466,0,9.857,5.000,-6.276,-47.280,7.994,-34.788,100.123,1,-46.500,1.000,-34.788,0,0,0,0,0,0,0,0,0,0,0,0,0,0,0,0,0,0,0,0,0,0,0,0
176.350,13.947,10.731,7.507,81.415,0,9.857,5.000,-6.276,-47.278,7.988,-34.790,100.123,1,-46.500,1.000,-34.788,0,0,0,0,0,0,0,0,0,0,0,0,0,0,0,0,0,0,0,0,0,0,0,0
176.400,13.928,10.746,7.411,81.365,0,9.857,5.000,-6.276,-47.276,7.981,-34.793,100.123,1,-46.500,1.000,-34.788,0,0,0,0,0,0,0,0,0,0,0,0,0,0,0,0,0,0,0,0,0,0,0,0
176.450,13.910,10.761,7.316,81.315,0,9.857,5.000,-6.276,-47.274,7.974,-34.796,100.123,1,-46.500,1.000,-34.788,0,0,0,0,0,0,0,0,0,0,0,0,0,0,0,0,0,0,0,0,0,0,0,0
176.500,13.892,10.775,7.220,81.265,0,9.857,5.000,-6.276,-47.273,7.967,-34.799,100.123,1,-46.500,1.000,-34.788,0,0,0,0,0,0,0,0,0,0,0,0,0,0,0,0,0,0,0,0,0,0,0,0
176.550,13.874,10.789,7.123,81.214,0,9.857,5.000,-6.276,-47.271,7.960,-34.802,100.123,1,-46.500,1.000,-34.788,0,0,0,0,0,0,0,0,0,0,0,0,0,0,0,0,0,0,0,0,0,0,0,0
176.600,13.857,10.802,7.027,81.164,0,9.857,5.000,-6.276,-47.269,7.954,-34.804,100.123,1,-46.500,1.000,-34.788,0,0,0,0,0,0,0,0,0,0,0,0,0,0,0,0,0,0,0,0,0,0,0,0
176.650,13.840,10.814,6.931,81.114,0,9.857,5.000,-6.276,-47.268,7.947,-34.807,100.123,1,-46.500,1.000,-34.788,0,0,0,0,0,0,0,0,0,0,0,0,0,0,0,0,0,0,0,0,0,0,0,0
176.700,13.823,10.826,6.834,81.063,0,9.857,5.000,-6.276,-47.266,7.940,-34.809,100.123,1,-46.500,1.000,-34.788,0,0,0,0,0,0,0,0,0,0,0,0,0,0,0,0,0,0,0,0,0,0,0,0
176.750,13.806,10.838,6.737,81.013,0,9.857,5.000,-6.276,-47.265,7.933,-34.812,100.123,1,-46.500,1.000,-34.788,0,0,0,0,0,0,0,0,0,0,0,0,0,0,0,0,0,0,0,0,0,0,0,0
176.800,13.790,10.849,6.641,80.962,0,9.857,5.000,-6.276,-47.264,7.926,-34.815,100.123,1,-46.500,1.000,-34.788,0,0,0,0,0,0,0,0,0,0,0,0,0,0,0,0,0,0,0,0,0,0,0,0
176.850,13.774,10.859,6.544,80.912,0,9.857,5.000,-6.276,-47.263,7.920,-34.817,100.123,1,-46.500,1.000,-34.788,0,0,0,0,0,0,0,0,0,0,0,0,0,0,0,0,0,0,0,0,0,0,0,0
176.900,13.758,10.869,6.447,80.862,0,9.857,5.000,-6.276,-47.261,7.913,-34.819,100.123,1,-46.500,1.000,-34.788,0,0,0,0,0,0,0,0,0,0,0,0,0,0,0,0,0,0,0,0,0,0,0,0
176.950,13.742,10.878,6.350,80.811,0,9.857,5.000,-6.276,-47.260,7.907,-34.822,100.123,1,-46.500,1.000,-34.788,0,0,0,0,0,0,0,0,0,0,0,0,0,0,0,0,0,0,0,0,0,0,0,0
177.000,13.727,10.887,6.252,80.761,0,9.857,5.000,-6.276,-47.260,7.900,-34.824,100.123,1,-46.500,1.000,-34.788,0,0,0,0,0,0,0,0,0,0,0,0,0,0,0,0,0,0,0,0,0,0,0,0
177.050,13.711,10.895,6.155,80.710,0,9.857,5.000,-6.276,-47.259,7.894,-34.826,100.123,1,-46.500,1.000,-34.788,0,0,0,0,0,0,0,0,0,0,0,0,0,0,0,0,0,0,0,0,0,0,0,0
177.100,13.696,10.903,6.057,80.659,0,9.857,5.000,-6.276,-47.258,7.887,-34.828,100.123,1,-46.500,1.000,-34.788,0,0,0,0,0,0,0,0,0,0,0,0,0,0,0,0,0,0,0,0,0,0,0,0
177.150,13.681,10.910,5.960,80.609,0,9.857,5.000,-6.276,-47.257,7.881,-34.830,100.123,1,-46.500,1.000,-34.788,0,0,0,0,0,0,0,0,0,0,0,0,0,0,0,0,0,0,0,0,0,0,0,0
177.200,13.666,10.916,5.862,80.558,0,9.857,5.000,-6.276,-47.257,7.875,-34.832,100.123,1,-46.500,1.000,-34.788,0,0,0,0,0,0,0,0,0,0,0,0,0,0,0,0,0,0,0,0,0,0,0,0
177.250,13.651,10.922,5.765,80.507,0,9.857,5.000,-6.276,-47.256,7.868,-34.834,100.123,1,-46.500,1.000,-34.788,0,0,0,0,0,0,0,0,0,0,0,0,0,0,0,0,0,0,0,0,0,0,0,0
177.300,13.637,10.928,5.667,80.457,0,9.857,5.000,-6.276,-47.256,7.862,-34.836,100.123,1,-46.500,1.000,-34.788,0,0,0,0,0,0,0,0,0,0,0,0,0,0,0,0,0,0,0,0,0,0,0,0
177.350,13.622,10.933,5.569,80.406,0,9.857,5.000,-6.276,-47.256,7.856,-34.838,100.123,1,-46.500,1.000,-34.788,0,0,0,0,0,0,0,0,0,0,0,0,0,0,0,0,0,0,0,0,0,0,0,0
177.400,13.608,10.937,5.471,80.355,0,9.857,5.000,-6.276,-47.255,7.851,-34.839,100.123,1,-46.500,1.000,-34.788,0,0,0,0,0,0,0,0,0,0,0,0,0,0,0,0,0,0,0,0,0,0,0,0
177.450,13.593,10.940,5.373,80.304,0,9.857,5.000,-6.276,-47.255,7.845,-34.841,100.123,1,-46.500,1.000,-34.788,0,0,0,0,0,0,0,0,0,0,0,0,0,0,0,0,0,0,0,0,0,0,0,0
177.500,13.579,10.943,5.275,80.253,0,9.857,5.000,-6.276,-47.255,7.839,-34.842,100.123,1,-46.500,1.000,-34.788,0,0,0,0,0,0,0,0,0,0,0,0,0,0,0,0,0,0,0,0,0,0,0,0
177.550,13.564,10.946,5.177,80.202,0,9.857,5.000,-6.276,-47.255,7.834,-34.844,100.123,1,-46.500,1.000,-34.788,0,0,0,0,0,0,0,0,0,0,0,0,0,0,0,0,0,0,0,0,0,0,0,0
177.600,13.550,10.948,5.078,80.151,0,9.857,5.000,-6.276,-47.255,7.828,-34.845,100.123,1,-46.500,1.000,-34.788,0,0,0,0,0,0,0,0,0,0,0,0,0,0,0,0,0,0,0,0,0,0,0,0
177.650,13.536,10.949,4.980,80.099,0,9.857,5.000,-6.276,-47.256,7.823,-34.846,100.123,1,-46.500,1.000,-34.788,0,0,0,0,0,0,0,0,0,0,0,0,0,0,0,0,0,0,0,0,0,0,0,0
177.700,13.521,10.950,4.882,80.048,0,9.857,5.000,-6.276,-47.256,7.818,-34.847,100.123,1,-46.500,1.000,-34.788,0,0,0,0,0,0,0,0,0,0,0,0,0,0,0,0,0,0,0,0,0,0,0,0
177.750,13.507,10.950,4.783,79.997,0,9.857,5.000,-6.276,-47.256,7.813,-34.848,100.123,1,-46.500,1.000,-34.788,0,0,0,0,0,0,0,0,0,0,0,0,0,0,0,0,0,0,0,0,0,0,0,0
177.800,13.493,10.949,4.685,79.945,0,9.857,5.000,-6.276,-47.257,7.809,-34.849,100.123,1,-46.500,1.000,-34.788,0,0,0,0,0,0,0,0,0,0,0,0,0,0,0,0,0,0,0,0,0,0,0,0
177.850,13.478,10.948,4.587,79.894,0,9.857,5.000,-6.276,-47.257,7.804,-34.850,100.123,1,-46.500,1.000,-34.788,0,0,0,0,0,0,0,0,0,0,0,0,0,0,0,0,0,0,0,0,0,0,0,0
177.900,13.464,10.946,4.488,79.842,0,9.857,5.000,-6.276,-47.258,7.800,-34.851,100.123,1,-46.500,1.000,-34.788,0,0,0,0,0,0,0,0,0,0,0,0,0,0,0,0,0,0,0,0,0,0,0,0
177.950,13.449,10.944,4.390,79.790,0,9.857,5.000,-6.276,-47.259,7.795,-34.851,100.123,1,-46.500,1.000,-34.788,0,0,0,0,0,0,0,0,0,0,0,0,0,0,0,0,0,0,0,0,0,0,0,0
178.000,13.435,10.941,4.291,79.738,0,9.857,5.000,-6.276,-47.259,7.791,-34.852,100.123,1,-46.500,1.000,-34.788,0,0,0,0,0,0,0,0,0,0,0,0,0,0,0,0,0,0,0,0,0,0,0,0
178.050,13.420,10.938,4.193,79.686,0,9.857,5.000,-6.276,-47.260,7.787,-34.852,100.123,1,-46.500,1.000,-34.788,0,0,0,0,0,0,0,0,0,0,0,0,0,0,0,0,0,0,0,0,0,0,0,0
178.100,13.405,10.933,4.094,79.634,0,9.857,5.000,-6.276,-47.261,7.784,-34.853,100.123,1,-46.500,1.000,-34.788,0,0,0,0,0,0,0,0,0,0,0,0,0,0,0,0,0,0,0,0,0,0,0,0
178.150,13.390,10.929,3.995,79.582,0,9.857,5.000,-6.276,-47.262,7.780,-34.853,100.123,1,-46.500,1.000,-34.788,0,0,0,0,0,0,0,0,0,0,0,0,0,0,0,0,0,0,0,0,0,0,0,0
178.200,13.375,10.923,3.897,79.529,0,9.857,5.000,-6.276,-47.263,7.777,-34.853,100.123,1,-46.500,1.000,-34.788,0,0,0,0,0,0,0,0,0,0,0,0,0,0,0,0,0,0,0,0,0,0,0,0
178.250,13.360,10.917,3.798,79.477,0,9.857,5.000,-6.276,-47.264,7.773,-34.853,100.123,1,-46.500,1.000,-34.788,0,0,0,0,0,0,0,0,0,0,0,0,0,0,0,0,0,0,0,0,0,0,0,0
178.300,13.344,10.911,3.699,79.424,0,9.857,5.000,-6.276,-47.265,7.770,-34.853,100.123,1,-46.500,1.000,-34.788,0,0,0,0,0,0,0,0,0,0,0,0,0,0,0,0,0,0,0,0,0,0,0,0
178.350,13.329,10.904,3.601,79.372,0,9.857,5.000,-6.276,-47.267,7.768,-34.853,100.123,1,-46.500,1.000,-34.788,0,0,0,0,0,0,0,0,0,0,0,0,0,0,0,0,0,0,0,0,0,0,0,0
178.400,13.313,10.896,3.502,79.319,0,9.857,5.000,-6.276,-47.268,7.765,-34.853,100.123,1,-46.500,1.000,-34.788,0,0,0,0,0,0,0,0,0,0,0,0,0,0,0,0,0,0,0,0,0,0,0,0
178.450,13.297,10.887,3.403,79.266,0,9.857,5.000,-6.276,-47.269,7.762,-34.853,100.123,1,-46.500,1.000,-34.788,0,0,0,0,0,0,0,0,0,0,0,0,0,0,0,0,0,0,0,0,0,0,0,0
178.500,13.280,10.878,3.305,79.213,0,9.857,5.000,-6.276,-47.271,7.760,-34.852,100.123,1,-46.500,1.000,-34.788,0,0,0,0,0,0,0,0,0,0,0,0,0,0,0,0,0,0,0,0,0,0,0,0
178.550,13.264,10.869,3.206,79.159,0,9.857,5.000,-6.276,-47.272,7.758,-34.852,100.123,1,-46.500,1.000,-34.788,0,0,0,0,0,0,0,0,0,0,0,0,0,0,0,0,0,0,0,0,0,0,0,0
178.600,13.247,10.859,3.107,79.106,0,9.857,5.000,-6.276,-47.273,7.756,-34.851,100.123,1,-46.500,1.000,-34.788,0,0,0,0,0,0,0,0,0,0,0,0,0,0,0,0,0,0,0,0,0,0,0,0
178.650,13.230,10.848,3.009,79.052,0,9.857,5.000,-6.276,-47.275,7.755,-34.851,100.123,1,-46.500,1.000,-34.788,0,0,0,0,0,0,0,0,0,0,0,0,0,0,0,0,0,0,0,0,0,0,0,0
178.700,13.213,10.836,2.910,78.998,0,9.857,5.000,-6.276,-47.276,7.753,-34.850,100.123,1,-46.500,1.000,-34.788,0,0,0,0,0,0,0,0,0,0,0,0,0,0,0,0,0,0,0,0,0,0,0,0
178.750,13.195,10.824,2.811,78.944,0,9.857,5.000,-6.276,-47.278,7.752,-34.849,100.123,1,-46.500,1.000,-34.788,0,0,0,0,0,0,0,0,0,0,0,0,0,0,0,0,0,0,0,0,0,0,0,0
178.800,13.177,10.812,2.713,78.890,0,9.857,5.000,-6.276,-47.280,7.751,-34.848,100.123,1,-46.500,1.000,-34.788,0,0,0,0,0,0,0,0,0,0,0,0,0,0,0,0,0,0,0,0,0,0,0,0
178.850,13.159,10.798,2.614,78.836,0,9.857,5.000,-6.276,-47.281,7.750,-34.848,100.123,1,-46.500,1.000,-34.788,0,0,0,0,0,0,0,0,0,0,0,0,0,0,0,0,0,0,0,0,0,0,0,0
178.900,13.140,10.784,2.516,78.782,0,9.857,5.000,-6.276,-47.283,7.750,-34.846,100.123,1,-46.500,1.000,-34.788,0,0,0,0,0,0,0,0,0,0,0,0,0,0,0,0,0,0,0,0,0,0,0,0
178.950,13.121,10.770,2.417,78.727,0,9.857,5.000,-6.276,-47.284,7.749,-34.845,100.123,1,-46.500,1.000,-34.788,0,0,0,0,0,0,0,0,0,0,0,0,0,0,0,0,0,0,0,0,0,0,0,0
179.000,13.102,10.755,2.319,78.672,0,9.857,5.000,-6.276,-47.286,7.749,-34.844,100.123,1,-46.500,1.000,-34.788,0,0,0,0,0,0,0,0,0,0,0,0,0,0,0,0,0,0,0,0,0,0,0,0
179.050,13.083,10.739,2.220,78.617,0,9.857,5.000,-6.276,-47.288,7.749,-34.843,100.123,1,-46.500,1.000,-34.788,0,0,0,0,0,0,0,0,0,0,0,0,0,0,0,0,0,0,0,0,0,0,0,0
179.100,13.063,10.723,2.122,78.562,0,9.857,5.000,-6.276,-47.290,7.750,-34.842,100.123,1,-46.500,1.000,-34.788,0,0,0,0,0,0,0,0,0,0,0,0,0,0,0,0,0,0,0,0,0,0,0,0
179.150,13.042,10.706,2.024,78.506,0,9.857,5.000,-6.276,-47.291,7.750,-34.840,100.123,1,-46.500,1.000,-34.788,0,0,0,0,0,0,0,0,0,0,0,0,0,0,0,0,0,0,0,0,0,0,0,0
179.200,13.022,10.688,1.925,78.451,0,9.857,5.000,-6.276,-47.293,7.751,-34.839,100.123,1,-46.500,1.000,-34.788,0,0,0,0,0,0,0,0,0,0,0,0,0,0,0,0,0,0,0,0,0,0,0,0
179.250,13.000,10.670,1.827,78.395,0,9.857,5.000,-6.276,-47.295,7.752,-34.837,100.123,1,-46.500,1.000,-34.788,0,0,0,0,0,0,0,0,0,0,0,0,0,0,0,0,0,0,0,0,0,0,0,0
179.300,12.979,10.651,1.729,78.339,0,9.857,5.000,-6.276,-47.296,7.753,-34.836,100.123,1,-46.500,1.000,-34.788,0,0,0,0,0,0,0,0,0,0,0,0,0,0,0,0,0,0,0,0,0,0,0,0
179.350,12.957,10.632,1.631,78.283,0,9.857,5.000,-6.276,-47.298,7.754,-34.834,100.123,1,-46.500,1.000,-34.788,0,0,0,0,0,0,0,0,0,0,0,0,0,0,0,0,0,0,0,0,0,0,0,0
179.400,12.935,10.612,1.533,78.226,0,9.857,5.000,-6.276,-47.300,7.755,-34.832,100.123,1,-46.500,1.000,-34.788,0,0,0,0,0,0,0,0,0,0,0,0,0,0,0,0,0,0,0,0,0,0,0,0
179.450,12.912,10.591,1.435,78.170,0,9.857,5.000,-6.276,-47.301,7.757,-34.831,100.123,1,-46.500,1.000,-34.788,0,0,0,0,0,0,0,0,0,0,0,0,0,0,0,0,0,0,0,0,0,0,0,0
179.500,12.888,10.570,1.337,78.113,0,9.857,5.000,-6.276,-47.303,7.759,-34.829,100.123,1,-46.500,1.000,-34.788,0,0,0,0,0,0,0,0,0,0,0,0,0,0,0,0,0,0,0,0,0,0,0,0
179.550,12.865,10.548,1.239,78.056,0,9.857,5.000,-6.276,-47.305,7.761,-34.827,100.123,1,-46.500,1.000,-34.788,0,0,0,0,0,0,0,0,0,0,0,0,0,0,0,0,0,0,0,0,0,0,0,0
179.600,12.841,10.526,1.141,77.999,0,9.857,5.000,-6.276,-47.306,7.763,-34.825,100.123,1,-46.500,1.000,-34.788,0,0,0,0,0,0,0,0,0,0,0,0,0,0,0,0,0,0,0,0,0,0,0,0
179.650,12.816,10.503,1.043,77.941,0,9.857,5.000,-6.276,-47.308,7.766,-34.823,100.123,1,-46.500,1.000,-34.788,0,0,0,0,0,0,0,0,0,0,0,0,0,0,0,0,0,0,0,0,0,0,0,0
179.700,12.791,10.479,0.946,77.883,0,9.857,5.000,-6.276,-47.310,7.769,-34.821,100.123,1,-46.500,1.000,-34.788,0,0,0,0,0,0,0,0,0,0,0,0,0,0,0,0,0,0,0,0,0,0,0,0
179.750,12.765,10.455,0.848,77.825,0,9.857,5.000,-6.276,-47.311,7.772,-34.819,100.123,1,-46.500,1.000,-34.788,0,0,0,0,0,0,0,0,0,0,0,0,0,0,0,0,0,0,0,0,0,0,0,0
179.800,12.739,10.430,0.751,77.767,0,9.857,5.000,-6.276,-47.313,7.775,-34.817,100.123,1,-46.500,1.000,-34.788,0,0,0,0,0,0,0,0,0,0,0,0,0,0,0,0,0,0,0,0,0,0,0,0
179.850,12.712,10.405,0.653,77.709,0,9.857,5.000,-6.276,-47.314,7.778,-34.815,100.123,1,-46.500,1.000,-34.788,0,0,0,0,0,0,0,0,0,0,0,0,0,0,0,0,0,0,0,0,0,0,0,0
179.900,12.685,10.379,0.556,77.650,0,9.857,5.000,-6.276,-47.316,7.781,-34.813,100.123,1,-46.500,1.000,-34.788,0,0,0,0,0,0,0,0,0,0,0,0,0,0,0,0,0,0,0,0,0,0,0,0
179.950,12.658,10.352,0.459,77.591,0,9.857,5.000,-6.276,-47.317,7.785,-34.811,100.123,1,-46.500,1.000,-34.788,0,0,0,0,0,0,0,0,0,0,0,0,0,0,0,0,0,0,0,0,0,0,0,0
180.000,12.629,10.325,0.362,77.531,0,9.857,5.000,-6.276,-47.319,7.789,-34.809,100.123,1,-46.500,1.000,-34.788,0,0,0,0,0,0,0,0,0,0,0,0,0,0,0,0,0,0,0,0,0,0,0,0
180.050,12.601,10.297,0.265,77.472,0,9.857,5.000,-6.276,-47.320,7.793,-34.807,100.123,1,-46.500,1.000,-34.788,0,0,0,0,0,0,0,0,0,0,0,0,0,0,0,0,0,0,0,0,0,0,0,0
180.100,12.572,10.269,0.168,77.412,0,9.857,5.000,-6.276,-47.321,7.797,-34.805,100.123,1,-46.500,1.000,-34.788,0,0,0,0,0,0,0,0,0,0,0,0,0,0,0,0,0,0,0,0,0,0,0,0
180.150,12.542,10.240,0.071,77.352,0,9.857,5.000,-6.276,-47.322,7.801,-34.803,100.123,1,-46.500,1.000,-34.788,0,0,0,0,0,0,0,0,0,0,0,0,0,0,0,0,0,0,0,0,0,0,0,0
180.200,12.512,10.211,-0.025,77.291,0,9.857,5.000,-6.276,-47.324,7.805,-34.801,100.123,1,-46.500,1.000,-34.788,0,0,0,0,0,0,0,0,0,0,0,0,0,0,0,0,0,0,0,0,0,0,0,0
180.250,12.481,10.180,-0.122,77.230,0,9.857,5.000,-6.276,-47.325,7.810,-34.798,100.123,1,-46.500,1.000,-34.788,0,0,0,0,0,0,0,0,0,0,0,0,0,0,0,0,0,0,0,0,0,0,0,0
180.300,12.449,10.150,-0.218,77.169,0,9.857,5.000,-6.276,-47.326,7.815,-34.796,100.123,1,-46.500,1.000,-34.788,0,0,0,0,0,0,0,0,0,0,0,0,0,0,0,0,0,0,0,0,0,0,0,0
180.350,12.418,10.118,-0.314,77.108,0,9.857,5.000,-6.276,-47.327,7.820,-34.794,100.123,1,-46.500,1.000,-34.788,0,0,0,0,0,0,0,0,0,0,0,0,0,0,0,0,0,0,0,0,0,0,0,0
180.400,12.385,10.086,-0.410,77.046,0,9.857,5.000,-6.276,-47.328,7.825,-34.792,100.123,1,-46.500,1.000,-34.788,0,0,0,0,0,0,0,0,0,0,0,0,0,0,0,0,0,0,0,0,0,0,0,0
180.450,12.352,10.054,-0.506,76.984,0,9.857,5.000,-6.276,-47.329,7.830,-34.790,100.123,1,-46.500,1.000,-34.788,0,0,0,0,0,0,0,0,0,0,0,0,0,0,0,0,0,0,0,0,0,0,0,0
180.500,12.319,10.020,-0.602,76.922,0,9.857,5.000,-6.276,-47.330,7.835,-34.788,100.123,1,-46.500,1.000,-34.788,0,0,0,0,0,0,0,0,0,0,0,0,0,0,0,0,0,0,0,0,0,0,0,0
180.550,12.284,9.987,-0.698,76.860,0,9.857,5.000,-6.276,-47.330,7.840,-34.786,100.123,1,-46.500,1.000,-34.788,0,0,0,0,0,0,0,0,0,0,0,0,0,0,0,0,0,0,0,0,0,0,0,0
180.600,12.250,9.952,-0.793,76.797,0,9.857,5.000,-6.276,-47.331,7.846,-34.784,100.123,1,-46.500,1.000,-34.788,0,0,0,0,0,0,0,0,0,0,0,0,0,0,0,0,0,0,0,0,0,0,0,0
180.650,12.214,9.917,-0.888,76.734,0,9.857,5.000,-6.276,-47.332,7.851,-34.782,100.123,1,-46.500,1.000,-34.788,0,0,0,0,0,0,0,0,0,0,0,0,0,0,0,0,0,0,0,0,0,0,0,0
180.700,12.179,9.881,-0.983,76.670,0,9.857,5.000,-6.276,-47.333,7.857,-34.780,100.123,1,-46.500,1.000,-34.788,0,0,0,0,0,0,0,0,0,0,0,0,0,0,0,0,0,0,0,0,0,0,0,0
180.750,12.142,9.845,-1.078,76.606,0,9.857,5.000,-6.276,-47.333,7.863,-34.778,100.123,1,-46.500,1.000,-34.788,0,0,0,0,0,0,0,0,0,0,0,0,0,0,0,0,0,0,0,0,0,0,0,0
180.800,12.105,9.808,-1.173,76.542,0,9.857,5.000,-6.276,-47.334,7.869,-34.776,100.123,1,-46.500,1.000,-34.788,0,0,0,0,0,0,0,0,0,0,0,0,0,0,0,0,0,0,0,0,0,0,0,0
180.850,12.068,9.770,-1.268,76.478,0,9.857,5.000,-6.276,-47.334,7.874,-34.774,100.123,1,-46.500,1.000,-34.788,0,0,0,0,0,0,0,0,0,0,0,0,0,0,0,0,0,0,0,0,0,0,0,0
180.900,12.030,9.732,-1.362,76.413,0,9.857,5.000,-6.276,-47.334,7.880,-34.772,100.123,1,-46.500,1.000,-34.788,0,0,0,0,0,0,0,0,0,0,0,0,0,0,0,0,0,0,0,0,0,0,0,0
180.950,11.991,9.693,-1.457,76.348,0,9.857,5.000,-6.276,-47.335,7.887,-34.770,100.123,1,-46.500,1.000,-34.788,0,0,0,0,0,0,0,0,0,0,0,0,0,0,0,0,0,0,0,0,0,0,0,0
181.000,11.952,9.654,-1.551,76.283,0,9.857,5.000,-6.276,-47.335,7.893,-34.768,100.123,1,-46.500,1.000,-34.788,0,0,0,0,0,0,0,0,0,0,0,0,0,0,0,0,0,0,0,0,0,0,0,0
181.050,11.913,9.614,-1.645,76.217,0,9.857,5.000,-6.276,-47.335,7.899,-34.766,100.123,1,-46.500,1.000,-34.788,0,0,0,0,0,0,0,0,0,0,0,0,0,0,0,0,0,0,0,0,0,0,0,0
181.100,11.872,9.573,-1.739,76.151,0,9.857,5.000,-6.276,-47.335,7.905,-34.765,100.123,1,-46.500,1.000,-34.788,0,0,0,0,0,0,0,0,0,0,0,0,0,0,0,0,0,0,0,0,0,0,0,0
181.150,11.832,9.532,-1.832,76.085,0,9.857,5.000,-6.276,-47.335,7.911,-34.763,100.123,1,-46.500,1.000,-34.788,0,0,0,0,0,0,0,0,0,0,0,0,0,0,0,0,0,0,0,0,0,0,0,0
181.200,11.790,9.490,-1.926,76.018,0,9.857,5.000,-6.276,-47.335,7.918,-34.761,100.123,1,-46.500,1.000,-34.788,0,0,0,0,0,0,0,0,0,0,0,0,0,0,0,0,0,0,0,0,0,0,0,0
181.250,11.749,9.447,-2.019,75.951,0,9.857,5.000,-6.276,-47.335,7.924,-34.760,100.123,1,-46.500,1.000,-34.788,0,0,0,0,0,0,0,0,0,0,0,0,0,0,0,0,0,0,0,0,0,0,0,0
181.300,11.706,9.404,-2.112,75.884,0,9.857,5.000,-6.276,-47.335,7.930,-34.758,100.123,1,-46.500,1.000,-34.788,0,0,0,0,0,0,0,0,0,0,0,0,0,0,0,0,0,0,0,0,0,0,0,0
181.350,11.664,9.360,-2.204,75.816,0,9.857,5.000,-6.276,-47.335,7.937,-34.757,100.123,1,-46.500,1.000,-34.788,0,0,0,0,0,0,0,0,0,0,0,0,0,0,0,0,0,0,0,0,0,0,0,0
181.400,11.620,9.315,-2.297,75.749,0,9.857,5.000,-6.276,-47.335,7.943,-34.755,100.123,1,-46.500,1.000,-34.788,0,0,0,0,0,0,0,0,0,0,0,0,0,0,0,0,0,0,0,0,0,0,0,0
181.450,11.576,9.270,-2.389,75.681,0,9.857,5.000,-6.276,-47.335,7.949,-34.754,100.123,1,-46.500,1.000,-34.788,0,0,0,0,0,0,0,0,0,0,0,0,0,0,0,0,0,0,0,0,0,0,0,0
181.500,11.532,9.224,-2.481,75.612,0,9.857,5.000,-6.276,-47.334,7.956,-34.752,100.123,1,-46.500,1.000,-34.788,0,0,0,0,0,0,0,0,0,0,0,0,0,0,0,0,0,0,0,0,0,0,0,0
181.550,11.487,9.177,-2.573,75.543,0,9.857,5.000,-6.276,-47.334,7.962,-34.751,100.123,1,-46.500,1.000,-34.788,0,0,0,0,0,0,0,0,0,0,0,0,0,0,0,0,0,0,0,0,0,0,0,0
181.600,11.442,9.130,-2.665,75.475,0,9.857,5.000,-6.276,-47.334,7.968,-34.750,100.123,1,-46.500,1.000,-34.788,0,0,0,0,0,0,0,0,0,0,0,0,0,0,0,0,0,0,0,0,0,0,0,0
181.650,11.396,9.082,-2.756,75.405,0,9.857,5.000,-6.276,-47.333,7.975,-34.749,100.123,1,-46.500,1.000,-34.788,0,0,0,0,0,0,0,0,0,0,0,0,0,0,0,0,0,0,0,0,0,0,0,0
181.700,11.350,9.034,-2.848,75.336,0,9.857,5.000,-6.276,-47.333,7.981,-34.747,100.123,1,-46.500,1.000,-34.788,0,0,0,0,0,0,0,0,0,0,0,0,0,0,0,0,0,0,0,0,0,0,0,0
181.750,11.303,8.985,-2.939,75.266,0,9.857,5.000,-6.276,-47.332,7.987,-34.746,100.123,1,-46.500,1.000,-34.788,0,0,0,0,0,0,0,0,0,0,0,0,0,0,0,0,0,0,0,0,0,0,0,0
181.800,11.256,8.936,-3.029,75.196,0,9.857,5.000,-6.276,-47.331,7.993,-34.745,100.123,1,-46.500,1.000,-34.788,0,0,0,0,0,0,0,0,0,0,0,0,0,0,0,0,0,0,0,0,0,0,0,0
181.850,11.208,8.885,-3.120,75.126,0,9.857,5.000,-6.276,-47.331,8.000,-34.744,100.123,1,-46.500,1.000,-34.788,0,0,0,0,0,0,0,0,0,0,0,0,0,0,0,0,0,0,0,0,0,0,0,0
181.900,11.160,8.835,-3.210,75.056,0,9.857,5.000,-6.276,-47.330,8.006,-34.744,100.123,1,-46.500,1.000,-34.788,0,0,0,0,0,0,0,0,0,0,0,0,0,0,0,0,0,0,0,0,0,0,0,0
181.950,11.112,8.783,-3.300,74.985,0,9.857,5.000,-6.276,-47.329,8.012,-34.743,100.123,1,-46.500,1.000,-34.788,0,0,0,0,0,0,0,0,0,0,0,0,0,0,0,0,0,0,0,0,0,0,0,0
182.000,11.063,8.731,-3.390,74.906,0,45.257,23.221,8.325,-47.329,8.018,-34.742,100.123,1,-46.500,1.000,-34.788,0,0,0,0,0,0,0,0,0,0,0,0,0,0,0,0,0,0,0,0,0,0,0,0
182.050,11.019,8.685,-3.474,74.827,0,45.257,23.221,8.325,-47.328,8.024,-34.741,100.123,1,-46.500,1.000,-34.788,0,0,0,0,0,0,0,0,0,0,0,0,0,0,0,0,0,0,0,0,0,0,0,0
182.100,10.980,8.643,-3.552,74.747,0,45.257,23.221,8.325,-47.327,8.029,-34.741,100.123,1,-46.500,1.000,-34.788,0,0,0,0,0,0,0,0,0,0,0,0,0,0,0,0,0,0,0,0,0,0,0,0
182.150,10.945,8.605,-3.625,74.668,0,45.257,23.221,8.325,-47.326,8.035,-34.740,100.123,1,-46.500,1.000,-34.788,0,0,0,0,0,0,0,0,0,0,0,0,0,0,0,0,0,0,0,0,0,0,0,0
182.200,10.915,8.572,-3.693,74.589,0,45.257,23.221,8.325,-47.325,8.041,-34.739,100.123,1,-46.500,1.000,-34.788,0,0,0,0,0,0,0,0,0,0,0,0,0,0,0,0,0,0,0,0,0,0,0,0
182.250,10.889,8.543,-3.757,74.509,0,45.257,23.221,8.325,-47.324,8.047,-34.739,100.123,1,-46.500,1.000,-34.788,0,0,0,0,0,0,0,0,0,0,0,0,0,0,0,0,0,0,0,0,0,0,0,0
182.300,10.867,8.518,-3.817,74.430,0,45.257,23.221,8.325,-47.323,8.052,-34.738,100.123,1,-46.500,1.000,-34.788,0,0,0,0,0,0,0,0,0,0,0,0,0,0,0,0,0,0,0,0,0,0,0,0
182.350,10.848,8.497,-3.872,74.350,0,45.257,23.221,8.325,-47.322,8.058,-34.738,100.123,1,-46.500,1.000,-34.788,0,0,0,0,0,0,0,0,0,0,0,0,0,0,0,0,0,0,0,0,0,0,0,0
182.400,10.834,8.479,-3.924,74.271,0,45.257,23.221,8.325,-47.321,8.063,-34.738,100.123,1,-46.500,1.000,-34.788,0,0,0,0,0,0,0,0,0,0,0,0,0,0,0,0,0,0,0,0,0,0,0,0
182.450,10.822,8.465,-3.972,74.191,0,45.257,23.221,8.325,-47.320,8.068,-34.737,100.123,1,-46.500,1.000,-34.788,0,0,0,0,0,0,0,0,0,0,0,0,0,0,0,0,0,0,0,0,0,0,0,0
182.500,10.815,8.454,-4.017,74.111,0,45.257,23.221,8.325,-47.319,8.073,-34.737,100.123,1,-46.500,1.000,-34.788,0,0,0,0,0,0,0,0,0,0,0,0,0,0,0,0,0,0,0,0,0,0,0,0
182.550,10.810,8.447,-4.059,74.032,0,45.257,23.221,8.325,-47.318,8.078,-34.737,100.123,1,-46.500,1.000,-34.788,0,0,0,0,0,0,0,0,0,0,0,0,0,0,0,0,0,0,0,0,0,0,0,0
182.600,10.809,8.443,-4.097,73.952,0,45.257,23.221,8.325,-47.317,8.083,-34.737,100.123,1,-46.500,1.000,-34.788,0,0,0,0,0,0,0,0,0,0,0,0,0,0,0,0,0,0,0,0,0,0,0,0
182.650,10.811,8.442,-4.132,73.873,0,45.257,23.221,8.325,-47.315,8.088,-34.736,100.123,1,-46.500,1.000,-34.788,0,0,0,0,0,0,0,0,0,0,0,0,0,0,0,0,0,0,0,0,0,0,0,0
182.700,10.817,8.445,-4.164,73.793,0,45.257,23.221,8.325,-47.314,8.092,-34.736,100.123,1,-46.500,1.000,-34.788,0,0,0,0,0,0,0,0,0,0,0,0,0,0,0,0,0,0,0,0,0,0,0,0
182.750,10.825,8.450,-4.194,73.714,0,45.257,23.221,8.325,-47.313,8.097,-34.736,100.123,1,-46.500,1.000,-34.788,0,0,0,0,0,0,0,0,0,0,0,0,0,0,0,0,0,0,0,0,0,0,0,0
182.800,10.837,8.459,-4.220,73.634,0,45.257,23.221,8.325,-47.312,8.101,-34.736,100.123,1,-46.500,1.000,-34.788,0,0,0,0,0,0,0,0,0,0,0,0,0,0,0,0,0,0,0,0,0,0,0,0
182.850,10.852,8.471,-4.243,73.554,0,45.257,23.221,8.325,-47.311,8.106,-34.736,100.123,1,-46.500,1.000,-34.788,0,0,0,0,0,0,0,0,0,0,0,0,0,0,0,0,0,0,0,0,0,0,0,0
182.900,10.870,8.486,-4.264,73.475,0,45.257,23.221,8.325,-47.310,8.110,-34.736,100.123,1,-46.500,1.000,-34.788,0,0,0,0,0,0,0,0,0,0,0,0,0,0,0,0,0,0,0,0,0,0,0,0
182.950,10.891,8.504,-4.281,73.395,0,45.257,23.221,8.325,-47.309,8.114,-34.737,100.123,1,-46.500,1.000,-34.788,0,0,0,0,0,0,0,0,0,0,0,0,0,0,0,0,0,0,0,0,0,0,0,0
183.000,10.915,8.525,-4.296,73.315,0,45.257,23.221,8.325,-47.307,8.118,-34.737,100.123,1,-46.500,1.000,-34.788,0,0,0,0,0,0,0,0,0,0,0,0,0,0,0,0,0,0,0,0,0,0,0,0
183.050,10.942,8.549,-4.308,73.235,0,45.257,23.221,8.325,-47.306,8.121,-34.737,100.123,1,-46.500,1.000,-34.788,0,0,0,0,0,0,0,0,0,0,0,0,0,0,0,0,0,0,0,0,0,0,0,0
183.100,10.972,8.576,-4.317,73.156,0,45.257,23.221,8.325,-47.305,8.125,-34.737,100.123,1,-46.500,1.000,-34.788,0,0,0,0,0,0,0,0,0,0,0,0,0,0,0,0,0,0,0,0,0,0,0,0
183.150,11.005,8.606,-4.324,73.076,0,45.257,23.221,8.325,-47.304,8.128,-34.737,100.123,1,-46.500,1.000,-34.788,0,0,0,0,0,0,0,0,0,0,0,0,0,0,0,0,0,0,0,0,0,0,0,0
183.200,11.041,8.639,-4.327,72.996,0,45.257,23.221,8.325,-47.303,8.131,-34.738,100.123,1,-46.500,1.000,-34.788,0,0,0,0,0,0,0,0,0,0,0,0,0,0,0,0,0,0,0,0,0,0,0,0
183.250,11.079,8.674,-4.328,72.916,0,45.257,23.221,8.325,-47.302,8.134,-34.738,100.123,1,-46.500,1.000,-34.788,0,0,0,0,0,0,0,0,0,0,0,0,0,0,0,0,0,0,0,0,0,0,0,0
183.300,11.120,8.712,-4.326,72.837,0,45.257,23.221,8.325,-47.301,8.137,-34.738,100.123,1,-46.500,1.000,-34.788,0,0,0,0,0,0,0,0,0,0,0,0,0,0,0,0,0,0,0,0,0,0,0,0
183.350,11.163,8.752,-4.322,72.757,0,45.257,23.221,8.325,-47.300,8.140,-34.738,100.123,1,-46.500,1.000,-34.788,0,0,0,0,0,0,0,0,0,0,0,0,0,0,0,0,0,0,0,0,0,0,0,0
183.400,11.209,8.795,-4.315,72.677,0,45.257,23.221,8.325,-47.298,8.142,-34.739,100.123,1,-46.500,1.000,-34.788,0,0,0,0,0,0,0,0,0,0,0,0,0,0,0,0,0,0,0,0,0,0,0,0
183.450,11.257,8.840,-4.306,72.597,0,45.257,23.221,8.325,-47.297,8.145,-34.739,100.123,1,-46.500,1.000,-34.788,0,0,0,0,0,0,0,0,0,0,0,0,0,0,0,0,0,0,0,0,0,0,0,0
183.500,11.307,8.887,-4.294,72.518,0,45.257,23.221,8.325,-47.296,8.147,-34.740,100.123,1,-46.500,1.000,-34.788,0,0,0,0,0,0,0,0,0,0,0,0,0,0,0,0,0,0,0,0,0,0,0,0
183.550,11.360,8.936,-4.279,72.438,0,45.257,23.221,8.325,-47.295,8.149,-34.740,100.123,1,-46.500,1.000,-34.788,0,0,0,0,0,0,0,0,0,0,0,0,0,0,0,0,0,0,0,0,0,0,0,0
183.600,11.414,8.987,-4.263,72.359,0,45.257,23.221,8.325,-47.294,8.151,-34.741,100.123,1,-46.500,1.000,-34.788,0,0,0,0,0,0,0,0,0,0,0,0,0,0,0,0,0,0,0,0,0,0,0,0
183.650,11.470,9.040,-4.244,72.279,0,45.257,23.221,8.325,-47.294,8.152,-34.741,100.123,1,-46.500,1.000,-34.788,0,0,0,0,0,0,0,0,0,0,0,0,0,0,0,0,0,0,0,0,0,0,0,0
183.700,11.528,9.095,-4.223,72.200,0,45.257,23.221,8.325,-47.293,8.154,-34.741,100.123,1,-46.500,1.000,-34.788,0,0,0,0,0,0,0,0,0,0,0,0,0,0,0,0,0,0,0,0,0,0,0,0
183.750,11.588,9.152,-4.200,72.121,0,45.257,23.221,8.325,-47.292,8.155,-34.742,100.123,1,-46.500,1.000,-34.788,0,0,0,0,0,0,0,0,0,0,0,0,0,0,0,0,0,0,0,0,0,0,0,0
183.800,11.649,9.210,-4.175,72.041,0,45.257,23.221,8.325,-47.291,8.156,-34.742,100.123,1,-46.500,1.000,-34.788,0,0,0,0,0,0,0,0,0,0,0,0,0,0,0,0,0,0,0,0,0,0,0,0
183.850,11.712,9.269,-4.148,71.962,0,45.257,23.221,8.325,-47.290,8.157,-34.743,100.123,1,-46.500,1.000,-34.788,0,0,0,0,0,0,0,0,0,0,0,0,0,0,0,0,0,0,0,0,0,0,0,0
183.900,11.776,9.330,-4.119,71.883,0,45.257,23.221,8.325,-47.290,8.158,-34.743,100.123,1,-46.500,1.000,-34.788,0,0,0,0,0,0,0,0,0,0,0,0,0,0,0,0,0,0,0,0,0,0,0,0
183.950,11.842,9.392,-4.089,71.804,0,45.257,23.221,8.325,-47.289,8.159,-34.744,100.123,1,-46.500,1.000,-34.788,0,0,0,0,0,0,0,0,0,0,0,0,0,0,0,0,0,0,0,0,0,0,0,0
184.000,11.908,9.455,-4.056,71.725,0,45.257,23.221,8.325,-47.288,8.159,-34.745,100.123,1,-46.500,1.000,-34.788,0,0,0,0,0,0,0,0,0,0,0,0,0,0,0,0,0,0,0,0,0,0,0,0
184.050,11.976,9.520,-4.023,71.647,0,45.257,23.221,8.325,-47.288,8.159,-34.745,100.123,1,-46.500,1.000,-34.788,0,0,0,0,0,0,0,0,0,0,0,0,0,0,0,0,0,0,0,0,0,0,0,0
184.100,12.045,9.585,-3.988,71.568,0,45.257,23.221,8.325,-47.287,8.159,-34.746,100.123,1,-46.500,1.000,-34.788,0,0,0,0,0,0,0,0,0,0,0,0,0,0,0,0,0,0,0,0,0,0,0,0
184.150,12.114,9.651,-3.951,71.490,0,45.257,23.221,8.325,-47.286,8.159,-34.746,100.123,1,-46.500,1.000,-34.788,0,0,0,0,0,0,0,0,0,0,0,0,0,0,0,0,0,0,0,0,0,0,0,0
184.200,12.185,9.718,-3.913,71.412,0,45.257,23.221,8.325,-47.286,8.158,-34.747,100.123,1,-46.500,1.000,-34.788,0,0,0,0,0,0,0,0,0,0,0,0,0,0,0,0,0,0,0,0,0,0,0,0
184.250,12.256,9.786,-3.874,71.333,0,45.257,23.221,8.325,-47.286,8.158,-34.747,100.123,1,-46.500,1.000,-34.788,0,0,0,0,0,0,0,0,0,0,0,0,0,0,0,0,0,0,0,0,0,0,0,0
184.300,12.329,9.854,-3.833,71.255,0,45.257,23.221,8.325,-47.285,8.157,-34.748,100.123,1,-46.500,1.000,-34.788,0,0,0,0,0,0,0,0,0,0,0,0,0,0,0,0,0,0,0,0,0,0,0,0
184.350,12.401,9.923,-3.792,71.178,0,45.257,23.221,8.325,-47.285,8.156,-34.748,100.123,1,-46.500,1.000,-34.788,0,0,0,0,0,0,0,0,0,0,0,0,0,0,0,0,0,0,0,0,0,0,0,0
184.400,12.475,9.993,-3.749,71.100,0,45.257,23.221,8.325,-47.285,8.155,-34.749,100.123,1,-46.500,1.000,-34.788,0,0,0,0,0,0,0,0,0,0,0,0,0,0,0,0,0,0,0,0,0,0,0,0
184.450,12.549,10.063,-3.706,71.023,0,45.257,23.221,8.325,-47.284,8.154,-34.750,100.123,1,-46.500,1.000,-34.788,0,0,0,0,0,0,0,0,0,0,0,0,0,0,0,0,0,0,0,0,0,0,0,0
184.500,12.624,10.133,-3.662,70.946,0,45.257,23.221,8.325,-47.284,8.152,-34.750,100.123,1,-46.500,1.000,-34.788,0,0,0,0,0,0,0,0,0,0,0,0,0,0,0,0,0,0,0,0,0,0,0,0
184.550,12.699,10.204,-3.616,70.869,0,45.257,23.221,8.325,-47.284,8.150,-34.751,100.123,1,-46.500,1.000,-34.788,0,0,0,0,0,0,0,0,0,0,0,0,0,0,0,0,0,0,0,0,0,0,0,0
184.600,12.775,10.275,-3.570,70.792,0,45.257,23.221,8.325,-47.284,8.149,-34.751,100.123,1,-46.500,1.000,-34.788,0,0,0,0,0,0,0,0,0,0,0,0,0,0,0,0,0,0,0,0,0,0,0,0
184.650,12.851,10.347,-3.524,70.716,0,45.257,23.221,8.325,-47.284,8.147,-34.752,100.123,1,-46.500,1.000,-34.788,0,0,0,0,0,0,0,0,0,0,0,0,0,0,0,0,0,0,0,0,0,0,0,0
184.700,12.927,10.419,-3.477,70.640,0,45.257,23.221,8.325,-47.284,8.144,-34.752,100.123,1,-46.500,1.000,-34.788,0,0,0,0,0,0,0,0,0,0,0,0,0,0,0,0,0,0,0,0,0,0,0,0
184.750,13.004,10.491,-3.429,70.564,0,45.257,23.221,8.325,-47.284,8.142,-34.753,100.123,1,-46.500,1.000,-34.788,0,0,0,0,0,0,0,0,0,0,0,0,0,0,0,0,0,0,0,0,0,0,0,0
184.800,13.081,10.563,-3.380,70.489,0,45.257,23.221,8.325,-47.284,8.139,-34.754,100.123,1,-46.500,1.000,-34.788,0,0,0,0,0,0,0,0,0,0,0,0,0,0,0,0,0,0,0,0,0,0,0,0
184.850,13.159,10.635,-3.332,70.413,0,45.257,23.221,8.325,-47.285,8.137,-34.754,100.123,1,-46.500,1.000,-34.788,0,0,0,0,0,0,0,0,0,0,0,0,0,0,0,0,0,0,0,0,0,0,0,0
184.900,13.236,10.708,-3.282,70.338,0,45.257,23.221,8.325,-47.285,8.134,-34.755,100.123,1,-46.500,1.000,-34.788,0,0,0,0,0,0,0,0,0,0,0,0,0,0,0,0,0,0,0,0,0,0,0,0
184.950,13.314,10.781,-3.233,70.264,0,45.257,23.221,8.325,-47.285,8.131,-34.755,100.123,1,-46.500,1.000,-34.788,0,0,0,0,0,0,0,0,0,0,0,0,0,0,0,0,0,0,0,0,0,0,0,0
185.000,13.393,10.853,-3.183,70.189,0,45.257,23.221,8.325,-47.286,8.127,-34.756,100.123,1,-46.500,1.000,-34.788,0,0,0,0,0,0,0,0,0,0,0,0,0,0,0,0,0,0,0,0,0,0,0,0
185.050,13.471,10.926,-3.133,70.115,0,45.257,23.221,8.325,-47.286,8.124,-34.756,100.123,1,-46.500,1.000,-34.788,0,0,0,0,0,0,0,0,0,0,0,0,0,0,0,0,0,0,0,0,0,0,0,0
185.100,13.550,10.999,-3.082,70.041,0,45.257,23.221,8.325,-47.287,8.120,-34.757,100.123,1,-46.500,1.000,-34.788,0,0,0,0,0,0,0,0,0,0,0,0,0,0,0,0,0,0,0,0,0,0,0,0
185.150,13.629,11.072,-3.032,69.967,0,45.257,23.221,8.325,-47.287,8.117,-34.757,100.123,1,-46.500,1.000,-34.788,0,0,0,0,0,0,0,0,0,0,0,0,0,0,0,0,0,0,0,0,0,0,0,0
185.200,13.708,11.144,-2.981,69.893,0,45.257,23.221,8.325,-47.288,8.113,-34.758,100.123,1,-46.500,1.000,-34.788,0,0,0,0,0,0,0,0,0,0,0,0,0,0,0,0,0,0,0,0,0,0,0,0
185.250,13.787,11.217,-2.930,69.820,0,45.257,23.221,8.325,-47.288,8.109,-34.758,100.123,1,-46.500,1.000,-34.788,0,0,0,0,0,0,0,0,0,0,0,0,0,0,0,0,0,0,0,0,0,0,0,0
185.300,13.866,11.290,-2.879,69.747,0,45.257,23.221,8.325,-47.289,8.105,-34.759,100.123,1,-46.500,1.000,-34.788,0,0,0,0,0,0,0,0,0,0,0,0,0,0,0,0,0,0,0,0,0,0,0,0
185.350,13.946,11.363,-2.828,69.675,0,45.257,23.221,8.325,-47.290,8.100,-34.759,100.123,1,-46.500,1.000,-34.788,0,0,0,0,0,0,0,0,0,0,0,0,0,0,0,0,0,0,0,0,0,0,0,0
185.400,14.025,11.435,-2.777,69.602,0,45.257,23.221,8.325,-47.290,8.096,-34.760,100.123,1,-46.500,1.000,-34.788,0,0,0,0,0,0,0,0,0,0,0,0,0,0,0,0,0,0,0,0,0,0,0,0
185.450,14.105,11.508,-2.726,69.530,0,45.257,23.221,8.325,-47.291,8.091,-34.760,100.123,1,-46.500,1.000,-34.788,0,0,0,0,0,0,0,0,0,0,0,0,0,0,0,0,0,0,0,0,0,0,0,0
185.500,14.185,11.580,-2.675,69.459,0,45.257,23.221,8.325,-47.292,8.087,-34.761,100.123,1,-46.500,1.000,-34.788,0,0,0,0,0,0,0,0,0,0,0,0,0,0,0,0,0,0,0,0,0,0,0,0
185.550,14.265,11.653,-2.624,69.387,0,45.257,23.221,8.325,-47.293,8.082,-34.762,100.123,1,-46.500,1.000,-34.788,0,0,0,0,0,0,0,0,0,0,0,0,0,0,0,0,0,0,0,0,0,0,0,0
185.600,14.345,11.725,-2.574,69.316,0,45.257,23.221,8.325,-47.294,8.077,-34.762,100.123,1,-46.500,1.000,-34.788,0,0,0,0,0,0,0,0,0,0,0,0,0,0,0,0,0,0,0,0,0,0,0,0
185.650,14.426,11.797,-2.523,69.246,0,45.257,23.221,8.325,-47.295,8.072,-34.763,100.123,1,-46.500,1.000,-34.788,0,0,0,0,0,0,0,0,0,0,0,0,0,0,0,0,0,0,0,0,0,0,0,0
185.700,14.506,11.870,-2.473,69.175,0,45.257,23.221,8.325,-47.296,8.067,-34.763,100.123,1,-46.500,1.000,-34.788,0,0,0,0,0,0,0,0,0,0,0,0,0,0,0,0,0,0,0,0,0,0,0,0
185.750,14.587,11.942,-2.423,69.105,0,45.257,23.221,8.325,-47.297,8.061,-34.764,100.123,1,-46.500,1.000,-34.788,0,0,0,0,0,0,0,0,0,0,0,0,0,0,0,0,0,0,0,0,0,0,0,0
185.800,14.667,12.014,-2.373,69.036,0,45.257,23.221,8.325,-47.298,8.056,-34.764,100.123,1,-46.500,1.000,-34.788,0,0,0,0,0,0,0,0,0,0,0,0,0,0,0,0,0,0,0,0,0,0,0,0
185.850,14.748,12.085,-2.323,68.966,0,45.257,23.221,8.325,-47.299,8.051,-34.765,100.123,1,-46.500,1.000,-34.788,0,0,0,0,0,0,0,0,0,0,0,0,0,0,0,0,0,0,0,0,0,0,0,0
185.900,14.829,12.157,-2.274,68.897,0,45.257,23.221,8.325,-47.300,8.045,-34.765,100.123,1,-46.500,1.000,-34.788,0,0,0,0,0,0,0,0,0,0,0,0,0,0,0,0,0,0,0,0,0,0,0,0
185.950,14.910,12.229,-2.225,68.829,0,45.257,23.221,8.325,-47.301,8.040,-34.766,100.123,1,-46.500,1.000,-34.788,0,0,0,0,0,0,0,0,0,0,0,0,0,0,0,0,0,0,0,0,0,0,0,0
186.000,14.991,12.300,-2.177,68.760,0,45.257,23.221,8.325,-47.302,8.034,-34.766,100.123,1,-46.500,1.000,-34.788,0,0,0,0,0,0,0,0,0,0,0,0,0,0,0,0,0,0,0,0,0,0,0,0
186.050,15.072,12.372,-2.129,68.692,0,45.257,23.221,8.325,-47.303,8.028,-34.767,100.123,1,-46.500,1.000,-34.788,0,0,0,0,0,0,0,0,0,0,0,0,0,0,0,0,0,0,0,0,0,0,0,0
186.100,15.153,12.443,-2.082,68.624,0,45.257,23.221,8.325,-47.305,8.022,-34.767,100.123,1,-46.500,1.000,-34.788,0,0,0,0,0,0,0,0,0,0,0,0,0,0,0,0,0,0,0,0,0,0,0,0
186.150,15.235,12.514,-2.035,68.557,0,45.257,23.221,8.325,-47.306,8.016,-34.768,100.123,1,-46.500,1.000,-34.788,0,0,0,0,0,0,0,0,0,0,0,0,0,0,0,0,0,0,0,0,0,0,0,0
186.200,15.316,12.585,-1.988,68.490,0,45.257,23.221,8.325,-47.307,8.010,-34.768,100.123,1,-46.500,1.000,-34.788,0,0,0,0,0,0,0,0,0,0,0,0,0,0,0,0,0,0,0,0,0,0,0,0
186.250,15.398,12.656,-1.942,68.423,0,45.257,23.221,8.325,-47.308,8.004,-34.769,100.123,1,-46.500,1.000,-34.788,0,0,0,0,0,0,0,0,0,0,0,0,0,0,0,0,0,0,0,0,0,0,0,0
186.300,15.480,12.727,-1.897,68.356,0,45.257,23.221,8.325,-47.309,7.998,-34.770,100.123,1,-46.500,1.000,-34.788,0,0,0,0,0,0,0,0,0,0,0,0,0,0,0,0,0,0,0,0,0,0,0,0
186.350,15.562,12.798,-1.852,68.290,0,45.257,23.221,8.325,-47.311,7.992,-34.770,100.123,1,-46.500,1.000,-34.788,0,0,0,0,0,0,0,0,0,0,0,0,0,0,0,0,0,0,0,0,0,0,0,0
186.400,15.644,12.869,-1.808,68.224,0,45.257,23.221,8.325,-47.312,7.986,-34.771,100.123,1,-46.500,1.000,-34.788,0,0,0,0,0,0,0,0,0,0,0,0,0,0,0,0,0,0,0,0,0,0,0,0
186.450,15.726,12.939,-1.765,68.158,0,45.257,23.221,8.325,-47.313,7.980,-34.771,100.123,1,-46.500,1.000,-34.788,0,0,0,0,0,0,0,0,0,0,0,0,0,0,0,0,0,0,0,0,0,0,0,0
186.500,15.808,13.010,-1.722,68.092,0,45.257,23.221,8.325,-47.314,7.974,-34.772,100.123,1,-46.500,1.000,-34.788,0,0,0,0,0,0,0,0,0,0,0,0,0,0,0,0,0,0,0,0,0,0,0,0
186.550,15.890,13.080,-1.680,68.027,0,45.257,23.221,8.325,-47.316,7.968,-34.773,100.123,1,-46.500,1.000,-34.788,0,0,0,0,0,0,0,0,0,0,0,0,0,0,0,0,0,0,0,0,0,0,0,0
186.600,15.973,13.150,-1.638,67.962,0,45.257,23.221,8.325,-47.317,7.962,-34.773,100.123,1,-46.500,1.000,-34.788,0,0,0,0,0,0,0,0,0,0,0,0,0,0,0,0,0,0,0,0,0,0,0,0
186.650,16.055,13.220,-1.598,67.897,0,45.257,23.221,8.325,-47.318,7.955,-34.774,100.123,1,-46.500,1.000,-34.788,0,0,0,0,0,0,0,0,0,0,0,0,0,0,0,0,0,0,0,0,0,0,0,0
186.700,16.138,13.290,-1.558,67.832,0,45.257,23.221,8.325,-47.319,7.949,-34.775,100.123,1,-46.500,1.000,-34.788,0,0,0,0,0,0,0,0,0,0,0,0,0,0,0,0,0,0,0,0,0,0,0,0
186.750,16.221,13.360,-1.518,67.768,0,45.257,23.221,8.325,-47.320,7.943,-34.775,100.123,1,-46.500,1.000,-34.788,0,0,0,0,0,0,0,0,0,0,0,0,0,0,0,0,0,0,0,0,0,0,0,0
186.800,16.304,13.430,-1.480,67.704,0,45.257,23.221,8.325,-47.321,7.937,-34.776,100.123,1,-46.500,1.000,-34.788,0,0,0,0,0,0,0,0,0,0,0,0,0,0,0,0,0,0,0,0,0,0,0,0
186.850,16.387,13.500,-1.442,67.640,0,45.257,23.221,8.325,-47.323,7.930,-34.777,100.123,1,-46.500,1.000,-34.788,0,0,0,0,0,0,0,0,0,0,0,0,0,0,0,0,0,0,0,0,0,0,0,0
186.900,16.470,13.569,-1.405,67.576,0,45.257,23.221,8.325,-47.324,7.924,-34.778,100.123,1,-46.500,1.000,-34.788,0,0,0,0,0,0,0,0,0,0,0,0,0,0,0,0,0,0,0,0,0,0,0,0
186.950,16.553,13.639,-1.369,67.512,0,45.257,23.221,8.325,-47.325,7.918,-34.778,100.123,1,-46.500,1.000,-34.788,0,0,0,0,0,0,0,0,0,0,0,0,0,0,0,0,0,0,0,0,0,0,0,0
187.000,16.637,13.708,-1.334,67.448,0,45.257,23.221,8.325,-47.326,7.912,-34.779,100.123,1,-46.500,1.000,-34.788,0,0,0,0,0,0,0,0,0,0,0,0,0,0,0,0,0,0,0,0,0,0,0,0
187.050,16.721,13.777,-1.300,67.385,0,45.257,23.221,8.325,-47.327,7.906,-34.780,100.123,1,-46.500,1.000,-34.788,0,0,0,0,0,0,0,0,0,0,0,0,0,0,0,0,0,0,0,0,0,0,0,0
187.100,16.804,13.846,-1.266,67.322,0,45.257,23.221,8.325,-47.328,7.900,-34.781,100.123,1,-46.500,1.000,-34.788,0,0,0,0,0,0,0,0,0,0,0,0,0,0,0,0,0,0,0,0,0,0,0,0
187.150,16.888,13.915,-1.233,67.259,0,45.257,23.221,8.325,-47.329,7.894,-34.782,100.123,1,-46.500,1.000,-34.788,0,0,0,0,0,0,0,0,0,0,0,0,0,0,0,0,0,0,0,0,0,0,0,0
187.200,16.972,13.984,-1.201,67.196,0,45.257,23.221,8.325,-47.330,7.888,-34.783,100.123,1,-46.500,1.000,-34.788,0,0,0,0,0,0,0,0,0,0,0,0,0,0,0,0,0,0,0,0,0,0,0,0
187.250,17.057,14.053,-1.170,67.133,0,45.257,23.221,8.325,-47.330,7.882,-34.783,100.123,1,-46.500,1.000,-34.788,0,0,0,0,0,0,0,0,0,0,0,0,0,0,0,0,0,0,0,0,0,0,0,0
187.300,17.141,14.122,-1.140,67.070,0,45.257,23.221,8.325,-47.331,7.876,-34.784,100.123,1,-46.500,1.000,-34.788,0,0,0,0,0,0,0,0,0,0,0,0,0,0,0,0,0,0,0,0,0,0,0,0
187.350,17.225,14.191,-1.111,67.007,0,45.257,23.221,8.325,-47.332,7.870,-34.785,100.123,1,-46.500,1.000,-34.788,0,0,0,0,0,0,0,0,0,0,0,0,0,0,0,0,0,0,0,0,0,0,0,0
187.400,17.310,14.259,-1.082,66.944,0,45.257,23.221,8.325,-47.333,7.865,-34.786,100.123,1,-46.500,1.000,-34.788,0,0,0,0,0,0,0,0,0,0,0,0,0,0,0,0,0,0,0,0,0,0,0,0
187.450,17.395,14.328,-1.055,66.882,0,45.257,23.221,8.325,-47.333,7.859,-34.787,100.123,1,-46.500,1.000,-34.788,0,0,0,0,0,0,0,0,0,0,0,0,0,0,0,0,0,0,0,0,0,0,0,0
187.500,17.479,14.396,-1.028,66.819,0,45.257,23.221,8.325,-47.334,7.854,-34.788,100.123,1,-46.500,1.000,-34.788,0,0,0,0,0,0,0,0,0,0,0,0,0,0,0,0,0,0,0,0,0,0,0,0
187.550,17.564,14.465,-1.002,66.757,0,45.257,23.221,8.325,-47.334,7.848,-34.789,100.123,1,-46.500,1.000,-34.788,0,0,0,0,0,0,0,0,0,0,0,0,0,0,0,0,0,0,0,0,0,0,0,0
187.600,17.650,14.533,-0.977,66.695,0,45.257,23.221,8.325,-47.335,7.843,-34.790,100.123,1,-46.500,1.000,-34.788,0,0,0,0,0,0,0,0,0,0,0,0,0,0,0,0,0,0,0,0,0,0,0,0
187.650,17.735,14.601,-0.953,66.632,0,45.257,23.221,8.325,-47.335,7.838,-34.791,100.123,1,-46.500,1.000,-34.788,0,0,0,0,0,0,0,0,0,0,0,0,0,0,0,0,0,0,0,0,0,0,0,0
187.700,17.820,14.669,-0.930,66.570,0,45.257,23.221,8.325,-47.336,7.833,-34.792,100.123,1,-46.500,1.000,-34.788,0,0,0,0,0,0,0,0,0,0,0,0,0,0,0,0,0,0,0,0,0,0,0,0
187.750,17.906,14.737,-0.907,66.508,0,45.257,23.221,8.325,-47.336,7.828,-34.793,100.123,1,-46.500,1.000,-34.788,0,0,0,0,0,0,0,0,0,0,0,0,0,0,0,0,0,0,0,0,0,0,0,0
187.800,17.992,14.805,-0.886,66.446,0,45.257,23.221,8.325,-47.336,7.823,-34.794,100.123,1,-46.500,1.000,-34.788,0,0,0,0,0,0,0,0,0,0,0,0,0,0,0,0,0,0,0,0,0,0,0,0
187.850,18.077,14.873,-0.865,66.384,0,45.257,23.221,8.325,-47.336,7.818,-34.795,100.123,1,-46.500,1.000,-34.788,0,0,0,0,0,0,0,0,0,0,0,0,0,0,0,0,0,0,0,0,0,0,0,0
187.900,18.163,14.940,-0.845,66.322,0,45.257,23.221,8.325,-47.337,7.814,-34.796,100.123,1,-46.500,1.000,-34.788,0,0,0,0,0,0,0,0,0,0,0,0,0,0,0,0,0,0,0,0,0,0,0,0
187.950,18.249,15.008,-0.825,66.260,0,45.257,23.221,8.325,-47.337,7.809,-34.798,100.123,1,-46.500,1.000,-34.788,0,0,0,0,0,0,0,0,0,0,0,0,0,0,0,0,0,0,0,0,0,0,0,0
188.000,18.336,15.075,-0.807,66.198,0,45.257,23.221,8.325,-47.337,7.805,-34.799,100.123,1,-46.500,1.000,-34.788,0,0,0,0,0,0,0,0,0,0,0,0,0,0,0,0,0,0,0,0,0,0,0,0
188.050,18.422,15.143,-0.789,66.136,0,45.257,23.221,8.325,-47.336,7.801,-34.800,100.123,1,-46.500,1.000,-34.788,0,0,0,0,0,0,0,0,0,0,0,0,0,0,0,0,0,0,0,0,0,0,0,0
188.100,18.508,15.210,-0.772,66.074,0,45.257,23.221,8.325,-47.336,7.797,-34.801,100.123,1,-46.500,1.000,-34.788,0,0,0,0,0,0,0,0,0,0,0,0,0,0,0,0,0,0,0,0,0,0,0,0
188.150,18.595,15.277,-0.756,66.012,0,45.257,23.221,8.325,-47.336,7.793,-34.802,100.123,1,-46.500,1.000,-34.788,0,0,0,0,0,0,0,0,0,0,0,0,0,0,0,0,0,0,0,0,0,0,0,0
188.200,18.681,15.345,-0.740,65.950,0,45.257,23.221,8.325,-47.336,7.789,-34.803,100.123,1,-46.500,1.000,-34.788,0,0,0,0,0,0,0,0,0,0,0,0,0,0,0,0,0,0,0,0,0,0,0,0
188.250,18.768,15.412,-0.725,65.888,0,45.257,23.221,8.325,-47.335,7.786,-34.804,100.123,1,-46.500,1.000,-34.788,0,0,0,0,0,0,0,0,0,0,0,0,0,0,0,0,0,0,0,0,0,0,0,0
188.300,18.855,15.479,-0.711,65.826,0,45.257,23.221,8.325,-47.335,7.782,-34.805,100.123,1,-46.500,1.000,-34.788,0,0,0,0,0,0,0,0,0,0,0,0,0,0,0,0,0,0,0,0,0,0,0,0
188.350,18.942,15.546,-0.697,65.764,0,45.257,23.221,8.325,-47.334,7.779,-34.806,100.123,1,-46.500,1.000,-34.788,0,0,0,0,0,0,0,0,0,0,0,0,0,0,0,0,0,0,0,0,0,0,0,0
188.400,19.029,15.613,-0.684,65.702,0,45.257,23.221,8.325,-47.334,7.776,-34.807,100.123,1,-46.500,1.000,-34.788,0,0,0,0,0,0,0,0,0,0,0,0,0,0,0,0,0,0,0,0,0,0,0,0
188.450,19.116,15.680,-0.672,65.640,0,45.257,23.221,8.325,-47.333,7.773,-34.808,100.123,1,-46.500,1.000,-34.788,0,0,0,0,0,0,0,0,0,0,0,0,0,0,0,0,0,0,0,0,0,0,0,0
188.500,19.204,15.747,-0.660,65.578,0,45.257,23.221,8.325,-47.332,7.771,-34.810,100.123,1,-46.500,1.000,-34.788,0,0,0,0,0,0,0,0,0,0,0,0,0,0,0,0,0,0,0,0,0,0,0,0
188.550,19.291,15.813,-0.649,65.516,0,45.257,23.221,8.325,-47.332,7.768,-34.811,100.123,1,-46.500,1.000,-34.788,0,0,0,0,0,0,0,0,0,0,0,0,0,0,0,0,0,0,0,0,0,0,0,0
188.600,19.378,15.880,-0.638,65.454,0,45.257,23.221,8.325,-47.331,7.766,-34.812,100.123,1,-46.500,1.000,-34.788,0,0,0,0,0,0,0,0,0,0,0,0,0,0,0,0,0,0,0,0,0,0,0,0
188.650,19.466,15.947,-0.628,65.393,0,45.257,23.221,8.325,-47.330,7.764,-34.813,100.123,1,-46.500,1.000,-34.788,0,0,0,0,0,0,0,0,0,0,0,0,0,0,0,0,0,0,0,0,0,0,0,0
188.700,19.554,16.013,-0.618,65.331,0,45.257,23.221,8.325,-47.329,7.762,-34.814,100.123,1,-46.500,1.000,-34.788,0,0,0,0,0,0,0,0,0,0,0,0,0,0,0,0,0,0,0,0,0,0,0,0
188.750,19.641,16.080,-0.608,65.269,0,45.257,23.221,8.325,-47.328,7.760,-34.815,100.123,1,-46.500,1.000,-34.788,0,0,0,0,0,0,0,0,0,0,0,0,0,0,0,0,0,0,0,0,0,0,0,0
188.800,19.729,16.146,-0.599,65.207,0,45.257,23.221,8.325,-47.327,7.758,-34.816,100.123,1,-46.500,1.000,-34.788,0,0,0,0,0,0,0,0,0,0,0,0,0,0,0,0,0,0,0,0,0,0,0,0
188.850,19.817,16.213,-0.591,65.146,0,45.257,23.221,8.325,-47.325,7.757,-34.817,100.123,1,-46.500,1.000,-34.788,0,0,0,0,0,0,0,0,0,0,0,0,0,0,0,0,0,0,0,0,0,0,0,0
188.900,19.905,16.279,-0.583,65.084,0,45.257,23.221,8.325,-47.324,7.756,-34.818,100.123,1,-46.500,1.000,-34.788,0,0,0,0,0,0,0,0,0,0,0,0,0,0,0,0,0,0,0,0,0,0,0,0
188.950,19.993,16.346,-0.575,65.022,0,45.257,23.221,8.325,-47.323,7.755,-34.819,100.123,1,-46.500,1.000,-34.788,0,0,0,0,0,0,0,0,0,0,0,0,0,0,0,0,0,0,0,0,0,0,0,0
189.000,20.081,16.412,-0.568,64.961,0,45.257,23.221,8.325,-47.321,7.754,-34.820,100.123,1,-46.500,1.000,-34.788,0,0,0,0,0,0,0,0,0,0,0,0,0,0,0,0,0,0,0,0,0,0,0,0
189.050,20.169,16.478,-0.561,64.899,0,45.257,23.221,8.325,-47.320,7.754,-34.821,100.123,1,-46.500,1.000,-34.788,0,0,0,0,0,0,0,0,0,0,0,0,0,0,0,0,0,0,0,0,0,0,0,0
189.100,20.257,16.544,-0.554,64.838,0,45.257,23.221,8.325,-47.319,7.753,-34.821,100.123,1,-46.500,1.000,-34.788,0,0,0,0,0,0,0,0,0,0,0,0,0,0,0,0,0,0,0,0,0,0,0,0
189.150,20.346,16.610,-0.548,64.776,0,45.257,23.221,8.325,-47.317,7.753,-34.822,100.123,1,-46.500,1.000,-34.788,0,0,0,0,0,0,0,0,0,0,0,0,0,0,0,0,0,0,0,0,0,0,0,0
189.200,20.434,16.676,-0.542,64.714,0,45.257,23.221,8.325,-47.315,7.753,-34.823,100.123,1,-46.500,1.000,-34.788,0,0,0,0,0,0,0,0,0,0,0,0,0,0,0,0,0,0,0,0,0,0,0,0
189.250,20.522,16.742,-0.537,64.653,0,45.257,23.221,8.325,-47.314,7.753,-34.824,100.123,1,-46.500,1.000,-34.788,0,0,0,0,0,0,0,0,0,0,0,0,0,0,0,0,0,0,0,0,0,0,0,0
189.300,20.611,16.808,-0.532,64.591,0,45.257,23.221,8.325,-47.312,7.754,-34.825,100.123,1,-46.500,1.000,-34.788,0,0,0,0,0,0,0,0,0,0,0,0,0,0,0,0,0,0,0,0,0,0,0,0
189.350,20.699,16.874,-0.527,64.530,0,45.257,23.221,8.325,-47.311,7.754,-34.825,100.123,1,-46.500,1.000,-34.788,0,0,0,0,0,0,0,0,0,0,0,0,0,0,0,0,0,0,0,0,0,0,0,0
189.400,20.788,16.939,-0.522,64.469,0,45.257,23.221,8.325,-47.309,7.755,-34.826,100.123,1,-46.500,1.000,-34.788,0,0,0,0,0,0,0,0,0,0,0,0,0,0,0,0,0,0,0,0,0,0,0,0
189.450,20.876,17.005,-0.518,64.407,0,45.257,23.221,8.325,-47.307,7.756,-34.827,100.123,1,-46.500,1.000,-34.788,0,0,0,0,0,0,0,0,0,0,0,0,0,0,0,0,0,0,0,0,0,0,0,0
189.500,20.965,17.071,-0.514,64.346,0,45.257,23.221,8.325,-47.305,7.758,-34.827,100.123,1,-46.500,1.000,-34.788,0,0,0,0,0,0,0,0,0,0,0,0,0,0,0,0,0,0,0,0,0,0,0,0
189.550,21.054,17.136,-0.510,64.285,0,45.257,23.221,8.325,-47.303,7.759,-34.828,100.123,1,-46.500,1.000,-34.788,0,0,0,0,0,0,0,0,0,0,0,0,0,0,0,0,0,0,0,0,0,0,0,0
189.600,21.142,17.202,-0.507,64.223,0,45.257,23.221,8.325,-47.302,7.761,-34.828,100.123,1,-46.500,1.000,-34.788,0,0,0,0,0,0,0,0,0,0,0,0,0,0,0,0,0,0,0,0,0,0,0,0
189.650,21.231,17.267,-0.503,64.162,0,45.257,23.221,8.325,-47.300,7.762,-34.829,100.123,1,-46.500,1.000,-34.788,0,0,0,0,0,0,0,0,0,0,0,0,0,0,0,0,0,0,0,0,0,0,0,0
189.700,21.320,17.332,-0.500,64.101,0,45.257,23.221,8.325,-47.298,7.765,-34.829,100.123,1,-46.500,1.000,-34.788,0,0,0,0,0,0,0,0,0,0,0,0,0,0,0,0,0,0,0,0,0,0,0,0
189.750,21.409,17.398,-0.497,64.039,0,45.257,23.221,8.325,-47.296,7.767,-34.830,100.123,1,-46.500,1.000,-34.788,0,0,0,0,0,0,0,0,0,0,0,0,0,0,0,0,0,0,0,0,0,0,0,0
189.800,21.498,17.463,-0.495,63.978,0,45.257,23.221,8.325,-47.294,7.769,-34.830,100.123,1,-46.500,1.000,-34.788,0,0,0,0,0,0,0,0,0,0,0,0,0,0,0,0,0,0,0,0,0,0,0,0
189.850,21.587,17.528,-0.492,63.917,0,45.257,23.221,8.325,-47.292,7.772,-34.830,100.123,1,-46.500,1.000,-34.788,0,0,0,0,0,0,0,0,0,0,0,0,0,0,0,0,0,0,0,0,0,0,0,0
189.900,21.676,17.593,-0.490,63.856,0,45.257,23.221,8.325,-47.290,7.775,-34.831,100.123,1,-46.500,1.000,-34.788,0,0,0,0,0,0,0,0,0,0,0,0,0,0,0,0,0,0,0,0,0,0,0,0
189.950,21.765,17.658,-0.488,63.795,0,45.257,23.221,8.325,-47.289,7.778,-34.831,100.123,1,-46.500,1.000,-34.788,0,0,0,0,0,0,0,0,0,0,0,0,0,0,0,0,0,0,0,0,0,0,0,0
190.000,21.854,17.723,-0.485,63.734,0,45.257,23.221,8.325,-47.287,7.781,-34.831,100.123,1,-46.500,1.000,-34.788,0,0,0,0,0,0,0,0,0,0,0,0,0,0,0,0,0,0,0,0,0,0,0,0
190.050,21.943,17.788,-0.484,63.673,0,45.257,23.221,8.325,-47.285,7.784,-34.831,100.123,1,-46.500,1.000,-34.788,0,0,0,0,0,0,0,0,0,0,0,0,0,0,0,0,0,0,0,0,0,0,0,0
190.100,22.032,17.853,-0.482,63.612,0,45.257,23.221,8.325,-47.283,7.788,-34.831,100.123,1,-46.500,1.000,-34.788,0,0,0,0,0,0,0,0,0,0,0,0,0,0,0,0,0,0,0,0,0,0,0,0
190.150,22.121,17.918,-0.480,63.551,0,45.257,23.221,8.325,-47.281,7.792,-34.831,100.123,1,-46.500,1.000,-34.788,0,0,0,0,0,0,0,0,0,0,0,0,0,0,0,0,0,0,0,0,0,0,0,0
190.200,22.210,17.982,-0.479,63.490,0,45.257,23.221,8.325,-47.279,7.795,-34.831,100.123,1,-46.500,1.000,-34.788,0,0,0,0,0,0,0,0,0,0,0,0,0,0,0,0,0,0,0,0,0,0,0,0
190.250,22.299,18.047,-0.477,63.429,0,45.257,23.221,8.325,-47.278,7.799,-34.831,100.123,1,-46.500,1.000,-34.788,0,0,0,0,0,0,0,0,0,0,0,0,0,0,0,0,0,0,0,0,0,0,0,0
190.300,22.389,18.111,-0.476,63.368,0,45.257,23.221,8.325,-47.276,7.804,-34.831,100.123,1,-46.500,1.000,-34.788,0,0,0,0,0,0,0,0,0,0,0,0,0,0,0,0,0,0,0,0,0,0,0,0
190.350,22.478,18.176,-0.474,63.307,0,45.257,23.221,8.325,-47.274,7.808,-34.830,100.123,1,-46.500,1.000,-34.788,0,0,0,0,0,0,0,0,0,0,0,0,0,0,0,0,0,0,0,0,0,0,0,0
190.400,22.567,18.240,-0.473,63.246,0,45.257,23.221,8.325,-47.272,7.813,-34.830,100.123,1,-46.500,1.000,-34.788,0,0,0,0,0,0,0,0,0,0,0,0,0,0,0,0,0,0,0,0,0,0,0,0
190.450,22.657,18.305,-0.471,63.185,0,45.257,23.221,8.325,-47.271,7.817,-34.830,100.123,1,-46.500,1.000,-34.788,0,0,0,0,0,0,0,0,0,0,0,0,0,0,0,0,0,0,0,0,0,0,0,0
190.500,22.746,18.369,-0.470,63.125,0,45.257,23.221,8.325,-47.269,7.822,-34.829,100.123,1,-46.500,1.000,-34.788,0,0,0,0,0,0,0,0,0,0,0,0,0,0,0,0,0,0,0,0,0,0,0,0
190.550,22.835,18.433,-0.469,63.064,0,45.257,23.221,8.325,-47.268,7.827,-34.829,100.123,1,-46.500,1.000,-34.788,0,0,0,0,0,0,0,0,0,0,0,0,0,0,0,0,0,0,0,0,0,0,0,0
190.600,22.925,18.497,-0.468,63.003,0,45.257,23.221,8.325,-47.266,7.832,-34.828,100.123,1,-46.500,1.000,-34.788,0,0,0,0,0,0,0,0,0,0,0,0,0,0,0,0,0,0,0,0,0,0,0,0
190.650,23.014,18.561,-0.466,62.942,0,45.257,23.221,8.325,-47.265,7.838,-34.828,100.123,1,-46.500,1.000,-34.788,0,0,0,0,0,0,0,0,0,0,0,0,0,0,0,0,0,0,0,0,0,0,0,0
190.700,23.103,18.625,-0.465,62.882,0,45.257,23.221,8.325,-47.264,7.843,-34.827,100.123,1,-46.500,1.000,-34.788,0,0,0,0,0,0,0,0,0,0,0,0,0,0,0,0,0,0,0,0,0,0,0,0
190.750,23.193,18.689,-0.463,62.821,0,45.257,23.221,8.325,-47.262,7.849,-34.826,100.123,1,-46.500,1.000,-34.788,0,0,0,0,0,0,0,0,0,0,0,0,0,0,0,0,0,0,0,0,0,0,0,0
190.800,23.282,18.753,-0.462,62.760,0,45.257,23.221,8.325,-47.261,7.854,-34.825,100.123,1,-46.500,1.000,-34.788,0,0,0,0,0,0,0,0,0,0,0,0,0,0,0,0,0,0,0,0,0,0,0,0
190.850,23.372,18.817,-0.460,62.700,0,45.257,23.221,8.325,-47.260,7.860,-34.825,100.123,1,-46.500,1.000,-34.788,0,0,0,0,0,0,0,0,0,0,0,0,0,0,0,0,0,0,0,0,0,0,0,0
190.900,23.461,18.881,-0.459,62.639,0,45.257,23.221,8.325,-47.259,7.866,-34.824,100.123,1,-46.500,1.000,-34.788,0,0,0,0,0,0,0,0,0,0,0,0,0,0,0,0,0,0,0,0,0,0,0,0
190.950,23.551,18.944,-0.457,62.579,0,45.257,23.221,8.325,-47.258,7.872,-34.823,100.123,1,-46.500,1.000,-34.788,0,0,0,0,0,0,0,0,0,0,0,0,0,0,0,0,0,0,0,0,0,0,0,0
191.000,23.641,19.008,-0.455,62.518,0,45.257,23.221,8.325,-47.257,7.878,-34.822,100.123,1,-46.500,1.000,-34.788,0,0,0,0,0,0,0,0,0,0,0,0,0,0,0,0,0,0,0,0,0,0,0,0
191.050,23.730,19.071,-0.453,62.458,0,45.257,23.221,8.325,-47.256,7.884,-34.820,100.123,1,-46.500,1.000,-34.788,0,0,0,0,0,0,0,0,0,0,0,0,0,0,0,0,0,0,0,0,0,0,0,0
191.100,23.820,19.135,-0.451,62.397,0,45.257,23.221,8.325,-47.255,7.890,-34.819,100.123,1,-46.500,1.000,-34.788,0,0,0,0,0,0,0,0,0,0,0,0,0,0,0,0,0,0,0,0,0,0,0,0
191.150,23.909,19.198,-0.449,62.337,0,45.257,23.221,8.325,-47.255,7.896,-34.818,100.123,1,-46.500,1.000,-34.788,0,0,0,0,0,0,0,0,0,0,0,0,0,0,0,0,0,0,0,0,0,0,0,0
191.200,23.999,19.262,-0.447,62.276,0,45.257,23.221,8.325,-47.254,7.903,-34.817,100.123,1,-46.500,1.000,-34.788,0,0,0,0,0,0,0,0,0,0,0,0,0,0,0,0,0,0,0,0,0,0,0,0
191.250,24.089,19.325,-0.445,62.216,0,45.257,23.221,8.325,-47.253,7.909,-34.815,100.123,1,-46.500,1.000,-34.788,0,0,0,0,0,0,0,0,0,0,0,0,0,0,0,0,0,0,0,0,0,0,0,0
191.300,24.178,19.388,-0.442,62.155,0,45.257,23.221,8.325,-47.253,7.915,-34.814,100.123,1,-46.500,1.000,-34.788,0,0,0,0,0,0,0,0,0,0,0,0,0,0,0,0,0,0,0,0,0,0,0,0
191.350,24.268,19.451,-0.440,62.095,0,45.257,23.221,8.325,-47.253,7.922,-34.812,100.123,1,-46.500,1.000,-34.788,0,0,0,0,0,0,0,0,0,0,0,0,0,0,0,0,0,0,0,0,0,0,0,0
191.400,24.358,19.514,-0.437,62.035,0,45.257,23.221,8.325,-47.253,7.929,-34.811,100.123,1,-46.500,1.000,-34.788,0,0,0,0,0,0,0,0,0,0,0,0,0,0,0,0,0,0,0,0,0,0,0,0
191.450,24.448,19.577,-0.434,61.975,0,45.257,23.221,8.325,-47.252,7.935,-34.809,100.123,1,-46.500,1.000,-34.788,0,0,0,0,0,0,0,0,0,0,0,0,0,0,0,0,0,0,0,0,0,0,0,0
191.500,24.537,19.640,-0.431,61.915,0,45.257,23.221,8.325,-47.252,7.942,-34.808,100.123,1,-46.500,1.000,-34.788,0,0,0,0,0,0,0,0,0,0,0,0,0,0,0,0,0,0,0,0,0,0,0,0
191.550,24.627,19.702,-0.428,61.855,0,45.257,23.221,8.325,-47.252,7.948,-34.806,100.123,1,-46.500,1.000,-34.788,0,0,0,0,0,0,0,0,0,0,0,0,0,0,0,0,0,0,0,0,0,0,0,0
191.600,24.717,19.765,-0.425,61.795,0,45.257,23.221,8.325,-47.253,7.955,-34.804,100.123,1,-46.500,1.000,-34.788,0,0,0,0,0,0,0,0,0,0,0,0,0,0,0,0,0,0,0,0,0,0,0,0
191.650,24.807,19.828,-0.422,61.735,0,45.257,23.221,8.325,-47.253,7.962,-34.803,100.123,1,-46.500,1.000,-34.788,0,0,0,0,0,0,0,0,0,0,0,0,0,0,0,0,0,0,0,0,0,0,0,0
191.700,24.897,19.890,-0.419,61.675,0,45.257,23.221,8.325,-47.253,7.968,-34.801,100.123,1,-46.500,1.000,-34.788,0,0,0,0,0,0,0,0,0,0,0,0,0,0,0,0,0,0,0,0,0,0,0,0
191.750,24.987,19.952,-0.415,61.616,0,45.257,23.221,8.325,-47.254,7.975,-34.799,100.123,1,-46.500,1.000,-34.788,0,0,0,0,0,0,0,0,0,0,0,0,0,0,0,0,0,0,0,0,0,0,0,0
191.800,25.076,20.014,-0.412,61.556,0,45.257,23.221,8.325,-47.254,7.981,-34.797,100.123,1,-46.500,1.000,-34.788,0,0,0,0,0,0,0,0,0,0,0,0,0,0,0,0,0,0,0,0,0,0,0,0
191.850,25.166,20.076,-0.408,61.497,0,45.257,23.221,8.325,-47.255,7.988,-34.795,100.123,1,-46.500,1.000,-34.788,0,0,0,0,0,0,0,0,0,0,0,0,0,0,0,0,0,0,0,0,0,0,0,0
191.900,25.256,20.138,-0.405,61.437,0,45.257,23.221,8.325,-47.256,7.995,-34.793,100.123,1,-46.500,1.000,-34.788,0,0,0,0,0,0,0,0,0,0,0,0,0,0,0,0,0,0,0,0,0,0,0,0
191.950,25.346,20.200,-0.401,61.378,0,45.257,23.221,8.325,-47.256,8.001,-34.791,100.123,1,-46.500,1.000,-34.788,0,0,0,0,0,0,0,0,0,0,0,0,0,0,0,0,0,0,0,0,0,0,0,0
192.000,25.436,20.262,-0.397,61.319,0,45.257,23.221,8.325,-47.257,8.008,-34.789,100.123,1,-46.500,1.000,-34.788,0,0,0,0,0,0,0,0,0,0,0,0,0,0,0,0,0,0,0,0,0,0,0,0
192.050,25.526,20.323,-0.393,61.259,0,45.257,23.221,8.325,-47.258,8.014,-34.787,100.123,1,-46.500,1.000,-34.788,0,0,0,0,0,0,0,0,0,0,0,0,0,0,0,0,0,0,0,0,0,0,0,0
192.100,25.616,20.385,-0.389,61.200,0,45.257,23.221,8.325,-47.259,8.020,-34.785,100.123,1,-46.500,1.000,-34.788,0,0,0,0,0,0,0,0,0,0,0,0,0,0,0,0,0,0,0,0,0,0,0,0
192.150,25.706,20.446,-0.385,61.141,0,45.257,23.221,8.325,-47.261,8.027,-34.783,100.123,1,-46.500,1.000,-34.788,0,0,0,0,0,0,0,0,0,0,0,0,0,0,0,0,0,0,0,0,0,0,0,0
192.200,25.796,20.507,-0.381,61.082,0,45.257,23.221,8.325,-47.262,8.033,-34.780,100.123,1,-46.500,1.000,-34.788,0,0,0,0,0,0,0,0,0,0,0,0,0,0,0,0,0,0,0,0,0,0,0,0
192.250,25.887,20.568,-0.377,61.023,0,45.257,23.221,8.325,-47.263,8.039,-34.778,100.123,1,-46.500,1.000,-34.788,0,0,0,0,0,0,0,0,0,0,0,0,0,0,0,0,0,0,0,0,0,0,0,0
192.300,25.977,20.628,-0.372,60.964,0,45.257,23.221,8.325,-47.265,8.046,-34.776,100.123,1,-46.500,1.000,-34.788,0,0,0,0,0,0,0,0,0,0,0,0,0,0,0,0,0,0,0,0,0,0,0,0
192.350,26.067,20.689,-0.367,60.905,0,45.257,23.221,8.325,-47.266,8.052,-34.774,100.123,1,-46.500,1.000,-34.788,0,0,0,0,0,0,0,0,0,0,0,0,0,0,0,0,0,0,0,0,0,0,0,0
192.400,26.157,20.749,-0.363,60.846,0,45.257,23.221,8.325,-47.268,8.058,-34.771,100.123,1,-46.500,1.000,-34.788,0,0,0,0,0,0,0,0,0,0,0,0,0,0,0,0,0,0,0,0,0,0,0,0
192.450,26.247,20.810,-0.358,60.788,0,45.257,23.221,8.325,-47.269,8.064,-34.769,100.123,1,-46.500,1.000,-34.788,0,0,0,0,0,0,0,0,0,0,0,0,0,0,0,0,0,0,0,0,0,0,0,0
192.500,26.338,20.870,-0.352,60.729,0,45.257,23.221,8.325,-47.271,8.069,-34.767,100.123,1,-46.500,1.000,-34.788,0,0,0,0,0,0,0,0,0,0,0,0,0,0,0,0,0,0,0,0,0,0,0,0
192.550,26.428,20.930,-0.347,60.670,0,45.257,23.221,8.325,-47.273,8.075,-34.765,100.123,1,-46.500,1.000,-34.788,0,0,0,0,0,0,0,0,0,0,0,0,0,0,0,0,0,0,0,0,0,0,0,0
192.600,26.518,20.990,-0.342,60.612,0,45.257,23.221,8.325,-47.275,8.081,-34.762,100.123,1,-46.500,1.000,-34.788,0,0,0,0,0,0,0,0,0,0,0,0,0,0,0,0,0,0,0,0,0,0,0,0
192.650,26.609,21.049,-0.336,60.553,0,45.257,23.221,8.325,-47.277,8.086,-34.760,100.123,1,-46.500,1.000,-34.788,0,0,0,0,0,0,0,0,0,0,0,0,0,0,0,0,0,0,0,0,0,0,0,0
192.700,26.699,21.109,-0.330,60.495,0,45.257,23.221,8.325,-47.279,8.092,-34.757,100.123,1,-46.500,1.000,-34.788,0,0,0,0,0,0,0,0,0,0,0,0,0,0,0,0,0,0,0,0,0,0,0,0
192.750,26.790,21.168,-0.324,60.437,0,45.257,23.221,8.325,-47.281,8.097,-34.755,100.123,1,-46.500,1.000,-34.788,0,0,0,0,0,0,0,0,0,0,0,0,0,0,0,0,0,0,0,0,0,0,0,0
192.800,26.880,21.227,-0.318,60.379,0,45.257,23.221,8.325,-47.283,8.102,-34.753,100.123,1,-46.500,1.000,-34.788,0,0,0,0,0,0,0,0,0,0,0,0,0,0,0,0,0,0,0,0,0,0,0,0
192.850,26.970,21.286,-0.311,60.320,0,45.257,23.221,8.325,-47.285,8.107,-34.750,100.123,1,-46.500,1.000,-34.788,0,0,0,0,0,0,0,0,0,0,0,0,0,0,0,0,0,0,0,0,0,0,0,0
192.900,27.061,21.344,-0.304,60.262,0,45.257,23.221,8.325,-47.287,8.112,-34.748,100.123,1,-46.500,1.000,-34.788,0,0,0,0,0,0,0,0,0,0,0,0,0,0,0,0,0,0,0,0,0,0,0,0
192.950,27.152,21.403,-0.297,60.204,0,45.257,23.221,8.325,-47.289,8.117,-34.746,100.123,1,-46.500,1.000,-34.788,0,0,0,0,0,0,0,0,0,0,0,0,0,0,0,0,0,0,0,0,0,0,0,0
193.000,27.242,21.461,-0.290,60.146,0,45.257,23.221,8.325,-47.292,8.122,-34.744,100.123,1,-46.500,1.000,-34.788,0,0,0,0,0,0,0,0,0,0,0,0,0,0,0,0,0,0,0,0,0,0,0,0
193.050,27.333,21.519,-0.283,60.088,0,45.257,23.221,8.325,-47.294,8.126,-34.741,100.123,1,-46.500,1.000,-34.788,0,0,0,0,0,0,0,0,0,0,0,0,0,0,0,0,0,0,0,0,0,0,0,0
193.100,27.423,21.577,-0.275,60.031,0,45.257,23.221,8.325,-47.296,8.130,-34.739,100.123,1,-46.500,1.000,-34.788,0,0,0,0,0,0,0,0,0,0,0,0,0,0,0,0,0,0,0,0,0,0,0,0
193.150,27.514,21.635,-0.267,59.973,0,45.257,23.221,8.325,-47.299,8.134,-34.737,100.123,1,-46.500,1.000,-34.788,0,0,0,0,0,0,0,0,0,0,0,0,0,0,0,0,0,0,0,0,0,0,0,0
193.200,27.605,21.692,-0.259,59.915,0,45.257,23.221,8.325,-47.301,8.138,-34.734,100.123,1,-46.500,1.000,-34.788,0,0,0,0,0,0,0,0,0,0,0,0,0,0,0,0,0,0,0,0,0,0,0,0
193.250,27.696,21.749,-0.250,59.858,0,45.257,23.221,8.325,-47.303,8.142,-34.732,100.123,1,-46.500,1.000,-34.788,0,0,0,0,0,0,0,0,0,0,0,0,0,0,0,0,0,0,0,0,0,0,0,0
193.300,27.787,21.806,-0.241,59.800,0,45.257,23.221,8.325,-47.306,8.146,-34.730,100.123,1,-46.500,1.000,-34.788,0,0,0,0,0,0,0,0,0,0,0,0,0,0,0,0,0,0,0,0,0,0,0,0
193.350,27.877,21.863,-0.232,59.743,0,45.257,23.221,8.325,-47.308,8.149,-34.728,100.123,1,-46.500,1.000,-34.788,0,0,0,0,0,0,0,0,0,0,0,0,0,0,0,0,0,0,0,0,0,0,0,0
193.400,27.968,21.919,-0.223,59.686,0,45.257,23.221,8.325,-47.311,8.153,-34.726,100.123,1,-46.500,1.000,-34.788,0,0,0,0,0,0,0,0,0,0,0,0,0,0,0,0,0,0,0,0,0,0,0,0
193.450,28.059,21.975,-0.213,59.628,0,45.257,23.221,8.325,-47.313,8.156,-34.724,100.123,1,-46.500,1.000,-34.788,0,0,0,0,0,0,0,0,0,0,0,0,0,0,0,0,0,0,0,0,0,0,0,0
193.500,28.150,22.031,-0.204,59.571,0,45.257,23.221,8.325,-47.316,8.159,-34.722,100.123,1,-46.500,1.000,-34.788,0,0,0,0,0,0,0,0,0,0,0,0,0,0,0,0,0,0,0,0,0,0,0,0
193.550,28.241,22.087,-0.193,59.514,0,45.257,23.221,8.325,-47.318,8.162,-34.720,100.123,1,-46.500,1.000,-34.788,0,0,0,0,0,0,0,0,0,0,0,0,0,0,0,0,0,0,0,0,0,0,0,0
193.600,28.332,22.142,-0.183,59.457,0,45.257,23.221,8.325,-47.320,8.164,-34.718,100.123,1,-46.500,1.000,-34.788,0,0,0,0,0,0,0,0,0,0,0,0,0,0,0,0,0,0,0,0,0,0,0,0
193.650,28.423,22.197,-0.172,59.400,0,45.257,23.221,8.325,-47.323,8.166,-34.716,100.123,1,-46.500,1.000,-34.788,0,0,0,0,0,0,0,0,0,0,0,0,0,0,0,0,0,0,0,0,0,0,0,0
193.700,28.514,22.252,-0.161,59.344,0,45.257,23.221,8.325,-47.325,8.169,-34.714,100.123,1,-46.500,1.000,-34.788,0,0,0,0,0,0,0,0,0,0,0,0,0,0,0,0,0,0,0,0,0,0,0,0
193.750,28.606,22.306,-0.149,59.287,0,45.257,23.221,8.325,-47.327,8.171,-34.713,100.123,1,-46.500,1.000,-34.788,0,0,0,0,0,0,0,0,0,0,0,0,0,0,0,0,0,0,0,0,0,0,0,0
193.800,28.697,22.360,-0.137,59.230,0,45.257,23.221,8.325,-47.330,8.172,-34.711,100.123,1,-46.500,1.000,-34.788,0,0,0,0,0,0,0,0,0,0,0,0,0,0,0,0,0,0,0,0,0,0,0,0
193.850,28.788,22.414,-0.125,59.174,0,45.257,23.221,8.325,-47.332,8.174,-34.709,100.123,1,-46.500,1.000,-34.788,0,0,0,0,0,0,0,0,0,0,0,0,0,0,0,0,0,0,0,0,0,0,0,0
193.900,28.879,22.468,-0.113,59.117,0,45.257,23.221,8.325,-47.334,8.175,-34.708,100.123,1,-46.500,1.000,-34.788,0,0,0,0,0,0,0,0,0,0,0,0,0,0,0,0,0,0,0,0,0,0,0,0
193.950,28.971,22.521,-0.100,59.061,0,45.257,23.221,8.325,-47.336,8.176,-34.706,100.123,1,-46.500,1.000,-34.788,0,0,0,0,0,0,0,0,0,0,0,0,0,0,0,0,0,0,0,0,0,0,0,0
194.000,29.062,22.574,-0.086,59.005,0,45.257,23.221,8.325,-47.339,8.177,-34.705,100.123,1,-46.500,1.000,-34.788,0,0,0,0,0,0,0,0,0,0,0,0,0,0,0,0,0,0,0,0,0,0,0,0
194.050,29.154,22.626,-0.073,58.949,0,45.257,23.221,8.325,-47.341,8.178,-34.704,100.123,1,-46.500,1.000,-34.788,0,0,0,0,0,0,0,0,0,0,0,0,0,0,0,0,0,0,0,0,0,0,0,0
194.100,29.245,22.678,-0.059,58.892,0,45.257,23.221,8.325,-47.343,8.178,-34.702,100.123,1,-46.500,1.000,-34.788,0,0,0,0,0,0,0,0,0,0,0,0,0,0,0,0,0,0,0,0,0,0,0,0
194.150,29.337,22.730,-0.044,58.836,0,45.257,23.221,8.325,-47.345,8.179,-34.701,100.123,1,-46.500,1.000,-34.788,0,0,0,0,0,0,0,0,0,0,0,0,0,0,0,0,0,0,0,0,0,0,0,0
194.200,29.428,22.781,-0.030,58.780,0,45.257,23.221,8.325,-47.347,8.179,-34.700,100.123,1,-46.500,1.000,-34.788,0,0,0,0,0,0,0,0,0,0,0,0,0,0,0,0,0,0,0,0,0,0,0,0
194.250,29.520,22.832,-0.014,58.725,0,45.257,23.221,8.325,-47.349,8.178,-34.699,100.123,1,-46.500,1.000,-34.788,0,0,0,0,0,0,0,0,0,0,0,0,0,0,0,0,0,0,0,0,0,0,0,0
194.300,29.612,22.883,0.001,58.669,0,45.257,23.221,8.325,-47.350,8.178,-34.698,100.123,1,-46.500,1.000,-34.788,0,0,0,0,0,0,0,0,0,0,0,0,0,0,0,0,0,0,0,0,0,0,0,0
194.350,29.703,22.933,0.017,58.613,0,45.257,23.221,8.325,-47.352,8.177,-34.697,100.123,1,-46.500,1.000,-34.788,0,0,0,0,0,0,0,0,0,0,0,0,0,0,0,0,0,0,0,0,0,0,0,0
194.400,29.795,22.983,0.034,58.558,0,45.257,23.221,8.325,-47.354,8.177,-34.697,100.123,1,-46.500,1.000,-34.788,0,0,0,0,0,0,0,0,0,0,0,0,0,0,0,0,0,0,0,0,0,0,0,0
194.450,29.887,23.032,0.050,58.502,0,45.257,23.221,8.325,-47.355,8.176,-34.696,100.123,1,-46.500,1.000,-34.788,0,0,0,0,0,0,0,0,0,0,0,0,0,0,0,0,0,0,0,0,0,0,0,0
194.500,29.979,23.081,0.068,58.447,0,45.257,23.221,8.325,-47.357,8.174,-34.695,100.123,1,-46.500,1.000,-34.788,0,0,0,0,0,0,0,0,0,0,0,0,0,0,0,0,0,0,0,0,0,0,0,0
194.550,30.071,23.129,0.085,58.391,0,45.257,23.221,8.325,-47.358,8.173,-34.695,100.123,1,-46.500,1.000,-34.788,0,0,0,0,0,0,0,0,0,0,0,0,0,0,0,0,0,0,0,0,0,0,0,0
194.600,30.163,23.177,0.103,58.336,0,45.257,23.221,8.325,-47.360,8.171,-34.695,100.123,1,-46.500,1.000,-34.788,0,0,0,0,0,0,0,0,0,0,0,0,0,0,0,0,0,0,0,0,0,0,0,0
194.650,30.255,23.224,0.122,58.281,0,45.257,23.221,8.325,-47.361,8.169,-34.694,100.123,1,-46.500,1.000,-34.788,0,0,0,0,0,0,0,0,0,0,0,0,0,0,0,0,0,0,0,0,0,0,0,0
194.700,30.347,23.271,0.141,58.225,0,45.257,23.221,8.325,-47.362,8.167,-34.694,100.123,1,-46.500,1.000,-34.788,0,0,0,0,0,0,0,0,0,0,0,0,0,0,0,0,0,0,0,0,0,0,0,0
194.750,30.439,23.318,0.160,58.170,0,45.257,23.221,8.325,-47.363,8.165,-34.694,100.123,1,-46.500,1.000,-34.788,0,0,0,0,0,0,0,0,0,0,0,0,0,0,0,0,0,0,0,0,0,0,0,0
194.800,30.531,23.364,0.180,58.115,0,45.257,23.221,8.325,-47.364,8.162,-34.694,100.123,1,-46.500,1.000,-34.788,0,0,0,0,0,0,0,0,0,0,0,0,0,0,0,0,0,0,0,0,0,0,0,0
194.850,30.624,23.409,0.201,58.060,0,45.257,23.221,8.325,-47.365,8.159,-34.694,100.123,1,-46.500,1.000,-34.788,0,0,0,0,0,0,0,0,0,0,0,0,0,0,0,0,0,0,0,0,0,0,0,0
194.900,30.716,23.454,0.221,58.005,0,45.257,23.221,8.325,-47.366,8.156,-34.695,100.123,1,-46.500,1.000,-34.788,0,0,0,0,0,0,0,0,0,0,0,0,0,0,0,0,0,0,0,0,0,0,0,0
194.950,30.808,23.498,0.243,57.950,0,45.257,23.221,8.325,-47.367,8.153,-34.695,100.123,1,-46.500,1.000,-34.788,0,0,0,0,0,0,0,0,0,0,0,0,0,0,0,0,0,0,0,0,0,0,0,0
195.000,30.901,23.542,0.264,57.896,0,45.257,23.221,8.325,-47.367,8.150,-34.695,100.123,1,-46.500,1.000,-34.788,0,0,0,0,0,0,0,0,0,0,0,0,0,0,0,0,0,0,0,0,0,0,0,0
195.050,30.993,23.585,0.287,57.841,0,45.257,23.221,8.325,-47.368,8.146,-34.696,100.123,1,-46.500,1.000,-34.788,0,0,0,0,0,0,0,0,0,0,0,0,0,0,0,0,0,0,0,0,0,0,0,0
195.100,31.086,23.627,0.309,57.786,0,45.257,23.221,8.325,-47.368,8.142,-34.697,100.123,1,-46.500,1.000,-34.788,0,0,0,0,0,0,0,0,0,0,0,0,0,0,0,0,0,0,0,0,0,0,0,0
195.150,31.178,23.669,0.333,57.731,0,45.257,23.221,8.325,-47.369,8.138,-34.697,100.123,1,-46.500,1.000,-34.788,0,0,0,0,0,0,0,0,0,0,0,0,0,0,0,0,0,0,0,0,0,0,0,0
195.200,31.271,23.710,0.356,57.676,0,45.257,23.221,8.325,-47.369,8.134,-34.698,100.123,1,-46.500,1.000,-34.788,0,0,0,0,0,0,0,0,0,0,0,0,0,0,0,0,0,0,0,0,0,0,0,0
195.250,31.364,23.751,0.381,57.622,0,45.257,23.221,8.325,-47.369,8.130,-34.699,100.123,1,-46.500,1.000,-34.788,0,0,0,0,0,0,0,0,0,0,0,0,0,0,0,0,0,0,0,0,0,0,0,0
195.300,31.456,23.791,0.405,57.567,0,45.257,23.221,8.325,-47.369,8.125,-34.700,100.123,1,-46.500,1.000,-34.788,0,0,0,0,0,0,0,0,0,0,0,0,0,0,0,0,0,0,0,0,0,0,0,0
195.350,31.549,23.830,0.431,57.512,0,45.257,23.221,8.325,-47.369,8.120,-34.702,100.123,1,-46.500,1.000,-34.788,0,0,0,0,0,0,0,0,0,0,0,0,0,0,0,0,0,0,0,0,0,0,0,0
195.400,31.642,23.869,0.456,57.458,0,45.257,23.221,8.325,-47.369,8.116,-34.703,100.123,1,-46.500,1.000,-34.788,0,0,0,0,0,0,0,0,0,0,0,0,0,0,0,0,0,0,0,0,0,0,0,0
195.450,31.735,23.906,0.483,57.403,0,45.257,23.221,8.325,-47.368,8.110,-34.704,100.123,1,-46.500,1.000,-34.788,0,0,0,0,0,0,0,0,0,0,0,0,0,0,0,0,0,0,0,0,0,0,0,0
195.500,31.828,23.944,0.509,57.348,0,45.257,23.221,8.325,-47.368,8.105,-34.706,100.123,1,-46.500,1.000,-34.788,0,0,0,0,0,0,0,0,0,0,0,0,0,0,0,0,0,0,0,0,0,0,0,0
195.550,31.921,23.980,0.537,57.293,0,45.257,23.221,8.325,-47.367,8.100,-34.708,100.123,1,-46.500,1.000,-34.788,0,0,0,0,0,0,0,0,0,0,0,0,0,0,0,0,0,0,0,0,0,0,0,0
195.600,32.014,24.016,0.564,57.238,0,45.257,23.221,8.325,-47.367,8.094,-34.709,100.123,1,-46.500,1.000,-34.788,0,0,0,0,0,0,0,0,0,0,0,0,0,0,0,0,0,0,0,0,0,0,0,0
195.650,32.107,24.051,0.593,57.184,0,45.257,23.221,8.325,-47.366,8.089,-34.711,100.123,1,-46.500,1.000,-34.788,0,0,0,0,0,0,0,0,0,0,0,0,0,0,0,0,0,0,0,0,0,0,0,0
195.700,32.201,24.085,0.622,57.129,0,45.257,23.221,8.325,-47.365,8.083,-34.713,100.123,1,-46.500,1.000,-34.788,0,0,0,0,0,0,0,0,0,0,0,0,0,0,0,0,0,0,0,0,0,0,0,0
195.750,32.294,24.118,0.651,57.074,0,45.257,23.221,8.325,-47.364,8.077,-34.715,100.123,1,-46.500,1.000,-34.788,0,0,0,0,0,0,0,0,0,0,0,0,0,0,0,0,0,0,0,0,0,0,0,0
195.800,32.387,24.151,0.681,57.019,0,45.257,23.221,8.325,-47.363,8.071,-34.717,100.123,1,-46.500,1.000,-34.788,0,0,0,0,0,0,0,0,0,0,0,0,0,0,0,0,0,0,0,0,0,0,0,0
195.850,32.480,24.182,0.712,56.964,0,45.257,23.221,8.325,-47.362,8.065,-34.719,100.123,1,-46.500,1.000,-34.788,0,0,0,0,0,0,0,0,0,0,0,0,0,0,0,0,0,0,0,0,0,0,0,0
195.900,32.574,24.213,0.743,56.909,0,45.257,23.221,8.325,-47.361,8.059,-34.722,100.123,1,-46.500,1.000,-34.788,0,0,0,0,0,0,0,0,0,0,0,0,0,0,0,0,0,0,0,0,0,0,0,0
195.950,32.667,24.244,0.774,56.853,0,45.257,23.221,8.325,-47.360,8.052,-34.724,100.123,1,-46.500,1.000,-34.788,0,0,0,0,0,0,0,0,0,0,0,0,0,0,0,0,0,0,0,0,0,0,0,0
196.000,32.761,24.273,0.806,56.798,0,45.257,23.221,8.325,-47.359,8.046,-34.727,100.123,1,-46.500,1.000,-34.788,0,0,0,0,0,0,0,0,0,0,0,0,0,0,0,0,0,0,0,0,0,0,0,0
196.050,32.854,24.301,0.839,56.743,0,45.257,23.221,8.325,-47.357,8.039,-34.729,100.123,1,-46.500,1.000,-34.788,0,0,0,0,0,0,0,0,0,0,0,0,0,0,0,0,0,0,0,0,0,0,0,0
196.100,32.948,24.329,0.872,56.687,0,45.257,23.221,8.325,-47.356,8.033,-34.732,100.123,1,-46.500,1.000,-34.788,0,0,0,0,0,0,0,0,0,0,0,0,0,0,0,0,0,0,0,0,0,0,0,0
196.150,33.041,24.356,0.906,56.632,0,45.257,23.221,8.325,-47.354,8.026,-34.734,100.123,1,-46.500,1.000,-34.788,0,0,0,0,0,0,0,0,0,0,0,0,0,0,0,0,0,0,0,0,0,0,0,0
196.200,33.135,24.381,0.940,56.576,0,45.257,23.221,8.325,-47.352,8.019,-34.737,100.123,1,-46.500,1.000,-34.788,0,0,0,0,0,0,0,0,0,0,0,0,0,0,0,0,0,0,0,0,0,0,0,0
196.250,33.229,24.406,0.975,56.520,0,45.257,23.221,8.325,-47.351,8.012,-34.740,100.123,1,-46.500,1.000,-34.788,0,0,0,0,0,0,0,0,0,0,0,0,0,0,0,0,0,0,0,0,0,0,0,0
196.300,33.323,24.430,1.010,56.464,0,45.257,23.221,8.325,-47.349,8.005,-34.743,100.123,1,-46.500,1.000,-34.788,0,0,0,0,0,0,0,0,0,0,0,0,0,0,0,0,0,0,0,0,0,0,0,0
196.350,33.416,24.454,1.046,56.408,0,45.257,23.221,8.325,-47.347,7.998,-34.746,100.123,1,-46.500,1.000,-34.788,0,0,0,0,0,0,0,0,0,0,0,0,0,0,0,0,0,0,0,0,0,0,0,0
196.400,33.510,24.476,1.083,56.352,0,45.257,23.221,8.325,-47.345,7.991,-34.749,100.123,1,-46.500,1.000,-34.788,0,0,0,0,0,0,0,0,0,0,0,0,0,0,0,0,0,0,0,0,0,0,0,0
196.450,33.604,24.497,1.120,56.296,0,45.257,23.221,8.325,-47.343,7.984,-34.752,100.123,1,-46.500,1.000,-34.788,0,0,0,0,0,0,0,0,0,0,0,0,0,0,0,0,0,0,0,0,0,0,0,0
196.500,33.698,24.517,1.157,56.239,0,45.257,23.221,8.325,-47.341,7.977,-34.755,100.123,1,-46.500,1.000,-34.788,0,0,0,0,0,0,0,0,0,0,0,0,0,0,0,0,0,0,0,0,0,0,0,0
196.550,33.792,24.537,1.195,56.183,0,45.257,23.221,8.325,-47.339,7.970,-34.758,100.123,1,-46.500,1.000,-34.788,0,0,0,0,0,0,0,0,0,0,0,0,0,0,0,0,0,0,0,0,0,0,0,0
196.600,33.885,24.555,1.234,56.126,0,45.257,23.221,8.325,-47.336,7.963,-34.761,100.123,1,-46.500,1.000,-34.788,0,0,0,0,0,0,0,0,0,0,0,0,0,0,0,0,0,0,0,0,0,0,0,0
196.650,33.979,24.573,1.273,56.069,0,45.257,23.221,8.325,-47.334,7.956,-34.764,100.123,1,-46.500,1.000,-34.788,0,0,0,0,0,0,0,0,0,0,0,0,0,0,0,0,0,0,0,0,0,0,0,0
196.700,34.073,24.589,1.313,56.012,0,45.257,23.221,8.325,-47.332,7.949,-34.768,100.123,1,-46.500,1.000,-34.788,0,0,0,0,0,0,0,0,0,0,0,0,0,0,0,0,0,0,0,0,0,0,0,0
196.750,34.167,24.605,1.353,55.955,0,45.257,23.221,8.325,-47.330,7.941,-34.771,100.123,1,-46.500,1.000,-34.788,0,0,0,0,0,0,0,0,0,0,0,0,0,0,0,0,0,0,0,0,0,0,0,0
196.800,34.261,24.620,1.393,55.898,0,45.257,23.221,8.325,-47.327,7.934,-34.774,100.123,1,-46.500,1.000,-34.788,0,0,0,0,0,0,0,0,0,0,0,0,0,0,0,0,0,0,0,0,0,0,0,0
196.850,34.355,24.633,1.435,55.840,0,45.257,23.221,8.325,-47.325,7.927,-34.778,100.123,1,-46.500,1.000,-34.788,0,0,0,0,0,0,0,0,0,0,0,0,0,0,0,0,0,0,0,0,0,0,0,0
196.900,34.449,24.646,1.476,55.783,0,45.257,23.221,8.325,-47.323,7.920,-34.781,100.123,1,-46.500,1.000,-34.788,0,0,0,0,0,0,0,0,0,0,0,0,0,0,0,0,0,0,0,0,0,0,0,0
196.950,34.543,24.658,1.518,55.725,0,45.257,23.221,8.325,-47.320,7.913,-34.784,100.123,1,-46.500,1.000,-34.788,0,0,0,0,0,0,0,0,0,0,0,0,0,0,0,0,0,0,0,0,0,0,0,0
197.000,34.637,24.669,1.561,55.667,0,45.257,23.221,8.325,-47.318,7.906,-34.788,100.123,1,-46.500,1.000,-34.788,0,0,0,0,0,0,0,0,0,0,0,0,0,0,0,0,0,0,0,0,0,0,0,0
197.050,34.731,24.679,1.604,55.609,0,45.257,23.221,8.325,-47.315,7.899,-34.791,100.123,1,-46.500,1.000,-34.788,0,0,0,0,0,0,0,0,0,0,0,0,0,0,0,0,0,0,0,0,0,0,0,0
197.100,34.825,24.688,1.648,55.550,0,45.257,23.221,8.325,-47.313,7.892,-34.794,100.123,1,-46.500,1.000,-34.788,0,0,0,0,0,0,0,0,0,0,0,0,0,0,0,0,0,0,0,0,0,0,0,0
197.150,34.918,24.696,1.692,55.492,0,45.257,23.221,8.325,-47.310,7.885,-34.798,100.123,1,-46.500,1.000,-34.788,0,0,0,0,0,0,0,0,0,0,0,0,0,0,0,0,0,0,0,0,0,0,0,0
197.200,35.012,24.703,1.737,55.433,0,45.257,23.221,8.325,-47.308,7.878,-34.801,100.123,1,-46.500,1.000,-34.788,0,0,0,0,0,0,0,0,0,0,0,0,0,0,0,0,0,0,0,0,0,0,0,0
197.250,35.106,24.709,1.782,55.375,0,45.257,23.221,8.325,-47.305,7.872,-34.805,100.123,1,-46.500,1.000,-34.788,0,0,0,0,0,0,0,0,0,0,0,0,0,0,0,0,0,0,0,0,0,0,0,0
197.300,35.200,24.714,1.828,55.316,0,45.257,23.221,8.325,-47.303,7.865,-34.808,100.123,1,-46.500,1.000,-34.788,0,0,0,0,0,0,0,0,0,0,0,0,0,0,0,0,0,0,0,0,0,0,0,0
197.350,35.293,24.718,1.874,55.257,0,45.257,23.221,8.325,-47.300,7.859,-34.811,100.123,1,-46.500,1.000,-34.788,0,0,0,0,0,0,0,0,0,0,0,0,0,0,0,0,0,0,0,0,0,0,0,0
197.400,35.387,24.722,1.920,55.197,0,45.257,23.221,8.325,-47.298,7.852,-34.814,100.123,1,-46.500,1.000,-34.788,0,0,0,0,0,0,0,0,0,0,0,0,0,0,0,0,0,0,0,0,0,0,0,0
197.450,35.481,24.724,1.967,55.138,0,45.257,23.221,8.325,-47.296,7.846,-34.818,100.123,1,-46.500,1.000,-34.788,0,0,0,0,0,0,0,0,0,0,0,0,0,0,0,0,0,0,0,0,0,0,0,0
197.500,35.574,24.725,2.014,55.079,0,45.257,23.221,8.325,-47.293,7.840,-34.821,100.123,1,-46.500,1.000,-34.788,0,0,0,0,0,0,0,0,0,0,0,0,0,0,0,0,0,0,0,0,0,0,0,0
197.550,35.668,24.726,2.062,55.019,0,45.257,23.221,8.325,-47.291,7.833,-34.824,100.123,1,-46.500,1.000,-34.788,0,0,0,0,0,0,0,0,0,0,0,0,0,0,0,0,0,0,0,0,0,0,0,0
197.600,35.761,24.726,2.110,54.959,0,45.257,23.221,8.325,-47.288,7.827,-34.827,100.123,1,-46.500,1.000,-34.788,0,0,0,0,0,0,0,0,0,0,0,0,0,0,0,0,0,0,0,0,0,0,0,0
197.650,35.855,24.725,2.159,54.899,0,45.257,23.221,8.325,-47.286,7.822,-34.830,100.123,1,-46.500,1.000,-34.788,0,0,0,0,0,0,0,0,0,0,0,0,0,0,0,0,0,0,0,0,0,0,0,0
197.700,35.948,24.723,2.208,54.839,0,45.257,23.221,8.325,-47.284,7.816,-34.833,100.123,1,-46.500,1.000,-34.788,0,0,0,0,0,0,0,0,0,0,0,0,0,0,0,0,0,0,0,0,0,0,0,0
197.750,36.042,24.720,2.258,54.779,0,45.257,23.221,8.325,-47.281,7.810,-34.836,100.123,1,-46.500,1.000,-34.788,0,0,0,0,0,0,0,0,0,0,0,0,0,0,0,0,0,0,0,0,0,0,0,0
197.800,36.135,24.716,2.308,54.719,0,45.257,23.221,8.325,-47.279,7.805,-34.839,100.123,1,-46.500,1.000,-34.788,0,0,0,0,0,0,0,0,0,0,0,0,0,0,0,0,0,0,0,0,0,0,0,0
197.850,36.228,24.711,2.358,54.658,0,45.257,23.221,8.325,-47.277,7.800,-34.841,100.123,1,-46.500,1.000,-34.788,0,0,0,0,0,0,0,0,0,0,0,0,0,0,0,0,0,0,0,0,0,0,0,0
197.900,36.321,24.706,2.408,54.598,0,45.257,23.221,8.325,-47.275,7.795,-34.844,100.123,1,-46.500,1.000,-34.788,0,0,0,0,0,0,0,0,0,0,0,0,0,0,0,0,0,0,0,0,0,0,0,0
197.950,36.414,24.700,2.460,54.537,0,45.257,23.221,8.325,-47.273,7.790,-34.847,100.123,1,-46.500,1.000,-34.788,0,0,0,0,0,0,0,0,0,0,0,0,0,0,0,0,0,0,0,0,0,0,0,0
198.000,36.507,24.693,2.511,54.476,0,45.257,23.221,8.325,-47.271,7.785,-34.849,100.123,1,-46.500,1.000,-34.788,0,0,0,0,0,0,0,0,0,0,0,0,0,0,0,0,0,0,0,0,0,0,0,0
198.050,36.600,24.685,2.563,54.416,0,45.257,23.221,8.325,-47.269,7.780,-34.852,100.123,1,-46.500,1.000,-34.788,0,0,0,0,0,0,0,0,0,0,0,0,0,0,0,0,0,0,0,0,0,0,0,0
198.100,36.693,24.676,2.615,54.355,0,45.257,23.221,8.325,-47.267,7.776,-34.854,100.123,1,-46.500,1.000,-34.788,0,0,0,0,0,0,0,0,0,0,0,0,0,0,0,0,0,0,0,0,0,0,0,0
198.150,36.785,24.667,2.667,54.294,0,45.257,23.221,8.325,-47.265,7.772,-34.856,100.123,1,-46.500,1.000,-34.788,0,0,0,0,0,0,0,0,0,0,0,0,0,0,0,0,0,0,0,0,0,0,0,0
198.200,36.878,24.657,2.720,54.233,0,45.257,23.221,8.325,-47.263,7.768,-34.858,100.123,1,-46.500,1.000,-34.788,0,0,0,0,0,0,0,0,0,0,0,0,0,0,0,0,0,0,0,0,0,0,0,0
198.250,36.970,24.646,2.773,54.171,0,45.257,23.221,8.325,-47.261,7.764,-34.861,100.123,1,-46.500,1.000,-34.788,0,0,0,0,0,0,0,0,0,0,0,0,0,0,0,0,0,0,0,0,0,0,0,0
198.300,37.063,24.635,2.826,54.110,0,45.257,23.221,8.325,-47.259,7.760,-34.863,100.123,1,-46.500,1.000,-34.788,0,0,0,0,0,0,0,0,0,0,0,0,0,0,0,0,0,0,0,0,0,0,0,0
198.350,37.155,24.623,2.880,54.049,0,45.257,23.221,8.325,-47.258,7.757,-34.864,100.123,1,-46.500,1.000,-34.788,0,0,0,0,0,0,0,0,0,0,0,0,0,0,0,0,0,0,0,0,0,0,0,0
198.400,37.247,24.610,2.934,53.987,0,45.257,23.221,8.325,-47.256,7.754,-34.866,100.123,1,-46.500,1.000,-34.788,0,0,0,0,0,0,0,0,0,0,0,0,0,0,0,0,0,0,0,0,0,0,0,0
198.450,37.339,24.597,2.989,53.926,0,45.257,23.221,8.325,-47.255,7.751,-34.868,100.123,1,-46.500,1.000,-34.788,0,0,0,0,0,0,0,0,0,0,0,0,0,0,0,0,0,0,0,0,0,0,0,0
198.500,37.431,24.583,3.043,53.864,0,45.257,23.221,8.325,-47.253,7.748,-34.869,100.123,1,-46.500,1.000,-34.788,0,0,0,0,0,0,0,0,0,0,0,0,0,0,0,0,0,0,0,0,0,0,0,0
198.550,37.523,24.568,3.098,53.803,0,45.257,23.221,8.325,-47.252,7.745,-34.871,100.123,1,-46.500,1.000,-34.788,0,0,0,0,0,0,0,0,0,0,0,0,0,0,0,0,0,0,0,0,0,0,0,0
198.600,37.615,24.553,3.153,53.741,0,45.257,23.221,8.325,-47.250,7.743,-34.872,100.123,1,-46.500,1.000,-34.788,0,0,0,0,0,0,0,0,0,0,0,0,0,0,0,0,0,0,0,0,0,0,0,0
198.650,37.707,24.537,3.209,53.680,0,45.257,23.221,8.325,-47.249,7.741,-34.873,100.123,1,-46.500,1.000,-34.788,0,0,0,0,0,0,0,0,0,0,0,0,0,0,0,0,0,0,0,0,0,0,0,0
198.700,37.798,24.520,3.264,53.618,0,45.257,23.221,8.325,-47.248,7.739,-34.874,100.123,1,-46.500,1.000,-34.788,0,0,0,0,0,0,0,0,0,0,0,0,0,0,0,0,0,0,0,0,0,0,0,0
198.750,37.890,24.503,3.320,53.556,0,45.257,23.221,8.325,-47.247,7.737,-34.875,100.123,1,-46.500,1.000,-34.788,0,0,0,0,0,0,0,0,0,0,0,0,0,0,0,0,0,0,0,0,0,0,0,0
198.800,37.981,24.486,3.376,53.495,0,45.257,23.221,8.325,-47.246,7.736,-34.876,100.123,1,-46.500,1.000,-34.788,0,0,0,0,0,0,0,0,0,0,0,0,0,0,0,0,0,0,0,0,0,0,0,0
198.850,38.072,24.468,3.433,53.433,0,45.257,23.221,8.325,-47.245,7.734,-34.877,100.123,1,-46.500,1.000,-34.788,0,0,0,0,0,0,0,0,0,0,0,0,0,0,0,0,0,0,0,0,0,0,0,0
198.900,38.163,24.450,3.489,53.371,0,45.257,23.221,8.325,-47.244,7.733,-34.877,100.123,1,-46.500,1.000,-34.788,0,0,0,0,0,0,0,0,0,0,0,0,0,0,0,0,0,0,0,0,0,0,0,0
198.950,38.254,24.431,3.546,53.309,0,45.257,23.221,8.325,-47.244,7.732,-34.878,100.123,1,-46.500,1.000,-34.788,0,0,0,0,0,0,0,0,0,0,0,0,0,0,0,0,0,0,0,0,0,0,0,0
199.000,38.345,24.411,3.603,53.248,0,45.257,23.221,8.325,-47.243,7.732,-34.878,100.123,1,-46.500,1.000,-34.788,0,0,0,0,0,0,0,0,0,0,0,0,0,0,0,0,0,0,0,0,0,0,0,0
199.050,38.436,24.392,3.660,53.186,0,45.257,23.221,8.325,-47.242,7.732,-34.878,100.123,1,-46.500,1.000,-34.788,0,0,0,0,0,0,0,0,0,0,0,0,0,0,0,0,0,0,0,0,0,0,0,0
199.100,38.527,24.371,3.718,53.124,0,45.257,23.221,8.325,-47.242,7.731,-34.878,100.123,1,-46.500,1.000,-34.788,0,0,0,0,0,0,0,0,0,0,0,0,0,0,0,0,0,0,0,0,0,0,0,0
199.150,38.617,24.351,3.775,53.062,0,45.257,23.221,8.325,-47.242,7.732,-34.878,100.123,1,-46.500,1.000,-34.788,0,0,0,0,0,0,0,0,0,0,0,0,0,0,0,0,0,0,0,0,0,0,0,0
199.200,38.708,24.330,3.833,53.001,0,45.257,23.221,8.325,-47.241,7.732,-34.878,100.123,1,-46.500,1.000,-34.788,0,0,0,0,0,0,0,0,0,0,0,0,0,0,0,0,0,0,0,0,0,0,0,0
199.250,38.798,24.309,3.891,52.939,0,45.257,23.221,8.325,-47.241,7.733,-34.878,100.123,1,-46.500,1.000,-34.788,0,0,0,0,0,0,0,0,0,0,0,0,0,0,0,0,0,0,0,0,0,0,0,0
199.300,38.889,24.287,3.949,52.877,0,45.257,23.221,8.325,-47.241,7.733,-34.877,100.123,1,-46.500,1.000,-34.788,0,0,0,0,0,0,0,0,0,0,0,0,0,0,0,0,0,0,0,0,0,0,0,0
199.350,38.979,24.266,4.008,52.816,0,45.257,23.221,8.325,-47.241,7.734,-34.877,100.123,1,-46.500,1.000,-34.788,0,0,0,0,0,0,0,0,0,0,0,0,0,0,0,0,0,0,0,0,0,0,0,0
199.400,39.069,24.243,4.066,52.754,0,45.257,23.221,8.325,-47.241,7.736,-34.876,100.123,1,-46.500,1.000,-34.788,0,0,0,0,0,0,0,0,0,0,0,0,0,0,0,0,0,0,0,0,0,0,0,0
199.450,39.159,24.221,4.125,52.693,0,45.257,23.221,8.325,-47.241,7.737,-34.875,100.123,1,-46.500,1.000,-34.788,0,0,0,0,0,0,0,0,0,0,0,0,0,0,0,0,0,0,0,0,0,0,0,0
199.500,39.249,24.199,4.184,52.631,0,45.257,23.221,8.325,-47.242,7.739,-34.874,100.123,1,-46.500,1.000,-34.788,0,0,0,0,0,0,0,0,0,0,0,0,0,0,0,0,0,0,0,0,0,0,0,0
199.550,39.339,24.176,4.243,52.570,0,45.257,23.221,8.325,-47.242,7.741,-34.873,100.123,1,-46.500,1.000,-34.788,0,0,0,0,0,0,0,0,0,0,0,0,0,0,0,0,0,0,0,0,0,0,0,0
199.600,39.428,24.153,4.302,52.508,0,45.257,23.221,8.325,-47.242,7.743,-34.872,100.123,1,-46.500,1.000,-34.788,0,0,0,0,0,0,0,0,0,0,0,0,0,0,0,0,0,0,0,0,0,0,0,0
199.650,39.518,24.130,4.361,52.447,0,45.257,23.221,8.325,-47.243,7.746,-34.871,100.123,1,-46.500,1.000,-34.788,0,0,0,0,0,0,0,0,0,0,0,0,0,0,0,0,0,0,0,0,0,0,0,0
199.700,39.608,24.106,4.420,52.386,0,45.257,23.221,8.325,-47.244,7.748,-34.869,100.123,1,-46.500,1.000,-34.788,0,0,0,0,0,0,0,0,0,0,0,0,0,0,0,0,0,0,0,0,0,0,0,0
199.750,39.697,24.083,4.480,52.324,0,45.257,23.221,8.325,-47.244,7.751,-34.867,100.123,1,-46.500,1.000,-34.788,0,0,0,0,0,0,0,0,0,0,0,0,0,0,0,0,0,0,0,0,0,0,0,0
199.800,39.786,24.060,4.539,52.263,0,45.257,23.221,8.325,-47.245,7.754,-34.866,100.123,1,-46.500,1.000,-34.788,0,0,0,0,0,0,0,0,0,0,0,0,0,0,0,0,0,0,0,0,0,0,0,0
199.850,39.876,24.036,4.599,52.202,0,45.257,23.221,8.325,-47.246,7.758,-34.864,100.123,1,-46.500,1.000,-34.788,0,0,0,0,0,0,0,0,0,0,0,0,0,0,0,0,0,0,0,0,0,0,0,0
199.900,39.965,24.012,4.659,52.141,0,45.257,23.221,8.325,-47.247,7.761,-34.862,100.123,1,-46.500,1.000,-34.788,0,0,0,0,0,0,0,0,0,0,0,0,0,0,0,0,0,0,0,0,0,0,0,0
199.950,40.054,23.989,4.718,52.080,0,45.257,23.221,8.325,-47.248,7.765,-34.860,100.123,1,-46.500,1.000,-34.788,0,0,0,0,0,0,0,0,0,0,0,0,0,0,0,0,0,0,0,0,0,0,0,0
200.000,40.143,23.965,4.778,52.019,0,45.257,23.221,8.325,-47.249,7.769,-34.858,100.123,1,-46.500,1.000,-34.788,0,0,0,0,0,0,0,0,0,0,0,0,0,0,0,0,0,0,0,0,0,0,0,0
200.050,40.232,23.942,4.838,51.959,0,45.257,23.221,8.325,-47.250,7.773,-34.856,100.123,1,-46.500,1.000,-34.788,0,0,0,0,0,0,0,0,0,0,0,0,0,0,0,0,0,0,0,0,0,0,0,0
200.100,40.321,23.918,4.898,51.898,0,45.257,23.221,8.325,-47.252,7.777,-34.853,100.123,1,-46.500,1.000,-34.788,0,0,0,0,0,0,0,0,0,0,0,0,0,0,0,0,0,0,0,0,0,0,0,0
200.150,40.410,23.894,4.959,51.838,0,45.257,23.221,8.325,-47.253,7.782,-34.851,100.123,1,-46.500,1.000,-34.788,0,0,0,0,0,0,0,0,0,0,0,0,0,0,0,0,0,0,0,0,0,0,0,0
200.200,40.499,23.871,5.019,51.777,0,45.257,23.221,8.325,-47.254,7.787,-34.848,100.123,1,-46.500,1.000,-34.788,0,0,0,0,0,0,0,0,0,0,0,0,0,0,0,0,0,0,0,0,0,0,0,0
200.250,40.588,23.848,5.079,51.717,0,45.257,23.221,8.325,-47.256,7.792,-34.846,100.123,1,-46.500,1.000,-34.788,0,0,0,0,0,0,0,0,0,0,0,0,0,0,0,0,0,0,0,0,0,0,0,0
200.300,40.676,23.825,5.140,51.656,0,45.257,23.221,8.325,-47.257,7.797,-34.843,100.123,1,-46.500,1.000,-34.788,0,0,0,0,0,0,0,0,0,0,0,0,0,0,0,0,0,0,0,0,0,0,0,0
200.350,40.765,23.801,5.200,51.596,0,45.257,23.221,8.325,-47.259,7.802,-34.840,100.123,1,-46.500,1.000,-34.788,0,0,0,0,0,0,0,0,0,0,0,0,0,0,0,0,0,0,0,0,0,0,0,0
200.400,40.854,23.779,5.261,51.536,0,45.257,23.221,8.325,-47.261,7.807,-34.837,100.123,1,-46.500,1.000,-34.788,0,0,0,0,0,0,0,0,0,0,0,0,0,0,0,0,0,0,0,0,0,0,0,0
200.450,40.942,23.756,5.321,51.476,0,45.257,23.221,8.325,-47.263,7.813,-34.834,100.123,1,-46.500,1.000,-34.788,0,0,0,0,0,0,0,0,0,0,0,0,0,0,0,0,0,0,0,0,0,0,0,0
200.500,41.031,23.734,5.382,51.416,0,45.257,23.221,8.325,-47.264,7.819,-34.831,100.123,1,-46.500,1.000,-34.788,0,0,0,0,0,0,0,0,0,0,0,0,0,0,0,0,0,0,0,0,0,0,0,0
200.550,41.119,23.711,5.442,51.357,0,45.257,23.221,8.325,-47.266,7.824,-34.828,100.123,1,-46.500,1.000,-34.788,0,0,0,0,0,0,0,0,0,0,0,0,0,0,0,0,0,0,0,0,0,0,0,0
200.600,41.208,23.689,5.503,51.297,0,45.257,23.221,8.325,-47.268,7.830,-34.825,100.123,1,-46.500,1.000,-34.788,0,0,0,0,0,0,0,0,0,0,0,0,0,0,0,0,0,0,0,0,0,0,0,0
200.650,41.296,23.668,5.564,51.218,0,59.047,5.000,20.844,-47.270,7.837,-34.822,100.123,1,-46.500,1.000,-34.788,0,0,0,0,0,0,0,0,0,0,0,0,0,0,0,0,0,0,0,0,0,0,0,0
200.700,41.385,23.644,5.625,51.139,0,59.047,5.000,20.844,-47.272,7.843,-34.819,100.123,1,-46.500,1.000,-34.788,0,0,0,0,0,0,0,0,0,0,0,0,0,0,0,0,0,0,0,0,0,0,0,0
200.750,41.472,23.618,5.687,51.061,0,59.047,5.000,20.844,-47.274,7.849,-34.815,100.123,1,-46.500,1.000,-34.788,0,0,0,0,0,0,0,0,0,0,0,0,0,0,0,0,0,0,0,0,0,0,0,0
200.800,41.560,23.589,5.750,50.982,0,59.047,5.000,20.844,-47.276,7.856,-34.812,100.123,1,-46.500,1.000,-34.788,0,0,0,0,0,0,0,0,0,0,0,0,0,0,0,0,0,0,0,0,0,0,0,0
200.850,41.647,23.559,5.814,50.903,0,59.047,5.000,20.844,-47.279,7.862,-34.809,100.123,1,-46.500,1.000,-34.788,0,0,0,0,0,0,0,0,0,0,0,0,0,0,0,0,0,0,0,0,0,0,0,0
200.900,41.734,23.526,5.877,50.824,0,59.047,5.000,20.844,-47.281,7.869,-34.805,100.123,1,-46.500,1.000,-34.788,0,0,0,0,0,0,0,0,0,0,0,0,0,0,0,0,0,0,0,0,0,0,0,0
200.950,41.821,23.491,5.942,50.746,0,59.047,5.000,20.844,-47.283,7.876,-34.802,100.123,1,-46.500,1.000,-34.788,0,0,0,0,0,0,0,0,0,0,0,0,0,0,0,0,0,0,0,0,0,0,0,0
201.000,41.907,23.455,6.007,50.667,0,59.047,5.000,20.844,-47.285,7.883,-34.799,100.123,1,-46.500,1.000,-34.788,0,0,0,0,0,0,0,0,0,0,0,0,0,0,0,0,0,0,0,0,0,0,0,0
201.050,41.993,23.417,6.072,50.588,0,59.047,5.000,20.844,-47.288,7.890,-34.795,100.123,1,-46.500,1.000,-34.788,0,0,0,0,0,0,0,0,0,0,0,0,0,0,0,0,0,0,0,0,0,0,0,0
201.100,42.078,23.377,6.138,50.509,0,59.047,5.000,20.844,-47.290,7.897,-34.792,100.123,1,-46.500,1.000,-34.788,0,0,0,0,0,0,0,0,0,0,0,0,0,0,0,0,0,0,0,0,0,0,0,0
201.150,42.164,23.335,6.204,50.431,0,59.047,5.000,20.844,-47.292,7.904,-34.788,100.123,1,-46.500,1.000,-34.788,0,0,0,0,0,0,0,0,0,0,0,0,0,0,0,0,0,0,0,0,0,0,0,0
201.200,42.248,23.292,6.271,50.352,0,59.047,5.000,20.844,-47.295,7.911,-34.785,100.123,1,-46.500,1.000,-34.788,0,0,0,0,0,0,0,0,0,0,0,0,0,0,0,0,0,0,0,0,0,0,0,0
201.250,42.333,23.247,6.338,50.273,0,59.047,5.000,20.844,-47.297,7.918,-34.781,100.123,1,-46.500,1.000,-34.788,0,0,0,0,0,0,0,0,0,0,0,0,0,0,0,0,0,0,0,0,0,0,0,0
201.300,42.417,23.201,6.405,50.194,0,59.047,5.000,20.844,-47.299,7.925,-34.778,100.123,1,-46.500,1.000,-34.788,0,0,0,0,0,0,0,0,0,0,0,0,0,0,0,0,0,0,0,0,0,0,0,0
201.350,42.501,23.154,6.473,50.116,0,59.047,5.000,20.844,-47.302,7.933,-34.774,100.123,1,-46.500,1.000,-34.788,0,0,0,0,0,0,0,0,0,0,0,0,0,0,0,0,0,0,0,0,0,0,0,0
201.400,42.584,23.105,6.540,50.037,0,59.047,5.000,20.844,-47.304,7.940,-34.771,100.123,1,-46.500,1.000,-34.788,0,0,0,0,0,0,0,0,0,0,0,0,0,0,0,0,0,0,0,0,0,0,0,0
201.450,42.667,23.055,6.609,49.958,0,59.047,5.000,20.844,-47.306,7.947,-34.767,100.123,1,-46.500,1.000,-34.788,0,0,0,0,0,0,0,0,0,0,0,0,0,0,0,0,0,0,0,0,0,0,0,0
201.500,42.750,23.004,6.677,49.880,0,59.047,5.000,20.844,-47.309,7.954,-34.764,100.123,1,-46.500,1.000,-34.788,0,0,0,0,0,0,0,0,0,0,0,0,0,0,0,0,0,0,0,0,0,0,0,0
201.550,42.832,22.951,6.746,49.801,0,59.047,5.000,20.844,-47.311,7.962,-34.761,100.123,1,-46.500,1.000,-34.788,0,0,0,0,0,0,0,0,0,0,0,0,0,0,0,0,0,0,0,0,0,0,0,0
201.600,42.914,22.898,6.814,49.722,0,59.047,5.000,20.844,-47.313,7.969,-34.757,100.123,1,-46.500,1.000,-34.788,0,0,0,0,0,0,0,0,0,0,0,0,0,0,0,0,0,0,0,0,0,0,0,0
201.650,42.996,22.843,6.883,49.643,0,59.047,5.000,20.844,-47.316,7.976,-34.754,100.123,1,-46.500,1.000,-34.788,0,0,0,0,0,0,0,0,0,0,0,0,0,0,0,0,0,0,0,0,0,0,0,0
201.700,43.077,22.788,6.952,49.565,0,59.047,5.000,20.844,-47.318,7.983,-34.751,100.123,1,-46.500,1.000,-34.788,0,0,0,0,0,0,0,0,0,0,0,0,0,0,0,0,0,0,0,0,0,0,0,0
201.750,43.158,22.731,7.022,49.486,0,59.047,5.000,20.844,-47.320,7.990,-34.747,100.123,1,-46.500,1.000,-34.788,0,0,0,0,0,0,0,0,0,0,0,0,0,0,0,0,0,0,0,0,0,0,0,0
201.800,43.239,22.674,7.091,49.407,0,59.047,5.000,20.844,-47.322,7.997,-34.744,100.123,1,-46.500,1.000,-34.788,0,0,0,0,0,0,0,0,0,0,0,0,0,0,0,0,0,0,0,0,0,0,0,0
201.850,43.319,22.616,7.161,49.328,0,59.047,5.000,20.844,-47.325,8.004,-34.741,100.123,1,-46.500,1.000,-34.788,0,0,0,0,0,0,0,0,0,0,0,0,0,0,0,0,0,0,0,0,0,0,0,0
201.900,43.399,22.557,7.230,49.250,0,59.047,5.000,20.844,-47.327,8.012,-34.738,100.123,1,-46.500,1.000,-34.788,0,0,0,0,0,0,0,0,0,0,0,0,0,0,0,0,0,0,0,0,0,0,0,0
201.950,43.478,22.497,7.300,49.171,0,59.047,5.000,20.844,-47.329,8.018,-34.735,100.123,1,-46.500,1.000,-34.788,0,0,0,0,0,0,0,0,0,0,0,0,0,0,0,0,0,0,0,0,0,0,0,0
202.000,43.558,22.436,7.370,49.092,0,59.047,5.000,20.844,-47.331,8.025,-34.732,100.123,1,-46.500,1.000,-34.788,0,0,0,0,0,0,0,0,0,0,0,0,0,0,0,0,0,0,0,0,0,0,0,0
202.050,43.637,22.375,7.440,49.013,0,59.047,5.000,20.844,-47.333,8.032,-34.729,100.123,1,-46.500,1.000,-34.788,0,0,0,0,0,0,0,0,0,0,0,0,0,0,0,0,0,0,0,0,0,0,0,0
202.100,43.716,22.313,7.510,48.935,0,59.047,5.000,20.844,-47.335,8.039,-34.727,100.123,1,-46.500,1.000,-34.788,0,0,0,0,0,0,0,0,0,0,0,0,0,0,0,0,0,0,0,0,0,0,0,0
202.150,43.794,22.250,7.580,48.856,0,59.047,5.000,20.844,-47.337,8.046,-34.724,100.123,1,-46.500,1.000,-34.788,0,0,0,0,0,0,0,0,0,0,0,0,0,0,0,0,0,0,0,0,0,0,0,0
202.200,43.872,22.187,7.650,48.777,0,59.047,5.000,20.844,-47.339,8.052,-34.721,100.123,1,-46.500,1.000,-34.788,0,0,0,0,0,0,0,0,0,0,0,0,0,0,0,0,0,0,0,0,0,0,0,0
202.250,43.950,22.123,7.720,48.698,0,59.047,5.000,20.844,-47.340,8.059,-34.719,100.123,1,-46.500,1.000,-34.788,0,0,0,0,0,0,0,0,0,0,0,0,0,0,0,0,0,0,0,0,0,0,0,0
202.300,44.028,22.059,7.790,48.620,0,59.047,5.000,20.844,-47.342,8.065,-34.716,100.123,1,-46.500,1.000,-34.788,0,0,0,0,0,0,0,0,0,0,0,0,0,0,0,0,0,0,0,0,0,0,0,0
202.350,44.105,21.994,7.861,48.541,0,59.047,5.000,20.844,-47.344,8.071,-34.714,100.123,1,-46.500,1.000,-34.788,0,0,0,0,0,0,0,0,0,0,0,0,0,0,0,0,0,0,0,0,0,0,0,0
202.400,44.183,21.928,7.931,48.462,0,59.047,5.000,20.844,-47.345,8.078,-34.712,100.123,1,-46.500,1.000,-34.788,0,0,0,0,0,0,0,0,0,0,0,0,0,0,0,0,0,0,0,0,0,0,0,0
202.450,44.260,21.862,8.001,48.383,0,59.047,5.000,20.844,-47.347,8.084,-34.710,100.123,1,-46.500,1.000,-34.788,0,0,0,0,0,0,0,0,0,0,0,0,0,0,0,0,0,0,0,0,0,0,0,0
202.500,44.336,21.796,8.072,48.305,0,59.047,5.000,20.844,-47.348,8.090,-34.708,100.123,1,-46.500,1.000,-34.788,0,0,0,0,0,0,0,0,0,0,0,0,0,0,0,0,0,0,0,0,0,0,0,0
202.550,44.413,21.729,8.142,48.226,0,59.047,5.000,20.844,-47.350,8.095,-34.706,100.123,1,-46.500,1.000,-34.788,0,0,0,0,0,0,0,0,0,0,0,0,0,0,0,0,0,0,0,0,0,0,0,0
202.600,44.489,21.662,8.213,48.147,0,59.047,5.000,20.844,-47.351,8.101,-34.704,100.123,1,-46.500,1.000,-34.788,0,0,0,0,0,0,0,0,0,0,0,0,0,0,0,0,0,0,0,0,0,0,0,0
202.650,44.565,21.594,8.283,48.068,0,59.047,5.000,20.844,-47.352,8.107,-34.702,100.123,1,-46.500,1.000,-34.788,0,0,0,0,0,0,0,0,0,0,0,0,0,0,0,0,0,0,0,0,0,0,0,0
202.700,44.641,21.526,8.353,47.990,0,59.047,5.000,20.844,-47.353,8.112,-34.700,100.123,1,-46.500,1.000,-34.788,0,0,0,0,0,0,0,0,0,0,0,0,0,0,0,0,0,0,0,0,0,0,0,0
202.750,44.716,21.457,8.424,47.911,0,59.047,5.000,20.844,-47.354,8.117,-34.698,100.123,1,-46.500,1.000,-34.788,0,0,0,0,0,0,0,0,0,0,0,0,0,0,0,0,0,0,0,0,0,0,0,0
202.800,44.792,21.388,8.494,47.832,0,59.047,5.000,20.844,-47.355,8.122,-34.697,100.123,1,-46.500,1.000,-34.788,0,0,0,0,0,0,0,0,0,0,0,0,0,0,0,0,0,0,0,0,0,0,0,0
202.850,44.867,21.319,8.565,47.753,0,59.047,5.000,20.844,-47.356,8.127,-34.696,100.123,1,-46.500,1.000,-34.788,0,0,0,0,0,0,0,0,0,0,0,0,0,0,0,0,0,0,0,0,0,0,0,0
202.900,44.942,21.250,8.636,47.675,0,59.047,5.000,20.844,-47.357,8.132,-34.694,100.123,1,-46.500,1.000,-34.788,0,0,0,0,0,0,0,0,0,0,0,0,0,0,0,0,0,0,0,0,0,0,0,0
202.950,45.017,21.180,8.706,47.596,0,59.047,5.000,20.844,-47.357,8.136,-34.693,100.123,1,-46.500,1.000,-34.788,0,0,0,0,0,0,0,0,0,0,0,0,0,0,0,0,0,0,0,0,0,0,0,0
203.000,45.091,21.110,8.777,47.517,0,59.047,5.000,20.844,-47.358,8.141,-34.692,100.123,1,-46.500,1.000,-34.788,0,0,0,0,0,0,0,0,0,0,0,0,0,0,0,0,0,0,0,0,0,0,0,0
203.050,45.165,21.040,8.847,47.439,0,59.047,5.000,20.844,-47.359,8.145,-34.691,100.123,1,-46.500,1.000,-34.788,0,0,0,0,0,0,0,0,0,0,0,0,0,0,0,0,0,0,0,0,0,0,0,0
203.100,45.240,20.969,8.918,47.360,0,59.047,5.000,20.844,-47.359,8.149,-34.690,100.123,1,-46.500,1.000,-34.788,0,0,0,0,0,0,0,0,0,0,0,0,0,0,0,0,0,0,0,0,0,0,0,0
203.150,45.314,20.898,8.989,47.281,0,59.047,5.000,20.844,-47.359,8.153,-34.689,100.123,1,-46.500,1.000,-34.788,0,0,0,0,0,0,0,0,0,0,0,0,0,0,0,0,0,0,0,0,0,0,0,0
203.200,45.387,20.827,9.060,47.202,0,59.047,5.000,20.844,-47.359,8.157,-34.689,100.123,1,-46.500,1.000,-34.788,0,0,0,0,0,0,0,0,0,0,0,0,0,0,0,0,0,0,0,0,0,0,0,0
203.250,45.461,20.756,9.130,47.124,0,59.047,5.000,20.844,-47.360,8.160,-34.688,100.123,1,-46.500,1.000,-34.788,0,0,0,0,0,0,0,0,0,0,0,0,0,0,0,0,0,0,0,0,0,0,0,0
203.300,45.534,20.684,9.201,47.045,0,59.047,5.000,20.844,-47.360,8.163,-34.688,100.123,1,-46.500,1.000,-34.788,0,0,0,0,0,0,0,0,0,0,0,0,0,0,0,0,0,0,0,0,0,0,0,0
203.350,45.608,20.612,9.272,46.967,0,59.047,5.000,20.844,-47.360,8.167,-34.688,100.123,1,-46.500,1.000,-34.788,0,0,0,0,0,0,0,0,0,0,0,0,0,0,0,0,0,0,0,0,0,0,0,0
203.400,45.681,20.541,9.343,46.888,0,59.047,5.000,20.844,-47.359,8.169,-34.687,100.123,1,-46.500,1.000,-34.788,0,0,0,0,0,0,0,0,0,0,0,0,0,0,0,0,0,0,0,0,0,0,0,0
203.450,45.754,20.468,9.414,46.809,0,59.047,5.000,20.844,-47.359,8.172,-34.687,100.123,1,-46.500,1.000,-34.788,0,0,0,0,0,0,0,0,0,0,0,0,0,0,0,0,0,0,0,0,0,0,0,0
203.500,45.826,20.396,9.485,46.731,0,59.047,5.000,20.844,-47.359,8.175,-34.687,100.123,1,-46.500,1.000,-34.788,0,0,0,0,0,0,0,0,0,0,0,0,0,0,0,0,0,0,0,0,0,0,0,0
203.550,45.899,20.324,9.555,46.652,0,59.047,5.000,20.844,-47.358,8.177,-34.688,100.123,1,-46.500,1.000,-34.788,0,0,0,0,0,0,0,0,0,0,0,0,0,0,0,0,0,0,0,0,0,0,0,0
203.600,45.971,20.251,9.626,46.574,0,59.047,5.000,20.844,-47.358,8.179,-34.688,100.123,1,-46.500,1.000,-34.788,0,0,0,0,0,0,0,0,0,0,0,0,0,0,0,0,0,0,0,0,0,0,0,0
203.650,46.044,20.178,9.697,46.496,0,59.047,5.000,20.844,-47.357,8.181,-34.688,100.123,1,-46.500,1.000,-34.788,0,0,0,0,0,0,0,0,0,0,0,0,0,0,0,0,0,0,0,0,0,0,0,0
203.700,46.116,20.105,9.768,46.417,0,59.047,5.000,20.844,-47.357,8.182,-34.689,100.123,1,-46.500,1.000,-34.788,0,0,0,0,0,0,0,0,0,0,0,0,0,0,0,0,0,0,0,0,0,0,0,0
203.750,46.188,20.032,9.840,46.339,0,59.047,5.000,20.844,-47.356,8.184,-34.689,100.123,1,-46.500,1.000,-34.788,0,0,0,0,0,0,0,0,0,0,0,0,0,0,0,0,0,0,0,0,0,0,0,0
203.800,46.259,19.959,9.911,46.261,0,59.047,5.000,20.844,-47.355,8.185,-34.690,100.123,1,-46.500,1.000,-34.788,0,0,0,0,0,0,0,0,0,0,0,0,0,0,0,0,0,0,0,0,0,0,0,0
203.850,46.331,19.886,9.982,46.183,0,59.047,5.000,20.844,-47.354,8.186,-34.691,100.123,1,-46.500,1.000,-34.788,0,0,0,0,0,0,0,0,0,0,0,0,0,0,0,0,0,0,0,0,0,0,0,0
203.900,46.402,19.813,10.053,46.105,0,59.047,5.000,20.844,-47.353,8.186,-34.691,100.123,1,-46.500,1.000,-34.788,0,0,0,0,0,0,0,0,0,0,0,0,0,0,0,0,0,0,0,0,0,0,0,0
203.950,46.473,19.739,10.124,46.027,0,59.047,5.000,20.844,-47.352,8.187,-34.692,100.123,1,-46.500,1.000,-34.788,0,0,0,0,0,0,0,0,0,0,0,0,0,0,0,0,0,0,0,0,0,0,0,0
204.000,46.544,19.666,10.195,45.949,0,59.047,5.000,20.844,-47.351,8.187,-34.693,100.123,1,-46.500,1.000,-34.788,0,0,0,0,0,0,0,0,0,0,0,0,0,0,0,0,0,0,0,0,0,0,0,0
204.050,46.615,19.592,10.267,45.872,0,59.047,5.000,20.844,-47.349,8.187,-34.695,100.123,1,-46.500,1.000,-34.788,0,0,0,0,0,0,0,0,0,0,0,0,0,0,0,0,0,0,0,0,0,0,0,0
204.100,46.686,19.518,10.338,45.794,0,59.047,5.000,20.844,-47.348,8.187,-34.696,100.123,1,-46.500,1.000,-34.788,0,0,0,0,0,0,0,0,0,0,0,0,0,0,0,0,0,0,0,0,0,0,0,0
204.150,46.756,19.444,10.410,45.717,0,59.047,5.000,20.844,-47.347,8.187,-34.697,100.123,1,-46.500,1.000,-34.788,0,0,0,0,0,0,0,0,0,0,0,0,0,0,0,0,0,0,0,0,0,0,0,0
204.200,46.826,19.370,10.481,45.640,0,59.047,5.000,20.844,-47.345,8.186,-34.699,100.123,1,-46.500,1.000,-34.788,0,0,0,0,0,0,0,0,0,0,0,0,0,0,0,0,0,0,0,0,0,0,0,0
204.250,46.896,19.296,10.553,45.563,0,59.047,5.000,20.844,-47.344,8.185,-34.700,100.123,1,-46.500,1.000,-34.788,0,0,0,0,0,0,0,0,0,0,0,0,0,0,0,0,0,0,0,0,0,0,0,0
204.300,46.965,19.222,10.624,45.486,0,59.047,5.000,20.844,-47.342,8.184,-34.702,100.123,1,-46.500,1.000,-34.788,0,0,0,0,0,0,0,0,0,0,0,0,0,0,0,0,0,0,0,0,0,0,0,0
204.350,47.035,19.148,10.696,45.409,0,59.047,5.000,20.844,-47.340,8.183,-34.704,100.123,1,-46.500,1.000,-34.788,0,0,0,0,0,0,0,0,0,0,0,0,0,0,0,0,0,0,0,0,0,0,0,0
204.400,47.104,19.074,10.768,45.333,0,59.047,5.000,20.844,-47.339,8.181,-34.705,100.123,1,-46.500,1.000,-34.788,0,0,0,0,0,0,0,0,0,0,0,0,0,0,0,0,0,0,0,0,0,0,0,0
204.450,47.172,19.000,10.840,45.256,0,59.047,5.000,20.844,-47.337,8.179,-34.707,100.123,1,-46.500,1.000,-34.788,0,0,0,0,0,0,0,0,0,0,0,0,0,0,0,0,0,0,0,0,0,0,0,0
204.500,47.241,18.925,10.912,45.180,0,59.047,5.000,20.844,-47.335,8.177,-34.709,100.123,1,-46.500,1.000,-34.788,0,0,0,0,0,0,0,0,0,0,0,0,0,0,0,0,0,0,0,0,0,0,0,0
204.550,47.309,18.851,10.984,45.104,0,59.047,5.000,20.844,-47.333,8.175,-34.711,100.123,1,-46.500,1.000,-34.788,0,0,0,0,0,0,0,0,0,0,0,0,0,0,0,0,0,0,0,0,0,0,0,0
204.600,47.377,18.777,11.056,45.028,0,59.047,5.000,20.844,-47.331,8.173,-34.713,100.123,1,-46.500,1.000,-34.788,0,0,0,0,0,0,0,0,0,0,0,0,0,0,0,0,0,0,0,0,0,0,0,0
204.650,47.445,18.702,11.128,44.952,0,59.047,5.000,20.844,-47.330,8.170,-34.715,100.123,1,-46.500,1.000,-34.788,0,0,0,0,0,0,0,0,0,0,0,0,0,0,0,0,0,0,0,0,0,0,0,0
204.700,47.512,18.628,11.200,44.876,0,59.047,5.000,20.844,-47.328,8.167,-34.718,100.123,1,-46.500,1.000,-34.788,0,0,0,0,0,0,0,0,0,0,0,0,0,0,0,0,0,0,0,0,0,0,0,0
204.750,47.579,18.553,11.272,44.801,0,59.047,5.000,20.844,-47.326,8.164,-34.720,100.123,1,-46.500,1.000,-34.788,0,0,0,0,0,0,0,0,0,0,0,0,0,0,0,0,0,0,0,0,0,0,0,0
204.800,47.646,18.479,11.344,44.725,0,59.047,5.000,20.844,-47.324,8.161,-34.722,100.123,1,-46.500,1.000,-34.788,0,0,0,0,0,0,0,0,0,0,0,0,0,0,0,0,0,0,0,0,0,0,0,0
204.850,47.712,18.404,11.417,44.650,0,59.047,5.000,20.844,-47.322,8.157,-34.724,100.123,1,-46.500,1.000,-34.788,0,0,0,0,0,0,0,0,0,0,0,0,0,0,0,0,0,0,0,0,0,0,0,0
204.900,47.779,18.329,11.489,44.574,0,59.047,5.000,20.844,-47.320,8.154,-34.727,100.123,1,-46.500,1.000,-34.788,0,0,0,0,0,0,0,0,0,0,0,0,0,0,0,0,0,0,0,0,0,0,0,0
204.950,47.845,18.255,11.562,44.499,0,59.047,5.000,20.844,-47.318,8.150,-34.729,100.123,1,-46.500,1.000,-34.788,0,0,0,0,0,0,0,0,0,0,0,0,0,0,0,0,0,0,0,0,0,0,0,0
205.000,47.911,18.180,11.634,44.424,0,59.047,5.000,20.844,-47.315,8.146,-34.732,100.123,1,-46.500,1.000,-34.788,0,0,0,0,0,0,0,0,0,0,0,0,0,0,0,0,0,0,0,0,0,0,0,0
205.050,47.976,18.105,11.707,44.349,0,59.047,5.000,20.844,-47.313,8.142,-34.734,100.123,1,-46.500,1.000,-34.788,0,0,0,0,0,0,0,0,0,0,0,0,0,0,0,0,0,0,0,0,0,0,0,0
205.100,48.042,18.030,11.779,44.274,0,59.047,5.000,20.844,-47.311,8.137,-34.737,100.123,1,-46.500,1.000,-34.788,0,0,0,0,0,0,0,0,0,0,0,0,0,0,0,0,0,0,0,0,0,0,0,0
205.150,48.107,17.956,11.852,44.199,0,59.047,5.000,20.844,-47.309,8.133,-34.739,100.123,1,-46.500,1.000,-34.788,0,0,0,0,0,0,0,0,0,0,0,0,0,0,0,0,0,0,0,0,0,0,0,0
205.200,48.172,17.881,11.924,44.125,0,59.047,5.000,20.844,-47.307,8.128,-34.742,100.123,1,-46.500,1.000,-34.788,0,0,0,0,0,0,0,0,0,0,0,0,0,0,0,0,0,0,0,0,0,0,0,0
205.250,48.236,17.806,11.997,44.050,0,59.047,5.000,20.844,-47.305,8.123,-34.745,100.123,1,-46.500,1.000,-34.788,0,0,0,0,0,0,0,0,0,0,0,0,0,0,0,0,0,0,0,0,0,0,0,0
205.300,48.301,17.731,12.070,43.976,0,59.047,5.000,20.844,-47.303,8.118,-34.747,100.123,1,-46.500,1.000,-34.788,0,0,0,0,0,0,0,0,0,0,0,0,0,0,0,0,0,0,0,0,0,0,0,0
205.350,48.365,17.656,12.142,43.901,0,59.047,5.000,20.844,-47.301,8.113,-34.750,100.123,1,-46.500,1.000,-34.788,0,0,0,0,0,0,0,0,0,0,0,0,0,0,0,0,0,0,0,0,0,0,0,0
205.400,48.429,17.581,12.215,43.827,0,59.047,5.000,20.844,-47.299,8.108,-34.753,100.123,1,-46.500,1.000,-34.788,0,0,0,0,0,0,0,0,0,0,0,0,0,0,0,0,0,0,0,0,0,0,0,0
205.450,48.493,17.507,12.288,43.753,0,59.047,5.000,20.844,-47.297,8.102,-34.755,100.123,1,-46.500,1.000,-34.788,0,0,0,0,0,0,0,0,0,0,0,0,0,0,0,0,0,0,0,0,0,0,0,0
205.500,48.557,17.432,12.361,43.680,0,59.047,5.000,20.844,-47.295,8.096,-34.758,100.123,1,-46.500,1.000,-34.788,0,0,0,0,0,0,0,0,0,0,0,0,0,0,0,0,0,0,0,0,0,0,0,0
205.550,48.620,17.357,12.433,43.606,0,59.047,5.000,20.844,-47.294,8.091,-34.761,100.123,1,-46.500,1.000,-34.788,0,0,0,0,0,0,0,0,0,0,0,0,0,0,0,0,0,0,0,0,0,0,0,0
205.600,48.683,17.282,12.506,43.533,0,59.047,5.000,20.844,-47.292,8.085,-34.763,100.123,1,-46.500,1.000,-34.788,0,0,0,0,0,0,0,0,0,0,0,0,0,0,0,0,0,0,0,0,0,0,0,0
205.650,48.746,17.207,12.579,43.459,0,59.047,5.000,20.844,-47.290,8.079,-34.766,100.123,1,-46.500,1.000,-34.788,0,0,0,0,0,0,0,0,0,0,0,0,0,0,0,0,0,0,0,0,0,0,0,0
205.700,48.808,17.132,12.652,43.386,0,59.047,5.000,20.844,-47.288,8.073,-34.769,100.123,1,-46.500,1.000,-34.788,0,0,0,0,0,0,0,0,0,0,0,0,0,0,0,0,0,0,0,0,0,0,0,0
205.750,48.871,17.057,12.725,43.313,0,59.047,5.000,20.844,-47.286,8.067,-34.771,100.123,1,-46.500,1.000,-34.788,0,0,0,0,0,0,0,0,0,0,0,0,0,0,0,0,0,0,0,0,0,0,0,0
205.800,48.933,16.982,12.798,43.240,0,59.047,5.000,20.844,-47.285,8.060,-34.774,100.123,1,-46.500,1.000,-34.788,0,0,0,0,0,0,0,0,0,0,0,0,0,0,0,0,0,0,0,0,0,0,0,0
205.850,48.994,16.907,12.871,43.168,0,59.047,5.000,20.844,-47.283,8.054,-34.777,100.123,1,-46.500,1.000,-34.788,0,0,0,0,0,0,0,0,0,0,0,0,0,0,0,0,0,0,0,0,0,0,0,0
205.900,49.056,16.832,12.944,43.095,0,59.047,5.000,20.844,-47.282,8.047,-34.779,100.123,1,-46.500,1.000,-34.788,0,0,0,0,0,0,0,0,0,0,0,0,0,0,0,0,0,0,0,0,0,0,0,0
205.950,49.117,16.757,13.017,43.023,0,59.047,5.000,20.844,-47.280,8.041,-34.782,100.123,1,-46.500,1.000,-34.788,0,0,0,0,0,0,0,0,0,0,0,0,0,0,0,0,0,0,0,0,0,0,0,0
206.000,49.178,16.682,13.090,42.951,0,59.047,5.000,20.844,-47.279,8.034,-34.784,100.123,1,-46.500,1.000,-34.788,0,0,0,0,0,0,0,0,0,0,0,0,0,0,0,0,0,0,0,0,0,0,0,0
206.050,49.238,16.607,13.163,42.879,0,59.047,5.000,20.844,-47.277,8.027,-34.787,100.123,1,-46.500,1.000,-34.788,0,0,0,0,0,0,0,0,0,0,0,0,0,0,0,0,0,0,0,0,0,0,0,0
206.100,49.299,16.531,13.236,42.807,0,59.047,5.000,20.844,-47.276,8.021,-34.790,100.123,1,-46.500,1.000,-34.788,0,0,0,0,0,0,0,0,0,0,0,0,0,0,0,0,0,0,0,0,0,0,0,0
206.150,49.359,16.456,13.309,42.736,0,59.047,5.000,20.844,-47.275,8.014,-34.792,100.123,1,-46.500,1.000,-34.788,0,0,0,0,0,0,0,0,0,0,0,0,0,0,0,0,0,0,0,0,0,0,0,0
206.200,49.418,16.381,13.382,42.664,0,59.047,5.000,20.844,-47.274,8.007,-34.794,100.123,1,-46.500,1.000,-34.788,0,0,0,0,0,0,0,0,0,0,0,0,0,0,0,0,0,0,0,0,0,0,0,0
206.250,49.478,16.306,13.455,42.593,0,59.047,5.000,20.844,-47.273,8.000,-34.797,100.123,1,-46.500,1.000,-34.788,0,0,0,0,0,0,0,0,0,0,0,0,0,0,0,0,0,0,0,0,0,0,0,0
206.300,49.537,16.231,13.528,42.522,0,59.047,5.000,20.844,-47.272,7.993,-34.799,100.123,1,-46.500,1.000,-34.788,0,0,0,0,0,0,0,0,0,0,0,0,0,0,0,0,0,0,0,0,0,0,0,0
206.350,49.595,16.155,13.601,42.452,0,59.047,5.000,20.844,-47.271,7.986,-34.801,100.123,1,-46.500,1.000,-34.788,0,0,0,0,0,0,0,0,0,0,0,0,0,0,0,0,0,0,0,0,0,0,0,0
206.400,49.653,16.080,13.674,42.381,0,59.047,5.000,20.844,-47.270,7.979,-34.804,100.123,1,-46.500,1.000,-34.788,0,0,0,0,0,0,0,0,0,0,0,0,0,0,0,0,0,0,0,0,0,0,0,0
206.450,49.711,16.005,13.747,42.311,0,59.047,5.000,20.844,-47.269,7.972,-34.806,100.123,1,-46.500,1.000,-34.788,0,0,0,0,0,0,0,0,0,0,0,0,0,0,0,0,0,0,0,0,0,0,0,0
206.500,49.769,15.929,13.821,42.241,0,59.047,5.000,20.844,-47.268,7.965,-34.808,100.123,1,-46.500,1.000,-34.788,0,0,0,0,0,0,0,0,0,0,0,0,0,0,0,0,0,0,0,0,0,0,0,0
206.550,49.826,15.854,13.894,42.171,0,59.047,5.000,20.844,-47.268,7.958,-34.810,100.123,1,-46.500,1.000,-34.788,0,0,0,0,0,0,0,0,0,0,0,0,0,0,0,0,0,0,0,0,0,0,0,0
206.600,49.883,15.779,13.967,42.102,0,59.047,5.000,20.844,-47.267,7.951,-34.812,100.123,1,-46.500,1.000,-34.788,0,0,0,0,0,0,0,0,0,0,0,0,0,0,0,0,0,0,0,0,0,0,0,0
206.650,49.939,15.703,14.040,42.033,0,59.047,5.000,20.844,-47.267,7.944,-34.814,100.123,1,-46.500,1.000,-34.788,0,0,0,0,0,0,0,0,0,0,0,0,0,0,0,0,0,0,0,0,0,0,0,0
206.700,49.995,15.628,14.113,41.964,0,59.047,5.000,20.844,-47.266,7.937,-34.816,100.123,1,-46.500,1.000,-34.788,0,0,0,0,0,0,0,0,0,0,0,0,0,0,0,0,0,0,0,0,0,0,0,0
206.750,50.051,15.552,14.186,41.895,0,59.047,5.000,20.844,-47.266,7.930,-34.818,100.123,1,-46.500,1.000,-34.788,0,0,0,0,0,0,0,0,0,0,0,0,0,0,0,0,0,0,0,0,0,0,0,0
206.800,50.106,15.477,14.259,41.827,0,59.047,5.000,20.844,-47.266,7.923,-34.820,100.123,1,-46.500,1.000,-34.788,0,0,0,0,0,0,0,0,0,0,0,0,0,0,0,0,0,0,0,0,0,0,0,0
206.850,50.161,15.401,14.332,41.759,0,59.047,5.000,20.844,-47.266,7.916,-34.822,100.123,1,-46.500,1.000,-34.788,0,0,0,0,0,0,0,0,0,0,0,0,0,0,0,0,0,0,0,0,0,0,0,0
206.900,50.215,15.325,14.405,41.691,0,59.047,5.000,20.844,-47.266,7.909,-34.823,100.123,1,-46.500,1.000,-34.788,0,0,0,0,0,0,0,0,0,0,0,0,0,0,0,0,0,0,0,0,0,0,0,0
206.950,50.269,15.250,14.478,41.623,0,59.047,5.000,20.844,-47.266,7.903,-34.825,100.123,1,-46.500,1.000,-34.788,0,0,0,0,0,0,0,0,0,0,0,0,0,0,0,0,0,0,0,0,0,0,0,0
207.000,50.322,15.174,14.551,41.556,0,59.047,5.000,20.844,-47.266,7.896,-34.827,100.123,1,-46.500,1.000,-34.788,0,0,0,0,0,0,0,0,0,0,0,0,0,0,0,0,0,0,0,0,0,0,0,0
207.050,50.375,15.098,14.624,41.489,0,59.047,5.000,20.844,-47.266,7.889,-34.828,100.123,1,-46.500,1.000,-34.788,0,0,0,0,0,0,0,0,0,0,0,0,0,0,0,0,0,0,0,0,0,0,0,0
207.100,50.428,15.023,14.697,41.422,0,59.047,5.000,20.844,-47.267,7.883,-34.830,100.123,1,-46.500,1.000,-34.788,0,0,0,0,0,0,0,0,0,0,0,0,0,0,0,0,0,0,0,0,0,0,0,0
207.150,50.480,14.947,14.770,41.355,0,59.047,5.000,20.844,-47.267,7.876,-34.831,100.123,1,-46.500,1.000,-34.788,0,0,0,0,0,0,0,0,0,0,0,0,0,0,0,0,0,0,0,0,0,0,0,0
207.200,50.532,14.871,14.843,41.289,0,59.047,5.000,20.844,-47.267,7.869,-34.832,100.123,1,-46.500,1.000,-34.788,0,0,0,0,0,0,0,0,0,0,0,0,0,0,0,0,0,0,0,0,0,0,0,0
207.250,50.583,14.795,14.915,41.222,0,59.047,5.000,20.844,-47.268,7.863,-34.834,100.123,1,-46.500,1.000,-34.788,0,0,0,0,0,0,0,0,0,0,0,0,0,0,0,0,0,0,0,0,0,0,0,0
207.300,50.633,14.719,14.988,41.156,0,59.047,5.000,20.844,-47.268,7.857,-34.835,100.123,1,-46.500,1.000,-34.788,0,0,0,0,0,0,0,0,0,0,0,0,0,0,0,0,0,0,0,0,0,0,0,0
207.350,50.684,14.643,15.061,41.090,0,59.047,5.000,20.844,-47.269,7.851,-34.836,100.123,1,-46.500,1.000,-34.788,0,0,0,0,0,0,0,0,0,0,0,0,0,0,0,0,0,0,0,0,0,0,0,0
207.400,50.733,14.566,15.133,41.025,0,59.047,5.000,20.844,-47.270,7.845,-34.837,100.123,1,-46.500,1.000,-34.788,0,0,0,0,0,0,0,0,0,0,0,0,0,0,0,0,0,0,0,0,0,0,0,0
207.450,50.783,14.490,15.206,40.959,0,59.047,5.000,20.844,-47.271,7.839,-34.838,100.123,1,-46.500,1.000,-34.788,0,0,0,0,0,0,0,0,0,0,0,0,0,0,0,0,0,0,0,0,0,0,0,0
207.500,50.832,14.414,15.278,40.894,0,59.047,5.000,20.844,-47.271,7.833,-34.839,100.123,1,-46.500,1.000,-34.788,0,0,0,0,0,0,0,0,0,0,0,0,0,0,0,0,0,0,0,0,0,0,0,0
207.550,50.880,14.337,15.350,40.828,0,59.047,5.000,20.844,-47.272,7.827,-34.839,100.123,1,-46.500,1.000,-34.788,0,0,0,0,0,0,0,0,0,0,0,0,0,0,0,0,0,0,0,0,0,0,0,0
207.600,50.928,14.261,15.423,40.763,0,59.047,5.000,20.844,-47.273,7.821,-34.840,100.123,1,-46.500,1.000,-34.788,0,0,0,0,0,0,0,0,0,0,0,0,0,0,0,0,0,0,0,0,0,0,0,0
207.650,50.976,14.184,15.495,40.698,0,59.047,5.000,20.844,-47.274,7.816,-34.841,100.123,1,-46.500,1.000,-34.788,0,0,0,0,0,0,0,0,0,0,0,0,0,0,0,0,0,0,0,0,0,0,0,0
207.700,51.023,14.108,15.567,40.634,0,59.047,5.000,20.844,-47.275,7.811,-34.841,100.123,1,-46.500,1.000,-34.788,0,0,0,0,0,0,0,0,0,0,0,0,0,0,0,0,0,0,0,0,0,0,0,0
207.750,51.070,14.031,15.639,40.569,0,59.047,5.000,20.844,-47.277,7.805,-34.842,100.123,1,-46.500,1.000,-34.788,0,0,0,0,0,0,0,0,0,0,0,0,0,0,0,0,0,0,0,0,0,0,0,0
207.800,51.116,13.955,15.711,40.505,0,59.047,5.000,20.844,-47.278,7.800,-34.842,100.123,1,-46.500,1.000,-34.788,0,0,0,0,0,0,0,0,0,0,0,0,0,0,0,0,0,0,0,0,0,0,0,0
207.850,51.162,13.878,15.783,40.441,0,59.047,5.000,20.844,-47.279,7.796,-34.843,100.123,1,-46.500,1.000,-34.788,0,0,0,0,0,0,0,0,0,0,0,0,0,0,0,0,0,0,0,0,0,0,0,0
207.900,51.207,13.801,15.855,40.377,0,59.047,5.000,20.844,-47.280,7.791,-34.843,100.123,1,-46.500,1.000,-34.788,0,0,0,0,0,0,0,0,0,0,0,0,0,0,0,0,0,0,0,0,0,0,0,0
207.950,51.252,13.724,15.927,40.313,0,59.047,5.000,20.844,-47.281,7.786,-34.843,100.123,1,-46.500,1.000,-34.788,0,0,0,0,0,0,0,0,0,0,0,0,0,0,0,0,0,0,0,0,0,0,0,0
208.000,51.297,13.647,15.999,40.249,0,59.047,5.000,20.844,-47.283,7.782,-34.843,100.123,1,-46.500,1.000,-34.788,0,0,0,0,0,0,0,0,0,0,0,0,0,0,0,0,0,0,0,0,0,0,0,0
208.050,51.341,13.570,16.071,40.185,0,59.047,5.000,20.844,-47.284,7.778,-34.843,100.123,1,-46.500,1.000,-34.788,0,0,0,0,0,0,0,0,0,0,0,0,0,0,0,0,0,0,0,0,0,0,0,0
208.100,51.385,13.494,16.143,40.122,0,59.047,5.000,20.844,-47.285,7.774,-34.843,100.123,1,-46.500,1.000,-34.788,0,0,0,0,0,0,0,0,0,0,0,0,0,0,0,0,0,0,0,0,0,0,0,0
208.150,51.428,13.417,16.215,40.059,0,59.047,5.000,20.844,-47.287,7.770,-34.843,100.123,1,-46.500,1.000,-34.788,0,0,0,0,0,0,0,0,0,0,0,0,0,0,0,0,0,0,0,0,0,0,0,0
208.200,51.471,13.339,16.287,39.996,0,59.047,5.000,20.844,-47.288,7.766,-34.843,100.123,1,-46.500,1.000,-34.788,0,0,0,0,0,0,0,0,0,0,0,0,0,0,0,0,0,0,0,0,0,0,0,0
208.250,51.513,13.262,16.358,39.933,0,59.047,5.000,20.844,-47.290,7.763,-34.843,100.123,1,-46.500,1.000,-34.788,0,0,0,0,0,0,0,0,0,0,0,0,0,0,0,0,0,0,0,0,0,0,0,0
208.300,51.555,13.185,16.430,39.871,0,59.047,5.000,20.844,-47.291,7.760,-34.842,100.123,1,-46.500,1.000,-34.788,0,0,0,0,0,0,0,0,0,0,0,0,0,0,0,0,0,0,0,0,0,0,0,0
208.350,51.597,13.108,16.502,39.808,0,59.047,5.000,20.844,-47.293,7.757,-34.842,100.123,1,-46.500,1.000,-34.788,0,0,0,0,0,0,0,0,0,0,0,0,0,0,0,0,0,0,0,0,0,0,0,0
208.400,51.638,13.031,16.574,39.746,0,59.047,5.000,20.844,-47.294,7.754,-34.841,100.123,1,-46.500,1.000,-34.788,0,0,0,0,0,0,0,0,0,0,0,0,0,0,0,0,0,0,0,0,0,0,0,0
208.450,51.678,12.954,16.645,39.684,0,59.047,5.000,20.844,-47.295,7.751,-34.841,100.123,1,-46.500,1.000,-34.788,0,0,0,0,0,0,0,0,0,0,0,0,0,0,0,0,0,0,0,0,0,0,0,0
208.500,51.718,12.877,16.717,39.623,0,59.047,5.000,20.844,-47.297,7.749,-34.840,100.123,1,-46.500,1.000,-34.788,0,0,0,0,0,0,0,0,0,0,0,0,0,0,0,0,0,0,0,0,0,0,0,0
208.550,51.758,12.800,16.788,39.561,0,59.047,5.000,20.844,-47.298,7.746,-34.840,100.123,1,-46.500,1.000,-34.788,0,0,0,0,0,0,0,0,0,0,0,0,0,0,0,0,0,0,0,0,0,0,0,0
208.600,51.798,12.722,16.860,39.500,0,59.047,5.000,20.844,-47.300,7.744,-34.839,100.123,1,-46.500,1.000,-34.788,0,0,0,0,0,0,0,0,0,0,0,0,0,0,0,0,0,0,0,0,0,0,0,0
208.650,51.837,12.645,16.931,39.439,0,59.047,5.000,20.844,-47.301,7.743,-34.838,100.123,1,-46.500,1.000,-34.788,0,0,0,0,0,0,0,0,0,0,0,0,0,0,0,0,0,0,0,0,0,0,0,0
208.700,51.875,12.568,17.003,39.378,0,59.047,5.000,20.844,-47.303,7.741,-34.838,100.123,1,-46.500,1.000,-34.788,0,0,0,0,0,0,0,0,0,0,0,0,0,0,0,0,0,0,0,0,0,0,0,0
208.750,51.913,12.491,17.074,39.317,0,59.047,5.000,20.844,-47.304,7.740,-34.837,100.123,1,-46.500,1.000,-34.788,0,0,0,0,0,0,0,0,0,0,0,0,0,0,0,0,0,0,0,0,0,0,0,0
208.800,51.951,12.413,17.145,39.256,0,59.047,5.000,20.844,-47.305,7.738,-34.836,100.123,1,-46.500,1.000,-34.788,0,0,0,0,0,0,0,0,0,0,0,0,0,0,0,0,0,0,0,0,0,0,0,0
208.850,51.988,12.336,17.216,39.196,0,59.047,5.000,20.844,-47.307,7.737,-34.835,100.123,1,-46.500,1.000,-34.788,0,0,0,0,0,0,0,0,0,0,0,0,0,0,0,0,0,0,0,0,0,0,0,0
208.900,52.024,12.259,17.288,39.136,0,59.047,5.000,20.844,-47.308,7.737,-34.834,100.123,1,-46.500,1.000,-34.788,0,0,0,0,0,0,0,0,0,0,0,0,0,0,0,0,0,0,0,0,0,0,0,0
208.950,52.061,12.182,17.359,39.075,0,59.047,5.000,20.844,-47.309,7.736,-34.833,100.123,1,-46.500,1.000,-34.788,0,0,0,0,0,0,0,0,0,0,0,0,0,0,0,0,0,0,0,0,0,0,0,0
209.000,52.096,12.104,17.430,39.015,0,59.047,5.000,20.844,-47.311,7.736,-34.832,100.123,1,-46.500,1.000,-34.788,0,0,0,0,0,0,0,0,0,0,0,0,0,0,0,0,0,0,0,0,0,0,0,0
209.050,52.132,12.027,17.501,38.955,0,59.047,5.000,20.844,-47.312,7.736,-34.831,100.123,1,-46.500,1.000,-34.788,0,0,0,0,0,0,0,0,0,0,0,0,0,0,0,0,0,0,0,0,0,0,0,0
209.100,52.167,11.950,17.572,38.895,0,59.047,5.000,20.844,-47.313,7.736,-34.829,100.123,1,-46.500,1.000,-34.788,0,0,0,0,0,0,0,0,0,0,0,0,0,0,0,0,0,0,0,0,0,0,0,0
209.150,52.201,11.872,17.643,38.835,0,59.047,5.000,20.844,-47.314,7.736,-34.828,100.123,1,-46.500,1.000,-34.788,0,0,0,0,0,0,0,0,0,0,0,0,0,0,0,0,0,0,0,0,0,0,0,0
209.200,52.236,11.795,17.714,38.775,0,59.047,5.000,20.844,-47.315,7.737,-34.827,100.123,1,-46.500,1.000,-34.788,0,0,0,0,0,0,0,0,0,0,0,0,0,0,0,0,0,0,0,0,0,0,0,0
209.250,52.269,11.718,17.785,38.715,0,59.047,5.000,20.844,-47.317,7.737,-34.825,100.123,1,-46.500,1.000,-34.788,0,0,0,0,0,0,0,0,0,0,0,0,0,0,0,0,0,0,0,0,0,0,0,0
209.300,52.303,11.640,17.856,38.656,0,59.047,5.000,20.844,-47.318,7.738,-34.824,100.123,1,-46.500,1.000,-34.788,0,0,0,0,0,0,0,0,0,0,0,0,0,0,0,0,0,0,0,0,0,0,0,0
209.350,52.336,11.563,17.927,38.596,0,59.047,5.000,20.844,-47.319,7.740,-34.823,100.123,1,-46.500,1.000,-34.788,0,0,0,0,0,0,0,0,0,0,0,0,0,0,0,0,0,0,0,0,0,0,0,0
209.400,52.369,11.486,17.998,38.536,0,59.047,5.000,20.844,-47.319,7.741,-34.821,100.123,1,-46.500,1.000,-34.788,0,0,0,0,0,0,0,0,0,0,0,0,0,0,0,0,0,0,0,0,0,0,0,0
209.450,52.401,11.408,18.069,38.477,0,59.047,5.000,20.844,-47.320,7.743,-34.820,100.123,1,-46.500,1.000,-34.788,0,0,0,0,0,0,0,0,0,0,0,0,0,0,0,0,0,0,0,0,0,0,0,0
209.500,52.433,11.331,18.140,38.417,0,59.047,5.000,20.844,-47.321,7.745,-34.818,100.123,1,-46.500,1.000,-34.788,0,0,0,0,0,0,0,0,0,0,0,0,0,0,0,0,0,0,0,0,0,0,0,0
209.550,52.465,11.254,18.211,38.357,0,59.047,5.000,20.844,-47.322,7.747,-34.817,100.123,1,-46.500,1.000,-34.788,0,0,0,0,0,0,0,0,0,0,0,0,0,0,0,0,0,0,0,0,0,0,0,0
209.600,52.497,11.176,18.282,38.298,0,59.047,5.000,20.844,-47.323,7.749,-34.815,100.123,1,-46.500,1.000,-34.788,0,0,0,0,0,0,0,0,0,0,0,0,0,0,0,0,0,0,0,0,0,0,0,0
209.650,52.528,11.099,18.353,38.239,0,59.047,5.000,20.844,-47.323,7.752,-34.814,100.123,1,-46.500,1.000,-34.788,0,0,0,0,0,0,0,0,0,0,0,0,0,0,0,0,0,0,0,0,0,0,0,0
209.700,52.559,11.021,18.424,38.179,0,59.047,5.000,20.844,-47.324,7.754,-34.812,100.123,1,-46.500,1.000,-34.788,0,0,0,0,0,0,0,0,0,0,0,0,0,0,0,0,0,0,0,0,0,0,0,0
209.750,52.590,10.944,18.495,38.120,0,59.047,5.000,20.844,-47.325,7.757,-34.811,100.123,1,-46.500,1.000,-34.788,0,0,0,0,0,0,0,0,0,0,0,0,0,0,0,0,0,0,0,0,0,0,0,0
209.800,52.621,10.867,18.566,38.061,0,59.047,5.000,20.844,-47.325,7.760,-34.809,100.123,1,-46.500,1.000,-34.788,0,0,0,0,0,0,0,0,0,0,0,0,0,0,0,0,0,0,0,0,0,0,0,0
209.850,52.652,10.789,18.637,38.002,0,59.047,5.000,20.844,-47.325,7.764,-34.808,100.123,1,-46.500,1.000,-34.788,0,0,0,0,0,0,0,0,0,0,0,0,0,0,0,0,0,0,0,0,0,0,0,0
209.900,52.682,10.712,18.707,37.943,0,59.047,5.000,20.844,-47.326,7.767,-34.806,100.123,1,-46.500,1.000,-34.788,0,0,0,0,0,0,0,0,0,0,0,0,0,0,0,0,0,0,0,0,0,0,0,0
209.950,52.712,10.635,18.778,37.885,0,59.047,5.000,20.844,-47.326,7.771,-34.804,100.123,1,-46.500,1.000,-34.788,0,0,0,0,0,0,0,0,0,0,0,0,0,0,0,0,0,0,0,0,0,0,0,0
210.000,52.742,10.557,18.849,37.826,0,59.047,5.000,20.844,-47.326,7.775,-34.803,100.123,1,-46.500,1.000,-34.788,0,0,0,0,0,0,0,0,0,0,0,0,0,0,0,0,0,0,0,0,0,0,0,0
210.050,52.772,10.480,18.919,37.768,0,59.047,5.000,20.844,-47.326,7.779,-34.801,100.123,1,-46.500,1.000,-34.788,0,0,0,0,0,0,0,0,0,0,0,0,0,0,0,0,0,0,0,0,0,0,0,0
210.100,52.801,10.403,18.990,37.710,0,59.047,5.000,20.844,-47.327,7.783,-34.800,100.123,1,-46.500,1.000,-34.788,0,0,0,0,0,0,0,0,0,0,0,0,0,0,0,0,0,0,0,0,0,0,0,0
210.150,52.831,10.326,19.061,37.652,0,59.047,5.000,20.844,-47.327,7.787,-34.798,100.123,1,-46.500,1.000,-34.788,0,0,0,0,0,0,0,0,0,0,0,0,0,0,0,0,0,0,0,0,0,0,0,0
210.200,52.860,10.248,19.131,37.595,0,59.047,5.000,20.844,-47.327,7.792,-34.796,100.123,1,-46.500,1.000,-34.788,0,0,0,0,0,0,0,0,0,0,0,0,0,0,0,0,0,0,0,0,0,0,0,0
210.250,52.889,10.171,19.202,37.537,0,59.047,5.000,20.844,-47.326,7.797,-34.795,100.123,1,-46.500,1.000,-34.788,0,0,0,0,0,0,0,0,0,0,0,0,0,0,0,0,0,0,0,0,0,0,0,0
210.300,52.918,10.094,19.272,37.480,0,59.047,5.000,20.844,-47.326,7.802,-34.793,100.123,1,-46.500,1.000,-34.788,0,0,0,0,0,0,0,0,0,0,0,0,0,0,0,0,0,0,0,0,0,0,0,0
210.350,52.947,10.017,19.342,37.422,0,59.047,5.000,20.844,-47.326,7.807,-34.792,100.123,1,-46.500,1.000,-34.788,0,0,0,0,0,0,0,0,0,0,0,0,0,0,0,0,0,0,0,0,0,0,0,0
210.400,52.976,9.940,19.412,37.365,0,59.047,5.000,20.844,-47.326,7.812,-34.790,100.123,1,-46.500,1.000,-34.788,0,0,0,0,0,0,0,0,0,0,0,0,0,0,0,0,0,0,0,0,0,0,0,0
210.450,53.005,9.864,19.483,37.308,0,59.047,5.000,20.844,-47.326,7.818,-34.788,100.123,1,-46.500,1.000,-34.788,0,0,0,0,0,0,0,0,0,0,0,0,0,0,0,0,0,0,0,0,0,0,0,0
210.500,53.034,9.787,19.553,37.252,0,59.047,5.000,20.844,-47.325,7.823,-34.787,100.123,1,-46.500,1.000,-34.788,0,0,0,0,0,0,0,0,0,0,0,0,0,0,0,0,0,0,0,0,0,0,0,0
210.550,53.063,9.710,19.622,37.195,0,59.047,5.000,20.844,-47.325,7.829,-34.785,100.123,1,-46.500,1.000,-34.788,0,0,0,0,0,0,0,0,0,0,0,0,0,0,0,0,0,0,0,0,0,0,0,0
210.600,53.092,9.634,19.692,37.139,0,59.047,5.000,20.844,-47.324,7.835,-34.784,100.123,1,-46.500,1.000,-34.788,0,0,0,0,0,0,0,0,0,0,0,0,0,0,0,0,0,0,0,0,0,0,0,0
210.650,53.120,9.557,19.762,37.084,0,59.047,5.000,20.844,-47.324,7.841,-34.782,100.123,1,-46.500,1.000,-34.788,0,0,0,0,0,0,0,0,0,0,0,0,0,0,0,0,0,0,0,0,0,0,0,0
210.700,53.149,9.481,19.831,37.028,0,59.047,5.000,20.844,-47.323,7.847,-34.781,100.123,1,-46.500,1.000,-34.788,0,0,0,0,0,0,0,0,0,0,0,0,0,0,0,0,0,0,0,0,0,0,0,0
210.750,53.179,9.405,19.901,36.973,0,59.047,5.000,20.844,-47.322,7.853,-34.779,100.123,1,-46.500,1.000,-34.788,0,0,0,0,0,0,0,0,0,0,0,0,0,0,0,0,0,0,0,0,0,0,0,0
210.800,53.208,9.329,19.970,36.918,0,59.047,5.000,20.844,-47.322,7.859,-34.778,100.123,1,-46.500,1.000,-34.788,0,0,0,0,0,0,0,0,0,0,0,0,0,0,0,0,0,0,0,0,0,0,0,0
210.850,53.237,9.253,20.039,36.864,0,59.047,5.000,20.844,-47.321,7.865,-34.777,100.123,1,-46.500,1.000,-34.788,0,0,0,0,0,0,0,0,0,0,0,0,0,0,0,0,0,0,0,0,0,0,0,0
210.900,53.267,9.177,20.108,36.810,0,59.047,5.000,20.844,-47.320,7.872,-34.775,100.123,1,-46.500,1.000,-34.788,0,0,0,0,0,0,0,0,0,0,0,0,0,0,0,0,0,0,0,0,0,0,0,0
210.950,53.297,9.102,20.176,36.757,0,59.047,5.000,20.844,-47.319,7.879,-34.774,100.123,1,-46.500,1.000,-34.788,0,0,0,0,0,0,0,0,0,0,0,0,0,0,0,0,0,0,0,0,0,0,0,0
211.000,53.327,9.027,20.245,36.704,0,59.047,5.000,20.844,-47.318,7.885,-34.772,100.123,1,-46.500,1.000,-34.788,0,0,0,0,0,0,0,0,0,0,0,0,0,0,0,0,0,0,0,0,0,0,0,0
211.050,53.358,8.952,20.313,36.652,0,59.047,5.000,20.844,-47.318,7.892,-34.771,100.123,1,-46.500,1.000,-34.788,0,0,0,0,0,0,0,0,0,0,0,0,0,0,0,0,0,0,0,0,0,0,0,0
211.100,53.388,8.877,20.380,36.600,0,59.047,5.000,20.844,-47.317,7.899,-34.770,100.123,1,-46.500,1.000,-34.788,0,0,0,0,0,0,0,0,0,0,0,0,0,0,0,0,0,0,0,0,0,0,0,0
211.150,53.420,8.803,20.448,36.549,0,59.047,5.000,20.844,-47.316,7.905,-34.769,100.123,1,-46.500,1.000,-34.788,0,0,0,0,0,0,0,0,0,0,0,0,0,0,0,0,0,0,0,0,0,0,0,0
211.200,53.451,8.729,20.515,36.499,0,59.047,5.000,20.844,-47.315,7.912,-34.767,100.123,1,-46.500,1.000,-34.788,0,0,0,0,0,0,0,0,0,0,0,0,0,0,0,0,0,0,0,0,0,0,0,0
211.250,53.483,8.656,20.582,36.450,0,59.047,5.000,20.844,-47.314,7.919,-34.766,100.123,1,-46.500,1.000,-34.788,0,0,0,0,0,0,0,0,0,0,0,0,0,0,0,0,0,0,0,0,0,0,0,0
211.300,53.516,8.583,20.648,36.401,0,59.047,5.000,20.844,-47.312,7.926,-34.765,100.123,1,-46.500,1.000,-34.788,0,0,0,0,0,0,0,0,0,0,0,0,0,0,0,0,0,0,0,0,0,0,0,0
211.350,53.549,8.510,20.714,36.354,0,59.047,5.000,20.844,-47.311,7.933,-34.764,100.123,1,-46.500,1.000,-34.788,0,0,0,0,0,0,0,0,0,0,0,0,0,0,0,0,0,0,0,0,0,0,0,0
211.400,53.583,8.438,20.779,36.307,0,59.047,5.000,20.844,-47.310,7.940,-34.763,100.123,1,-46.500,1.000,-34.788,0,0,0,0,0,0,0,0,0,0,0,0,0,0,0,0,0,0,0,0,0,0,0,0
211.450,53.617,8.367,20.844,36.263,0,59.047,5.000,20.844,-47.309,7.947,-34.762,100.123,1,-46.500,1.000,-34.788,0,0,0,0,0,0,0,0,0,0,0,0,0,0,0,0,0,0,0,0,0,0,0,0
211.500,53.652,8.296,20.908,36.219,0,59.047,5.000,20.844,-47.308,7.954,-34.761,100.123,1,-46.500,1.000,-34.788,0,0,0,0,0,0,0,0,0,0,0,0,0,0,0,0,0,0,0,0,0,0,0,0
211.550,53.688,8.227,20.972,36.177,0,59.047,5.000,20.844,-47.307,7.961,-34.760,100.123,1,-46.500,1.000,-34.788,0,0,0,0,0,0,0,0,0,0,0,0,0,0,0,0,0,0,0,0,0,0,0,0
211.600,53.724,8.158,21.035,36.136,0,59.047,5.000,20.844,-47.306,7.968,-34.759,100.123,1,-46.500,1.000,-34.788,0,0,0,0,0,0,0,0,0,0,0,0,0,0,0,0,0,0,0,0,0,0,0,0
211.650,53.761,8.090,21.097,36.096,0,59.047,5.000,20.844,-47.305,7.975,-34.758,100.123,1,-46.500,1.000,-34.788,0,0,0,0,0,0,0,0,0,0,0,0,0,0,0,0,0,0,0,0,0,0,0,0
211.700,53.799,8.024,21.158,36.058,0,59.047,5.000,20.844,-47.304,7.982,-34.757,100.123,1,-46.500,1.000,-34.788,0,0,0,0,0,0,0,0,0,0,0,0,0,0,0,0,0,0,0,0,0,0,0,0
211.750,53.838,7.958,21.218,36.021,0,59.047,5.000,20.844,-47.302,7.989,-34.756,100.123,1,-46.500,1.000,-34.788,0,0,0,0,0,0,0,0,0,0,0,0,0,0,0,0,0,0,0,0,0,0,0,0
211.800,53.878,7.894,21.277,35.984,0,59.047,5.000,20.844,-47.301,7.996,-34.755,100.123,1,-46.500,1.000,-34.788,0,0,0,0,0,0,0,0,0,0,0,0,0,0,0,0,0,0,0,0,0,0,0,0
211.850,53.919,7.832,21.335,35.949,0,59.047,5.000,20.844,-47.300,8.003,-34.754,100.123,1,-46.500,1.000,-34.788,0,0,0,0,0,0,0,0,0,0,0,0,0,0,0,0,0,0,0,0,0,0,0,0
211.900,53.960,7.771,21.391,35.914,0,59.047,5.000,20.844,-47.299,8.010,-34.754,100.123,1,-46.500,1.000,-34.788,0,0,0,0,0,0,0,0,0,0,0,0,0,0,0,0,0,0,0,0,0,0,0,0
211.950,54.003,7.711,21.446,35.879,0,59.047,5.000,20.844,-47.298,8.017,-34.753,100.123,1,-46.500,1.000,-34.788,0,0,0,0,0,0,0,0,0,0,0,0,0,0,0,0,0,0,0,0,0,0,0,0
212.000,54.047,7.654,21.500,35.843,0,59.047,5.000,20.844,-47.297,8.024,-34.752,100.123,1,-46.500,1.000,-34.788,0,0,0,0,0,0,0,0,0,0,0,0,0,0,0,0,0,0,0,0,0,0,0,0
212.050,54.091,7.598,21.552,35.807,0,59.047,5.000,20.844,-47.296,8.030,-34.752,100.123,1,-46.500,1.000,-34.788,0,0,0,0,0,0,0,0,0,0,0,0,0,0,0,0,0,0,0,0,0,0,0,0
212.100,54.137,7.544,21.603,35.771,0,59.047,5.000,20.844,-47.295,8.037,-34.751,100.123,1,-46.500,1.000,-34.788,0,0,0,0,0,0,0,0,0,0,0,0,0,0,0,0,0,0,0,0,0,0,0,0
212.150,54.184,7.492,21.652,35.734,0,59.047,5.000,20.844,-47.294,8.044,-34.750,100.123,1,-46.500,1.000,-34.788,0,0,0,0,0,0,0,0,0,0,0,0,0,0,0,0,0,0,0,0,0,0,0,0
212.200,54.231,7.443,21.699,35.695,0,59.047,5.000,20.844,-47.292,8.050,-34.750,100.123,1,-46.500,1.000,-34.788,0,0,0,0,0,0,0,0,0,0,0,0,0,0,0,0,0,0,0,0,0,0,0,0
212.250,54.280,7.396,21.744,35.656,0,59.047,5.000,20.844,-47.291,8.057,-34.749,100.123,1,-46.500,1.000,-34.788,0,0,0,0,0,0,0,0,0,0,0,0,0,0,0,0,0,0,0,0,0,0,0,0
212.300,54.330,7.351,21.788,35.615,0,59.047,5.000,20.844,-47.290,8.063,-34.748,100.123,1,-46.500,1.000,-34.788,0,0,0,0,0,0,0,0,0,0,0,0,0,0,0,0,0,0,0,0,0,0,0,0
212.350,54.381,7.308,21.829,35.573,0,59.047,5.000,20.844,-47.289,8.069,-34.748,100.123,1,-46.500,1.000,-34.788,0,0,0,0,0,0,0,0,0,0,0,0,0,0,0,0,0,0,0,0,0,0,0,0
212.400,54.432,7.267,21.869,35.530,0,59.047,5.000,20.844,-47.289,8.075,-34.747,100.123,1,-46.500,1.000,-34.788,0,0,0,0,0,0,0,0,0,0,0,0,0,0,0,0,0,0,0,0,0,0,0,0
212.450,54.485,7.229,21.906,35.486,0,59.047,5.000,20.844,-47.288,8.081,-34.747,100.123,1,-46.500,1.000,-34.788,0,0,0,0,0,0,0,0,0,0,0,0,0,0,0,0,0,0,0,0,0,0,0,0
212.500,54.539,7.193,21.941,35.440,0,59.047,5.000,20.844,-47.287,8.087,-34.746,100.123,1,-46.500,1.000,-34.788,0,0,0,0,0,0,0,0,0,0,0,0,0,0,0,0,0,0,0,0,0,0,0,0
212.550,54.593,7.160,21.974,35.393,0,59.047,5.000,20.844,-47.286,8.093,-34.746,100.123,1,-46.500,1.000,-34.788,0,0,0,0,0,0,0,0,0,0,0,0,0,0,0,0,0,0,0,0,0,0,0,0
212.600,54.649,7.129,22.005,35.345,0,59.047,5.000,20.844,-47.285,8.099,-34.745,100.123,1,-46.500,1.000,-34.788,0,0,0,0,0,0,0,0,0,0,0,0,0,0,0,0,0,0,0,0,0,0,0,0
212.650,54.705,7.100,22.034,35.296,0,59.047,5.000,20.844,-47.284,8.105,-34.745,100.123,1,-46.500,1.000,-34.788,0,0,0,0,0,0,0,0,0,0,0,0,0,0,0,0,0,0,0,0,0,0,0,0
212.700,54.762,7.074,22.060,35.215,1,22.342,1.000,-14.733,-47.284,8.110,-34.744,100.123,1,-46.500,1.000,-34.788,0,0,0,0,0,0,0,0,0,0,0,0,0,0,0,0,0,0,0,0,0,0,0,0
212.750,54.815,7.051,22.083,35.134,1,22.342,1.000,-14.733,-47.283,8.115,-34.744,100.123,1,-46.500,1.000,-34.788,0,0,0,0,0,0,0,0,0,0,0,0,0,0,0,0,0,0,0,0,0,0,0,0
212.800,54.864,7.032,22.102,35.054,1,22.342,1.000,-14.733,-47.282,8.121,-34.743,100.123,1,-46.500,1.000,-34.788,0,0,0,0,0,0,0,0,0,0,0,0,0,0,0,0,0,0,0,0,0,0,0,0
212.850,54.908,7.017,22.118,34.973,1,22.342,1.000,-14.733,-47.282,8.126,-34.743,100.123,1,-46.500,1.000,-34.788,0,0,0,0,0,0,0,0,0,0,0,0,0,0,0,0,0,0,0,0,0,0,0,0
212.900,54.949,7.005,22.130,34.892,1,22.342,1.000,-14.733,-47.281,8.131,-34.743,100.123,1,-46.500,1.000,-34.788,0,0,0,0,0,0,0,0,0,0,0,0,0,0,0,0,0,0,0,0,0,0,0,0
212.950,54.986,6.996,22.140,34.811,1,22.342,1.000,-14.733,-47.281,8.135,-34.742,100.123,1,-46.500,1.000,-34.788,0,0,0,0,0,0,0,0,0,0,0,0,0,0,0,0,0,0,0,0,0,0,0,0
213.000,55.019,6.990,22.146,34.730,1,22.342,1.000,-14.733,-47.280,8.140,-34.742,100.123,1,-46.500,1.000,-34.788,0,0,0,0,0,0,0,0,0,0,0,0,0,0,0,0,0,0,0,0,0,0,0,0
213.050,55.048,6.988,22.150,34.649,1,22.342,1.000,-14.733,-47.280,8.145,-34.742,100.123,1,-46.500,1.000,-34.788,0,0,0,0,0,0,0,0,0,0,0,0,0,0,0,0,0,0,0,0,0,0,0,0
213.100,55.075,6.988,22.150,34.569,1,22.342,1.000,-14.733,-47.280,8.149,-34.741,100.123,1,-46.500,1.000,-34.788,0,0,0,0,0,0,0,0,0,0,0,0,0,0,0,0,0,0,0,0,0,0,0,0
213.150,55.097,6.992,22.147,34.488,1,22.342,1.000,-14.733,-47.279,8.153,-34.741,100.123,1,-46.500,1.000,-34.788,0,0,0,0,0,0,0,0,0,0,0,0,0,0,0,0,0,0,0,0,0,0,0,0
213.200,55.117,6.999,22.141,34.407,1,22.342,1.000,-14.733,-47.279,8.157,-34.740,100.123,1,-46.500,1.000,-34.788,0,0,0,0,0,0,0,0,0,0,0,0,0,0,0,0,0,0,0,0,0,0,0,0
213.250,55.133,7.009,22.133,34.326,1,22.342,1.000,-14.733,-47.279,8.161,-34.740,100.123,1,-46.500,1.000,-34.788,0,0,0,0,0,0,0,0,0,0,0,0,0,0,0,0,0,0,0,0,0,0,0,0
213.300,55.146,7.022,22.121,34.245,1,22.342,1.000,-14.733,-47.279,8.164,-34.740,100.123,1,-46.500,1.000,-34.788,0,0,0,0,0,0,0,0,0,0,0,0,0,0,0,0,0,0,0,0,0,0,0,0
213.350,55.155,7.038,22.107,34.164,1,22.342,1.000,-14.733,-47.279,8.168,-34.739,100.123,1,-46.500,1.000,-34.788,0,0,0,0,0,0,0,0,0,0,0,0,0,0,0,0,0,0,0,0,0,0,0,0
213.400,55.162,7.057,22.090,34.083,1,22.342,1.000,-14.733,-47.279,8.171,-34.739,100.123,1,-46.500,1.000,-34.788,0,0,0,0,0,0,0,0,0,0,0,0,0,0,0,0,0,0,0,0,0,0,0,0
213.450,55.165,7.079,22.069,34.003,1,22.342,1.000,-14.733,-47.279,8.174,-34.739,100.123,1,-46.500,1.000,-34.788,0,0,0,0,0,0,0,0,0,0,0,0,0,0,0,0,0,0,0,0,0,0,0,0
213.500,55.165,7.104,22.046,33.922,1,22.342,1.000,-14.733,-47.279,8.177,-34.739,100.123,1,-46.500,1.000,-34.788,0,0,0,0,0,0,0,0,0,0,0,0,0,0,0,0,0,0,0,0,0,0,0,0
213.550,55.161,7.132,22.021,33.841,1,22.342,1.000,-14.733,-47.279,8.180,-34.738,100.123,1,-46.500,1.000,-34.788,0,0,0,0,0,0,0,0,0,0,0,0,0,0,0,0,0,0,0,0,0,0,0,0
213.600,55.155,7.162,21.993,33.761,1,22.342,1.000,-14.733,-47.279,8.182,-34.738,100.123,1,-46.500,1.000,-34.788,0,0,0,0,0,0,0,0,0,0,0,0,0,0,0,0,0,0,0,0,0,0,0,0
213.650,55.145,7.195,21.962,33.680,1,22.342,1.000,-14.733,-47.280,8.185,-34.738,100.123,1,-46.500,1.000,-34.788,0,0,0,0,0,0,0,0,0,0,0,0,0,0,0,0,0,0,0,0,0,0,0,0
213.700,55.133,7.231,21.928,33.599,1,22.342,1.000,-14.733,-47.280,8.187,-34.737,100.123,1,-46.500,1.000,-34.788,0,0,0,0,0,0,0,0,0,0,0,0,0,0,0,0,0,0,0,0,0,0,0,0
213.750,55.117,7.269,21.892,33.519,1,22.342,1.000,-14.733,-47.280,8.189,-34.737,100.123,1,-46.500,1.000,-34.788,0,0,0,0,0,0,0,0,0,0,0,0,0,0,0,0,0,0,0,0,0,0,0,0
213.800,55.099,7.310,21.854,33.438,1,22.342,1.000,-14.733,-47.281,8.190,-34.737,100.123,1,-46.500,1.000,-34.788,0,0,0,0,0,0,0,0,0,0,0,0,0,0,0,0,0,0,0,0,0,0,0,0
213.850,55.078,7.353,21.814,33.358,1,22.342,1.000,-14.733,-47.281,8.192,-34.737,100.123,1,-46.500,1.000,-34.788,0,0,0,0,0,0,0,0,0,0,0,0,0,0,0,0,0,0,0,0,0,0,0,0
213.900,55.054,7.398,21.772,33.278,1,22.342,1.000,-14.733,-47.282,8.193,-34.736,100.123,1,-46.500,1.000,-34.788,0,0,0,0,0,0,0,0,0,0,0,0,0,0,0,0,0,0,0,0,0,0,0,0
213.950,55.027,7.445,21.727,33.198,1,22.342,1.000,-14.733,-47.282,8.194,-34.736,100.123,1,-46.500,1.000,-34.788,0,0,0,0,0,0,0,0,0,0,0,0,0,0,0,0,0,0,0,0,0,0,0,0
214.000,54.998,7.494,21.681,33.117,1,22.342,1.000,-14.733,-47.283,8.195,-34.736,100.123,1,-46.500,1.000,-34.788,0,0,0,0,0,0,0,0,0,0,0,0,0,0,0,0,0,0,0,0,0,0,0,0
214.050,54.967,7.545,21.632,33.037,1,22.342,1.000,-14.733,-47.284,8.196,-34.736,100.123,1,-46.500,1.000,-34.788,0,0,0,0,0,0,0,0,0,0,0,0,0,0,0,0,0,0,0,0,0,0,0,0
214.100,54.933,7.598,21.582,32.957,1,22.342,1.000,-14.733,-47.284,8.196,-34.735,100.123,1,-46.500,1.000,-34.788,0,0,0,0,0,0,0,0,0,0,0,0,0,0,0,0,0,0,0,0,0,0,0,0
214.150,54.897,7.652,21.531,32.877,1,22.342,1.000,-14.733,-47.285,8.196,-34.735,100.123,1,-46.500,1.000,-34.788,0,0,0,0,0,0,0,0,0,0,0,0,0,0,0,0,0,0,0,0,0,0,0,0
214.200,54.858,7.708,21.478,32.797,1,22.342,1.000,-14.733,-47.286,8.196,-34.735,100.123,1,-46.500,1.000,-34.788,0,0,0,0,0,0,0,0,0,0,0,0,0,0,0,0,0,0,0,0,0,0,0,0
214.250,54.818,7.765,21.423,32.718,1,22.342,1.000,-14.733,-47.287,8.196,-34.735,100.123,1,-46.500,1.000,-34.788,0,0,0,0,0,0,0,0,0,0,0,0,0,0,0,0,0,0,0,0,0,0,0,0
214.300,54.776,7.824,21.367,32.638,1,22.342,1.000,-14.733,-47.288,8.195,-34.734,100.123,1,-46.500,1.000,-34.788,0,0,0,0,0,0,0,0,0,0,0,0,0,0,0,0,0,0,0,0,0,0,0,0
214.350,54.731,7.884,21.310,32.559,1,22.342,1.000,-14.733,-47.289,8.195,-34.734,100.123,1,-46.500,1.000,-34.788,0,0,0,0,0,0,0,0,0,0,0,0,0,0,0,0,0,0,0,0,0,0,0,0
214.400,54.685,7.945,21.252,32.479,1,22.342,1.000,-14.733,-47.290,8.194,-34.734,100.123,1,-46.500,1.000,-34.788,0,0,0,0,0,0,0,0,0,0,0,0,0,0,0,0,0,0,0,0,0,0,0,0
214.450,54.637,8.007,21.192,32.400,1,22.342,1.000,-14.733,-47.291,8.193,-34.734,100.123,1,-46.500,1.000,-34.788,0,0,0,0,0,0,0,0,0,0,0,0,0,0,0,0,0,0,0,0,0,0,0,0
214.500,54.588,8.070,21.132,32.321,1,22.342,1.000,-14.733,-47.292,8.191,-34.734,100.123,1,-46.500,1.000,-34.788,0,0,0,0,0,0,0,0,0,0,0,0,0,0,0,0,0,0,0,0,0,0,0,0
214.550,54.537,8.133,21.070,32.242,1,22.342,1.000,-14.733,-47.293,8.190,-34.734,100.123,1,-46.500,1.000,-34.788,0,0,0,0,0,0,0,0,0,0,0,0,0,0,0,0,0,0,0,0,0,0,0,0
214.600,54.485,8.198,21.008,32.164,1,22.342,1.000,-14.733,-47.295,8.188,-34.734,100.123,1,-46.500,1.000,-34.788,0,0,0,0,0,0,0,0,0,0,0,0,0,0,0,0,0,0,0,0,0,0,0,0
214.650,54.431,8.263,20.945,32.085,1,22.342,1.000,-14.733,-47.296,8.186,-34.733,100.123,1,-46.500,1.000,-34.788,0,0,0,0,0,0,0,0,0,0,0,0,0,0,0,0,0,0,0,0,0,0,0,0
214.700,54.376,8.329,20.882,32.007,1,22.342,1.000,-14.733,-47.297,8.184,-34.733,100.123,1,-46.500,1.000,-34.788,0,0,0,0,0,0,0,0,0,0,0,0,0,0,0,0,0,0,0,0,0,0,0,0
214.750,54.320,8.395,20.817,31.929,1,22.342,1.000,-14.733,-47.298,8.181,-34.733,100.123,1,-46.500,1.000,-34.788,0,0,0,0,0,0,0,0,0,0,0,0,0,0,0,0,0,0,0,0,0,0,0,0
214.800,54.262,8.462,20.752,31.851,1,22.342,1.000,-14.733,-47.300,8.178,-34.733,100.123,1,-46.500,1.000,-34.788,0,0,0,0,0,0,0,0,0,0,0,0,0,0,0,0,0,0,0,0,0,0,0,0
214.850,54.204,8.529,20.687,31.773,1,22.342,1.000,-14.733,-47.301,8.176,-34.733,100.123,1,-46.500,1.000,-34.788,0,0,0,0,0,0,0,0,0,0,0,0,0,0,0,0,0,0,0,0,0,0,0,0
214.900,54.145,8.597,20.621,31.695,1,22.342,1.000,-14.733,-47.303,8.172,-34.733,100.123,1,-46.500,1.000,-34.788,0,0,0,0,0,0,0,0,0,0,0,0,0,0,0,0,0,0,0,0,0,0,0,0
214.950,54.084,8.665,20.555,31.618,1,22.342,1.000,-14.733,-47.304,8.169,-34.733,100.123,1,-46.500,1.000,-34.788,0,0,0,0,0,0,0,0,0,0,0,0,0,0,0,0,0,0,0,0,0,0,0,0
215.000,54.023,8.733,20.488,31.541,1,22.342,1.000,-14.733,-47.305,8.166,-34.733,100.123,1,-46.500,1.000,-34.788,0,0,0,0,0,0,0,0,0,0,0,0,0,0,0,0,0,0,0,0,0,0,0,0
215.050,53.960,8.801,20.421,31.464,1,22.342,1.000,-14.733,-47.307,8.162,-34.733,100.123,1,-46.500,1.000,-34.788,0,0,0,0,0,0,0,0,0,0,0,0,0,0,0,0,0,0,0,0,0,0,0,0
215.100,53.897,8.870,20.353,31.387,1,22.342,1.000,-14.733,-47.308,8.158,-34.734,100.123,1,-46.500,1.000,-34.788,0,0,0,0,0,0,0,0,0,0,0,0,0,0,0,0,0,0,0,0,0,0,0,0
215.150,53.834,8.938,20.285,31.310,1,22.342,1.000,-14.733,-47.310,8.154,-34.734,100.123,1,-46.500,1.000,-34.788,0,0,0,0,0,0,0,0,0,0,0,0,0,0,0,0,0,0,0,0,0,0,0,0
215.200,53.769,9.007,20.217,31.233,1,22.342,1.000,-14.733,-47.311,8.150,-34.734,100.123,1,-46.500,1.000,-34.788,0,0,0,0,0,0,0,0,0,0,0,0,0,0,0,0,0,0,0,0,0,0,0,0
215.250,53.704,9.075,20.149,31.156,1,22.342,1.000,-14.733,-47.313,8.145,-34.734,100.123,1,-46.500,1.000,-34.788,0,0,0,0,0,0,0,0,0,0,0,0,0,0,0,0,0,0,0,0,0,0,0,0
215.300,53.638,9.144,20.080,31.080,1,22.342,1.000,-14.733,-47.314,8.141,-34.734,100.123,1,-46.500,1.000,-34.788,0,0,0,0,0,0,0,0,0,0,0,0,0,0,0,0,0,0,0,0,0,0,0,0
215.350,53.572,9.213,20.011,31.003,1,22.342,1.000,-14.733,-47.316,8.136,-34.735,100.123,1,-46.500,1.000,-34.788,0,0,0,0,0,0,0,0,0,0,0,0,0,0,0,0,0,0,0,0,0,0,0,0
215.400,53.505,9.282,19.942,30.927,1,22.342,1.000,-14.733,-47.317,8.131,-34.735,100.123,1,-46.500,1.000,-34.788,0,0,0,0,0,0,0,0,0,0,0,0,0,0,0,0,0,0,0,0,0,0,0,0
215.450,53.437,9.350,19.873,30.851,1,22.342,1.000,-14.733,-47.319,8.126,-34.735,100.123,1,-46.500,1.000,-34.788,0,0,0,0,0,0,0,0,0,0,0,0,0,0,0,0,0,0,0,0,0,0,0,0
215.500,53.369,9.419,19.804,30.775,1,22.342,1.000,-14.733,-47.320,8.120,-34.736,100.123,1,-46.500,1.000,-34.788,0,0,0,0,0,0,0,0,0,0,0,0,0,0,0,0,0,0,0,0,0,0,0,0
215.550,53.300,9.487,19.734,30.699,1,22.342,1.000,-14.733,-47.321,8.115,-34.736,100.123,1,-46.500,1.000,-34.788,0,0,0,0,0,0,0,0,0,0,0,0,0,0,0,0,0,0,0,0,0,0,0,0
215.600,53.231,9.556,19.665,30.623,1,22.342,1.000,-14.733,-47.323,8.109,-34.736,100.123,1,-46.500,1.000,-34.788,0,0,0,0,0,0,0,0,0,0,0,0,0,0,0,0,0,0,0,0,0,0,0,0
215.650,53.162,9.624,19.595,30.548,1,22.342,1.000,-14.733,-47.324,8.104,-34.737,100.123,1,-46.500,1.000,-34.788,0,0,0,0,0,0,0,0,0,0,0,0,0,0,0,0,0,0,0,0,0,0,0,0
215.700,53.092,9.692,19.525,30.472,1,22.342,1.000,-14.733,-47.326,8.098,-34.737,100.123,1,-46.500,1.000,-34.788,0,0,0,0,0,0,0,0,0,0,0,0,0,0,0,0,0,0,0,0,0,0,0,0
215.750,53.022,9.760,19.456,30.397,1,22.342,1.000,-14.733,-47.327,8.092,-34.738,100.123,1,-46.500,1.000,-34.788,0,0,0,0,0,0,0,0,0,0,0,0,0,0,0,0,0,0,0,0,0,0,0,0
215.800,52.951,9.828,19.386,30.322,1,22.342,1.000,-14.733,-47.328,8.085,-34.739,100.123,1,-46.500,1.000,-34.788,0,0,0,0,0,0,0,0,0,0,0,0,0,0,0,0,0,0,0,0,0,0,0,0
215.850,52.880,9.895,19.316,30.246,1,22.342,1.000,-14.733,-47.330,8.079,-34.739,100.123,1,-46.500,1.000,-34.788,0,0,0,0,0,0,0,0,0,0,0,0,0,0,0,0,0,0,0,0,0,0,0,0
215.900,52.809,9.963,19.246,30.171,1,22.342,1.000,-14.733,-47.331,8.073,-34.740,100.123,1,-46.500,1.000,-34.788,0,0,0,0,0,0,0,0,0,0,0,0,0,0,0,0,0,0,0,0,0,0,0,0
215.950,52.737,10.030,19.175,30.096,1,22.342,1.000,-14.733,-47.332,8.066,-34.741,100.123,1,-46.500,1.000,-34.788,0,0,0,0,0,0,0,0,0,0,0,0,0,0,0,0,0,0,0,0,0,0,0,0
216.000,52.665,10.097,19.105,30.021,1,22.342,1.000,-14.733,-47.333,8.060,-34.741,100.123,1,-46.500,1.000,-34.788,0,0,0,0,0,0,0,0,0,0,0,0,0,0,0,0,0,0,0,0,0,0,0,0
216.050,52.593,10.164,19.035,29.947,1,22.342,1.000,-14.733,-47.335,8.053,-34.742,100.123,1,-46.500,1.000,-34.788,0,0,0,0,0,0,0,0,0,0,0,0,0,0,0,0,0,0,0,0,0,0,0,0
216.100,52.521,10.230,18.965,29.872,1,22.342,1.000,-14.733,-47.336,8.046,-34.743,100.123,1,-46.500,1.000,-34.788,0,0,0,0,0,0,0,0,0,0,0,0,0,0,0,0,0,0,0,0,0,0,0,0
216.150,52.448,10.297,18.894,29.797,1,22.342,1.000,-14.733,-47.337,8.039,-34.744,100.123,1,-46.500,1.000,-34.788,0,0,0,0,0,0,0,0,0,0,0,0,0,0,0,0,0,0,0,0,0,0,0,0
216.200,52.375,10.363,18.824,29.723,1,22.342,1.000,-14.733,-47.338,8.032,-34.745,100.123,1,-46.500,1.000,-34.788,0,0,0,0,0,0,0,0,0,0,0,0,0,0,0,0,0,0,0,0,0,0,0,0
216.250,52.302,10.429,18.754,29.648,1,22.342,1.000,-14.733,-47.339,8.025,-34.746,100.123,1,-46.500,1.000,-34.788,0,0,0,0,0,0,0,0,0,0,0,0,0,0,0,0,0,0,0,0,0,0,0,0
216.300,52.228,10.495,18.683,29.574,1,22.342,1.000,-14.733,-47.340,8.018,-34.747,100.123,1,-46.500,1.000,-34.788,0,0,0,0,0,0,0,0,0,0,0,0,0,0,0,0,0,0,0,0,0,0,0,0
216.350,52.155,10.560,18.613,29.500,1,22.342,1.000,-14.733,-47.341,8.011,-34.748,100.123,1,-46.500,1.000,-34.788,0,0,0,0,0,0,0,0,0,0,0,0,0,0,0,0,0,0,0,0,0,0,0,0
216.400,52.081,10.625,18.542,29.426,1,22.342,1.000,-14.733,-47.342,8.003,-34.750,100.123,1,-46.500,1.000,-34.788,0,0,0,0,0,0,0,0,0,0,0,0,0,0,0,0,0,0,0,0,0,0,0,0
216.450,52.007,10.690,18.471,29.352,1,22.342,1.000,-14.733,-47.342,7.996,-34.751,100.123,1,-46.500,1.000,-34.788,0,0,0,0,0,0,0,0,0,0,0,0,0,0,0,0,0,0,0,0,0,0,0,0
216.500,51.933,10.755,18.401,29.278,1,22.342,1.000,-14.733,-47.343,7.989,-34.752,100.123,1,-46.500,1.000,-34.788,0,0,0,0,0,0,0,0,0,0,0,0,0,0,0,0,0,0,0,0,0,0,0,0
216.550,51.858,10.819,18.330,29.205,1,22.342,1.000,-14.733,-47.344,7.981,-34.753,100.123,1,-46.500,1.000,-34.788,0,0,0,0,0,0,0,0,0,0,0,0,0,0,0,0,0,0,0,0,0,0,0,0
216.600,51.784,10.884,18.260,29.131,1,22.342,1.000,-14.733,-47.345,7.974,-34.755,100.123,1,-46.500,1.000,-34.788,0,0,0,0,0,0,0,0,0,0,0,0,0,0,0,0,0,0,0,0,0,0,0,0
216.650,51.709,10.947,18.189,29.058,1,22.342,1.000,-14.733,-47.345,7.966,-34.756,100.123,1,-46.500,1.000,-34.788,0,0,0,0,0,0,0,0,0,0,0,0,0,0,0,0,0,0,0,0,0,0,0,0
216.700,51.634,11.011,18.118,28.985,1,22.342,1.000,-14.733,-47.346,7.959,-34.758,100.123,1,-46.500,1.000,-34.788,0,0,0,0,0,0,0,0,0,0,0,0,0,0,0,0,0,0,0,0,0,0,0,0
216.750,51.559,11.074,18.047,28.912,1,22.342,1.000,-14.733,-47.346,7.951,-34.759,100.123,1,-46.500,1.000,-34.788,0,0,0,0,0,0,0,0,0,0,0,0,0,0,0,0,0,0,0,0,0,0,0,0
216.800,51.484,11.137,17.976,28.840,1,22.342,1.000,-14.733,-47.346,7.944,-34.761,100.123,1,-46.500,1.000,-34.788,0,0,0,0,0,0,0,0,0,0,0,0,0,0,0,0,0,0,0,0,0,0,0,0
216.850,51.409,11.199,17.906,28.767,1,22.342,1.000,-14.733,-47.347,7.936,-34.762,100.123,1,-46.500,1.000,-34.788,0,0,0,0,0,0,0,0,0,0,0,0,0,0,0,0,0,0,0,0,0,0,0,0
216.900,51.333,11.261,17.835,28.695,1,22.342,1.000,-14.733,-47.347,7.929,-34.764,100.123,1,-46.500,1.000,-34.788,0,0,0,0,0,0,0,0,0,0,0,0,0,0,0,0,0,0,0,0,0,0,0,0
216.950,51.258,11.323,17.764,28.623,1,22.342,1.000,-14.733,-47.347,7.921,-34.766,100.123,1,-46.500,1.000,-34.788,0,0,0,0,0,0,0,0,0,0,0,0,0,0,0,0,0,0,0,0,0,0,0,0
217.000,51.182,11.384,17.693,28.551,1,22.342,1.000,-14.733,-47.347,7.914,-34.767,100.123,1,-46.500,1.000,-34.788,0,0,0,0,0,0,0,0,0,0,0,0,0,0,0,0,0,0,0,0,0,0,0,0
217.050,51.106,11.445,17.622,28.479,1,22.342,1.000,-14.733,-47.347,7.906,-34.769,100.123,1,-46.500,1.000,-34.788,0,0,0,0,0,0,0,0,0,0,0,0,0,0,0,0,0,0,0,0,0,0,0,0
217.100,51.030,11.506,17.551,28.408,1,22.342,1.000,-14.733,-47.347,7.899,-34.771,100.123,1,-46.500,1.000,-34.788,0,0,0,0,0,0,0,0,0,0,0,0,0,0,0,0,0,0,0,0,0,0,0,0
217.150,50.954,11.566,17.479,28.336,1,22.342,1.000,-14.733,-47.347,7.892,-34.773,100.123,1,-46.500,1.000,-34.788,0,0,0,0,0,0,0,0,0,0,0,0,0,0,0,0,0,0,0,0,0,0,0,0
217.200,50.878,11.625,17.408,28.265,1,22.342,1.000,-14.733,-47.347,7.884,-34.775,100.123,1,-46.500,1.000,-34.788,0,0,0,0,0,0,0,0,0,0,0,0,0,0,0,0,0,0,0,0,0,0,0,0
217.250,50.802,11.685,17.337,28.194,1,22.342,1.000,-14.733,-47.347,7.877,-34.777,100.123,1,-46.500,1.000,-34.788,0,0,0,0,0,0,0,0,0,0,0,0,0,0,0,0,0,0,0,0,0,0,0,0
217.300,50.726,11.743,17.266,28.123,1,22.342,1.000,-14.733,-47.346,7.870,-34.779,100.123,1,-46.500,1.000,-34.788,0,0,0,0,0,0,0,0,0,0,0,0,0,0,0,0,0,0,0,0,0,0,0,0
217.350,50.649,11.802,17.194,28.053,1,22.342,1.000,-14.733,-47.346,7.863,-34.781,100.123,1,-46.500,1.000,-34.788,0,0,0,0,0,0,0,0,0,0,0,0,0,0,0,0,0,0,0,0,0,0,0,0
217.400,50.573,11.860,17.123,27.982,1,22.342,1.000,-14.733,-47.345,7.856,-34.783,100.123,1,-46.500,1.000,-34.788,0,0,0,0,0,0,0,0,0,0,0,0,0,0,0,0,0,0,0,0,0,0,0,0
217.450,50.496,11.917,17.051,27.912,1,22.342,1.000,-14.733,-47.345,7.849,-34.785,100.123,1,-46.500,1.000,-34.788,0,0,0,0,0,0,0,0,0,0,0,0,0,0,0,0,0,0,0,0,0,0,0,0
217.500,50.419,11.974,16.980,27.842,1,22.342,1.000,-14.733,-47.344,7.842,-34.787,100.123,1,-46.500,1.000,-34.788,0,0,0,0,0,0,0,0,0,0,0,0,0,0,0,0,0,0,0,0,0,0,0,0
217.550,50.342,12.030,16.908,27.772,1,22.342,1.000,-14.733,-47.344,7.836,-34.789,100.123,1,-46.500,1.000,-34.788,0,0,0,0,0,0,0,0,0,0,0,0,0,0,0,0,0,0,0,0,0,0,0,0
217.600,50.265,12.086,16.836,27.702,1,22.342,1.000,-14.733,-47.343,7.829,-34.791,100.123,1,-46.500,1.000,-34.788,0,0,0,0,0,0,0,0,0,0,0,0,0,0,0,0,0,0,0,0,0,0,0,0
217.650,50.188,12.141,16.764,27.632,1,22.342,1.000,-14.733,-47.342,7.823,-34.793,100.123,1,-46.500,1.000,-34.788,0,0,0,0,0,0,0,0,0,0,0,0,0,0,0,0,0,0,0,0,0,0,0,0
217.700,50.111,12.196,16.693,27.563,1,22.342,1.000,-14.733,-47.341,7.816,-34.795,100.123,1,-46.500,1.000,-34.788,0,0,0,0,0,0,0,0,0,0,0,0,0,0,0,0,0,0,0,0,0,0,0,0
217.750,50.034,12.250,16.621,27.494,1,22.342,1.000,-14.733,-47.340,7.810,-34.798,100.123,1,-46.500,1.000,-34.788,0,0,0,0,0,0,0,0,0,0,0,0,0,0,0,0,0,0,0,0,0,0,0,0
217.800,49.957,12.304,16.549,27.424,1,22.342,1.000,-14.733,-47.339,7.804,-34.800,100.123,1,-46.500,1.000,-34.788,0,0,0,0,0,0,0,0,0,0,0,0,0,0,0,0,0,0,0,0,0,0,0,0
217.850,49.879,12.357,16.477,27.356,1,22.342,1.000,-14.733,-47.338,7.798,-34.802,100.123,1,-46.500,1.000,-34.788,0,0,0,0,0,0,0,0,0,0,0,0,0,0,0,0,0,0,0,0,0,0,0,0
217.900,49.802,12.410,16.404,27.287,1,22.342,1.000,-14.733,-47.337,7.793,-34.804,100.123,1,-46.500,1.000,-34.788,0,0,0,0,0,0,0,0,0,0,0,0,0,0,0,0,0,0,0,0,0,0,0,0
217.950,49.724,12.462,16.332,27.218,1,22.342,1.000,-14.733,-47.335,7.787,-34.806,100.123,1,-46.500,1.000,-34.788,0,0,0,0,0,0,0,0,0,0,0,0,0,0,0,0,0,0,0,0,0,0,0,0
218.000,49.646,12.513,16.260,27.150,1,22.342,1.000,-14.733,-47.334,7.782,-34.808,100.123,1,-46.500,1.000,-34.788,0,0,0,0,0,0,0,0,0,0,0,0,0,0,0,0,0,0,0,0,0,0,0,0
218.050,49.569,12.564,16.187,27.082,1,22.342,1.000,-14.733,-47.333,7.776,-34.811,100.123,1,-46.500,1.000,-34.788,0,0,0,0,0,0,0,0,0,0,0,0,0,0,0,0,0,0,0,0,0,0,0,0
218.100,49.491,12.614,16.115,27.014,1,22.342,1.000,-14.733,-47.331,7.771,-34.813,100.123,1,-46.500,1.000,-34.788,0,0,0,0,0,0,0,0,0,0,0,0,0,0,0,0,0,0,0,0,0,0,0,0
218.150,49.413,12.663,16.042,26.946,1,22.342,1.000,-14.733,-47.330,7.767,-34.815,100.123,1,-46.500,1.000,-34.788,0,0,0,0,0,0,0,0,0,0,0,0,0,0,0,0,0,0,0,0,0,0,0,0
218.200,49.335,12.712,15.969,26.878,1,22.342,1.000,-14.733,-47.328,7.762,-34.817,100.123,1,-46.500,1.000,-34.788,0,0,0,0,0,0,0,0,0,0,0,0,0,0,0,0,0,0,0,0,0,0,0,0
218.250,49.256,12.760,15.897,26.811,1,22.342,1.000,-14.733,-47.326,7.757,-34.819,100.123,1,-46.500,1.000,-34.788,0,0,0,0,0,0,0,0,0,0,0,0,0,0,0,0,0,0,0,0,0,0,0,0
218.300,49.178,12.808,15.824,26.743,1,22.342,1.000,-14.733,-47.325,7.753,-34.821,100.123,1,-46.500,1.000,-34.788,0,0,0,0,0,0,0,0,0,0,0,0,0,0,0,0,0,0,0,0,0,0,0,0
218.350,49.100,12.855,15.751,26.676,1,22.342,1.000,-14.733,-47.323,7.749,-34.823,100.123,1,-46.500,1.000,-34.788,0,0,0,0,0,0,0,0,0,0,0,0,0,0,0,0,0,0,0,0,0,0,0,0
218.400,49.021,12.901,15.678,26.609,1,22.342,1.000,-14.733,-47.321,7.745,-34.825,100.123,1,-46.500,1.000,-34.788,0,0,0,0,0,0,0,0,0,0,0,0,0,0,0,0,0,0,0,0,0,0,0,0
218.450,48.943,12.946,15.605,26.542,1,22.342,1.000,-14.733,-47.319,7.741,-34.827,100.123,1,-46.500,1.000,-34.788,0,0,0,0,0,0,0,0,0,0,0,0,0,0,0,0,0,0,0,0,0,0,0,0
218.500,48.864,12.991,15.531,26.475,1,22.342,1.000,-14.733,-47.317,7.738,-34.829,100.123,1,-46.500,1.000,-34.788,0,0,0,0,0,0,0,0,0,0,0,0,0,0,0,0,0,0,0,0,0,0,0,0
218.550,48.785,13.035,15.458,26.408,1,22.342,1.000,-14.733,-47.315,7.735,-34.831,100.123,1,-46.500,1.000,-34.788,0,0,0,0,0,0,0,0,0,0,0,0,0,0,0,0,0,0,0,0,0,0,0,0
218.600,48.707,13.078,15.384,26.342,1,22.342,1.000,-14.733,-47.313,7.732,-34.833,100.123,1,-46.500,1.000,-34.788,0,0,0,0,0,0,0,0,0,0,0,0,0,0,0,0,0,0,0,0,0,0,0,0
218.650,48.628,13.120,15.311,26.275,1,22.342,1.000,-14.733,-47.311,7.729,-34.835,100.123,1,-46.500,1.000,-34.788,0,0,0,0,0,0,0,0,0,0,0,0,0,0,0,0,0,0,0,0,0,0,0,0
218.700,48.549,13.162,15.237,26.209,1,22.342,1.000,-14.733,-47.309,7.726,-34.836,100.123,1,-46.500,1.000,-34.788,0,0,0,0,0,0,0,0,0,0,0,0,0,0,0,0,0,0,0,0,0,0,0,0
218.750,48.470,13.203,15.163,26.142,1,22.342,1.000,-14.733,-47.307,7.724,-34.838,100.123,1,-46.500,1.000,-34.788,0,0,0,0,0,0,0,0,0,0,0,0,0,0,0,0,0,0,0,0,0,0,0,0
218.800,48.391,13.243,15.089,26.076,1,22.342,1.000,-14.733,-47.305,7.722,-34.840,100.123,1,-46.500,1.000,-34.788,0,0,0,0,0,0,0,0,0,0,0,0,0,0,0,0,0,0,0,0,0,0,0,0
218.850,48.311,13.282,15.015,26.010,1,22.342,1.000,-14.733,-47.303,7.720,-34.842,100.123,1,-46.500,1.000,-34.788,0,0,0,0,0,0,0,0,0,0,0,0,0,0,0,0,0,0,0,0,0,0,0,0
218.900,48.232,13.321,14.940,25.944,1,22.342,1.000,-14.733,-47.300,7.718,-34.843,100.123,1,-46.500,1.000,-34.788,0,0,0,0,0,0,0,0,0,0,0,0,0,0,0,0,0,0,0,0,0,0,0,0
218.950,48.153,13.358,14.866,25.878,1,22.342,1.000,-14.733,-47.298,7.717,-34.845,100.123,1,-46.500,1.000,-34.788,0,0,0,0,0,0,0,0,0,0,0,0,0,0,0,0,0,0,0,0,0,0,0,0
219.000,48.073,13.395,14.792,25.812,1,22.342,1.000,-14.733,-47.296,7.715,-34.846,100.123,1,-46.500,1.000,-34.788,0,0,0,0,0,0,0,0,0,0,0,0,0,0,0,0,0,0,0,0,0,0,0,0
219.050,47.994,13.431,14.717,25.747,1,22.342,1.000,-14.733,-47.294,7.715,-34.847,100.123,1,-46.500,1.000,-34.788,0,0,0,0,0,0,0,0,0,0,0,0,0,0,0,0,0,0,0,0,0,0,0,0
219.100,47.914,13.467,14.642,25.681,1,22.342,1.000,-14.733,-47.291,7.714,-34.849,100.123,1,-46.500,1.000,-34.788,0,0,0,0,0,0,0,0,0,0,0,0,0,0,0,0,0,0,0,0,0,0,0,0
219.150,47.835,13.501,14.567,25.615,1,22.342,1.000,-14.733,-47.289,7.713,-34.850,100.123,1,-46.500,1.000,-34.788,0,0,0,0,0,0,0,0,0,0,0,0,0,0,0,0,0,0,0,0,0,0,0,0
219.200,47.755,13.535,14.492,25.550,1,22.342,1.000,-14.733,-47.287,7.713,-34.851,100.123,1,-46.500,1.000,-34.788,0,0,0,0,0,0,0,0,0,0,0,0,0,0,0,0,0,0,0,0,0,0,0,0
219.250,47.675,13.567,14.417,25.484,1,22.342,1.000,-14.733,-47.284,7.713,-34.852,100.123,1,-46.500,1.000,-34.788,0,0,0,0,0,0,0,0,0,0,0,0,0,0,0,0,0,0,0,0,0,0,0,0
219.300,47.596,13.599,14.341,25.419,1,22.342,1.000,-14.733,-47.282,7.713,-34.853,100.123,1,-46.500,1.000,-34.788,0,0,0,0,0,0,0,0,0,0,0,0,0,0,0,0,0,0,0,0,0,0,0,0
219.350,47.516,13.630,14.266,25.353,1,22.342,1.000,-14.733,-47.280,7.714,-34.854,100.123,1,-46.500,1.000,-34.788,0,0,0,0,0,0,0,0,0,0,0,0,0,0,0,0,0,0,0,0,0,0,0,0
219.400,47.436,13.661,14.190,25.288,1,22.342,1.000,-14.733,-47.278,7.715,-34.855,100.123,1,-46.500,1.000,-34.788,0,0,0,0,0,0,0,0,0,0,0,0,0,0,0,0,0,0,0,0,0,0,0,0
219.450,47.356,13.690,14.115,25.222,1,22.342,1.000,-14.733,-47.275,7.716,-34.856,100.123,1,-46.500,1.000,-34.788,0,0,0,0,0,0,0,0,0,0,0,0,0,0,0,0,0,0,0,0,0,0,0,0
219.500,47.276,13.718,14.039,25.157,1,22.342,1.000,-14.733,-47.273,7.717,-34.856,100.123,1,-46.500,1.000,-34.788,0,0,0,0,0,0,0,0,0,0,0,0,0,0,0,0,0,0,0,0,0,0,0,0
219.550,47.196,13.746,13.963,25.092,1,22.342,1.000,-14.733,-47.271,7.719,-34.857,100.123,1,-46.500,1.000,-34.788,0,0,0,0,0,0,0,0,0,0,0,0,0,0,0,0,0,0,0,0,0,0,0,0
219.600,47.116,13.772,13.886,25.027,1,22.342,1.000,-14.733,-47.269,7.720,-34.858,100.123,1,-46.500,1.000,-34.788,0,0,0,0,0,0,0,0,0,0,0,0,0,0,0,0,0,0,0,0,0,0,0,0
219.650,47.036,13.798,13.810,24.961,1,22.342,1.000,-14.733,-47.267,7.722,-34.858,100.123,1,-46.500,1.000,-34.788,0,0,0,0,0,0,0,0,0,0,0,0,0,0,0,0,0,0,0,0,0,0,0,0
219.700,46.956,13.823,13.734,24.896,1,22.342,1.000,-14.733,-47.265,7.725,-34.858,100.123,1,-46.500,1.000,-34.788,0,0,0,0,0,0,0,0,0,0,0,0,0,0,0,0,0,0,0,0,0,0,0,0
219.750,46.875,13.847,13.657,24.831,1,22.342,1.000,-14.733,-47.263,7.727,-34.859,100.123,1,-46.500,1.000,-34.788,0,0,0,0,0,0,0,0,0,0,0,0,0,0,0,0,0,0,0,0,0,0,0,0
219.800,46.795,13.870,13.580,24.765,1,22.342,1.000,-14.733,-47.261,7.730,-34.859,100.123,1,-46.500,1.000,-34.788,0,0,0,0,0,0,0,0,0,0,0,0,0,0,0,0,0,0,0,0,0,0,0,0
219.850,46.715,13.892,13.503,24.700,1,22.342,1.000,-14.733,-47.259,7.733,-34.859,100.123,1,-46.500,1.000,-34.788,0,0,0,0,0,0,0,0,0,0,0,0,0,0,0,0,0,0,0,0,0,0,0,0
219.900,46.635,13.913,13.426,24.635,1,22.342,1.000,-14.733,-47.257,7.736,-34.859,100.123,1,-46.500,1.000,-34.788,0,0,0,0,0,0,0,0,0,0,0,0,0,0,0,0,0,0,0,0,0,0,0,0
219.950,46.554,13.933,13.349,24.569,1,22.342,1.000,-14.733,-47.255,7.740,-34.858,100.123,1,-46.500,1.000,-34.788,0,0,0,0,0,0,0,0,0,0,0,0,0,0,0,0,0,0,0,0,0,0,0,0
220.000,46.474,13.952,13.272,24.504,1,22.342,1.000,-14.733,-47.253,7.743,-34.858,100.123,1,-46.500,1.000,-34.788,0,0,0,0,0,0,0,0,0,0,0,0,0,0,0,0,0,0,0,0,0,0,0,0
220.050,46.394,13.970,13.194,24.439,1,22.342,1.000,-14.733,-47.251,7.747,-34.858,100.123,1,-46.500,1.000,-34.788,0,0,0,0,0,0,0,0,0,0,0,0,0,0,0,0,0,0,0,0,0,0,0,0
220.100,46.313,13.987,13.116,24.373,1,22.342,1.000,-14.733,-47.250,7.751,-34.857,100.123,1,-46.500,1.000,-34.788,0,0,0,0,0,0,0,0,0,0,0,0,0,0,0,0,0,0,0,0,0,0,0,0
220.150,46.233,14.003,13.038,24.308,1,22.342,1.000,-14.733,-47.248,7.756,-34.857,100.123,1,-46.500,1.000,-34.788,0,0,0,0,0,0,0,0,0,0,0,0,0,0,0,0,0,0,0,0,0,0,0,0
220.200,46.153,14.018,12.960,24.242,1,22.342,1.000,-14.733,-47.247,7.760,-34.856,100.123,1,-46.500,1.000,-34.788,0,0,0,0,0,0,0,0,0,0,0,0,0,0,0,0,0,0,0,0,0,0,0,0
220.250,46.073,14.031,12.882,24.177,1,22.342,1.000,-14.733,-47.245,7.765,-34.855,100.123,1,-46.500,1.000,-34.788,0,0,0,0,0,0,0,0,0,0,0,0,0,0,0,0,0,0,0,0,0,0,0,0
220.300,45.993,14.044,12.804,24.111,1,22.342,1.000,-14.733,-47.244,7.770,-34.855,100.123,1,-46.500,1.000,-34.788,0,0,0,0,0,0,0,0,0,0,0,0,0,0,0,0,0,0,0,0,0,0,0,0
220.350,45.912,14.056,12.725,24.046,1,22.342,1.000,-14.733,-47.242,7.775,-34.854,100.123,1,-46.500,1.000,-34.788,0,0,0,0,0,0,0,0,0,0,0,0,0,0,0,0,0,0,0,0,0,0,0,0
220.400,45.832,14.067,12.647,23.980,1,22.342,1.000,-14.733,-47.241,7.781,-34.853,100.123,1,-46.500,1.000,-34.788,0,0,0,0,0,0,0,0,0,0,0,0,0,0,0,0,0,0,0,0,0,0,0,0
220.450,45.752,14.077,12.568,23.914,1,22.342,1.000,-14.733,-47.240,7.786,-34.851,100.123,1,-46.500,1.000,-34.788,0,0,0,0,0,0,0,0,0,0,0,0,0,0,0,0,0,0,0,0,0,0,0,0
220.500,45.672,14.086,12.489,23.849,1,22.342,1.000,-14.733,-47.239,7.792,-34.850,100.123,1,-46.500,1.000,-34.788,0,0,0,0,0,0,0,0,0,0,0,0,0,0,0,0,0,0,0,0,0,0,0,0
220.550,45.592,14.094,12.410,23.783,1,22.342,1.000,-14.733,-47.238,7.798,-34.849,100.123,1,-46.500,1.000,-34.788,0,0,0,0,0,0,0,0,0,0,0,0,0,0,0,0,0,0,0,0,0,0,0,0
220.600,45.512,14.102,12.330,23.717,1,22.342,1.000,-14.733,-47.237,7.804,-34.847,100.123,1,-46.500,1.000,-34.788,0,0,0,0,0,0,0,0,0,0,0,0,0,0,0,0,0,0,0,0,0,0,0,0
220.650,45.433,14.108,12.251,23.652,1,22.342,1.000,-14.733,-47.237,7.811,-34.846,100.123,1,-46.500,1.000,-34.788,0,0,0,0,0,0,0,0,0,0,0,0,0,0,0,0,0,0,0,0,0,0,0,0
220.700,45.353,14.113,12.171,23.586,1,22.342,1.000,-14.733,-47.236,7.817,-34.844,100.123,1,-46.500,1.000,-34.788,0,0,0,0,0,0,0,0,0,0,0,0,0,0,0,0,0,0,0,0,0,0,0,0
220.750,45.273,14.117,12.092,23.520,1,22.342,1.000,-14.733,-47.236,7.824,-34.842,100.123,1,-46.500,1.000,-34.788,0,0,0,0,0,0,0,0,0,0,0,0,0,0,0,0,0,0,0,0,0,0,0,0
220.800,45.194,14.120,12.012,23.454,1,22.342,1.000,-14.733,-47.235,7.831,-34.840,100.123,1,-46.500,1.000,-34.788,0,0,0,0,0,0,0,0,0,0,0,0,0,0,0,0,0,0,0,0,0,0,0,0
220.850,45.114,14.123,11.932,23.389,1,22.342,1.000,-14.733,-47.235,7.838,-34.839,100.123,1,-46.500,1.000,-34.788,0,0,0,0,0,0,0,0,0,0,0,0,0,0,0,0,0,0,0,0,0,0,0,0
220.900,45.035,14.124,11.852,23.323,1,22.342,1.000,-14.733,-47.235,7.845,-34.837,100.123,1,-46.500,1.000,-34.788,0,0,0,0,0,0,0,0,0,0,0,0,0,0,0,0,0,0,0,0,0,0,0,0
220.950,44.955,14.125,11.771,23.257,1,22.342,1.000,-14.733,-47.235,7.852,-34.834,100.123,1,-46.500,1.000,-34.788,0,0,0,0,0,0,0,0,0,0,0,0,0,0,0,0,0,0,0,0,0,0,0,0
221.000,44.876,14.125,11.691,23.191,1,22.342,1.000,-14.733,-47.235,7.859,-34.832,100.123,1,-46.500,1.000,-34.788,0,0,0,0,0,0,0,0,0,0,0,0,0,0,0,0,0,0,0,0,0,0,0,0
221.050,44.797,14.124,11.610,23.125,1,22.342,1.000,-14.733,-47.235,7.867,-34.830,100.123,1,-46.500,1.000,-34.788,0,0,0,0,0,0,0,0,0,0,0,0,0,0,0,0,0,0,0,0,0,0,0,0
221.100,44.718,14.122,11.530,23.059,1,22.342,1.000,-14.733,-47.235,7.874,-34.828,100.123,1,-46.500,1.000,-34.788,0,0,0,0,0,0,0,0,0,0,0,0,0,0,0,0,0,0,0,0,0,0,0,0
221.150,44.639,14.119,11.449,22.993,1,22.342,1.000,-14.733,-47.236,7.882,-34.825,100.123,1,-46.500,1.000,-34.788,0,0,0,0,0,0,0,0,0,0,0,0,0,0,0,0,0,0,0,0,0,0,0,0
221.200,44.560,14.115,11.368,22.927,1,22.342,1.000,-14.733,-47.236,7.890,-34.823,100.123,1,-46.500,1.000,-34.788,0,0,0,0,0,0,0,0,0,0,0,0,0,0,0,0,0,0,0,0,0,0,0,0
221.250,44.481,14.111,11.287,22.860,1,22.342,1.000,-14.733,-47.237,7.897,-34.820,100.123,1,-46.500,1.000,-34.788,0,0,0,0,0,0,0,0,0,0,0,0,0,0,0,0,0,0,0,0,0,0,0,0
221.300,44.402,14.106,11.206,22.794,1,22.342,1.000,-14.733,-47.237,7.905,-34.818,100.123,1,-46.500,1.000,-34.788,0,0,0,0,0,0,0,0,0,0,0,0,0,0,0,0,0,0,0,0,0,0,0,0
221.350,44.324,14.100,11.125,22.728,1,22.342,1.000,-14.733,-47.238,7.913,-34.815,100.123,1,-46.500,1.000,-34.788,0,0,0,0,0,0,0,0,0,0,0,0,0,0,0,0,0,0,0,0,0,0,0,0
221.400,44.245,14.093,11.043,22.662,1,22.342,1.000,-14.733,-47.239,7.921,-34.812,100.123,1,-46.500,1.000,-34.788,0,0,0,0,0,0,0,0,0,0,0,0,0,0,0,0,0,0,0,0,0,0,0,0
221.450,44.167,14.086,10.962,22.596,1,22.342,1.000,-14.733,-47.240,7.929,-34.809,100.123,1,-46.500,1.000,-34.788,0,0,0,0,0,0,0,0,0,0,0,0,0,0,0,0,0,0,0,0,0,0,0,0
221.500,44.089,14.077,10.881,22.530,1,22.342,1.000,-14.733,-47.241,7.937,-34.806,100.123,1,-46.500,1.000,-34.788,0,0,0,0,0,0,0,0,0,0,0,0,0,0,0,0,0,0,0,0,0,0,0,0
221.550,44.011,14.068,10.799,22.463,1,22.342,1.000,-14.733,-47.243,7.946,-34.803,100.123,1,-46.500,1.000,-34.788,0,0,0,0,0,0,0,0,0,0,0,0,0,0,0,0,0,0,0,0,0,0,0,0
221.600,43.933,14.059,10.717,22.397,1,22.342,1.000,-14.733,-47.244,7.954,-34.801,100.123,1,-46.500,1.000,-34.788,0,0,0,0,0,0,0,0,0,0,0,0,0,0,0,0,0,0,0,0,0,0,0,0
221.650,43.855,14.048,10.635,22.331,1,22.342,1.000,-14.733,-47.246,7.962,-34.797,100.123,1,-46.500,1.000,-34.788,0,0,0,0,0,0,0,0,0,0,0,0,0,0,0,0,0,0,0,0,0,0,0,0
221.700,43.777,14.037,10.554,22.265,1,22.342,1.000,-14.733,-47.247,7.970,-34.794,100.123,1,-46.500,1.000,-34.788,0,0,0,0,0,0,0,0,0,0,0,0,0,0,0,0,0,0,0,0,0,0,0,0
221.750,43.699,14.026,10.472,22.198,1,22.342,1.000,-14.733,-47.249,7.978,-34.791,100.123,1,-46.500,1.000,-34.788,0,0,0,0,0,0,0,0,0,0,0,0,0,0,0,0,0,0,0,0,0,0,0,0
221.800,43.622,14.013,10.390,22.132,1,22.342,1.000,-14.733,-47.251,7.986,-34.788,100.123,1,-46.500,1.000,-34.788,0,0,0,0,0,0,0,0,0,0,0,0,0,0,0,0,0,0,0,0,0,0,0,0
221.850,43.544,14.000,10.308,22.066,1,22.342,1.000,-14.733,-47.252,7.995,-34.785,100.123,1,-46.500,1.000,-34.788,0,0,0,0,0,0,0,0,0,0,0,0,0,0,0,0,0,0,0,0,0,0,0,0
221.900,43.467,13.987,10.225,21.999,1,22.342,1.000,-14.733,-47.254,8.003,-34.782,100.123,1,-46.500,1.000,-34.788,0,0,0,0,0,0,0,0,0,0,0,0,0,0,0,0,0,0,0,0,0,0,0,0
221.950,43.390,13.973,10.143,21.933,1,22.342,1.000,-14.733,-47.256,8.011,-34.779,100.123,1,-46.500,1.000,-34.788,0,0,0,0,0,0,0,0,0,0,0,0,0,0,0,0,0,0,0,0,0,0,0,0
222.000,43.313,13.958,10.061,21.866,1,22.342,1.000,-14.733,-47.259,8.019,-34.775,100.123,1,-46.500,1.000,-34.788,0,0,0,0,0,0,0,0,0,0,0,0,0,0,0,0,0,0,0,0,0,0,0,0
222.050,43.236,13.943,9.979,21.800,1,22.342,1.000,-14.733,-47.261,8.027,-34.772,100.123,1,-46.500,1.000,-34.788,0,0,0,0,0,0,0,0,0,0,0,0,0,0,0,0,0,0,0,0,0,0,0,0
222.100,43.159,13.927,9.896,21.733,1,22.342,1.000,-14.733,-47.263,8.035,-34.769,100.123,1,-46.500,1.000,-34.788,0,0,0,0,0,0,0,0,0,0,0,0,0,0,0,0,0,0,0,0,0,0,0,0
222.150,43.082,13.910,9.814,21.667,1,22.342,1.000,-14.733,-47.265,8.043,-34.766,100.123,1,-46.500,1.000,-34.788,0,0,0,0,0,0,0,0,0,0,0,0,0,0,0,0,0,0,0,0,0,0,0,0
222.200,43.005,13.894,9.731,21.601,1,22.342,1.000,-14.733,-47.268,8.050,-34.762,100.123,1,-46.500,1.000,-34.788,0,0,0,0,0,0,0,0,0,0,0,0,0,0,0,0,0,0,0,0,0,0,0,0
222.250,42.928,13.876,9.649,21.534,1,22.342,1.000,-14.733,-47.270,8.058,-34.759,100.123,1,-46.500,1.000,-34.788,0,0,0,0,0,0,0,0,0,0,0,0,0,0,0,0,0,0,0,0,0,0,0,0
222.300,42.852,13.858,9.566,21.468,1,22.342,1.000,-14.733,-47.273,8.066,-34.756,100.123,1,-46.500,1.000,-34.788,0,0,0,0,0,0,0,0,0,0,0,0,0,0,0,0,0,0,0,0,0,0,0,0
222.350,42.775,13.840,9.484,21.401,1,22.342,1.000,-14.733,-47.276,8.073,-34.753,100.123,1,-46.500,1.000,-34.788,0,0,0,0,0,0,0,0,0,0,0,0,0,0,0,0,0,0,0,0,0,0,0,0
222.400,42.699,13.821,9.401,21.335,1,22.342,1.000,-14.733,-47.278,8.081,-34.749,100.123,1,-46.500,1.000,-34.788,0,0,0,0,0,0,0,0,0,0,0,0,0,0,0,0,0,0,0,0,0,0,0,0
222.450,42.622,13.802,9.318,21.268,1,22.342,1.000,-14.733,-47.281,8.088,-34.746,100.123,1,-46.500,1.000,-34.788,0,0,0,0,0,0,0,0,0,0,0,0,0,0,0,0,0,0,0,0,0,0,0,0
222.500,42.546,13.783,9.236,21.202,1,22.342,1.000,-14.733,-47.284,8.095,-34.743,100.123,1,-46.500,1.000,-34.788,0,0,0,0,0,0,0,0,0,0,0,0,0,0,0,0,0,0,0,0,0,0,0,0
222.550,42.470,13.763,9.153,21.135,1,22.342,1.000,-14.733,-47.286,8.102,-34.740,100.123,1,-46.500,1.000,-34.788,0,0,0,0,0,0,0,0,0,0,0,0,0,0,0,0,0,0,0,0,0,0,0,0
222.600,42.394,13.742,9.070,21.069,1,22.342,1.000,-14.733,-47.289,8.109,-34.737,100.123,1,-46.500,1.000,-34.788,0,0,0,0,0,0,0,0,0,0,0,0,0,0,0,0,0,0,0,0,0,0,0,0
222.650,42.318,13.722,8.987,21.002,1,22.342,1.000,-14.733,-47.292,8.116,-34.733,100.123,1,-46.500,1.000,-34.788,0,0,0,0,0,0,0,0,0,0,0,0,0,0,0,0,0,0,0,0,0,0,0,0
222.700,42.242,13.700,8.905,20.936,1,22.342,1.000,-14.733,-47.295,8.123,-34.730,100.123,1,-46.500,1.000,-34.788,0,0,0,0,0,0,0,0,0,0,0,0,0,0,0,0,0,0,0,0,0,0,0,0
222.750,42.166,13.679,8.822,20.869,1,22.342,1.000,-14.733,-47.298,8.130,-34.727,100.123,1,-46.500,1.000,-34.788,0,0,0,0,0,0,0,0,0,0,0,0,0,0,0,0,0,0,0,0,0,0,0,0
222.800,42.091,13.657,8.739,20.803,1,22.342,1.000,-14.733,-47.301,8.136,-34.724,100.123,1,-46.500,1.000,-34.788,0,0,0,0,0,0,0,0,0,0,0,0,0,0,0,0,0,0,0,0,0,0,0,0
222.850,42.015,13.635,8.656,20.736,1,22.342,1.000,-14.733,-47.304,8.142,-34.721,100.123,1,-46.500,1.000,-34.788,0,0,0,0,0,0,0,0,0,0,0,0,0,0,0,0,0,0,0,0,0,0,0,0
222.900,41.940,13.612,8.573,20.670,1,22.342,1.000,-14.733,-47.306,8.148,-34.718,100.123,1,-46.500,1.000,-34.788,0,0,0,0,0,0,0,0,0,0,0,0,0,0,0,0,0,0,0,0,0,0,0,0
222.950,41.864,13.590,8.490,20.603,1,22.342,1.000,-14.733,-47.309,8.154,-34.715,100.123,1,-46.500,1.000,-34.788,0,0,0,0,0,0,0,0,0,0,0,0,0,0,0,0,0,0,0,0,0,0,0,0
223.000,41.789,13.566,8.407,20.537,1,22.342,1.000,-14.733,-47.312,8.160,-34.712,100.123,1,-46.500,1.000,-34.788,0,0,0,0,0,0,0,0,0,0,0,0,0,0,0,0,0,0,0,0,0,0,0,0
223.050,41.713,13.543,8.324,20.470,1,22.342,1.000,-14.733,-47.315,8.166,-34.710,100.123,1,-46.500,1.000,-34.788,0,0,0,0,0,0,0,0,0,0,0,0,0,0,0,0,0,0,0,0,0,0,0,0
223.100,41.638,13.519,8.241,20.404,1,22.342,1.000,-14.733,-47.318,8.171,-34.707,100.123,1,-46.500,1.000,-34.788,0,0,0,0,0,0,0,0,0,0,0,0,0,0,0,0,0,0,0,0,0,0,0,0
223.150,41.563,13.495,8.158,20.338,1,22.342,1.000,-14.733,-47.321,8.176,-34.704,100.123,1,-46.500,1.000,-34.788,0,0,0,0,0,0,0,0,0,0,0,0,0,0,0,0,0,0,0,0,0,0,0,0
223.200,41.488,13.471,8.075,20.271,1,22.342,1.000,-14.733,-47.324,8.181,-34.702,100.123,1,-46.500,1.000,-34.788,0,0,0,0,0,0,0,0,0,0,0,0,0,0,0,0,0,0,0,0,0,0,0,0
223.250,41.413,13.447,7.992,20.205,1,22.342,1.000,-14.733,-47.326,8.186,-34.699,100.123,1,-46.500,1.000,-34.788,0,0,0,0,0,0,0,0,0,0,0,0,0,0,0,0,0,0,0,0,0,0,0,0
223.300,41.338,13.422,7.909,20.139,1,22.342,1.000,-14.733,-47.329,8.190,-34.697,100.123,1,-46.500,1.000,-34.788,0,0,0,0,0,0,0,0,0,0,0,0,0,0,0,0,0,0,0,0,0,0,0,0
223.350,41.263,13.397,7.826,20.072,1,22.342,1.000,-14.733,-47.332,8.195,-34.694,100.123,1,-46.500,1.000,-34.788,0,0,0,0,0,0,0,0,0,0,0,0,0,0,0,0,0,0,0,0,0,0,0,0
223.400,41.189,13.372,7.743,20.006,1,22.342,1.000,-14.733,-47.335,8.199,-34.692,100.123,1,-46.500,1.000,-34.788,0,0,0,0,0,0,0,0,0,0,0,0,0,0,0,0,0,0,0,0,0,0,0,0
223.450,41.114,13.347,7.660,19.940,1,22.342,1.000,-14.733,-47.337,8.203,-34.690,100.123,1,-46.500,1.000,-34.788,0,0,0,0,0,0,0,0,0,0,0,0,0,0,0,0,0,0,0,0,0,0,0,0
223.500,41.039,13.321,7.576,19.873,1,22.342,1.000,-14.733,-47.340,8.206,-34.688,100.123,1,-46.500,1.000,-34.788,0,0,0,0,0,0,0,0,0,0,0,0,0,0,0,0,0,0,0,0,0,0,0,0
223.550,40.965,13.296,7.493,19.807,1,22.342,1.000,-14.733,-47.342,8.210,-34.686,100.123,1,-46.500,1.000,-34.788,0,0,0,0,0,0,0,0,0,0,0,0,0,0,0,0,0,0,0,0,0,0,0,0
223.600,40.890,13.270,7.410,19.741,1,22.342,1.000,-14.733,-47.345,8.213,-34.684,100.123,1,-46.500,1.000,-34.788,0,0,0,0,0,0,0,0,0,0,0,0,0,0,0,0,0,0,0,0,0,0,0,0
223.650,40.816,13.244,7.327,19.675,1,22.342,1.000,-14.733,-47.347,8.216,-34.682,100.123,1,-46.500,1.000,-34.788,0,0,0,0,0,0,0,0,0,0,0,0,0,0,0,0,0,0,0,0,0,0,0,0
223.700,40.742,13.218,7.244,19.609,1,22.342,1.000,-14.733,-47.349,8.219,-34.680,100.123,1,-46.500,1.000,-34.788,0,0,0,0,0,0,0,0,0,0,0,0,0,0,0,0,0,0,0,0,0,0,0,0
223.750,40.667,13.191,7.160,19.542,1,22.342,1.000,-14.733,-47.352,8.221,-34.679,100.123,1,-46.500,1.000,-34.788,0,0,0,0,0,0,0,0,0,0,0,0,0,0,0,0,0,0,0,0,0,0,0,0
223.800,40.593,13.165,7.077,19.476,1,22.342,1.000,-14.733,-47.354,8.223,-34.677,100.123,1,-46.500,1.000,-34.788,0,0,0,0,0,0,0,0,0,0,0,0,0,0,0,0,0,0,0,0,0,0,0,0
223.850,40.519,13.138,6.994,19.410,1,22.342,1.000,-14.733,-47.356,8.225,-34.676,100.123,1,-46.500,1.000,-34.788,0,0,0,0,0,0,0,0,0,0,0,0,0,0,0,0,0,0,0,0,0,0,0,0
223.900,40.445,13.112,6.911,19.344,1,22.342,1.000,-14.733,-47.358,8.227,-34.675,100.123,1,-46.500,1.000,-34.788,0,0,0,0,0,0,0,0,0,0,0,0,0,0,0,0,0,0,0,0,0,0,0,0
223.950,40.371,13.085,6.827,19.278,1,22.342,1.000,-14.733,-47.360,8.228,-34.673,100.123,1,-46.500,1.000,-34.788,0,0,0,0,0,0,0,0,0,0,0,0,0,0,0,0,0,0,0,0,0,0,0,0
224.000,40.297,13.058,6.744,19.212,1,22.342,1.000,-14.733,-47.361,8.229,-34.672,100.123,1,-46.500,1.000,-34.788,0,0,0,0,0,0,0,0,0,0,0,0,0,0,0,0,0,0,0,0,0,0,0,0
224.050,40.224,13.031,6.661,19.146,1,22.342,1.000,-14.733,-47.363,8.230,-34.671,100.123,1,-46.500,1.000,-34.788,0,0,0,0,0,0,0,0,0,0,0,0,0,0,0,0,0,0,0,0,0,0,0,0
224.100,40.150,13.004,6.577,19.080,1,22.342,1.000,-14.733,-47.365,8.231,-34.671,100.123,1,-46.500,1.000,-34.788,0,0,0,0,0,0,0,0,0,0,0,0,0,0,0,0,0,0,0,0,0,0,0,0
224.150,40.076,12.977,6.494,19.014,1,22.342,1.000,-14.733,-47.366,8.231,-34.670,100.123,1,-46.500,1.000,-34.788,0,0,0,0,0,0,0,0,0,0,0,0,0,0,0,0,0,0,0,0,0,0,0,0
224.200,40.003,12.949,6.411,18.948,1,22.342,1.000,-14.733,-47.368,8.231,-34.669,100.123,1,-46.500,1.000,-34.788,0,0,0,0,0,0,0,0,0,0,0,0,0,0,0,0,0,0,0,0,0,0,0,0
224.250,39.929,12.922,6.327,18.883,1,22.342,1.000,-14.733,-47.369,8.231,-34.669,100.123,1,-46.500,1.000,-34.788,0,0,0,0,0,0,0,0,0,0,0,0,0,0,0,0,0,0,0,0,0,0,0,0
224.300,39.856,12.894,6.244,18.817,1,22.342,1.000,-14.733,-47.370,8.230,-34.669,100.123,1,-46.500,1.000,-34.788,0,0,0,0,0,0,0,0,0,0,0,0,0,0,0,0,0,0,0,0,0,0,0,0
224.350,39.782,12.867,6.160,18.751,1,22.342,1.000,-14.733,-47.371,8.230,-34.668,100.123,1,-46.500,1.000,-34.788,0,0,0,0,0,0,0,0,0,0,0,0,0,0,0,0,0,0,0,0,0,0,0,0
224.400,39.709,12.839,6.077,18.685,1,22.342,1.000,-14.733,-47.372,8.229,-34.668,100.123,1,-46.500,1.000,-34.788,0,0,0,0,0,0,0,0,0,0,0,0,0,0,0,0,0,0,0,0,0,0,0,0
224.450,39.636,12.812,5.993,18.620,1,22.342,1.000,-14.733,-47.373,8.227,-34.668,100.123,1,-46.500,1.000,-34.788,0,0,0,0,0,0,0,0,0,0,0,0,0,0,0,0,0,0,0,0,0,0,0,0
224.500,39.563,12.784,5.910,18.554,1,22.342,1.000,-14.733,-47.374,8.226,-34.669,100.123,1,-46.500,1.000,-34.788,0,0,0,0,0,0,0,0,0,0,0,0,0,0,0,0,0,0,0,0,0,0,0,0
224.550,39.490,12.756,5.826,18.488,1,22.342,1.000,-14.733,-47.375,8.224,-34.669,100.123,1,-46.500,1.000,-34.788,0,0,0,0,0,0,0,0,0,0,0,0,0,0,0,0,0,0,0,0,0,0,0,0
224.600,39.417,12.729,5.743,18.423,1,22.342,1.000,-14.733,-47.375,8.222,-34.669,100.123,1,-46.500,1.000,-34.788,0,0,0,0,0,0,0,0,0,0,0,0,0,0,0,0,0,0,0,0,0,0,0,0
224.650,39.344,12.701,5.659,18.357,1,22.342,1.000,-14.733,-47.375,8.220,-34.670,100.123,1,-46.500,1.000,-34.788,0,0,0,0,0,0,0,0,0,0,0,0,0,0,0,0,0,0,0,0,0,0,0,0
224.700,39.271,12.673,5.576,18.292,1,22.342,1.000,-14.733,-47.376,8.217,-34.671,100.123,1,-46.500,1.000,-34.788,0,0,0,0,0,0,0,0,0,0,0,0,0,0,0,0,0,0,0,0,0,0,0,0
224.750,39.198,12.646,5.492,18.226,1,22.342,1.000,-14.733,-47.376,8.214,-34.672,100.123,1,-46.500,1.000,-34.788,0,0,0,0,0,0,0,0,0,0,0,0,0,0,0,0,0,0,0,0,0,0,0,0
224.800,39.125,12.618,5.408,18.161,1,22.342,1.000,-14.733,-47.376,8.211,-34.673,100.123,1,-46.500,1.000,-34.788,0,0,0,0,0,0,0,0,0,0,0,0,0,0,0,0,0,0,0,0,0,0,0,0
224.850,39.052,12.590,5.325,18.095,1,22.342,1.000,-14.733,-47.376,8.207,-34.674,100.123,1,-46.500,1.000,-34.788,0,0,0,0,0,0,0,0,0,0,0,0,0,0,0,0,0,0,0,0,0,0,0,0
224.900,38.979,12.563,5.241,18.030,1,22.342,1.000,-14.733,-47.376,8.204,-34.675,100.123,1,-46.500,1.000,-34.788,0,0,0,0,0,0,0,0,0,0,0,0,0,0,0,0,0,0,0,0,0,0,0,0
224.950,38.907,12.535,5.157,17.965,1,22.342,1.000,-14.733,-47.375,8.200,-34.676,100.123,1,-46.500,1.000,-34.788,0,0,0,0,0,0,0,0,0,0,0,0,0,0,0,0,0,0,0,0,0,0,0,0
225.000,38.834,12.508,5.074,17.899,1,22.342,1.000,-14.733,-47.375,8.196,-34.678,100.123,1,-46.500,1.000,-34.788,0,0,0,0,0,0,0,0,0,0,0,0,0,0,0,0,0,0,0,0,0,0,0,0
225.050,38.762,12.480,4.990,17.834,1,22.342,1.000,-14.733,-47.374,8.191,-34.679,100.123,1,-46.500,1.000,-34.788,0,0,0,0,0,0,0,0,0,0,0,0,0,0,0,0,0,0,0,0,0,0,0,0
225.100,38.689,12.453,4.906,17.769,1,22.342,1.000,-14.733,-47.374,8.187,-34.681,100.123,1,-46.500,1.000,-34.788,0,0,0,0,0,0,0,0,0,0,0,0,0,0,0,0,0,0,0,0,0,0,0,0
225.150,38.617,12.425,4.822,17.704,1,22.342,1.000,-14.733,-47.373,8.182,-34.683,100.123,1,-46.500,1.000,-34.788,0,0,0,0,0,0,0,0,0,0,0,0,0,0,0,0,0,0,0,0,0,0,0,0
225.200,38.544,12.398,4.739,17.638,1,22.342,1.000,-14.733,-47.372,8.177,-34.685,100.123,1,-46.500,1.000,-34.788,0,0,0,0,0,0,0,0,0,0,0,0,0,0,0,0,0,0,0,0,0,0,0,0
225.250,38.472,12.371,4.655,17.573,1,22.342,1.000,-14.733,-47.371,8.171,-34.687,100.123,1,-46.500,1.000,-34.788,0,0,0,0,0,0,0,0,0,0,0,0,0,0,0,0,0,0,0,0,0,0,0,0
225.300,38.400,12.343,4.571,17.508,1,22.342,1.000,-14.733,-47.370,8.166,-34.689,100.123,1,-46.500,1.000,-34.788,0,0,0,0,0,0,0,0,0,0,0,0,0,0,0,0,0,0,0,0,0,0,0,0
225.350,38.327,12.316,4.487,17.443,1,22.342,1.000,-14.733,-47.369,8.160,-34.692,100.123,1,-46.500,1.000,-34.788,0,0,0,0,0,0,0,0,0,0,0,0,0,0,0,0,0,0,0,0,0,0,0,0
225.400,38.255,12.289,4.403,17.378,1,22.342,1.000,-14.733,-47.368,8.154,-34.694,100.123,1,-46.500,1.000,-34.788,0,0,0,0,0,0,0,0,0,0,0,0,0,0,0,0,0,0,0,0,0,0,0,0
225.450,38.183,12.262,4.319,17.313,1,22.342,1.000,-14.733,-47.366,8.148,-34.697,100.123,1,-46.500,1.000,-34.788,0,0,0,0,0,0,0,0,0,0,0,0,0,0,0,0,0,0,0,0,0,0,0,0
225.500,38.111,12.235,4.236,17.248,1,22.342,1.000,-14.733,-47.365,8.141,-34.699,100.123,1,-46.500,1.000,-34.788,0,0,0,0,0,0,0,0,0,0,0,0,0,0,0,0,0,0,0,0,0,0,0,0
225.550,38.039,12.208,4.152,17.183,1,22.342,1.000,-14.733,-47.363,8.135,-34.702,100.123,1,-46.500,1.000,-34.788,0,0,0,0,0,0,0,0,0,0,0,0,0,0,0,0,0,0,0,0,0,0,0,0
225.600,37.966,12.181,4.068,17.118,1,22.342,1.000,-14.733,-47.361,8.128,-34.705,100.123,1,-46.500,1.000,-34.788,0,0,0,0,0,0,0,0,0,0,0,0,0,0,0,0,0,0,0,0,0,0,0,0
225.650,37.894,12.154,3.984,17.053,1,22.342,1.000,-14.733,-47.360,8.121,-34.708,100.123,1,-46.500,1.000,-34.788,0,0,0,0,0,0,0,0,0,0,0,0,0,0,0,0,0,0,0,0,0,0,0,0
225.700,37.822,12.127,3.900,16.988,1,22.342,1.000,-14.733,-47.358,8.114,-34.711,100.123,1,-46.500,1.000,-34.788,0,0,0,0,0,0,0,0,0,0,0,0,0,0,0,0,0,0,0,0,0,0,0,0
225.750,37.750,12.101,3.816,16.923,1,22.342,1.000,-14.733,-47.356,8.107,-34.714,100.123,1,-46.500,1.000,-34.788,0,0,0,0,0,0,0,0,0,0,0,0,0,0,0,0,0,0,0,0,0,0,0,0
225.800,37.678,12.074,3.732,16.858,1,22.342,1.000,-14.733,-47.354,8.100,-34.717,100.123,1,-46.500,1.000,-34.788,0,0,0,0,0,0,0,0,0,0,0,0,0,0,0,0,0,0,0,0,0,0,0,0
225.850,37.607,12.048,3.648,16.793,1,22.342,1.000,-14.733,-47.352,8.092,-34.720,100.123,1,-46.500,1.000,-34.788,0,0,0,0,0,0,0,0,0,0,0,0,0,0,0,0,0,0,0,0,0,0,0,0
225.900,37.535,12.021,3.563,16.728,1,22.342,1.000,-14.733,-47.349,8.085,-34.724,100.123,1,-46.500,1.000,-34.788,0,0,0,0,0,0,0,0,0,0,0,0,0,0,0,0,0,0,0,0,0,0,0,0
225.950,37.463,11.995,3.479,16.664,1,22.342,1.000,-14.733,-47.347,8.077,-34.727,100.123,1,-46.500,1.000,-34.788,0,0,0,0,0,0,0,0,0,0,0,0,0,0,0,0,0,0,0,0,0,0,0,0
226.000,37.391,11.969,3.395,16.599,1,22.342,1.000,-14.733,-47.345,8.069,-34.730,100.123,1,-46.500,1.000,-34.788,0,0,0,0,0,0,0,0,0,0,0,0,0,0,0,0,0,0,0,0,0,0,0,0
226.050,37.319,11.943,3.311,16.534,1,22.342,1.000,-14.733,-47.343,8.061,-34.734,100.123,1,-46.500,1.000,-34.788,0,0,0,0,0,0,0,0,0,0,0,0,0,0,0,0,0,0,0,0,0,0,0,0
226.100,37.247,11.917,3.227,16.469,1,22.342,1.000,-14.733,-47.340,8.053,-34.738,100.123,1,-46.500,1.000,-34.788,0,0,0,0,0,0,0,0,0,0,0,0,0,0,0,0,0,0,0,0,0,0,0,0
226.150,37.176,11.891,3.143,16.404,1,22.342,1.000,-14.733,-47.338,8.045,-34.741,100.123,1,-46.500,1.000,-34.788,0,0,0,0,0,0,0,0,0,0,0,0,0,0,0,0,0,0,0,0,0,0,0,0
226.200,37.104,11.865,3.058,16.340,1,22.342,1.000,-14.733,-47.335,8.037,-34.745,100.123,1,-46.500,1.000,-34.788,0,0,0,0,0,0,0,0,0,0,0,0,0,0,0,0,0,0,0,0,0,0,0,0
226.250,37.032,11.839,2.974,16.275,1,22.342,1.000,-14.733,-47.333,8.029,-34.749,100.123,1,-46.500,1.000,-34.788,0,0,0,0,0,0,0,0,0,0,0,0,0,0,0,0,0,0,0,0,0,0,0,0
226.300,36.961,11.813,2.890,16.210,1,22.342,1.000,-14.733,-47.330,8.020,-34.752,100.123,1,-46.500,1.000,-34.788,0,0,0,0,0,0,0,0,0,0,0,0,0,0,0,0,0,0,0,0,0,0,0,0
226.350,36.889,11.787,2.806,16.145,1,22.342,1.000,-14.733,-47.328,8.012,-34.756,100.123,1,-46.500,1.000,-34.788,0,0,0,0,0,0,0,0,0,0,0,0,0,0,0,0,0,0,0,0,0,0,0,0
226.400,36.817,11.762,2.721,16.081,1,22.342,1.000,-14.733,-47.325,8.003,-34.760,100.123,1,-46.500,1.000,-34.788,0,0,0,0,0,0,0,0,0,0,0,0,0,0,0,0,0,0,0,0,0,0,0,0
226.450,36.746,11.736,2.637,16.016,1,22.342,1.000,-14.733,-47.322,7.995,-34.764,100.123,1,-46.500,1.000,-34.788,0,0,0,0,0,0,0,0,0,0,0,0,0,0,0,0,0,0,0,0,0,0,0,0
226.500,36.674,11.711,2.553,15.951,1,22.342,1.000,-14.733,-47.320,7.986,-34.768,100.123,1,-46.500,1.000,-34.788,0,0,0,0,0,0,0,0,0,0,0,0,0,0,0,0,0,0,0,0,0,0,0,0
226.550,36.603,11.685,2.468,15.887,1,22.342,1.000,-14.733,-47.317,7.978,-34.772,100.123,1,-46.500,1.000,-34.788,0,0,0,0,0,0,0,0,0,0,0,0,0,0,0,0,0,0,0,0,0,0,0,0
226.600,36.531,11.660,2.384,15.822,1,22.342,1.000,-14.733,-47.314,7.969,-34.776,100.123,1,-46.500,1.000,-34.788,0,0,0,0,0,0,0,0,0,0,0,0,0,0,0,0,0,0,0,0,0,0,0,0
226.650,36.460,11.635,2.300,15.758,1,22.342,1.000,-14.733,-47.312,7.961,-34.779,100.123,1,-46.500,1.000,-34.788,0,0,0,0,0,0,0,0,0,0,0,0,0,0,0,0,0,0,0,0,0,0,0,0
226.700,36.388,11.610,2.215,15.693,1,22.342,1.000,-14.733,-47.309,7.952,-34.783,100.123,1,-46.500,1.000,-34.788,0,0,0,0,0,0,0,0,0,0,0,0,0,0,0,0,0,0,0,0,0,0,0,0
226.750,36.317,11.585,2.131,15.628,1,22.342,1.000,-14.733,-47.306,7.944,-34.787,100.123,1,-46.500,1.000,-34.788,0,0,0,0,0,0,0,0,0,0,0,0,0,0,0,0,0,0,0,0,0,0,0,0
226.800,36.245,11.560,2.046,15.564,1,22.342,1.000,-14.733,-47.304,7.935,-34.791,100.123,1,-46.500,1.000,-34.788,0,0,0,0,0,0,0,0,0,0,0,0,0,0,0,0,0,0,0,0,0,0,0,0
226.850,36.174,11.535,1.962,15.499,1,22.342,1.000,-14.733,-47.301,7.927,-34.795,100.123,1,-46.500,1.000,-34.788,0,0,0,0,0,0,0,0,0,0,0,0,0,0,0,0,0,0,0,0,0,0,0,0
226.900,36.102,11.510,1.878,15.435,1,22.342,1.000,-14.733,-47.298,7.918,-34.799,100.123,1,-46.500,1.000,-34.788,0,0,0,0,0,0,0,0,0,0,0,0,0,0,0,0,0,0,0,0,0,0,0,0
226.950,36.031,11.485,1.793,15.370,1,22.342,1.000,-14.733,-47.296,7.910,-34.803,100.123,1,-46.500,1.000,-34.788,0,0,0,0,0,0,0,0,0,0,0,0,0,0,0,0,0,0,0,0,0,0,0,0
227.000,35.960,11.460,1.709,15.306,1,22.342,1.000,-14.733,-47.293,7.901,-34.806,100.123,1,-46.500,1.000,-34.788,0,0,0,0,0,0,0,0,0,0,0,0,0,0,0,0,0,0,0,0,0,0,0,0
227.050,35.888,11.436,1.624,15.241,1,22.342,1.000,-14.733,-47.291,7.893,-34.810,100.123,1,-46.500,1.000,-34.788,0,0,0,0,0,0,0,0,0,0,0,0,0,0,0,0,0,0,0,0,0,0,0,0
227.100,35.817,11.411,1.540,15.177,1,22.342,1.000,-14.733,-47.288,7.885,-34.814,100.123,1,-46.500,1.000,-34.788,0,0,0,0,0,0,0,0,0,0,0,0,0,0,0,0,0,0,0,0,0,0,0,0
227.150,35.746,11.387,1.455,15.113,1,22.342,1.000,-14.733,-47.286,7.877,-34.818,100.123,1,-46.500,1.000,-34.788,0,0,0,0,0,0,0,0,0,0,0,0,0,0,0,0,0,0,0,0,0,0,0,0
227.200,35.674,11.363,1.370,15.048,1,22.342,1.000,-14.733,-47.283,7.869,-34.821,100.123,1,-46.500,1.000,-34.788,0,0,0,0,0,0,0,0,0,0,0,0,0,0,0,0,0,0,0,0,0,0,0,0
227.250,35.603,11.339,1.286,14.984,1,22.342,1.000,-14.733,-47.281,7.861,-34.825,100.123,1,-46.500,1.000,-34.788,0,0,0,0,0,0,0,0,0,0,0,0,0,0,0,0,0,0,0,0,0,0,0,0
227.300,35.532,11.315,1.201,14.919,1,22.342,1.000,-14.733,-47.279,7.853,-34.828,100.123,1,-46.500,1.000,-34.788,0,0,0,0,0,0,0,0,0,0,0,0,0,0,0,0,0,0,0,0,0,0,0,0
227.350,35.460,11.291,1.117,14.855,1,22.342,1.000,-14.733,-47.276,7.845,-34.832,100.123,1,-46.500,1.000,-34.788,0,0,0,0,0,0,0,0,0,0,0,0,0,0,0,0,0,0,0,0,0,0,0,0
227.400,35.389,11.267,1.032,14.791,1,22.342,1.000,-14.733,-47.274,7.837,-34.835,100.123,1,-46.500,1.000,-34.788,0,0,0,0,0,0,0,0,0,0,0,0,0,0,0,0,0,0,0,0,0,0,0,0
227.450,35.318,11.243,0.947,14.726,1,22.342,1.000,-14.733,-47.272,7.830,-34.838,100.123,1,-46.500,1.000,-34.788,0,0,0,0,0,0,0,0,0,0,0,0,0,0,0,0,0,0,0,0,0,0,0,0
227.500,35.247,11.219,0.863,14.662,1,22.342,1.000,-14.733,-47.270,7.822,-34.842,100.123,1,-46.500,1.000,-34.788,0,0,0,0,0,0,0,0,0,0,0,0,0,0,0,0,0,0,0,0,0,0,0,0
227.550,35.175,11.195,0.778,14.598,1,22.342,1.000,-14.733,-47.268,7.815,-34.845,100.123,1,-46.500,1.000,-34.788,0,0,0,0,0,0,0,0,0,0,0,0,0,0,0,0,0,0,0,0,0,0,0,0
227.600,35.104,11.172,0.693,14.533,1,22.342,1.000,-14.733,-47.266,7.808,-34.848,100.123,1,-46.500,1.000,-34.788,0,0,0,0,0,0,0,0,0,0,0,0,0,0,0,0,0,0,0,0,0,0,0,0
227.650,35.033,11.148,0.609,14.469,1,22.342,1.000,-14.733,-47.264,7.801,-34.851,100.123,1,-46.500,1.000,-34.788,0,0,0,0,0,0,0,0,0,0,0,0,0,0,0,0,0,0,0,0,0,0,0,0
227.700,34.962,11.125,0.524,14.405,1,22.342,1.000,-14.733,-47.262,7.795,-34.854,100.123,1,-46.500,1.000,-34.788,0,0,0,0,0,0,0,0,0,0,0,0,0,0,0,0,0,0,0,0,0,0,0,0
227.750,34.891,11.101,0.439,14.340,1,22.342,1.000,-14.733,-47.261,7.788,-34.857,100.123,1,-46.500,1.000,-34.788,0,0,0,0,0,0,0,0,0,0,0,0,0,0,0,0,0,0,0,0,0,0,0,0
227.800,34.820,11.078,0.354,14.276,1,22.342,1.000,-14.733,-47.259,7.782,-34.859,100.123,1,-46.500,1.000,-34.788,0,0,0,0,0,0,0,0,0,0,0,0,0,0,0,0,0,0,0,0,0,0,0,0
227.850,34.748,11.055,0.270,14.212,1,22.342,1.000,-14.733,-47.257,7.775,-34.862,100.123,1,-46.500,1.000,-34.788,0,0,0,0,0,0,0,0,0,0,0,0,0,0,0,0,0,0,0,0,0,0,0,0
227.900,34.677,11.032,0.185,14.148,1,22.342,1.000,-14.733,-47.256,7.769,-34.864,100.123,1,-46.500,1.000,-34.788,0,0,0,0,0,0,0,0,0,0,0,0,0,0,0,0,0,0,0,0,0,0,0,0
227.950,34.606,11.008,0.100,14.083,1,22.342,1.000,-14.733,-47.254,7.763,-34.867,100.123,1,-46.500,1.000,-34.788,0,0,0,0,0,0,0,0,0,0,0,0,0,0,0,0,0,0,0,0,0,0,0,0
228.000,34.535,10.985,0.015,14.019,1,22.342,1.000,-14.733,-47.253,7.758,-34.869,100.123,1,-46.500,1.000,-34.788,0,0,0,0,0,0,0,0,0,0,0,0,0,0,0,0,0,0,0,0,0,0,0,0
228.050,34.464,10.962,-0.070,13.954,1,22.342,1.000,-14.733,-47.252,7.752,-34.871,100.123,1,-46.500,1.000,-34.788,0,0,0,0,0,0,0,0,0,0,0,0,0,0,0,0,0,0,0,0,0,0,0,0
228.100,34.393,10.939,-0.154,13.890,1,22.342,1.000,-14.733,-47.250,7.747,-34.873,100.123,1,-46.500,1.000,-34.788,0,0,0,0,0,0,0,0,0,0,0,0,0,0,0,0,0,0,0,0,0,0,0,0
228.150,34.322,10.917,-0.239,13.826,1,22.342,1.000,-14.733,-47.249,7.742,-34.875,100.123,1,-46.500,1.000,-34.788,0,0,0,0,0,0,0,0,0,0,0,0,0,0,0,0,0,0,0,0,0,0,0,0
228.200,34.250,10.894,-0.324,13.761,1,22.342,1.000,-14.733,-47.248,7.737,-34.877,100.123,1,-46.500,1.000,-34.788,0,0,0,0,0,0,0,0,0,0,0,0,0,0,0,0,0,0,0,0,0,0,0,0
228.250,34.179,10.871,-0.409,13.697,1,22.342,1.000,-14.733,-47.247,7.733,-34.878,100.123,1,-46.500,1.000,-34.788,0,0,0,0,0,0,0,0,0,0,0,0,0,0,0,0,0,0,0,0,0,0,0,0
228.300,34.108,10.848,-0.494,13.632,1,22.342,1.000,-14.733,-47.246,7.729,-34.880,100.123,1,-46.500,1.000,-34.788,0,0,0,0,0,0,0,0,0,0,0,0,0,0,0,0,0,0,0,0,0,0,0,0
228.350,34.037,10.825,-0.579,13.568,1,22.342,1.000,-14.733,-47.246,7.725,-34.881,100.123,1,-46.500,1.000,-34.788,0,0,0,0,0,0,0,0,0,0,0,0,0,0,0,0,0,0,0,0,0,0,0,0
228.400,33.966,10.803,-0.664,13.503,1,22.342,1.000,-14.733,-47.245,7.721,-34.882,100.123,1,-46.500,1.000,-34.788,0,0,0,0,0,0,0,0,0,0,0,0,0,0,0,0,0,0,0,0,0,0,0,0
228.450,33.895,10.780,-0.748,13.439,1,22.342,1.000,-14.733,-47.244,7.717,-34.884,100.123,1,-46.500,1.000,-34.788,0,0,0,0,0,0,0,0,0,0,0,0,0,0,0,0,0,0,0,0,0,0,0,0
228.500,33.823,10.758,-0.833,13.374,1,22.342,1.000,-14.733,-47.244,7.714,-34.885,100.123,1,-46.500,1.000,-34.788,0,0,0,0,0,0,0,0,0,0,0,0,0,0,0,0,0,0,0,0,0,0,0,0
228.550,33.752,10.735,-0.918,13.310,1,22.342,1.000,-14.733,-47.243,7.711,-34.885,100.123,1,-46.500,1.000,-34.788,0,0,0,0,0,0,0,0,0,0,0,0,0,0,0,0,0,0,0,0,0,0,0,0
228.600,33.681,10.713,-1.003,13.245,1,22.342,1.000,-14.733,-47.243,7.708,-34.886,100.123,1,-46.500,1.000,-34.788,0,0,0,0,0,0,0,0,0,0,0,0,0,0,0,0,0,0,0,0,0,0,0,0
228.650,33.610,10.690,-1.088,13.181,1,22.342,1.000,-14.733,-47.243,7.705,-34.887,100.123,1,-46.500,1.000,-34.788,0,0,0,0,0,0,0,0,0,0,0,0,0,0,0,0,0,0,0,0,0,0,0,0
228.700,33.538,10.668,-1.173,13.116,1,22.342,1.000,-14.733,-47.242,7.703,-34.887,100.123,1,-46.500,1.000,-34.788,0,0,0,0,0,0,0,0,0,0,0,0,0,0,0,0,0,0,0,0,0,0,0,0
228.750,33.467,10.645,-1.258,13.051,1,22.342,1.000,-14.733,-47.242,7.701,-34.887,100.123,1,-46.500,1.000,-34.788,0,0,0,0,0,0,0,0,0,0,0,0,0,0,0,0,0,0,0,0,0,0,0,0
228.800,33.396,10.623,-1.343,12.987,1,22.342,1.000,-14.733,-47.242,7.699,-34.888,100.123,1,-46.500,1.000,-34.788,0,0,0,0,0,0,0,0,0,0,0,0,0,0,0,0,0,0,0,0,0,0,0,0
228.850,33.324,10.600,-1.427,12.922,1,22.342,1.000,-14.733,-47.242,7.697,-34.888,100.123,1,-46.500,1.000,-34.788,0,0,0,0,0,0,0,0,0,0,0,0,0,0,0,0,0,0,0,0,0,0,0,0
228.900,33.253,10.578,-1.512,12.857,1,22.342,1.000,-14.733,-47.242,7.696,-34.888,100.123,1,-46.500,1.000,-34.788,0,0,0,0,0,0,0,0,0,0,0,0,0,0,0,0,0,0,0,0,0,0,0,0
228.950,33.182,10.555,-1.597,12.793,1,22.342,1.000,-14.733,-47.243,7.695,-34.887,100.123,1,-46.500,1.000,-34.788,0,0,0,0,0,0,0,0,0,0,0,0,0,0,0,0,0,0,0,0,0,0,0,0
229.000,33.110,10.533,-1.682,12.728,1,22.342,1.000,-14.733,-47.243,7.694,-34.887,100.123,1,-46.500,1.000,-34.788,0,0,0,0,0,0,0,0,0,0,0,0,0,0,0,0,0,0,0,0,0,0,0,0
229.050,33.039,10.510,-1.767,12.663,1,22.342,1.000,-14.733,-47.243,7.694,-34.886,100.123,1,-46.500,1.000,-34.788,0,0,0,0,0,0,0,0,0,0,0,0,0,0,0,0,0,0,0,0,0,0,0,0
229.100,32.967,10.488,-1.852,12.598,1,22.342,1.000,-14.733,-47.244,7.694,-34.886,100.123,1,-46.500,1.000,-34.788,0,0,0,0,0,0,0,0,0,0,0,0,0,0,0,0,0,0,0,0,0,0,0,0
229.150,32.896,10.465,-1.937,12.533,1,22.342,1.000,-14.733,-47.244,7.694,-34.885,100.123,1,-46.500,1.000,-34.788,0,0,0,0,0,0,0,0,0,0,0,0,0,0,0,0,0,0,0,0,0,0,0,0
229.200,32.824,10.443,-2.021,12.468,1,22.342,1.000,-14.733,-47.245,7.694,-34.884,100.123,1,-46.500,1.000,-34.788,0,0,0,0,0,0,0,0,0,0,0,0,0,0,0,0,0,0,0,0,0,0,0,0
229.250,32.753,10.420,-2.106,12.404,1,22.342,1.000,-14.733,-47.246,7.695,-34.883,100.123,1,-46.500,1.000,-34.788,0,0,0,0,0,0,0,0,0,0,0,0,0,0,0,0,0,0,0,0,0,0,0,0
229.300,32.681,10.398,-2.191,12.338,1,22.342,1.000,-14.733,-47.246,7.695,-34.882,100.123,1,-46.500,1.000,-34.788,0,0,0,0,0,0,0,0,0,0,0,0,0,0,0,0,0,0,0,0,0,0,0,0
229.350,32.609,10.375,-2.276,12.273,1,22.342,1.000,-14.733,-47.247,7.697,-34.880,100.123,1,-46.500,1.000,-34.788,0,0,0,0,0,0,0,0,0,0,0,0,0,0,0,0,0,0,0,0,0,0,0,0
229.400,32.538,10.352,-2.361,12.208,1,22.342,1.000,-14.733,-47.248,7.698,-34.879,100.123,1,-46.500,1.000,-34.788,0,0,0,0,0,0,0,0,0,0,0,0,0,0,0,0,0,0,0,0,0,0,0,0
229.450,32.466,10.329,-2.445,12.143,1,22.342,1.000,-14.733,-47.249,7.700,-34.877,100.123,1,-46.500,1.000,-34.788,0,0,0,0,0,0,0,0,0,0,0,0,0,0,0,0,0,0,0,0,0,0,0,0
229.500,32.394,10.307,-2.530,12.078,1,22.342,1.000,-14.733,-47.250,7.702,-34.876,100.123,1,-46.500,1.000,-34.788,0,0,0,0,0,0,0,0,0,0,0,0,0,0,0,0,0,0,0,0,0,0,0,0
229.550,32.323,10.284,-2.615,12.012,1,22.342,1.000,-14.733,-47.251,7.704,-34.874,100.123,1,-46.500,1.000,-34.788,0,0,0,0,0,0,0,0,0,0,0,0,0,0,0,0,0,0,0,0,0,0,0,0
229.600,32.251,10.260,-2.700,11.947,1,22.342,1.000,-14.733,-47.252,7.706,-34.872,100.123,1,-46.500,1.000,-34.788,0,0,0,0,0,0,0,0,0,0,0,0,0,0,0,0,0,0,0,0,0,0,0,0
229.650,32.179,10.237,-2.784,11.882,1,22.342,1.000,-14.733,-47.254,7.709,-34.870,100.123,1,-46.500,1.000,-34.788,0,0,0,0,0,0,0,0,0,0,0,0,0,0,0,0,0,0,0,0,0,0,0,0
229.700,32.107,10.214,-2.869,11.816,1,22.342,1.000,-14.733,-47.255,7.712,-34.868,100.123,1,-46.500,1.000,-34.788,0,0,0,0,0,0,0,0,0,0,0,0,0,0,0,0,0,0,0,0,0,0,0,0
229.750,32.035,10.190,-2.954,11.750,1,22.342,1.000,-14.733,-47.256,7.715,-34.865,100.123,1,-46.500,1.000,-34.788,0,0,0,0,0,0,0,0,0,0,0,0,0,0,0,0,0,0,0,0,0,0,0,0
229.800,31.963,10.167,-3.039,11.685,1,22.342,1.000,-14.733,-47.258,7.719,-34.863,100.123,1,-46.500,1.000,-34.788,0,0,0,0,0,0,0,0,0,0,0,0,0,0,0,0,0,0,0,0,0,0,0,0
229.850,31.891,10.143,-3.123,11.619,1,22.342,1.000,-14.733,-47.259,7.723,-34.860,100.123,1,-46.500,1.000,-34.788,0,0,0,0,0,0,0,0,0,0,0,0,0,0,0,0,0,0,0,0,0,0,0,0
229.900,31.819,10.119,-3.208,11.553,1,22.342,1.000,-14.733,-47.261,7.727,-34.858,100.123,1,-46.500,1.000,-34.788,0,0,0,0,0,0,0,0,0,0,0,0,0,0,0,0,0,0,0,0,0,0,0,0
229.950,31.747,10.095,-3.292,11.487,1,22.342,1.000,-14.733,-47.262,7.731,-34.855,100.123,1,-46.500,1.000,-34.788,0,0,0,0,0,0,0,0,0,0,0,0,0,0,0,0,0,0,0,0,0,0,0,0
230.000,31.675,10.070,-3.377,11.421,1,22.342,1.000,-14.733,-47.264,7.735,-34.852,100.123,1,-46.500,1.000,-34.788,0,0,0,0,0,0,0,0,0,0,0,0,0,0,0,0,0,0,0,0,0,0,0,0
230.050,31.603,10.046,-3.462,11.355,1,22.342,1.000,-14.733,-47.266,7.740,-34.849,100.123,1,-46.500,1.000,-34.788,0,0,0,0,0,0,0,0,0,0,0,0,0,0,0,0,0,0,0,0,0,0,0,0
230.100,31.531,10.021,-3.546,11.289,1,22.342,1.000,-14.733,-47.267,7.745,-34.846,100.123,1,-46.500,1.000,-34.788,0,0,0,0,0,0,0,0,0,0,0,0,0,0,0,0,0,0,0,0,0,0,0,0
230.150,31.458,9.996,-3.631,11.223,1,22.342,1.000,-14.733,-47.269,7.750,-34.843,100.123,1,-46.500,1.000,-34.788,0,0,0,0,0,0,0,0,0,0,0,0,0,0,0,0,0,0,0,0,0,0,0,0
230.200,31.386,9.971,-3.715,11.157,1,22.342,1.000,-14.733,-47.271,7.756,-34.840,100.123,1,-46.500,1.000,-34.788,0,0,0,0,0,0,0,0,0,0,0,0,0,0,0,0,0,0,0,0,0,0,0,0
230.250,31.314,9.946,-3.800,11.090,1,22.342,1.000,-14.733,-47.273,7.761,-34.837,100.123,1,-46.500,1.000,-34.788,0,0,0,0,0,0,0,0,0,0,0,0,0,0,0,0,0,0,0,0,0,0,0,0
230.300,31.242,9.920,-3.884,11.024,1,22.342,1.000,-14.733,-47.275,7.767,-34.834,100.123,1,-46.500,1.000,-34.788,0,0,0,0,0,0,0,0,0,0,0,0,0,0,0,0,0,0,0,0,0,0,0,0
230.350,31.169,9.895,-3.968,10.957,1,22.342,1.000,-14.733,-47.276,7.773,-34.831,100.123,1,-46.500,1.000,-34.788,0,0,0,0,0,0,0,0,0,0,0,0,0,0,0,0,0,0,0,0,0,0,0,0
230.400,31.097,9.869,-4.053,10.891,1,22.342,1.000,-14.733,-47.278,7.779,-34.827,100.123,1,-46.500,1.000,-34.788,0,0,0,0,0,0,0,0,0,0,0,0,0,0,0,0,0,0,0,0,0,0,0,0
230.450,31.024,9.842,-4.137,10.824,1,22.342,1.000,-14.733,-47.280,7.786,-34.824,100.123,1,-46.500,1.000,-34.788,0,0,0,0,0,0,0,0,0,0,0,0,0,0,0,0,0,0,0,0,0,0,0,0
230.500,30.952,9.816,-4.221,10.757,1,22.342,1.000,-14.733,-47.282,7.792,-34.820,100.123,1,-46.500,1.000,-34.788,0,0,0,0,0,0,0,0,0,0,0,0,0,0,0,0,0,0,0,0,0,0,0,0
230.550,30.879,9.789,-4.306,10.691,1,22.342,1.000,-14.733,-47.284,7.799,-34.817,100.123,1,-46.500,1.000,-34.788,0,0,0,0,0,0,0,0,0,0,0,0,0,0,0,0,0,0,0,0,0,0,0,0
230.600,30.807,9.762,-4.390,10.624,1,22.342,1.000,-14.733,-47.286,7.806,-34.813,100.123,1,-46.500,1.000,-34.788,0,0,0,0,0,0,0,0,0,0,0,0,0,0,0,0,0,0,0,0,0,0,0,0
230.650,30.734,9.735,-4.474,10.556,1,22.342,1.000,-14.733,-47.288,7.813,-34.810,100.123,1,-46.500,1.000,-34.788,0,0,0,0,0,0,0,0,0,0,0,0,0,0,0,0,0,0,0,0,0,0,0,0
230.700,30.662,9.707,-4.558,10.489,1,22.342,1.000,-14.733,-47.290,7.820,-34.806,100.123,1,-46.500,1.000,-34.788,0,0,0,0,0,0,0,0,0,0,0,0,0,0,0,0,0,0,0,0,0,0,0,0
230.750,30.589,9.679,-4.642,10.422,1,22.342,1.000,-14.733,-47.292,7.828,-34.803,100.123,1,-46.500,1.000,-34.788,0,0,0,0,0,0,0,0,0,0,0,0,0,0,0,0,0,0,0,0,0,0,0,0
230.800,30.516,9.651,-4.726,10.354,1,22.342,1.000,-14.733,-47.294,7.835,-34.799,100.123,1,-46.500,1.000,-34.788,0,0,0,0,0,0,0,0,0,0,0,0,0,0,0,0,0,0,0,0,0,0,0,0
230.850,30.443,9.622,-4.810,10.287,1,22.342,1.000,-14.733,-47.296,7.843,-34.795,100.123,1,-46.500,1.000,-34.788,0,0,0,0,0,0,0,0,0,0,0,0,0,0,0,0,0,0,0,0,0,0,0,0
230.900,30.371,9.593,-4.894,10.219,1,22.342,1.000,-14.733,-47.298,7.850,-34.792,100.123,1,-46.500,1.000,-34.788,0,0,0,0,0,0,0,0,0,0,0,0,0,0,0,0,0,0,0,0,0,0,0,0
230.950,30.298,9.564,-4.978,10.151,1,22.342,1.000,-14.733,-47.300,7.858,-34.788,100.123,1,-46.500,1.000,-34.788,0,0,0,0,0,0,0,0,0,0,0,0,0,0,0,0,0,0,0,0,0,0,0,0
231.000,30.225,9.535,-5.062,10.083,1,22.342,1.000,-14.733,-47.302,7.866,-34.784,100.123,1,-46.500,1.000,-34.788,0,0,0,0,0,0,0,0,0,0,0,0,0,0,0,0,0,0,0,0,0,0,0,0
231.050,30.152,9.504,-5.146,10.015,1,22.342,1.000,-14.733,-47.303,7.874,-34.781,100.123,1,-46.500,1.000,-34.788,0,0,0,0,0,0,0,0,0,0,0,0,0,0,0,0,0,0,0,0,0,0,0,0
231.100,30.079,9.474,-5.230,9.946,1,22.342,1.000,-14.733,-47.305,7.883,-34.777,100.123,1,-46.500,1.000,-34.788,0,0,0,0,0,0,0,0,0,0,0,0,0,0,0,0,0,0,0,0,0,0,0,0
231.150,30.006,9.443,-5.313,9.878,1,22.342,1.000,-14.733,-47.307,7.891,-34.773,100.123,1,-46.500,1.000,-34.788,0,0,0,0,0,0,0,0,0,0,0,0,0,0,0,0,0,0,0,0,0,0,0,0
231.200,29.934,9.412,-5.397,9.809,1,22.342,1.000,-14.733,-47.309,7.899,-34.770,100.123,1,-46.500,1.000,-34.788,0,0,0,0,0,0,0,0,0,0,0,0,0,0,0,0,0,0,0,0,0,0,0,0
231.250,29.861,9.380,-5.481,9.741,1,22.342,1.000,-14.733,-47.311,7.907,-34.766,100.123,1,-46.500,1.000,-34.788,0,0,0,0,0,0,0,0,0,0,0,0,0,0,0,0,0,0,0,0,0,0,0,0
231.300,29.788,9.348,-5.564,9.672,1,22.342,1.000,-14.733,-47.313,7.916,-34.763,100.123,1,-46.500,1.000,-34.788,0,0,0,0,0,0,0,0,0,0,0,0,0,0,0,0,0,0,0,0,0,0,0,0
231.350,29.715,9.316,-5.648,9.603,1,22.342,1.000,-14.733,-47.315,7.924,-34.759,100.123,1,-46.500,1.000,-34.788,0,0,0,0,0,0,0,0,0,0,0,0,0,0,0,0,0,0,0,0,0,0,0,0
231.400,29.642,9.283,-5.731,9.534,1,22.342,1.000,-14.733,-47.316,7.933,-34.756,100.123,1,-46.500,1.000,-34.788,0,0,0,0,0,0,0,0,0,0,0,0,0,0,0,0,0,0,0,0,0,0,0,0
231.450,29.569,9.249,-5.815,9.464,1,22.342,1.000,-14.733,-47.318,7.941,-34.753,100.123,1,-46.500,1.000,-34.788,0,0,0,0,0,0,0,0,0,0,0,0,0,0,0,0,0,0,0,0,0,0,0,0
231.500,29.496,9.216,-5.898,9.395,1,22.342,1.000,-14.733,-47.320,7.950,-34.749,100.123,1,-46.500,1.000,-34.788,0,0,0,0,0,0,0,0,0,0,0,0,0,0,0,0,0,0,0,0,0,0,0,0
231.550,29.423,9.181,-5.981,9.325,1,22.342,1.000,-14.733,-47.321,7.958,-34.746,100.123,1,-46.500,1.000,-34.788,0,0,0,0,0,0,0,0,0,0,0,0,0,0,0,0,0,0,0,0,0,0,0,0
231.600,29.350,9.146,-6.065,9.255,1,22.342,1.000,-14.733,-47.323,7.966,-34.743,100.123,1,-46.500,1.000,-34.788,0,0,0,0,0,0,0,0,0,0,0,0,0,0,0,0,0,0,0,0,0,0,0,0
231.650,29.277,9.111,-6.148,9.186,1,22.342,1.000,-14.733,-47.325,7.975,-34.740,100.123,1,-46.500,1.000,-34.788,0,0,0,0,0,0,0,0,0,0,0,0,0,0,0,0,0,0,0,0,0,0,0,0
231.700,29.204,9.076,-6.231,9.115,1,22.342,1.000,-14.733,-47.326,7.983,-34.737,100.123,1,-46.500,1.000,-34.788,0,0,0,0,0,0,0,0,0,0,0,0,0,0,0,0,0,0,0,0,0,0,0,0
231.750,29.130,9.039,-6.314,9.045,1,22.342,1.000,-14.733,-47.328,7.992,-34.734,100.123,1,-46.500,1.000,-34.788,0,0,0,0,0,0,0,0,0,0,0,0,0,0,0,0,0,0,0,0,0,0,0,0
231.800,29.057,9.003,-6.397,8.975,1,22.342,1.000,-14.733,-47.329,8.000,-34.731,100.123,1,-46.500,1.000,-34.788,0,0,0,0,0,0,0,0,0,0,0,0,0,0,0,0,0,0,0,0,0,0,0,0
231.850,28.984,8.966,-6.480,8.904,1,22.342,1.000,-14.733,-47.330,8.008,-34.728,100.123,1,-46.500,1.000,-34.788,0,0,0,0,0,0,0,0,0,0,0,0,0,0,0,0,0,0,0,0,0,0,0,0
231.900,28.911,8.928,-6.563,8.834,1,22.342,1.000,-14.733,-47.332,8.017,-34.725,100.123,1,-46.500,1.000,-34.788,0,0,0,0,0,0,0,0,0,0,0,0,0,0,0,0,0,0,0,0,0,0,0,0
231.950,28.838,8.890,-6.646,8.763,1,22.342,1.000,-14.733,-47.333,8.025,-34.722,100.123,1,-46.500,1.000,-34.788,0,0,0,0,0,0,0,0,0,0,0,0,0,0,0,0,0,0,0,0,0,0,0,0
232.000,28.765,8.851,-6.728,8.692,1,22.342,1.000,-14.733,-47.334,8.033,-34.720,100.123,1,-46.500,1.000,-34.788,0,0,0,0,0,0,0,0,0,0,0,0,0,0,0,0,0,0,0,0,0,0,0,0
232.050,28.692,8.812,-6.811,8.621,1,22.342,1.000,-14.733,-47.335,8.041,-34.717,100.123,1,-46.500,1.000,-34.788,0,0,0,0,0,0,0,0,0,0,0,0,0,0,0,0,0,0,0,0,0,0,0,0
232.100,28.619,8.773,-6.894,8.550,1,22.342,1.000,-14.733,-47.336,8.049,-34.715,100.123,1,-46.500,1.000,-34.788,0,0,0,0,0,0,0,0,0,0,0,0,0,0,0,0,0,0,0,0,0,0,0,0
232.150,28.546,8.733,-6.976,8.478,1,22.342,1.000,-14.733,-47.337,8.057,-34.712,100.123,1,-46.500,1.000,-34.788,0,0,0,0,0,0,0,0,0,0,0,0,0,0,0,0,0,0,0,0,0,0,0,0
232.200,28.472,8.692,-7.058,8.407,1,22.342,1.000,-14.733,-47.338,8.065,-34.710,100.123,1,-46.500,1.000,-34.788,0,0,0,0,0,0,0,0,0,0,0,0,0,0,0,0,0,0,0,0,0,0,0,0
232.250,28.399,8.651,-7.141,8.335,1,22.342,1.000,-14.733,-47.339,8.073,-34.708,100.123,1,-46.500,1.000,-34.788,0,0,0,0,0,0,0,0,0,0,0,0,0,0,0,0,0,0,0,0,0,0,0,0
232.300,28.326,8.610,-7.223,8.263,1,22.342,1.000,-14.733,-47.340,8.080,-34.706,100.123,1,-46.500,1.000,-34.788,0,0,0,0,0,0,0,0,0,0,0,0,0,0,0,0,0,0,0,0,0,0,0,0
232.350,28.253,8.568,-7.305,8.191,1,22.342,1.000,-14.733,-47.341,8.088,-34.704,100.123,1,-46.500,1.000,-34.788,0,0,0,0,0,0,0,0,0,0,0,0,0,0,0,0,0,0,0,0,0,0,0,0
232.400,28.180,8.525,-7.387,8.119,1,22.342,1.000,-14.733,-47.341,8.095,-34.702,100.123,1,-46.500,1.000,-34.788,0,0,0,0,0,0,0,0,0,0,0,0,0,0,0,0,0,0,0,0,0,0,0,0
232.450,28.107,8.482,-7.469,8.047,1,22.342,1.000,-14.733,-47.342,8.102,-34.700,100.123,1,-46.500,1.000,-34.788,0,0,0,0,0,0,0,0,0,0,0,0,0,0,0,0,0,0,0,0,0,0,0,0
232.500,28.034,8.439,-7.551,7.975,1,22.342,1.000,-14.733,-47.342,8.109,-34.698,100.123,1,-46.500,1.000,-34.788,0,0,0,0,0,0,0,0,0,0,0,0,0,0,0,0,0,0,0,0,0,0,0,0
232.550,27.960,8.395,-7.633,7.903,1,22.342,1.000,-14.733,-47.343,8.116,-34.697,100.123,1,-46.500,1.000,-34.788,0,0,0,0,0,0,0,0,0,0,0,0,0,0,0,0,0,0,0,0,0,0,0,0
232.600,27.887,8.350,-7.715,7.830,1,22.342,1.000,-14.733,-47.343,8.123,-34.695,100.123,1,-46.500,1.000,-34.788,0,0,0,0,0,0,0,0,0,0,0,0,0,0,0,0,0,0,0,0,0,0,0,0
232.650,27.814,8.306,-7.797,7.758,1,22.342,1.000,-14.733,-47.344,8.130,-34.694,100.123,1,-46.500,1.000,-34.788,0,0,0,0,0,0,0,0,0,0,0,0,0,0,0,0,0,0,0,0,0,0,0,0
232.700,27.741,8.260,-7.878,7.685,1,22.342,1.000,-14.733,-47.344,8.136,-34.693,100.123,1,-46.500,1.000,-34.788,0,0,0,0,0,0,0,0,0,0,0,0,0,0,0,0,0,0,0,0,0,0,0,0
232.750,27.668,8.215,-7.960,7.613,1,22.342,1.000,-14.733,-47.344,8.143,-34.691,100.123,1,-46.500,1.000,-34.788,0,0,0,0,0,0,0,0,0,0,0,0,0,0,0,0,0,0,0,0,0,0,0,0
232.800,27.595,8.169,-8.041,7.540,1,22.342,1.000,-14.733,-47.344,8.149,-34.690,100.123,1,-46.500,1.000,-34.788,0,0,0,0,0,0,0,0,0,0,0,0,0,0,0,0,0,0,0,0,0,0,0,0
232.850,27.522,8.122,-8.122,7.468,1,22.342,1.000,-14.733,-47.344,8.155,-34.689,100.123,1,-46.500,1.000,-34.788,0,0,0,0,0,0,0,0,0,0,0,0,0,0,0,0,0,0,0,0,0,0,0,0
232.900,27.449,8.075,-8.204,7.395,1,22.342,1.000,-14.733,-47.344,8.161,-34.689,100.123,1,-46.500,1.000,-34.788,0,0,0,0,0,0,0,0,0,0,0,0,0,0,0,0,0,0,0,0,0,0,0,0
232.950,27.376,8.028,-8.285,7.322,1,22.342,1.000,-14.733,-47.344,8.166,-34.688,100.123,1,-46.500,1.000,-34.788,0,0,0,0,0,0,0,0,0,0,0,0,0,0,0,0,0,0,0,0,0,0,0,0
233.000,27.303,7.980,-8.366,7.250,1,22.342,1.000,-14.733,-47.344,8.172,-34.687,100.123,1,-46.500,1.000,-34.788,0,0,0,0,0,0,0,0,0,0,0,0,0,0,0,0,0,0,0,0,0,0,0,0
233.050,27.231,7.932,-8.447,7.177,1,22.342,1.000,-14.733,-47.343,8.177,-34.687,100.123,1,-46.500,1.000,-34.788,0,0,0,0,0,0,0,0,0,0,0,0,0,0,0,0,0,0,0,0,0,0,0,0
233.100,27.158,7.883,-8.528,7.104,1,22.342,1.000,-14.733,-47.343,8.182,-34.686,100.123,1,-46.500,1.000,-34.788,0,0,0,0,0,0,0,0,0,0,0,0,0,0,0,0,0,0,0,0,0,0,0,0
233.150,27.085,7.834,-8.609,7.031,1,22.342,1.000,-14.733,-47.343,8.187,-34.686,100.123,1,-46.500,1.000,-34.788,0,0,0,0,0,0,0,0,0,0,0,0,0,0,0,0,0,0,0,0,0,0,0,0
233.200,27.013,7.785,-8.690,6.958,1,22.342,1.000,-14.733,-47.342,8.192,-34.685,100.123,1,-46.500,1.000,-34.788,0,0,0,0,0,0,0,0,0,0,0,0,0,0,0,0,0,0,0,0,0,0,0,0
233.250,26.940,7.736,-8.771,6.886,1,22.342,1.000,-14.733,-47.342,8.196,-34.685,100.123,1,-46.500,1.000,-34.788,0,0,0,0,0,0,0,0,0,0,0,0,0,0,0,0,0,0,0,0,0,0,0,0
233.300,26.868,7.686,-8.852,6.813,1,22.342,1.000,-14.733,-47.341,8.200,-34.685,100.123,1,-46.500,1.000,-34.788,0,0,0,0,0,0,0,0,0,0,0,0,0,0,0,0,0,0,0,0,0,0,0,0
233.350,26.795,7.635,-8.932,7.313,1,22.342,1.000,-14.733,-47.340,8.204,-34.685,100.123,1,-46.500,1.000,-34.788,0,0,0,0,0,0,0,0,0,0,0,0,0,0,0,0,0,0,0,0,0,0,0,0
233.400,26.723,7.585,-9.013,7.813,1,22.342,1.000,-14.733,-47.340,8.208,-34.685,100.123,1,-46.500,1.000,-34.788,0,0,0,0,0,0,0,0,0,0,0,0,0,0,0,0,0,0,0,0,0,0,0,0
233.450,26.650,7.534,-9.094,8.313,1,22.342,1.000,-14.733,-47.339,8.211,-34.686,100.123,1,-46.500,1.000,-34.788,0,0,0,0,0,0,0,0,0,0,0,0,0,0,0,0,0,0,0,0,0,0,0,0
233.500,26.578,7.483,-9.174,8.813,1,22.342,1.000,-14.733,-47.338,8.214,-34.686,100.123,1,-46.500,1.000,-34.788,0,0,0,0,0,0,0,0,0,0,0,0,0,0,0,0,0,0,0,0,0,0,0,0
233.550,26.506,7.431,-9.254,9.313,1,22.342,1.000,-14.733,-47.337,8.217,-34.686,100.123,1,-46.500,1.000,-34.788,0,0,0,0,0,0,0,0,0,0,0,0,0,0,0,0,0,0,0,0,0,0,0,0
233.600,26.434,7.379,-9.335,9.813,1,22.342,1.000,-14.733,-47.336,8.220,-34.687,100.123,1,-46.500,1.000,-34.788,0,0,0,0,0,0,0,0,0,0,0,0,0,0,0,0,0,0,0,0,0,0,0,0
233.650,26.362,7.327,-9.415,10.313,1,22.342,1.000,-14.733,-47.335,8.223,-34.687,100.123,1,-46.500,1.000,-34.788,0,0,0,0,0,0,0,0,0,0,0,0,0,0,0,0,0,0,0,0,0,0,0,0
233.700,26.290,7.275,-9.495,10.813,1,22.342,1.000,-14.733,-47.334,8.225,-34.688,100.123,1,-46.500,1.000,-34.788,0,0,0,0,0,0,0,0,0,0,0,0,0,0,0,0,0,0,0,0,0,0,0,0
233.750,26.218,7.223,-9.576,11.313,1,22.342,1.000,-14.733,-47.333,8.227,-34.689,100.123,1,-46.500,1.000,-34.788,0,0,0,0,0,0,0,0,0,0,0,0,0,0,0,0,0,0,0,0,0,0,0,0
233.800,26.146,7.170,-9.656,11.813,1,22.342,1.000,-14.733,-47.332,8.229,-34.690,100.123,1,-46.500,1.000,-34.788,0,0,0,0,0,0,0,0,0,0,0,0,0,0,0,0,0,0,0,0,0,0,0,0
233.850,26.074,7.117,-9.736,12.313,1,22.342,1.000,-14.733,-47.331,8.230,-34.691,100.123,1,-46.500,1.000,-34.788,0,0,0,0,0,0,0,0,0,0,0,0,0,0,0,0,0,0,0,0,0,0,0,0
233.900,26.002,7.064,-9.816,12.813,1,22.342,1.000,-14.733,-47.329,8.231,-34.692,100.123,1,-46.500,1.000,-34.788,0,0,0,0,0,0,0,0,0,0,0,0,0,0,0,0,0,0,0,0,0,0,0,0
233.950,25.931,7.010,-9.896,13.313,1,22.342,1.000,-14.733,-47.328,8.232,-34.693,100.123,1,-46.500,1.000,-34.788,0,0,0,0,0,0,0,0,0,0,0,0,0,0,0,0,0,0,0,0,0,0,0,0
234.000,25.859,6.957,-9.975,13.813,1,22.342,1.000,-14.733,-47.327,8.233,-34.694,100.123,1,-46.500,1.000,-34.788,0,0,0,0,0,0,0,0,0,0,0,0,0,0,0,0,0,0,0,0,0,0,0,0
234.050,25.788,6.903,-10.055,14.313,1,22.342,1.000,-14.733,-47.325,8.234,-34.695,100.123,1,-46.500,1.000,-34.788,0,0,0,0,0,0,0,0,0,0,0,0,0,0,0,0,0,0,0,0,0,0,0,0
234.100,25.716,6.848,-10.135,14.813,1,22.342,1.000,-14.733,-47.324,8.234,-34.697,100.123,1,-46.500,1.000,-34.788,0,0,0,0,0,0,0,0,0,0,0,0,0,0,0,0,0,0,0,0,0,0,0,0
234.150,25.645,6.794,-10.215,15.313,1,22.342,1.000,-14.733,-47.323,8.234,-34.698,100.123,1,-46.500,1.000,-34.788,0,0,0,0,0,0,0,0,0,0,0,0,0,0,0,0,0,0,0,0,0,0,0,0
234.200,25.574,6.739,-10.294,15.813,1,22.342,1.000,-14.733,-47.321,8.233,-34.700,100.123,1,-46.500,1.000,-34.788,0,0,0,0,0,0,0,0,0,0,0,0,0,0,0,0,0,0,0,0,0,0,0,0
234.250,25.503,6.685,-10.374,16.313,1,22.342,1.000,-14.733,-47.320,8.233,-34.701,100.123,1,-46.500,1.000,-34.788,0,0,0,0,0,0,0,0,0,0,0,0,0,0,0,0,0,0,0,0,0,0,0,0
234.300,25.432,6.630,-10.454,16.813,1,22.342,1.000,-14.733,-47.318,8.232,-34.703,100.123,1,-46.500,1.000,-34.788,0,0,0,0,0,0,0,0,0,0,0,0,0,0,0,0,0,0,0,0,0,0,0,0
234.350,25.361,6.574,-10.533,17.313,1,22.342,1.000,-14.733,-47.317,8.231,-34.704,100.123,1,-46.500,1.000,-34.788,0,0,0,0,0,0,0,0,0,0,0,0,0,0,0,0,0,0,0,0,0,0,0,0
234.400,25.290,6.519,-10.612,17.813,1,22.342,1.000,-14.733,-47.315,8.229,-34.706,100.123,1,-46.500,1.000,-34.788,0,0,0,0,0,0,0,0,0,0,0,0,0,0,0,0,0,0,0,0,0,0,0,0
234.450,25.220,6.463,-10.692,18.313,1,22.342,1.000,-14.733,-47.314,8.228,-34.708,100.123,1,-46.500,1.000,-34.788,0,0,0,0,0,0,0,0,0,0,0,0,0,0,0,0,0,0,0,0,0,0,0,0
234.500,25.149,6.408,-10.771,18.813,1,22.342,1.000,-14.733,-47.312,8.226,-34.710,100.123,1,-46.500,1.000,-34.788,0,0,0,0,0,0,0,0,0,0,0,0,0,0,0,0,0,0,0,0,0,0,0,0
234.550,25.079,6.351,-10.851,19.313,1,22.342,1.000,-14.733,-47.311,8.224,-34.712,100.123,1,-46.500,1.000,-34.788,0,0,0,0,0,0,0,0,0,0,0,0,0,0,0,0,0,0,0,0,0,0,0,0
234.600,25.009,6.295,-10.930,19.813,1,22.342,1.000,-14.733,-47.309,8.221,-34.714,100.123,1,-46.500,1.000,-34.788,0,0,0,0,0,0,0,0,0,0,0,0,0,0,0,0,0,0,0,0,0,0,0,0
234.650,24.938,6.239,-11.009,20.313,1,22.342,1.000,-14.733,-47.308,8.219,-34.715,100.123,1,-46.500,1.000,-34.788,0,0,0,0,0,0,0,0,0,0,0,0,0,0,0,0,0,0,0,0,0,0,0,0
234.700,24.868,6.182,-11.088,20.813,1,22.342,1.000,-14.733,-47.306,8.216,-34.718,100.123,1,-46.500,1.000,-34.788,0,0,0,0,0,0,0,0,0,0,0,0,0,0,0,0,0,0,0,0,0,0,0,0
234.750,24.798,6.126,-11.167,21.313,1,22.342,1.000,-14.733,-47.305,8.213,-34.720,100.123,1,-46.500,1.000,-34.788,0,0,0,0,0,0,0,0,0,0,0,0,0,0,0,0,0,0,0,0,0,0,0,0
234.800,24.728,6.069,-11.246,21.813,1,22.342,1.000,-14.733,-47.303,8.209,-34.722,100.123,1,-46.500,1.000,-34.788,0,0,0,0,0,0,0,0,0,0,0,0,0,0,0,0,0,0,0,0,0,0,0,0
234.850,24.658,6.012,-11.325,22.313,1,22.342,1.000,-14.733,-47.302,8.206,-34.724,100.123,1,-46.500,1.000,-34.788,0,0,0,0,0,0,0,0,0,0,0,0,0,0,0,0,0,0,0,0,0,0,0,0
234.900,24.588,5.955,-11.404,22.813,1,22.342,1.000,-14.733,-47.300,8.202,-34.726,100.123,1,-46.500,1.000,-34.788,0,0,0,0,0,0,0,0,0,0,0,0,0,0,0,0,0,0,0,0,0,0,0,0
234.950,24.518,5.897,-11.483,23.313,1,22.342,1.000,-14.733,-47.299,8.198,-34.728,100.123,1,-46.500,1.000,-34.788,0,0,0,0,0,0,0,0,0,0,0,0,0,0,0,0,0,0,0,0,0,0,0,0
235.000,24.449,5.840,-11.562,23.813,1,22.342,1.000,-14.733,-47.297,8.193,-34.730,100.123,1,-46.500,1.000,-34.788,0,0,0,0,0,0,0,0,0,0,0,0,0,0,0,0,0,0,0,0,0,0,0,0
235.050,24.379,5.783,-11.641,24.313,1,22.342,1.000,-14.733,-47.296,8.189,-34.733,100.123,1,-46.500,1.000,-34.788,0,0,0,0,0,0,0,0,0,0,0,0,0,0,0,0,0,0,0,0,0,0,0,0
235.100,24.309,5.725,-11.719,24.813,1,22.342,1.000,-14.733,-47.295,8.184,-34.735,100.123,1,-46.500,1.000,-34.788,0,0,0,0,0,0,0,0,0,0,0,0,0,0,0,0,0,0,0,0,0,0,0,0
235.150,24.239,5.667,-11.798,25.313,1,22.342,1.000,-14.733,-47.293,8.179,-34.737,100.123,1,-46.500,1.000,-34.788,0,0,0,0,0,0,0,0,0,0,0,0,0,0,0,0,0,0,0,0,0,0,0,0
235.200,24.170,5.609,-11.876,25.813,1,22.342,1.000,-14.733,-47.292,8.174,-34.739,100.123,1,-46.500,1.000,-34.788,0,0,0,0,0,0,0,0,0,0,0,0,0,0,0,0,0,0,0,0,0,0,0,0
235.250,24.100,5.551,-11.955,26.313,1,22.342,1.000,-14.733,-47.291,8.168,-34.742,100.123,1,-46.500,1.000,-34.788,0,0,0,0,0,0,0,0,0,0,0,0,0,0,0,0,0,0,0,0,0,0,0,0
235.300,24.030,5.493,-12.033,26.813,1,22.342,1.000,-14.733,-47.290,8.163,-34.744,100.123,1,-46.500,1.000,-34.788,0,0,0,0,0,0,0,0,0,0,0,0,0,0,0,0,0,0,0,0,0,0,0,0
235.350,23.960,5.435,-12.111,27.313,1,22.342,1.000,-14.733,-47.288,8.157,-34.746,100.123,1,-46.500,1.000,-34.788,0,0,0,0,0,0,0,0,0,0,0,0,0,0,0,0,0,0,0,0,0,0,0,0
235.400,23.891,5.377,-12.189,27.813,1,22.342,1.000,-14.733,-47.287,8.151,-34.748,100.123,1,-46.500,1.000,-34.788,0,0,0,0,0,0,0,0,0,0,0,0,0,0,0,0,0,0,0,0,0,0,0,0
235.450,23.821,5.318,-12.267,28.313,1,22.342,1.000,-14.733,-47.286,8.145,-34.751,100.123,1,-46.500,1.000,-34.788,0,0,0,0,0,0,0,0,0,0,0,0,0,0,0,0,0,0,0,0,0,0,0,0
235.500,23.751,5.260,-12.345,28.813,1,22.342,1.000,-14.733,-47.285,8.139,-34.753,100.123,1,-46.500,1.000,-34.788,0,0,0,0,0,0,0,0,0,0,0,0,0,0,0,0,0,0,0,0,0,0,0,0
235.550,23.681,5.201,-12.423,29.313,1,22.342,1.000,-14.733,-47.284,8.132,-34.755,100.123,1,-46.500,1.000,-34.788,0,0,0,0,0,0,0,0,0,0,0,0,0,0,0,0,0,0,0,0,0,0,0,0
235.600,23.612,5.143,-12.500,29.813,2,22.342,1.000,-14.733,-47.283,8.126,-34.758,100.123,1,-46.500,1.000,-34.788,0,0,0,0,0,0,0,0,0,0,0,0,0,0,0,0,0,0,0,0,0,0,0,0
235.650,23.545,5.086,-12.575,30.313,2,22.342,1.000,-14.733,-47.282,8.119,-34.760,100.123,1,-46.500,1.000,-34.788,0,0,0,0,0,0,0,0,0,0,0,0,0,0,0,0,0,0,0,0,0,0,0,0
235.700,23.481,5.032,-12.646,30.813,2,22.342,1.000,-14.733,-47.282,8.112,-34.762,100.123,1,-46.500,1.000,-34.788,0,0,0,0,0,0,0,0,0,0,0,0,0,0,0,0,0,0,0,0,0,0,0,0
235.750,23.419,4.980,-12.715,31.313,2,22.342,1.000,-14.733,-47.281,8.105,-34.764,100.123,1,-46.500,1.000,-34.788,0,0,0,0,0,0,0,0,0,0,0,0,0,0,0,0,0,0,0,0,0,0,0,0
235.800,23.359,4.930,-12.782,31.813,2,22.342,1.000,-14.733,-47.280,8.098,-34.767,100.123,1,-46.500,1.000,-34.788,0,0,0,0,0,0,0,0,0,0,0,0,0,0,0,0,0,0,0,0,0,0,0,0
235.850,23.301,4.881,-12.846,32.313,2,22.342,1.000,-14.733,-47.280,8.091,-34.769,100.123,1,-46.500,1.000,-34.788,0,0,0,0,0,0,0,0,0,0,0,0,0,0,0,0,0,0,0,0,0,0,0,0
235.900,23.245,4.834,-12.908,32.813,2,22.342,1.000,-14.733,-47.279,8.083,-34.771,100.123,1,-46.500,1.000,-34.788,0,0,0,0,0,0,0,0,0,0,0,0,0,0,0,0,0,0,0,0,0,0,0,0
235.950,23.191,4.789,-12.968,33.313,2,22.342,1.000,-14.733,-47.279,8.076,-34.773,100.123,1,-46.500,1.000,-34.788,0,0,0,0,0,0,0,0,0,0,0,0,0,0,0,0,0,0,0,0,0,0,0,0
236.000,23.139,4.745,-13.027,33.813,2,22.342,1.000,-14.733,-47.278,8.068,-34.775,100.123,1,-46.500,1.000,-34.788,0,0,0,0,0,0,0,0,0,0,0,0,0,0,0,0,0,0,0,0,0,0,0,0
236.050,23.088,4.702,-13.083,34.313,2,22.342,1.000,-14.733,-47.278,8.061,-34.777,100.123,1,-46.500,1.000,-34.788,0,0,0,0,0,0,0,0,0,0,0,0,0,0,0,0,0,0,0,0,0,0,0,0
236.100,23.039,4.660,-13.138,34.813,2,22.342,1.000,-14.733,-47.278,8.053,-34.780,100.123,1,-46.500,1.000,-34.788,0,0,0,0,0,0,0,0,0,0,0,0,0,0,0,0,0,0,0,0,0,0,0,0
236.150,22.991,4.620,-13.192,35.313,2,22.342,1.000,-14.733,-47.277,8.045,-34.782,100.123,1,-46.500,1.000,-34.788,0,0,0,0,0,0,0,0,0,0,0,0,0,0,0,0,0,0,0,0,0,0,0,0
236.200,22.944,4.581,-13.243,35.813,2,22.342,1.000,-14.733,-47.277,8.037,-34.784,100.123,1,-46.500,1.000,-34.788,0,0,0,0,0,0,0,0,0,0,0,0,0,0,0,0,0,0,0,0,0,0,0,0
236.250,22.899,4.543,-13.294,36.313,2,22.342,1.000,-14.733,-47.277,8.029,-34.786,100.123,1,-46.500,1.000,-34.788,0,0,0,0,0,0,0,0,0,0,0,0,0,0,0,0,0,0,0,0,0,0,0,0
236.300,22.855,4.505,-13.343,36.813,2,22.342,1.000,-14.733,-47.277,8.021,-34.788,100.123,1,-46.500,1.000,-34.788,0,0,0,0,0,0,0,0,0,0,0,0,0,0,0,0,0,0,0,0,0,0,0,0
236.350,22.812,4.469,-13.391,37.313,2,22.342,1.000,-14.733,-47.277,8.013,-34.790,100.123,1,-46.500,1.000,-34.788,0,0,0,0,0,0,0,0,0,0,0,0,0,0,0,0,0,0,0,0,0,0,0,0
236.400,22.770,4.434,-13.438,37.813,2,22.342,1.000,-14.733,-47.277,8.005,-34.791,100.123,1,-46.500,1.000,-34.788,0,0,0,0,0,0,0,0,0,0,0,0,0,0,0,0,0,0,0,0,0,0,0,0
236.450,22.729,4.399,-13.484,38.313,2,22.342,1.000,-14.733,-47.277,7.997,-34.793,100.123,1,-46.500,1.000,-34.788,0,0,0,0,0,0,0,0,0,0,0,0,0,0,0,0,0,0,0,0,0,0,0,0
236.500,22.688,4.366,-13.528,38.813,2,22.342,1.000,-14.733,-47.278,7.988,-34.795,100.123,1,-46.500,1.000,-34.788,0,0,0,0,0,0,0,0,0,0,0,0,0,0,0,0,0,0,0,0,0,0,0,0
236.550,22.649,4.333,-13.572,39.313,2,22.342,1.000,-14.733,-47.278,7.980,-34.797,100.123,1,-46.500,1.000,-34.788,0,0,0,0,0,0,0,0,0,0,0,0,0,0,0,0,0,0,0,0,0,0,0,0
236.600,22.611,4.300,-13.614,39.813,2,22.342,1.000,-14.733,-47.278,7.972,-34.799,100.123,1,-46.500,1.000,-34.788,0,0,0,0,0,0,0,0,0,0,0,0,0,0,0,0,0,0,0,0,0,0,0,0
236.650,22.574,4.269,-13.656,40.313,2,22.342,1.000,-14.733,-47.279,7.964,-34.800,100.123,1,-46.500,1.000,-34.788,0,0,0,0,0,0,0,0,0,0,0,0,0,0,0,0,0,0,0,0,0,0,0,0
236.700,22.537,4.238,-13.697,40.813,2,22.342,1.000,-14.733,-47.279,7.955,-34.802,100.123,1,-46.500,1.000,-34.788,0,0,0,0,0,0,0,0,0,0,0,0,0,0,0,0,0,0,0,0,0,0,0,0
236.750,22.501,4.208,-13.737,41.313,2,22.342,1.000,-14.733,-47.280,7.947,-34.804,100.123,1,-46.500,1.000,-34.788,0,0,0,0,0,0,0,0,0,0,0,0,0,0,0,0,0,0,0,0,0,0,0,0
236.800,22.466,4.178,-13.776,41.813,2,22.342,1.000,-14.733,-47.280,7.939,-34.805,100.123,1,-46.500,1.000,-34.788,0,0,0,0,0,0,0,0,0,0,0,0,0,0,0,0,0,0,0,0,0,0,0,0
236.850,22.432,4.150,-13.814,42.313,2,22.342,1.000,-14.733,-47.281,7.931,-34.807,100.123,1,-46.500,1.000,-34.788,0,0,0,0,0,0,0,0,0,0,0,0,0,0,0,0,0,0,0,0,0,0,0,0
236.900,22.398,4.121,-13.852,42.813,2,22.342,1.000,-14.733,-47.282,7.923,-34.809,100.123,1,-46.500,1.000,-34.788,0,0,0,0,0,0,0,0,0,0,0,0,0,0,0,0,0,0,0,0,0,0,0,0
236.950,22.365,4.093,-13.888,43.313,2,22.342,1.000,-14.733,-47.282,7.915,-34.810,100.123,1,-46.500,1.000,-34.788,0,0,0,0,0,0,0,0,0,0,0,0,0,0,0,0,0,0,0,0,0,0,0,0
237.000,22.332,4.066,-13.925,43.813,2,22.342,1.000,-14.733,-47.283,7.907,-34.812,100.123,1,-46.500,1.000,-34.788,0,0,0,0,0,0,0,0,0,0,0,0,0,0,0,0,0,0,0,0,0,0,0,0
237.050,22.301,4.039,-13.960,44.313,2,22.342,1.000,-14.733,-47.284,7.899,-34.813,100.123,1,-46.500,1.000,-34.788,0,0,0,0,0,0,0,0,0,0,0,0,0,0,0,0,0,0,0,0,0,0,0,0
237.100,22.269,4.013,-13.995,44.813,2,22.342,1.000,-14.733,-47.285,7.891,-34.814,100.123,1,-46.500,1.000,-34.788,0,0,0,0,0,0,0,0,0,0,0,0,0,0,0,0,0,0,0,0,0,0,0,0
237.150,22.239,3.987,-14.029,45.313,2,22.342,1.000,-14.733,-47.286,7.883,-34.816,100.123,1,-46.500,1.000,-34.788,0,0,0,0,0,0,0,0,0,0,0,0,0,0,0,0,0,0,0,0,0,0,0,0
237.200,22.209,3.962,-14.063,45.813,2,22.342,1.000,-14.733,-47.287,7.875,-34.817,100.123,1,-46.500,1.000,-34.788,0,0,0,0,0,0,0,0,0,0,0,0,0,0,0,0,0,0,0,0,0,0,0,0
237.250,22.179,3.937,-14.096,46.313,2,22.342,1.000,-14.733,-47.288,7.867,-34.818,100.123,1,-46.500,1.000,-34.788,0,0,0,0,0,0,0,0,0,0,0,0,0,0,0,0,0,0,0,0,0,0,0,0
237.300,22.150,3.912,-14.128,46.813,2,22.342,1.000,-14.733,-47.289,7.860,-34.819,100.123,1,-46.500,1.000,-34.788,0,0,0,0,0,0,0,0,0,0,0,0,0,0,0,0,0,0,0,0,0,0,0,0
237.350,22.121,3.888,-14.160,47.313,2,22.342,1.000,-14.733,-47.290,7.852,-34.820,100.123,1,-46.500,1.000,-34.788,0,0,0,0,0,0,0,0,0,0,0,0,0,0,0,0,0,0,0,0,0,0,0,0
237.400,22.093,3.864,-14.191,47.813,2,22.342,1.000,-14.733,-47.291,7.845,-34.822,100.123,1,-46.500,1.000,-34.788,0,0,0,0,0,0,0,0,0,0,0,0,0,0,0,0,0,0,0,0,0,0,0,0
237.450,22.065,3.841,-14.222,48.313,2,22.342,1.000,-14.733,-47.292,7.837,-34.823,100.123,1,-46.500,1.000,-34.788,0,0,0,0,0,0,0,0,0,0,0,0,0,0,0,0,0,0,0,0,0,0,0,0
237.500,22.038,3.818,-14.253,48.813,2,22.342,1.000,-14.733,-47.293,7.830,-34.824,100.123,1,-46.500,1.000,-34.788,0,0,0,0,0,0,0,0,0,0,0,0,0,0,0,0,0,0,0,0,0,0,0,0
237.550,22.011,3.795,-14.282,49.313,2,22.342,1.000,-14.733,-47.295,7.823,-34.825,100.123,1,-46.500,1.000,-34.788,0,0,0,0,0,0,0,0,0,0,0,0,0,0,0,0,0,0,0,0,0,0,0,0
237.600,21.985,3.773,-14.312,49.813,2,22.342,1.000,-14.733,-47.296,7.816,-34.826,100.123,1,-46.500,1.000,-34.788,0,0,0,0,0,0,0,0,0,0,0,0,0,0,0,0,0,0,0,0,0,0,0,0
237.650,21.958,3.751,-14.341,50.313,2,22.342,1.000,-14.733,-47.297,7.810,-34.826,100.123,1,-46.500,1.000,-34.788,0,0,0,0,0,0,0,0,0,0,0,0,0,0,0,0,0,0,0,0,0,0,0,0
237.700,21.933,3.730,-14.370,50.813,2,22.342,1.000,-14.733,-47.298,7.803,-34.827,100.123,1,-46.500,1.000,-34.788,0,0,0,0,0,0,0,0,0,0,0,0,0,0,0,0,0,0,0,0,0,0,0,0
237.750,21.908,3.708,-14.398,51.313,2,22.342,1.000,-14.733,-47.299,7.796,-34.828,100.123,1,-46.500,1.000,-34.788,0,0,0,0,0,0,0,0,0,0,0,0,0,0,0,0,0,0,0,0,0,0,0,0
237.800,21.883,3.687,-14.425,51.813,2,22.342,1.000,-14.733,-47.301,7.790,-34.829,100.123,1,-46.500,1.000,-34.788,0,0,0,0,0,0,0,0,0,0,0,0,0,0,0,0,0,0,0,0,0,0,0,0
237.850,21.858,3.667,-14.453,52.313,2,22.342,1.000,-14.733,-47.302,7.784,-34.829,100.123,1,-46.500,1.000,-34.788,0,0,0,0,0,0,0,0,0,0,0,0,0,0,0,0,0,0,0,0,0,0,0,0
237.900,21.834,3.646,-14.480,52.813,2,22.342,1.000,-14.733,-47.303,7.778,-34.830,100.123,1,-46.500,1.000,-34.788,0,0,0,0,0,0,0,0,0,0,0,0,0,0,0,0,0,0,0,0,0,0,0,0
237.950,21.810,3.626,-14.506,53.313,2,22.342,1.000,-14.733,-47.304,7.772,-34.831,100.123,1,-46.500,1.000,-34.788,0,0,0,0,0,0,0,0,0,0,0,0,0,0,0,0,0,0,0,0,0,0,0,0
238.000,21.786,3.606,-14.533,53.813,2,22.342,1.000,-14.733,-47.305,7.767,-34.831,100.123,1,-46.500,1.000,-34.788,0,0,0,0,0,0,0,0,0,0,0,0,0,0,0,0,0,0,0,0,0,0,0,0
238.050,21.763,3.587,-14.558,54.313,2,22.342,1.000,-14.733,-47.306,7.761,-34.832,100.123,1,-46.500,1.000,-34.788,0,0,0,0,0,0,0,0,0,0,0,0,0,0,0,0,0,0,0,0,0,0,0,0
238.100,21.740,3.568,-14.584,54.813,2,22.342,1.000,-14.733,-47.308,7.756,-34.832,100.123,1,-46.500,1.000,-34.788,0,0,0,0,0,0,0,0,0,0,0,0,0,0,0,0,0,0,0,0,0,0,0,0
238.150,21.718,3.549,-14.609,55.313,2,22.342,1.000,-14.733,-47.309,7.751,-34.832,100.123,1,-46.500,1.000,-34.788,0,0,0,0,0,0,0,0,0,0,0,0,0,0,0,0,0,0,0,0,0,0,0,0
238.200,21.695,3.530,-14.634,55.813,2,22.342,1.000,-14.733,-47.310,7.746,-34.833,100.123,1,-46.500,1.000,-34.788,0,0,0,0,0,0,0,0,0,0,0,0,0,0,0,0,0,0,0,0,0,0,0,0
238.250,21.673,3.511,-14.659,56.313,2,22.342,1.000,-14.733,-47.311,7.742,-34.833,100.123,1,-46.500,1.000,-34.788,0,0,0,0,0,0,0,0,0,0,0,0,0,0,0,0,0,0,0,0,0,0,0,0
238.300,21.651,3.493,-14.683,56.813,2,22.342,1.000,-14.733,-47.312,7.737,-34.833,100.123,1,-46.500,1.000,-34.788,0,0,0,0,0,0,0,0,0,0,0,0,0,0,0,0,0,0,0,0,0,0,0,0
238.350,21.630,3.475,-14.707,57.313,2,22.342,1.000,-14.733,-47.313,7.733,-34.833,100.123,1,-46.500,1.000,-34.788,0,0,0,0,0,0,0,0,0,0,0,0,0,0,0,0,0,0,0,0,0,0,0,0
238.400,21.609,3.457,-14.730,57.813,2,22.342,1.000,-14.733,-47.314,7.729,-34.834,100.123,1,-46.500,1.000,-34.788,0,0,0,0,0,0,0,0,0,0,0,0,0,0,0,0,0,0,0,0,0,0,0,0
238.450,21.588,3.439,-14.754,58.313,2,22.342,1.000,-14.733,-47.315,7.726,-34.834,100.123,1,-46.500,1.000,-34.788,0,0,0,0,0,0,0,0,0,0,0,0,0,0,0,0,0,0,0,0,0,0,0,0
238.500,21.567,3.422,-14.777,58.813,2,22.342,1.000,-14.733,-47.316,7.722,-34.834,100.123,1,-46.500,1.000,-34.788,0,0,0,0,0,0,0,0,0,0,0,0,0,0,0,0,0,0,0,0,0,0,0,0
238.550,21.547,3.405,-14.800,59.313,2,22.342,1.000,-14.733,-47.316,7.719,-34.834,100.123,1,-46.500,1.000,-34.788,0,0,0,0,0,0,0,0,0,0,0,0,0,0,0,0,0,0,0,0,0,0,0,0
238.600,21.526,3.388,-14.822,59.813,2,22.342,1.000,-14.733,-47.317,7.716,-34.834,100.123,1,-46.500,1.000,-34.788,0,0,0,0,0,0,0,0,0,0,0,0,0,0,0,0,0,0,0,0,0,0,0,0
238.650,21.506,3.371,-14.844,60.313,2,22.342,1.000,-14.733,-47.318,7.713,-34.834,100.123,1,-46.500,1.000,-34.788,0,0,0,0,0,0,0,0,0,0,0,0,0,0,0,0,0,0,0,0,0,0,0,0
238.700,21.486,3.354,-14.866,60.813,2,22.342,1.000,-14.733,-47.319,7.711,-34.834,100.123,1,-46.500,1.000,-34.788,0,0,0,0,0,0,0,0,0,0,0,0,0,0,0,0,0,0,0,0,0,0,0,0
238.750,21.467,3.338,-14.888,61.313,2,22.342,1.000,-14.733,-47.319,7.708,-34.833,100.123,1,-46.500,1.000,-34.788,0,0,0,0,0,0,0,0,0,0,0,0,0,0,0,0,0,0,0,0,0,0,0,0
238.800,21.448,3.321,-14.910,61.813,2,22.342,1.000,-14.733,-47.320,7.706,-34.833,100.123,1,-46.500,1.000,-34.788,0,0,0,0,0,0,0,0,0,0,0,0,0,0,0,0,0,0,0,0,0,0,0,0
238.850,21.428,3.305,-14.931,62.313,2,22.342,1.000,-14.733,-47.320,7.705,-34.833,100.123,1,-46.500,1.000,-34.788,0,0,0,0,0,0,0,0,0,0,0,0,0,0,0,0,0,0,0,0,0,0,0,0
238.900,21.410,3.289,-14.952,62.813,2,22.342,1.000,-14.733,-47.321,7.703,-34.833,100.123,1,-46.500,1.000,-34.788,0,0,0,0,0,0,0,0,0,0,0,0,0,0,0,0,0,0,0,0,0,0,0,0
238.950,21.391,3.274,-14.973,63.313,2,22.342,1.000,-14.733,-47.321,7.702,-34.832,100.123,1,-46.500,1.000,-34.788,0,0,0,0,0,0,0,0,0,0,0,0,0,0,0,0,0,0,0,0,0,0,0,0
239.000,21.372,3.258,-14.994,63.813,2,22.342,1.000,-14.733,-47.322,7.701,-34.832,100.123,1,-46.500,1.000,-34.788,0,0,0,0,0,0,0,0,0,0,0,0,0,0,0,0,0,0,0,0,0,0,0,0
239.050,21.354,3.243,-15.014,64.313,2,22.342,1.000,-14.733,-47.322,7.700,-34.832,100.123,1,-46.500,1.000,-34.788,0,0,0,0,0,0,0,0,0,0,0,0,0,0,0,0,0,0,0,0,0,0,0,0
239.100,21.336,3.227,-15.034,64.813,2,22.342,1.000,-14.733,-47.322,7.699,-34.831,100.123,1,-46.500,1.000,-34.788,0,0,0,0,0,0,0,0,0,0,0,0,0,0,0,0,0,0,0,0,0,0,0,0
239.150,21.318,3.212,-15.054,65.313,2,22.342,1.000,-14.733,-47.322,7.699,-34.831,100.123,1,-46.500,1.000,-34.788,0,0,0,0,0,0,0,0,0,0,0,0,0,0,0,0,0,0,0,0,0,0,0,0
239.200,21.300,3.197,-15.074,65.813,2,22.342,1.000,-14.733,-47.322,7.699,-34.830,100.123,1,-46.500,1.000,-34.788,0,0,0,0,0,0,0,0,0,0,0,0,0,0,0,0,0,0,0,0,0,0,0,0
239.250,21.283,3.183,-15.093,66.313,2,22.342,1.000,-14.733,-47.322,7.699,-34.830,100.123,1,-46.500,1.000,-34.788,0,0,0,0,0,0,0,0,0,0,0,0,0,0,0,0,0,0,0,0,0,0,0,0
239.300,21.265,3.168,-15.113,66.813,2,22.342,1.000,-14.733,-47.322,7.700,-34.829,100.123,1,-46.500,1.000,-34.788,0,0,0,0,0,0,0,0,0,0,0,0,0,0,0,0,0,0,0,0,0,0,0,0
239.350,21.248,3.153,-15.132,67.313,2,22.342,1.000,-14.733,-47.322,7.701,-34.829,100.123,1,-46.500,1.000,-34.788,0,0,0,0,0,0,0,0,0,0,0,0,0,0,0,0,0,0,0,0,0,0,0,0
239.400,21.231,3.139,-15.151,67.813,2,22.342,1.000,-14.733,-47.322,7.702,-34.828,100.123,1,-46.500,1.000,-34.788,0,0,0,0,0,0,0,0,0,0,0,0,0,0,0,0,0,0,0,0,0,0,0,0
239.450,21.214,3.125,-15.170,68.313,2,22.342,1.000,-14.733,-47.322,7.703,-34.827,100.123,1,-46.500,1.000,-34.788,0,0,0,0,0,0,0,0,0,0,0,0,0,0,0,0,0,0,0,0,0,0,0,0
239.500,21.197,3.111,-15.188,68.813,2,22.342,1.000,-14.733,-47.321,7.704,-34.827,100.123,1,-46.500,1.000,-34.788,0,0,0,0,0,0,0,0,0,0,0,0,0,0,0,0,0,0,0,0,0,0,0,0
239.550,21.181,3.097,-15.207,69.313,2,22.342,1.000,-14.733,-47.321,7.706,-34.826,100.123,1,-46.500,1.000,-34.788,0,0,0,0,0,0,0,0,0,0,0,0,0,0,0,0,0,0,0,0,0,0,0,0
239.600,21.164,3.083,-15.225,69.813,2,22.342,1.000,-14.733,-47.321,7.708,-34.825,100.123,1,-46.500,1.000,-34.788,0,0,0,0,0,0,0,0,0,0,0,0,0,0,0,0,0,0,0,0,0,0,0,0
239.650,21.148,3.069,-15.243,70.313,2,22.342,1.000,-14.733,-47.320,7.710,-34.824,100.123,1,-46.500,1.000,-34.788,0,0,0,0,0,0,0,0,0,0,0,0,0,0,0,0,0,0,0,0,0,0,0,0
239.700,21.132,3.056,-15.261,70.813,2,22.342,1.000,-14.733,-47.320,7.713,-34.823,100.123,1,-46.500,1.000,-34.788,0,0,0,0,0,0,0,0,0,0,0,0,0,0,0,0,0,0,0,0,0,0,0,0
239.750,21.116,3.042,-15.279,71.313,2,22.342,1.000,-14.733,-47.319,7.716,-34.823,100.123,1,-46.500,1.000,-34.788,0,0,0,0,0,0,0,0,0,0,0,0,0,0,0,0,0,0,0,0,0,0,0,0
239.800,21.100,3.029,-15.296,71.813,2,22.342,1.000,-14.733,-47.318,7.719,-34.822,100.123,1,-46.500,1.000,-34.788,0,0,0,0,0,0,0,0,0,0,0,0,0,0,0,0,0,0,0,0,0,0,0,0
239.850,21.085,3.016,-15.314,72.313,2,22.342,1.000,-14.733,-47.317,7.722,-34.821,100.123,1,-46.500,1.000,-34.788,0,0,0,0,0,0,0,0,0,0,0,0,0,0,0,0,0,0,0,0,0,0,0,0
239.900,21.069,3.003,-15.331,72.813,2,22.342,1.000,-14.733,-47.317,7.726,-34.820,100.123,1,-46.500,1.000,-34.788,0,0,0,0,0,0,0,0,0,0,0,0,0,0,0,0,0,0,0,0,0,0,0,0
239.950,21.054,2.990,-15.348,73.313,2,22.342,1.000,-14.733,-47.316,7.729,-34.819,100.123,1,-46.500,1.000,-34.788,0,0,0,0,0,0,0,0,0,0,0,0,0,0,0,0,0,0,0,0,0,0,0,0
240.000,21.039,2.977,-15.365,73.813,2,22.342,1.000,-14.733,-47.315,7.733,-34.818,100.123,1,-46.500,1.000,-34.788,0,0,0,0,0,0,0,0,0,0,0,0,0,0,0,0,0,0,0,0,0,0,0,0
240.050,21.023,2.964,-15.382,74.313,2,22.342,1.000,-14.733,-47.314,7.738,-34.817,100.123,1,-46.500,1.000,-34.788,0,0,0,0,0,0,0,0,0,0,0,0,0,0,0,0,0,0,0,0,0,0,0,0
240.100,21.008,2.952,-15.399,74.813,2,22.342,1.000,-14.733,-47.313,7.742,-34.816,100.123,1,-46.500,1.000,-34.788,0,0,0,0,0,0,0,0,0,0,0,0,0,0,0,0,0,0,0,0,0,0,0,0
240.150,20.994,2.939,-15.415,75.313,2,22.342,1.000,-14.733,-47.312,7.747,-34.815,100.123,1,-46.500,1.000,-34.788,0,0,0,0,0,0,0,0,0,0,0,0,0,0,0,0,0,0,0,0,0,0,0,0
240.200,20.979,2.927,-15.432,75.813,2,22.342,1.000,-14.733,-47.311,7.752,-34.814,100.123,1,-46.500,1.000,-34.788,0,0,0,0,0,0,0,0,0,0,0,0,0,0,0,0,0,0,0,0,0,0,0,0
240.250,20.964,2.915,-15.448,76.313,2,22.342,1.000,-14.733,-47.309,7.757,-34.813,100.123,1,-46.500,1.000,-34.788,0,0,0,0,0,0,0,0,0,0,0,0,0,0,0,0,0,0,0,0,0,0,0,0
240.300,20.950,2.902,-15.464,76.813,2,22.342,1.000,-14.733,-47.308,7.762,-34.811,100.123,1,-46.500,1.000,-34.788,0,0,0,0,0,0,0,0,0,0,0,0,0,0,0,0,0,0,0,0,0,0,0,0
240.350,20.935,2.890,-15.480,77.313,2,22.342,1.000,-14.733,-47.307,7.768,-34.810,100.123,1,-46.500,1.000,-34.788,0,0,0,0,0,0,0,0,0,0,0,0,0,0,0,0,0,0,0,0,0,0,0,0
240.400,20.921,2.878,-15.496,77.813,2,22.342,1.000,-14.733,-47.306,7.773,-34.809,100.123,1,-46.500,1.000,-34.788,0,0,0,0,0,0,0,0,0,0,0,0,0,0,0,0,0,0,0,0,0,0,0,0
240.450,20.907,2.867,-15.512,78.313,2,22.342,1.000,-14.733,-47.304,7.779,-34.808,100.123,1,-46.500,1.000,-34.788,0,0,0,0,0,0,0,0,0,0,0,0,0,0,0,0,0,0,0,0,0,0,0,0
240.500,20.893,2.855,-15.527,78.813,2,22.342,1.000,-14.733,-47.303,7.785,-34.807,100.123,1,-46.500,1.000,-34.788,0,0,0,0,0,0,0,0,0,0,0,0,0,0,0,0,0,0,0,0,0,0,0,0
240.550,20.879,2.843,-15.543,79.313,2,22.342,1.000,-14.733,-47.302,7.792,-34.806,100.123,1,-46.500,1.000,-34.788,0,0,0,0,0,0,0,0,0,0,0,0,0,0,0,0,0,0,0,0,0,0,0,0
240.600,20.865,2.831,-15.558,79.813,2,22.342,1.000,-14.733,-47.300,7.798,-34.804,100.123,1,-46.500,1.000,-34.788,0,0,0,0,0,0,0,0,0,0,0,0,0,0,0,0,0,0,0,0,0,0,0,0
240.650,20.852,2.820,-15.573,80.313,2,22.342,1.000,-14.733,-47.299,7.805,-34.803,100.123,1,-46.500,1.000,-34.788,0,0,0,0,0,0,0,0,0,0,0,0,0,0,0,0,0,0,0,0,0,0,0,0
240.700,20.838,2.808,-15.588,80.813,2,22.342,1.000,-14.733,-47.297,7.812,-34.802,100.123,1,-46.500,1.000,-34.788,0,0,0,0,0,0,0,0,0,0,0,0,0,0,0,0,0,0,0,0,0,0,0,0
240.750,20.825,2.797,-15.603,81.313,2,22.342,1.000,-14.733,-47.296,7.819,-34.801,100.123,1,-46.500,1.000,-34.788,0,0,0,0,0,0,0,0,0,0,0,0,0,0,0,0,0,0,0,0,0,0,0,0
240.800,20.811,2.786,-15.618,81.813,2,22.342,1.000,-14.733,-47.294,7.826,-34.799,100.123,1,-46.500,1.000,-34.788,0,0,0,0,0,0,0,0,0,0,0,0,0,0,0,0,0,0,0,0,0,0,0,0
240.850,20.798,2.775,-15.633,82.313,2,22.342,1.000,-14.733,-47.293,7.833,-34.798,100.123,1,-46.500,1.000,-34.788,0,0,0,0,0,0,0,0,0,0,0,0,0,0,0,0,0,0,0,0,0,0,0,0
240.900,20.785,2.764,-15.648,82.813,2,22.342,1.000,-14.733,-47.292,7.840,-34.797,100.123,1,-46.500,1.000,-34.788,0,0,0,0,0,0,0,0,0,0,0,0,0,0,0,0,0,0,0,0,0,0,0,0
240.950,20.772,2.753,-15.662,83.313,2,22.342,1.000,-14.733,-47.290,7.848,-34.795,100.123,1,-46.500,1.000,-34.788,0,0,0,0,0,0,0,0,0,0,0,0,0,0,0,0,0,0,0,0,0,0,0,0
241.000,20.759,2.742,-15.677,83.813,2,22.342,1.000,-14.733,-47.289,7.855,-34.794,100.123,1,-46.500,1.000,-34.788,0,0,0,0,0,0,0,0,0,0,0,0,0,0,0,0,0,0,0,0,0,0,0,0
241.050,20.746,2.731,-15.691,84.313,2,22.342,1.000,-14.733,-47.287,7.863,-34.793,100.123,1,-46.500,1.000,-34.788,0,0,0,0,0,0,0,0,0,0,0,0,0,0,0,0,0,0,0,0,0,0,0,0
241.100,20.733,2.720,-15.705,84.813,2,22.342,1.000,-14.733,-47.286,7.871,-34.791,100.123,1,-46.500,1.000,-34.788,0,0,0,0,0,0,0,0,0,0,0,0,0,0,0,0,0,0,0,0,0,0,0,0
241.150,20.721,2.710,-15.719,85.313,2,22.342,1.000,-14.733,-47.284,7.879,-34.790,100.123,1,-46.500,1.000,-34.788,0,0,0,0,0,0,0,0,0,0,0,0,0,0,0,0,0,0,0,0,0,0,0,0
241.200,20.708,2.699,-15.733,85.813,2,22.342,1.000,-14.733,-47.283,7.887,-34.789,100.123,1,-46.500,1.000,-34.788,0,0,0,0,0,0,0,0,0,0,0,0,0,0,0,0,0,0,0,0,0,0,0,0
241.250,20.695,2.688,-15.747,86.313,2,22.342,1.000,-14.733,-47.282,7.895,-34.787,100.123,1,-46.500,1.000,-34.788,0,0,0,0,0,0,0,0,0,0,0,0,0,0,0,0,0,0,0,0,0,0,0,0
241.300,20.683,2.678,-15.761,86.813,2,22.342,1.000,-14.733,-47.280,7.903,-34.786,100.123,1,-46.500,1.000,-34.788,0,0,0,0,0,0,0,0,0,0,0,0,0,0,0,0,0,0,0,0,0,0,0,0
241.350,20.671,2.668,-15.775,87.313,2,22.342,1.000,-14.733,-47.279,7.911,-34.784,100.123,1,-46.500,1.000,-34.788,0,0,0,0,0,0,0,0,0,0,0,0,0,0,0,0,0,0,0,0,0,0,0,0
241.400,20.658,2.657,-15.788,87.813,2,22.342,1.000,-14.733,-47.278,7.920,-34.783,100.123,1,-46.500,1.000,-34.788,0,0,0,0,0,0,0,0,0,0,0,0,0,0,0,0,0,0,0,0,0,0,0,0
241.450,20.646,2.647,-15.802,88.313,2,22.342,1.000,-14.733,-47.277,7.928,-34.782,100.123,1,-46.500,1.000,-34.788,0,0,0,0,0,0,0,0,0,0,0,0,0,0,0,0,0,0,0,0,0,0,0,0
241.500,20.634,2.637,-15.815,88.813,2,22.342,1.000,-14.733,-47.276,7.936,-34.780,100.123,1,-46.500,1.000,-34.788,0,0,0,0,0,0,0,0,0,0,0,0,0,0,0,0,0,0,0,0,0,0,0,0
241.550,20.622,2.627,-15.829,89.313,2,22.342,1.000,-14.733,-47.274,7.945,-34.779,100.123,1,-46.500,1.000,-34.788,0,0,0,0,0,0,0,0,0,0,0,0,0,0,0,0,0,0,0,0,0,0,0,0
241.600,20.610,2.617,-15.842,89.813,2,22.342,1.000,-14.733,-47.273,7.953,-34.777,100.123,1,-46.500,1.000,-34.788,0,0,0,0,0,0,0,0,0,0,0,0,0,0,0,0,0,0,0,0,0,0,0,0
241.650,20.599,2.607,-15.855,90.313,2,22.342,1.000,-14.733,-47.272,7.962,-34.776,100.123,1,-46.500,1.000,-34.788,0,0,0,0,0,0,0,0,0,0,0,0,0,0,0,0,0,0,0,0,0,0,0,0
241.700,20.587,2.597,-15.868,90.813,2,22.342,1.000,-14.733,-47.271,7.970,-34.774,100.123,1,-46.500,1.000,-34.788,0,0,0,0,0,0,0,0,0,0,0,0,0,0,0,0,0,0,0,0,0,0,0,0
241.750,20.575,2.587,-15.881,91.313,2,22.342,1.000,-14.733,-47.270,7.978,-34.773,100.123,1,-46.500,1.000,-34.788,0,0,0,0,0,0,0,0,0,0,0,0,0,0,0,0,0,0,0,0,0,0,0,0
241.800,20.564,2.577,-15.894,91.813,2,22.342,1.000,-14.733,-47.270,7.987,-34.772,100.123,1,-46.500,1.000,-34.788,0,0,0,0,0,0,0,0,0,0,0,0,0,0,0,0,0,0,0,0,0,0,0,0
241.850,20.552,2.568,-15.907,92.313,2,22.342,1.000,-14.733,-47.269,7.995,-34.770,100.123,1,-46.500,1.000,-34.788,0,0,0,0,0,0,0,0,0,0,0,0,0,0,0,0,0,0,0,0,0,0,0,0
241.900,20.541,2.558,-15.920,92.813,2,22.342,1.000,-14.733,-47.268,8.004,-34.769,100.123,1,-46.500,1.000,-34.788,0,0,0,0,0,0,0,0,0,0,0,0,0,0,0,0,0,0,0,0,0,0,0,0
241.950,20.529,2.549,-15.932,93.313,2,22.342,1.000,-14.733,-47.267,8.012,-34.767,100.123,1,-46.500,1.000,-34.788,0,0,0,0,0,0,0,0,0,0,0,0,0,0,0,0,0,0,0,0,0,0,0,0
242.000,20.518,2.539,-15.945,93.813,2,22.342,1.000,-14.733,-47.267,8.020,-34.766,100.123,1,-46.500,1.000,-34.788,0,0,0,0,0,0,0,0,0,0,0,0,0,0,0,0,0,0,0,0,0,0,0,0
242.050,20.507,2.530,-15.957,94.313,2,22.342,1.000,-14.733,-47.266,8.028,-34.764,100.123,1,-46.500,1.000,-34.788,0,0,0,0,0,0,0,0,0,0,0,0,0,0,0,0,0,0,0,0,0,0,0,0
242.100,20.496,2.520,-15.970,94.813,2,22.342,1.000,-14.733,-47.266,8.037,-34.763,100.123,1,-46.500,1.000,-34.788,0,0,0,0,0,0,0,0,0,0,0,0,0,0,0,0,0,0,0,0,0,0,0,0
242.150,20.485,2.511,-15.982,95.313,2,22.342,1.000,-14.733,-47.265,8.045,-34.761,100.123,1,-46.500,1.000,-34.788,0,0,0,0,0,0,0,0,0,0,0,0,0,0,0,0,0,0,0,0,0,0,0,0
242.200,20.474,2.502,-15.994,95.813,0,41.634,5.000,-30.708,-47.265,8.053,-34.760,100.123,1,-46.500,1.000,-34.788,0,0,0,0,0,0,0,0,0,0,0,0,0,0,0,0,0,0,0,0,0,0,0,0
242.250,20.466,2.496,-16.006,96.313,0,41.634,5.000,-30.708,-47.265,8.061,-34.759,100.123,1,-46.500,1.000,-34.788,0,0,0,0,0,0,0,0,0,0,0,0,0,0,0,0,0,0,0,0,0,0,0,0
242.300,20.462,2.493,-16.018,96.813,0,41.634,5.000,-30.708,-47.264,8.069,-34.757,100.123,1,-46.500,1.000,-34.788,0,0,0,0,0,0,0,0,0,0,0,0,0,0,0,0,0,0,0,0,0,0,0,0
242.350,20.461,2.494,-16.030,97.313,0,41.634,5.000,-30.708,-47.264,8.077,-34.756,100.123,1,-46.500,1.000,-34.788,0,0,0,0,0,0,0,0,0,0,0,0,0,0,0,0,0,0,0,0,0,0,0,0
242.400,20.463,2.498,-16.041,97.813,0,41.634,5.000,-30.708,-47.264,8.084,-34.754,100.123,1,-46.500,1.000,-34.788,0,0,0,0,0,0,0,0,0,0,0,0,0,0,0,0,0,0,0,0,0,0,0,0
242.450,20.469,2.505,-16.053,98.313,0,41.634,5.000,-30.708,-47.264,8.092,-34.753,100.123,1,-46.500,1.000,-34.788,0,0,0,0,0,0,0,0,0,0,0,0,0,0,0,0,0,0,0,0,0,0,0,0
242.500,20.477,2.515,-16.064,98.813,0,41.634,5.000,-30.708,-47.264,8.099,-34.751,100.123,1,-46.500,1.000,-34.788,0,0,0,0,0,0,0,0,0,0,0,0,0,0,0,0,0,0,0,0,0,0,0,0
242.550,20.490,2.529,-16.075,99.313,0,41.634,5.000,-30.708,-47.264,8.107,-34.750,100.123,1,-46.500,1.000,-34.788,0,0,0,0,0,0,0,0,0,0,0,0,0,0,0,0,0,0,0,0,0,0,0,0
242.600,20.505,2.546,-16.085,99.813,0,41.634,5.000,-30.708,-47.265,8.114,-34.748,100.123,1,-46.500,1.000,-34.788,0,0,0,0,0,0,0,0,0,0,0,0,0,0,0,0,0,0,0,0,0,0,0,0
242.650,20.523,2.566,-16.096,100.313,0,41.634,5.000,-30.708,-47.265,8.121,-34.747,100.123,1,-46.500,1.000,-34.788,0,0,0,0,0,0,0,0,0,0,0,0,0,0,0,0,0,0,0,0,0,0,0,0
242.700,20.545,2.589,-16.106,100.313,0,41.634,5.000,-30.708,-47.265,8.128,-34.745,100.123,1,-46.500,1.000,-34.788,0,0,0,0,0,0,0,0,0,0,0,0,0,0,0,0,0,0,0,0,0,0,0,0
242.750,20.569,2.615,-16.116,100.313,0,41.634,5.000,-30.708,-47.266,8.135,-34.744,100.123,1,-46.500,1.000,-34.788,0,0,0,0,0,0,0,0,0,0,0,0,0,0,0,0,0,0,0,0,0,0,0,0
242.800,20.597,2.643,-16.126,100.313,0,41.634,5.000,-30.708,-47.266,8.142,-34.742,100.123,1,-46.500,1.000,-34.788,0,0,0,0,0,0,0,0,0,0,0,0,0,0,0,0,0,0,0,0,0,0,0,0
242.850,20.628,2.675,-16.135,100.313,0,41.634,5.000,-30.708,-47.267,8.148,-34.741,100.123,1,-46.500,1.000,-34.788,0,0,0,0,0,0,0,0,0,0,0,0,0,0,0,0,0,0,0,0,0,0,0,0
242.900,20.661,2.710,-16.144,100.313,0,41.634,5.000,-30.708,-47.267,8.155,-34.739,100.123,1,-46.500,1.000,-34.788,0,0,0,0,0,0,0,0,0,0,0,0,0,0,0,0,0,0,0,0,0,0,0,0
242.950,20.697,2.747,-16.153,100.313,0,41.634,5.000,-30.708,-47.268,8.161,-34.738,100.123,1,-46.500,1.000,-34.788,0,0,0,0,0,0,0,0,0,0,0,0,0,0,0,0,0,0,0,0,0,0,0,0
243.000,20.736,2.787,-16.161,100.313,0,41.634,5.000,-30.708,-47.269,8.167,-34.736,100.123,1,-46.500,1.000,-34.788,0,0,0,0,0,0,0,0,0,0,0,0,0,0,0,0,0,0,0,0,0,0,0,0
243.050,20.777,2.829,-16.170,100.313,0,41.634,5.000,-30.708,-47.270,8.173,-34.735,100.123,1,-46.500,1.000,-34.788,0,0,0,0,0,0,0,0,0,0,0,0,0,0,0,0,0,0,0,0,0,0,0,0
243.100,20.821,2.874,-16.178,100.313,0,41.634,5.000,-30.708,-47.271,8.179,-34.734,100.123,1,-46.500,1.000,-34.788,0,0,0,0,0,0,0,0,0,0,0,0,0,0,0,0,0,0,0,0,0,0,0,0
243.150,20.867,2.922,-16.185,100.313,0,41.634,5.000,-30.708,-47.272,8.184,-34.732,100.123,1,-46.500,1.000,-34.788,0,0,0,0,0,0,0,0,0,0,0,0,0,0,0,0,0,0,0,0,0,0,0,0
243.200,20.916,2.971,-16.193,100.313,0,41.634,5.000,-30.708,-47.273,8.190,-34.731,100.123,1,-46.500,1.000,-34.788,0,0,0,0,0,0,0,0,0,0,0,0,0,0,0,0,0,0,0,0,0,0,0,0
243.250,20.966,3.022,-16.200,100.313,0,41.634,5.000,-30.708,-47.274,8.195,-34.729,100.123,1,-46.500,1.000,-34.788,0,0,0,0,0,0,0,0,0,0,0,0,0,0,0,0,0,0,0,0,0,0,0,0
243.300,21.019,3.076,-16.207,100.313,0,41.634,5.000,-30.708,-47.275,8.200,-34.728,100.123,1,-46.500,1.000,-34.788,0,0,0,0,0,0,0,0,0,0,0,0,0,0,0,0,0,0,0,0,0,0,0,0
243.350,21.073,3.132,-16.214,100.313,0,41.634,5.000,-30.708,-47.276,8.205,-34.726,100.123,1,-46.500,1.000,-34.788,0,0,0,0,0,0,0,0,0,0,0,0,0,0,0,0,0,0,0,0,0,0,0,0
243.400,21.130,3.189,-16.221,100.313,0,41.634,5.000,-30.708,-47.277,8.209,-34.725,100.123,1,-46.500,1.000,-34.788,0,0,0,0,0,0,0,0,0,0,0,0,0,0,0,0,0,0,0,0,0,0,0,0
243.450,21.188,3.248,-16.228,100.313,0,41.634,5.000,-30.708,-47.279,8.213,-34.724,100.123,1,-46.500,1.000,-34.788,0,0,0,0,0,0,0,0,0,0,0,0,0,0,0,0,0,0,0,0,0,0,0,0
243.500,21.248,3.309,-16.234,100.313,0,41.634,5.000,-30.708,-47.280,8.217,-34.722,100.123,1,-46.500,1.000,-34.788,0,0,0,0,0,0,0,0,0,0,0,0,0,0,0,0,0,0,0,0,0,0,0,0
243.550,21.310,3.371,-16.241,100.313,0,41.634,5.000,-30.708,-47.282,8.221,-34.721,100.123,1,-46.500,1.000,-34.788,0,0,0,0,0,0,0,0,0,0,0,0,0,0,0,0,0,0,0,0,0,0,0,0
243.600,21.373,3.434,-16.248,100.313,0,41.634,5.000,-30.708,-47.283,8.225,-34.720,100.123,1,-46.500,1.000,-34.788,0,0,0,0,0,0,0,0,0,0,0,0,0,0,0,0,0,0,0,0,0,0,0,0
243.650,21.437,3.499,-16.256,100.313,0,41.634,5.000,-30.708,-47.285,8.228,-34.718,100.123,1,-46.500,1.000,-34.788,0,0,0,0,0,0,0,0,0,0,0,0,0,0,0,0,0,0,0,0,0,0,0,0
243.700,21.503,3.566,-16.263,100.313,0,41.634,5.000,-30.708,-47.286,8.231,-34.717,100.123,1,-46.500,1.000,-34.788,0,0,0,0,0,0,0,0,0,0,0,0,0,0,0,0,0,0,0,0,0,0,0,0
243.750,21.570,3.633,-16.270,100.313,0,41.634,5.000,-30.708,-47.288,8.234,-34.716,100.123,1,-46.500,1.000,-34.788,0,0,0,0,0,0,0,0,0,0,0,0,0,0,0,0,0,0,0,0,0,0,0,0
243.800,21.638,3.702,-16.278,100.313,0,41.634,5.000,-30.708,-47.289,8.237,-34.715,100.123,1,-46.500,1.000,-34.788,0,0,0,0,0,0,0,0,0,0,0,0,0,0,0,0,0,0,0,0,0,0,0,0
243.850,21.707,3.771,-16.286,100.313,0,41.634,5.000,-30.708,-47.291,8.239,-34.714,100.123,1,-46.500,1.000,-34.788,0,0,0,0,0,0,0,0,0,0,0,0,0,0,0,0,0,0,0,0,0,0,0,0
243.900,21.778,3.842,-16.295,100.313,0,41.634,5.000,-30.708,-47.293,8.242,-34.712,100.123,1,-46.500,1.000,-34.788,0,0,0,0,0,0,0,0,0,0,0,0,0,0,0,0,0,0,0,0,0,0,0,0
243.950,21.849,3.914,-16.304,100.313,0,41.634,5.000,-30.708,-47.295,8.243,-34.711,100.123,1,-46.500,1.000,-34.788,0,0,0,0,0,0,0,0,0,0,0,0,0,0,0,0,0,0,0,0,0,0,0,0
244.000,21.921,3.986,-16.313,100.313,0,41.634,5.000,-30.708,-47.296,8.245,-34.710,100.123,1,-46.500,1.000,-34.788,0,0,0,0,0,0,0,0,0,0,0,0,0,0,0,0,0,0,0,0,0,0,0,0
244.050,21.994,4.059,-16.323,100.313,0,41.634,5.000,-30.708,-47.298,8.246,-34.709,100.123,1,-46.500,1.000,-34.788,0,0,0,0,0,0,0,0,0,0,0,0,0,0,0,0,0,0,0,0,0,0,0,0
244.100,22.068,4.133,-16.333,100.313,0,41.634,5.000,-30.708,-47.300,8.247,-34.708,100.123,1,-46.500,1.000,-34.788,0,0,0,0,0,0,0,0,0,0,0,0,0,0,0,0,0,0,0,0,0,0,0,0
244.150,22.142,4.207,-16.344,100.313,0,41.634,5.000,-30.708,-47.302,8.248,-34.707,100.123,1,-46.500,1.000,-34.788,0,0,0,0,0,0,0,0,0,0,0,0,0,0,0,0,0,0,0,0,0,0,0,0
244.200,22.218,4.283,-16.356,100.313,0,41.634,5.000,-30.708,-47.304,8.249,-34.706,100.123,1,-46.500,1.000,-34.788,0,0,0,0,0,0,0,0,0,0,0,0,0,0,0,0,0,0,0,0,0,0,0,0
244.250,22.293,4.358,-16.368,100.313,0,41.634,5.000,-30.708,-47.305,8.249,-34.705,100.123,1,-46.500,1.000,-34.788,0,0,0,0,0,0,0,0,0,0,0,0,0,0,0,0,0,0,0,0,0,0,0,0
244.300,22.370,4.434,-16.381,100.313,0,41.634,5.000,-30.708,-47.307,8.249,-34.704,100.123,1,-46.500,1.000,-34.788,0,0,0,0,0,0,0,0,0,0,0,0,0,0,0,0,0,0,0,0,0,0,0,0
244.350,22.447,4.511,-16.394,100.313,0,41.634,5.000,-30.708,-47.309,8.249,-34.704,100.123,1,-46.500,1.000,-34.788,0,0,0,0,0,0,0,0,0,0,0,0,0,0,0,0,0,0,0,0,0,0,0,0
244.400,22.524,4.588,-16.409,100.313,0,41.634,5.000,-30.708,-47.311,8.248,-34.703,100.123,1,-46.500,1.000,-34.788,0,0,0,0,0,0,0,0,0,0,0,0,0,0,0,0,0,0,0,0,0,0,0,0
244.450,22.602,4.666,-16.424,100.313,0,41.634,5.000,-30.708,-47.313,8.247,-34.702,100.123,1,-46.500,1.000,-34.788,0,0,0,0,0,0,0,0,0,0,0,0,0,0,0,0,0,0,0,0,0,0,0,0
244.500,22.680,4.743,-16.441,100.313,0,41.634,5.000,-30.708,-47.315,8.246,-34.702,100.123,1,-46.500,1.000,-34.788,0,0,0,0,0,0,0,0,0,0,0,0,0,0,0,0,0,0,0,0,0,0,0,0
244.550,22.759,4.822,-16.458,100.313,0,41.634,5.000,-30.708,-47.317,8.245,-34.701,100.123,1,-46.500,1.000,-34.788,0,0,0,0,0,0,0,0,0,0,0,0,0,0,0,0,0,0,0,0,0,0,0,0
244.600,22.838,4.900,-16.476,100.313,0,41.634,5.000,-30.708,-47.319,8.243,-34.700,100.123,1,-46.500,1.000,-34.788,0,0,0,0,0,0,0,0,0,0,0,0,0,0,0,0,0,0,0,0,0,0,0,0
244.650,22.917,4.978,-16.495,100.313,0,41.634,5.000,-30.708,-47.320,8.241,-34.700,100.123,1,-46.500,1.000,-34.788,0,0,0,0,0,0,0,0,0,0,0,0,0,0,0,0,0,0,0,0,0,0,0,0
244.700,22.997,5.057,-16.516,100.313,0,41.634,5.000,-30.708,-47.322,8.239,-34.700,100.123,1,-46.500,1.000,-34.788,0,0,0,0,0,0,0,0,0,0,0,0,0,0,0,0,0,0,0,0,0,0,0,0
244.750,23.077,5.136,-16.537,100.313,0,41.634,5.000,-30.708,-47.324,8.237,-34.699,100.123,1,-46.500,1.000,-34.788,0,0,0,0,0,0,0,0,0,0,0,0,0,0,0,0,0,0,0,0,0,0,0,0
244.800,23.157,5.215,-16.559,100.313,0,41.634,5.000,-30.708,-47.326,8.234,-34.699,100.123,1,-46.500,1.000,-34.788,0,0,0,0,0,0,0,0,0,0,0,0,0,0,0,0,0,0,0,0,0,0,0,0
244.850,23.238,5.295,-16.583,100.313,0,41.634,5.000,-30.708,-47.328,8.231,-34.699,100.123,1,-46.500,1.000,-34.788,0,0,0,0,0,0,0,0,0,0,0,0,0,0,0,0,0,0,0,0,0,0,0,0
244.900,23.318,5.374,-16.608,100.313,0,41.634,5.000,-30.708,-47.329,8.228,-34.699,100.123,1,-46.500,1.000,-34.788,0,0,0,0,0,0,0,0,0,0,0,0,0,0,0,0,0,0,0,0,0,0,0,0
244.950,23.399,5.454,-16.633,100.313,0,41.634,5.000,-30.708,-47.331,8.224,-34.699,100.123,1,-46.500,1.000,-34.788,0,0,0,0,0,0,0,0,0,0,0,0,0,0,0,0,0,0,0,0,0,0,0,0
245.000,23.480,5.533,-16.660,100.313,0,41.634,5.000,-30.708,-47.333,8.220,-34.698,100.123,1,-46.500,1.000,-34.788,0,0,0,0,0,0,0,0,0,0,0,0,0,0,0,0,0,0,0,0,0,0,0,0
245.050,23.561,5.613,-16.688,100.313,0,41.634,5.000,-30.708,-47.334,8.216,-34.699,100.123,1,-46.500,1.000,-34.788,0,0,0,0,0,0,0,0,0,0,0,0,0,0,0,0,0,0,0,0,0,0,0,0
245.100,23.643,5.692,-16.717,100.313,0,41.634,5.000,-30.708,-47.336,8.212,-34.699,100.123,1,-46.500,1.000,-34.788,0,0,0,0,0,0,0,0,0,0,0,0,0,0,0,0,0,0,0,0,0,0,0,0
245.150,23.724,5.772,-16.747,100.313,0,41.634,5.000,-30.708,-47.338,8.208,-34.699,100.123,1,-46.500,1.000,-34.788,0,0,0,0,0,0,0,0,0,0,0,0,0,0,0,0,0,0,0,0,0,0,0,0
245.200,23.806,5.851,-16.778,100.313,0,41.634,5.000,-30.708,-47.339,8.203,-34.699,100.123,1,-46.500,1.000,-34.788,0,0,0,0,0,0,0,0,0,0,0,0,0,0,0,0,0,0,0,0,0,0,0,0
245.250,23.887,5.931,-16.810,100.313,0,41.634,5.000,-30.708,-47.340,8.198,-34.700,100.123,1,-46.500,1.000,-34.788,0,0,0,0,0,0,0,0,0,0,0,0,0,0,0,0,0,0,0,0,0,0,0,0
245.300,23.969,6.010,-16.843,100.313,0,41.634,5.000,-30.708,-47.342,8.192,-34.700,100.123,1,-46.500,1.000,-34.788,0,0,0,0,0,0,0,0,0,0,0,0,0,0,0,0,0,0,0,0,0,0,0,0
245.350,24.051,6.089,-16.878,100.313,0,41.634,5.000,-30.708,-47.343,8.187,-34.701,100.123,1,-46.500,1.000,-34.788,0,0,0,0,0,0,0,0,0,0,0,0,0,0,0,0,0,0,0,0,0,0,0,0
245.400,24.133,6.168,-16.913,100.313,0,41.634,5.000,-30.708,-47.344,8.181,-34.701,100.123,1,-46.500,1.000,-34.788,0,0,0,0,0,0,0,0,0,0,0,0,0,0,0,0,0,0,0,0,0,0,0,0
245.450,24.215,6.247,-16.950,100.313,0,41.634,5.000,-30.708,-47.346,8.175,-34.702,100.123,1,-46.500,1.000,-34.788,0,0,0,0,0,0,0,0,0,0,0,0,0,0,0,0,0,0,0,0,0,0,0,0
245.500,24.297,6.326,-16.987,100.313,0,41.634,5.000,-30.708,-47.347,8.169,-34.703,100.123,1,-46.500,1.000,-34.788,0,0,0,0,0,0,0,0,0,0,0,0,0,0,0,0,0,0,0,0,0,0,0,0
245.550,24.379,6.405,-17.026,100.313,0,41.634,5.000,-30.708,-47.348,8.163,-34.703,100.123,1,-46.500,1.000,-34.788,0,0,0,0,0,0,0,0,0,0,0,0,0,0,0,0,0,0,0,0,0,0,0,0
245.600,24.461,6.483,-17.065,100.313,0,41.634,5.000,-30.708,-47.349,8.156,-34.704,100.123,1,-46.500,1.000,-34.788,0,0,0,0,0,0,0,0,0,0,0,0,0,0,0,0,0,0,0,0,0,0,0,0
245.650,24.543,6.562,-17.105,100.313,0,41.634,5.000,-30.708,-47.350,8.150,-34.705,100.123,1,-46.500,1.000,-34.788,0,0,0,0,0,0,0,0,0,0,0,0,0,0,0,0,0,0,0,0,0,0,0,0
245.700,24.625,6.640,-17.147,100.313,0,41.634,5.000,-30.708,-47.351,8.143,-34.707,100.123,1,-46.500,1.000,-34.788,0,0,0,0,0,0,0,0,0,0,0,0,0,0,0,0,0,0,0,0,0,0,0,0
245.750,24.707,6.718,-17.189,100.313,0,41.634,5.000,-30.708,-47.352,8.136,-34.708,100.123,1,-46.500,1.000,-34.788,0,0,0,0,0,0,0,0,0,0,0,0,0,0,0,0,0,0,0,0,0,0,0,0
245.800,24.789,6.795,-17.232,100.313,0,41.634,5.000,-30.708,-47.352,8.128,-34.709,100.123,1,-46.500,1.000,-34.788,0,0,0,0,0,0,0,0,0,0,0,0,0,0,0,0,0,0,0,0,0,0,0,0
245.850,24.871,6.873,-17.276,100.313,0,41.634,5.000,-30.708,-47.353,8.121,-34.710,100.123,1,-46.500,1.000,-34.788,0,0,0,0,0,0,0,0,0,0,0,0,0,0,0,0,0,0,0,0,0,0,0,0
245.900,24.953,6.950,-17.320,100.313,0,41.634,5.000,-30.708,-47.354,8.113,-34.712,100.123,1,-46.500,1.000,-34.788,0,0,0,0,0,0,0,0,0,0,0,0,0,0,0,0,0,0,0,0,0,0,0,0
245.950,25.035,7.027,-17.366,100.313,0,41.634,5.000,-30.708,-47.354,8.106,-34.713,100.123,1,-46.500,1.000,-34.788,0,0,0,0,0,0,0,0,0,0,0,0,0,0,0,0,0,0,0,0,0,0,0,0
246.000,25.118,7.104,-17.412,100.313,0,41.634,5.000,-30.708,-47.355,8.098,-34.715,100.123,1,-46.500,1.000,-34.788,0,0,0,0,0,0,0,0,0,0,0,0,0,0,0,0,0,0,0,0,0,0,0,0
246.050,25.200,7.180,-17.459,100.313,0,41.634,5.000,-30.708,-47.355,8.090,-34.717,100.123,1,-46.500,1.000,-34.788,0,0,0,0,0,0,0,0,0,0,0,0,0,0,0,0,0,0,0,0,0,0,0,0
246.100,25.282,7.256,-17.507,100.313,0,41.634,5.000,-30.708,-47.355,8.082,-34.718,100.123,1,-46.500,1.000,-34.788,0,0,0,0,0,0,0,0,0,0,0,0,0,0,0,0,0,0,0,0,0,0,0,0
246.150,25.364,7.332,-17.555,100.313,0,41.634,5.000,-30.708,-47.356,8.073,-34.720,100.123,1,-46.500,1.000,-34.788,0,0,0,0,0,0,0,0,0,0,0,0,0,0,0,0,0,0,0,0,0,0,0,0
246.200,25.446,7.408,-17.604,100.313,0,41.634,5.000,-30.708,-47.356,8.065,-34.722,100.123,1,-46.500,1.000,-34.788,0,0,0,0,0,0,0,0,0,0,0,0,0,0,0,0,0,0,0,0,0,0,0,0
246.250,25.528,7.484,-17.654,100.313,0,41.634,5.000,-30.708,-47.356,8.057,-34.724,100.123,1,-46.500,1.000,-34.788,0,0,0,0,0,0,0,0,0,0,0,0,0,0,0,0,0,0,0,0,0,0,0,0
246.300,25.610,7.559,-17.705,100.313,0,41.634,5.000,-30.708,-47.356,8.048,-34.726,100.123,1,-46.500,1.000,-34.788,0,0,0,0,0,0,0,0,0,0,0,0,0,0,0,0,0,0,0,0,0,0,0,0
246.350,25.692,7.634,-17.756,100.313,0,41.634,5.000,-30.708,-47.356,8.040,-34.728,100.123,1,-46.500,1.000,-34.788,0,0,0,0,0,0,0,0,0,0,0,0,0,0,0,0,0,0,0,0,0,0,0,0
246.400,25.774,7.708,-17.808,100.313,0,41.634,5.000,-30.708,-47.355,8.031,-34.731,100.123,1,-46.500,1.000,-34.788,0,0,0,0,0,0,0,0,0,0,0,0,0,0,0,0,0,0,0,0,0,0,0,0
246.450,25.856,7.783,-17.860,100.313,0,41.634,5.000,-30.708,-47.355,8.022,-34.733,100.123,1,-46.500,1.000,-34.788,0,0,0,0,0,0,0,0,0,0,0,0,0,0,0,0,0,0,0,0,0,0,0,0
246.500,25.937,7.857,-17.913,100.313,0,41.634,5.000,-30.708,-47.355,8.013,-34.735,100.123,1,-46.500,1.000,-34.788,0,0,0,0,0,0,0,0,0,0,0,0,0,0,0,0,0,0,0,0,0,0,0,0
246.550,26.019,7.931,-17.967,100.313,0,41.634,5.000,-30.708,-47.354,8.004,-34.738,100.123,1,-46.500,1.000,-34.788,0,0,0,0,0,0,0,0,0,0,0,0,0,0,0,0,0,0,0,0,0,0,0,0
246.600,26.101,8.004,-18.022,100.313,0,41.634,5.000,-30.708,-47.354,7.995,-34.740,100.123,1,-46.500,1.000,-34.788,0,0,0,0,0,0,0,0,0,0,0,0,0,0,0,0,0,0,0,0,0,0,0,0
246.650,26.183,8.078,-18.077,100.313,0,41.634,5.000,-30.708,-47.353,7.987,-34.743,100.123,1,-46.500,1.000,-34.788,0,0,0,0,0,0,0,0,0,0,0,0,0,0,0,0,0,0,0,0,0,0,0,0
246.700,26.264,8.151,-18.132,100.313,0,41.634,5.000,-30.708,-47.353,7.978,-34.746,100.123,1,-46.500,1.000,-34.788,0,0,0,0,0,0,0,0,0,0,0,0,0,0,0,0,0,0,0,0,0,0,0,0
246.750,26.346,8.223,-18.188,100.313,0,41.634,5.000,-30.708,-47.352,7.969,-34.748,100.123,1,-46.500,1.000,-34.788,0,0,0,0,0,0,0,0,0,0,0,0,0,0,0,0,0,0,0,0,0,0,0,0
246.800,26.428,8.296,-18.245,100.313,0,41.634,5.000,-30.708,-47.351,7.960,-34.751,100.123,1,-46.500,1.000,-34.788,0,0,0,0,0,0,0,0,0,0,0,0,0,0,0,0,0,0,0,0,0,0,0,0
246.850,26.509,8.368,-18.302,100.313,0,41.634,5.000,-30.708,-47.350,7.951,-34.754,100.123,1,-46.500,1.000,-34.788,0,0,0,0,0,0,0,0,0,0,0,0,0,0,0,0,0,0,0,0,0,0,0,0
246.900,26.591,8.440,-18.360,100.313,0,41.634,5.000,-30.708,-47.349,7.942,-34.757,100.123,1,-46.500,1.000,-34.788,0,0,0,0,0,0,0,0,0,0,0,0,0,0,0,0,0,0,0,0,0,0,0,0
246.950,26.672,8.511,-18.418,100.313,0,41.634,5.000,-30.708,-47.348,7.933,-34.760,100.123,1,-46.500,1.000,-34.788,0,0,0,0,0,0,0,0,0,0,0,0,0,0,0,0,0,0,0,0,0,0,0,0
247.000,26.754,8.583,-18.477,100.313,0,41.634,5.000,-30.708,-47.347,7.924,-34.763,100.123,1,-46.500,1.000,-34.788,0,0,0,0,0,0,0,0,0,0,0,0,0,0,0,0,0,0,0,0,0,0,0,0
247.050,26.835,8.654,-18.537,100.313,0,41.634,5.000,-30.708,-47.346,7.915,-34.766,100.123,1,-46.500,1.000,-34.788,0,0,0,0,0,0,0,0,0,0,0,0,0,0,0,0,0,0,0,0,0,0,0,0
247.100,26.917,8.724,-18.597,100.313,0,41.634,5.000,-30.708,-47.344,7.906,-34.769,100.123,1,-46.500,1.000,-34.788,0,0,0,0,0,0,0,0,0,0,0,0,0,0,0,0,0,0,0,0,0,0,0,0
247.150,26.998,8.795,-18.657,100.313,0,41.634,5.000,-30.708,-47.343,7.897,-34.772,100.123,1,-46.500,1.000,-34.788,0,0,0,0,0,0,0,0,0,0,0,0,0,0,0,0,0,0,0,0,0,0,0,0
247.200,27.079,8.865,-18.718,100.313,0,41.634,5.000,-30.708,-47.342,7.888,-34.775,100.123,1,-46.500,1.000,-34.788,0,0,0,0,0,0,0,0,0,0,0,0,0,0,0,0,0,0,0,0,0,0,0,0
247.250,27.161,8.935,-18.779,100.235,0,41.634,5.000,-30.708,-47.340,7.879,-34.778,100.123,1,-46.500,1.000,-34.788,0,0,0,0,0,0,0,0,0,0,0,0,0,0,0,0,0,0,0,0,0,0,0,0
247.300,27.242,9.004,-18.841,100.157,0,41.634,5.000,-30.708,-47.339,7.871,-34.781,100.123,1,-46.500,1.000,-34.788,0,0,0,0,0,0,0,0,0,0,0,0,0,0,0,0,0,0,0,0,0,0,0,0
247.350,27.323,9.073,-18.903,100.080,0,41.634,5.000,-30.708,-47.337,7.862,-34.784,100.123,1,-46.500,1.000,-34.788,0,0,0,0,0,0,0,0,0,0,0,0,0,0,0,0,0,0,0,0,0,0,0,0
247.400,27.404,9.142,-18.966,100.002,0,41.634,5.000,-30.708,-47.336,7.854,-34.788,100.123,1,-46.500,1.000,-34.788,0,0,0,0,0,0,0,0,0,0,0,0,0,0,0,0,0,0,0,0,0,0,0,0
247.450,27.485,9.211,-19.029,99.924,0,41.634,5.000,-30.708,-47.334,7.845,-34.791,100.123,1,-46.500,1.000,-34.788,0,0,0,0,0,0,0,0,0,0,0,0,0,0,0,0,0,0,0,0,0,0,0,0
247.500,27.567,9.279,-19.093,99.847,0,41.634,5.000,-30.708,-47.332,7.837,-34.794,100.123,1,-46.500,1.000,-34.788,0,0,0,0,0,0,0,0,0,0,0,0,0,0,0,0,0,0,0,0,0,0,0,0
247.550,27.648,9.347,-19.157,99.769,0,41.634,5.000,-30.708,-47.330,7.829,-34.797,100.123,1,-46.500,1.000,-34.788,0,0,0,0,0,0,0,0,0,0,0,0,0,0,0,0,0,0,0,0,0,0,0,0
247.600,27.729,9.415,-19.221,99.691,0,41.634,5.000,-30.708,-47.329,7.821,-34.801,100.123,1,-46.500,1.000,-34.788,0,0,0,0,0,0,0,0,0,0,0,0,0,0,0,0,0,0,0,0,0,0,0,0
247.650,27.810,9.482,-19.286,99.614,0,41.634,5.000,-30.708,-47.327,7.813,-34.804,100.123,1,-46.500,1.000,-34.788,0,0,0,0,0,0,0,0,0,0,0,0,0,0,0,0,0,0,0,0,0,0,0,0
247.700,27.891,9.549,-19.351,99.536,0,41.634,5.000,-30.708,-47.325,7.806,-34.807,100.123,1,-46.500,1.000,-34.788,0,0,0,0,0,0,0,0,0,0,0,0,0,0,0,0,0,0,0,0,0,0,0,0
247.750,27.971,9.616,-19.417,99.459,0,41.634,5.000,-30.708,-47.323,7.798,-34.810,100.123,1,-46.500,1.000,-34.788,0,0,0,0,0,0,0,0,0,0,0,0,0,0,0,0,0,0,0,0,0,0,0,0
247.800,28.052,9.683,-19.483,99.381,0,41.634,5.000,-30.708,-47.321,7.791,-34.813,100.123,1,-46.500,1.000,-34.788,0,0,0,0,0,0,0,0,0,0,0,0,0,0,0,0,0,0,0,0,0,0,0,0
247.850,28.133,9.749,-19.549,99.304,0,41.634,5.000,-30.708,-47.319,7.784,-34.817,100.123,1,-46.500,1.000,-34.788,0,0,0,0,0,0,0,0,0,0,0,0,0,0,0,0,0,0,0,0,0,0,0,0
247.900,28.214,9.815,-19.615,99.227,0,41.634,5.000,-30.708,-47.317,7.777,-34.820,100.123,1,-46.500,1.000,-34.788,0,0,0,0,0,0,0,0,0,0,0,0,0,0,0,0,0,0,0,0,0,0,0,0
247.950,28.295,9.880,-19.682,99.149,0,41.634,5.000,-30.708,-47.314,7.770,-34.823,100.123,1,-46.500,1.000,-34.788,0,0,0,0,0,0,0,0,0,0,0,0,0,0,0,0,0,0,0,0,0,0,0,0
248.000,28.376,9.946,-19.750,99.072,0,41.634,5.000,-30.708,-47.312,7.763,-34.826,100.123,1,-46.500,1.000,-34.788,0,0,0,0,0,0,0,0,0,0,0,0,0,0,0,0,0,0,0,0,0,0,0,0
248.050,28.456,10.011,-19.817,98.995,0,41.634,5.000,-30.708,-47.310,7.757,-34.829,100.123,1,-46.500,1.000,-34.788,0,0,0,0,0,0,0,0,0,0,0,0,0,0,0,0,0,0,0,0,0,0,0,0
248.100,28.537,10.075,-19.885,98.918,0,41.634,5.000,-30.708,-47.308,7.751,-34.832,100.123,1,-46.500,1.000,-34.788,0,0,0,0,0,0,0,0,0,0,0,0,0,0,0,0,0,0,0,0,0,0,0,0
248.150,28.618,10.140,-19.953,98.841,0,41.634,5.000,-30.708,-47.306,7.745,-34.835,100.123,1,-46.500,1.000,-34.788,0,0,0,0,0,0,0,0,0,0,0,0,0,0,0,0,0,0,0,0,0,0,0,0
248.200,28.698,10.204,-20.022,98.764,0,41.634,5.000,-30.708,-47.303,7.739,-34.838,100.123,1,-46.500,1.000,-34.788,0,0,0,0,0,0,0,0,0,0,0,0,0,0,0,0,0,0,0,0,0,0,0,0
248.250,28.779,10.268,-20.090,98.687,0,41.634,5.000,-30.708,-47.301,7.733,-34.841,100.123,1,-46.500,1.000,-34.788,0,0,0,0,0,0,0,0,0,0,0,0,0,0,0,0,0,0,0,0,0,0,0,0
248.300,28.860,10.331,-20.159,98.610,0,41.634,5.000,-30.708,-47.299,7.728,-34.843,100.123,1,-46.500,1.000,-34.788,0,0,0,0,0,0,0,0,0,0,0,0,0,0,0,0,0,0,0,0,0,0,0,0
248.350,28.940,10.394,-20.229,98.533,0,41.634,5.000,-30.708,-47.297,7.723,-34.846,100.123,1,-46.500,1.000,-34.788,0,0,0,0,0,0,0,0,0,0,0,0,0,0,0,0,0,0,0,0,0,0,0,0
248.400,29.021,10.457,-20.298,98.457,0,41.634,5.000,-30.708,-47.294,7.718,-34.849,100.123,1,-46.500,1.000,-34.788,0,0,0,0,0,0,0,0,0,0,0,0,0,0,0,0,0,0,0,0,0,0,0,0
248.450,29.101,10.520,-20.368,98.380,0,41.634,5.000,-30.708,-47.292,7.713,-34.851,100.123,1,-46.500,1.000,-34.788,0,0,0,0,0,0,0,0,0,0,0,0,0,0,0,0,0,0,0,0,0,0,0,0
248.500,29.182,10.582,-20.438,98.304,0,41.634,5.000,-30.708,-47.290,7.709,-34.854,100.123,1,-46.500,1.000,-34.788,0,0,0,0,0,0,0,0,0,0,0,0,0,0,0,0,0,0,0,0,0,0,0,0
248.550,29.262,10.644,-20.508,98.228,0,41.634,5.000,-30.708,-47.287,7.705,-34.856,100.123,1,-46.500,1.000,-34.788,0,0,0,0,0,0,0,0,0,0,0,0,0,0,0,0,0,0,0,0,0,0,0,0
248.600,29.343,10.706,-20.579,98.151,0,41.634,5.000,-30.708,-47.285,7.701,-34.858,100.123,1,-46.500,1.000,-34.788,0,0,0,0,0,0,0,0,0,0,0,0,0,0,0,0,0,0,0,0,0,0,0,0
248.650,29.423,10.767,-20.649,98.075,0,41.634,5.000,-30.708,-47.283,7.697,-34.861,100.123,1,-46.500,1.000,-34.788,0,0,0,0,0,0,0,0,0,0,0,0,0,0,0,0,0,0,0,0,0,0,0,0
248.700,29.504,10.828,-20.720,98.000,0,41.634,5.000,-30.708,-47.280,7.694,-34.863,100.123,1,-46.500,1.000,-34.788,0,0,0,0,0,0,0,0,0,0,0,0,0,0,0,0,0,0,0,0,0,0,0,0
248.750,29.584,10.888,-20.791,97.924,0,41.634,5.000,-30.708,-47.278,7.691,-34.865,100.123,1,-46.500,1.000,-34.788,0,0,0,0,0,0,0,0,0,0,0,0,0,0,0,0,0,0,0,0,0,0,0,0
248.800,29.665,10.949,-20.862,97.848,0,41.634,5.000,-30.708,-47.276,7.688,-34.867,100.123,1,-46.500,1.000,-34.788,0,0,0,0,0,0,0,0,0,0,0,0,0,0,0,0,0,0,0,0,0,0,0,0
248.850,29.745,11.009,-20.934,97.773,0,41.634,5.000,-30.708,-47.273,7.686,-34.869,100.123,1,-46.500,1.000,-34.788,0,0,0,0,0,0,0,0,0,0,0,0,0,0,0,0,0,0,0,0,0,0,0,0
248.900,29.826,11.068,-21.005,97.698,0,41.634,5.000,-30.708,-47.271,7.683,-34.870,100.123,1,-46.500,1.000,-34.788,0,0,0,0,0,0,0,0,0,0,0,0,0,0,0,0,0,0,0,0,0,0,0,0
248.950,29.906,11.127,-21.077,97.623,0,41.634,5.000,-30.708,-47.269,7.681,-34.872,100.123,1,-46.500,1.000,-34.788,0,0,0,0,0,0,0,0,0,0,0,0,0,0,0,0,0,0,0,0,0,0,0,0
249.000,29.987,11.186,-21.149,97.548,0,41.634,5.000,-30.708,-47.267,7.680,-34.874,100.123,1,-46.500,1.000,-34.788,0,0,0,0,0,0,0,0,0,0,0,0,0,0,0,0,0,0,0,0,0,0,0,0
249.050,30.067,11.245,-21.221,97.473,0,41.634,5.000,-30.708,-47.265,7.678,-34.875,100.123,1,-46.500,1.000,-34.788,0,0,0,0,0,0,0,0,0,0,0,0,0,0,0,0,0,0,0,0,0,0,0,0
249.100,30.148,11.303,-21.293,97.398,0,41.634,5.000,-30.708,-47.263,7.677,-34.876,100.123,1,-46.500,1.000,-34.788,0,0,0,0,0,0,0,0,0,0,0,0,0,0,0,0,0,0,0,0,0,0,0,0
249.150,30.228,11.360,-21.365,97.324,0,41.634,5.000,-30.708,-47.260,7.676,-34.878,100.123,1,-46.500,1.000,-34.788,0,0,0,0,0,0,0,0,0,0,0,0,0,0,0,0,0,0,0,0,0,0,0,0
249.200,30.309,11.418,-21.438,97.250,0,41.634,5.000,-30.708,-47.258,7.676,-34.879,100.123,1,-46.500,1.000,-34.788,0,0,0,0,0,0,0,0,0,0,0,0,0,0,0,0,0,0,0,0,0,0,0,0
249.250,30.389,11.474,-21.511,97.176,0,41.634,5.000,-30.708,-47.256,7.675,-34.880,100.123,1,-46.500,1.000,-34.788,0,0,0,0,0,0,0,0,0,0,0,0,0,0,0,0,0,0,0,0,0,0,0,0
249.300,30.470,11.531,-21.583,97.102,0,41.634,5.000,-30.708,-47.254,7.675,-34.881,100.123,1,-46.500,1.000,-34.788,0,0,0,0,0,0,0,0,0,0,0,0,0,0,0,0,0,0,0,0,0,0,0,0
249.350,30.550,11.587,-21.656,97.028,0,41.634,5.000,-30.708,-47.253,7.676,-34.881,100.123,1,-46.500,1.000,-34.788,0,0,0,0,0,0,0,0,0,0,0,0,0,0,0,0,0,0,0,0,0,0,0,0
249.400,30.631,11.642,-21.729,96.955,0,41.634,5.000,-30.708,-47.251,7.676,-34.882,100.123,1,-46.500,1.000,-34.788,0,0,0,0,0,0,0,0,0,0,0,0,0,0,0,0,0,0,0,0,0,0,0,0
249.450,30.711,11.697,-21.803,96.882,0,41.634,5.000,-30.708,-47.249,7.677,-34.882,100.123,1,-46.500,1.000,-34.788,0,0,0,0,0,0,0,0,0,0,0,0,0,0,0,0,0,0,0,0,0,0,0,0
249.500,30.792,11.751,-21.876,96.809,0,41.634,5.000,-30.708,-47.247,7.678,-34.883,100.123,1,-46.500,1.000,-34.788,0,0,0,0,0,0,0,0,0,0,0,0,0,0,0,0,0,0,0,0,0,0,0,0
249.550,30.872,11.805,-21.949,96.736,0,41.634,5.000,-30.708,-47.246,7.680,-34.883,100.123,1,-46.500,1.000,-34.788,0,0,0,0,0,0,0,0,0,0,0,0,0,0,0,0,0,0,0,0,0,0,0,0
249.600,30.953,11.859,-22.023,96.663,0,41.634,5.000,-30.708,-47.244,7.682,-34.883,100.123,1,-46.500,1.000,-34.788,0,0,0,0,0,0,0,0,0,0,0,0,0,0,0,0,0,0,0,0,0,0,0,0
249.650,31.034,11.912,-22.096,96.591,0,41.634,5.000,-30.708,-47.242,7.684,-34.883,100.123,1,-46.500,1.000,-34.788,0,0,0,0,0,0,0,0,0,0,0,0,0,0,0,0,0,0,0,0,0,0,0,0
249.700,31.114,11.964,-22.170,96.519,0,41.634,5.000,-30.708,-47.241,7.686,-34.883,100.123,1,-46.500,1.000,-34.788,0,0,0,0,0,0,0,0,0,0,0,0,0,0,0,0,0,0,0,0,0,0,0,0
249.750,31.195,12.016,-22.244,96.447,0,41.634,5.000,-30.708,-47.240,7.689,-34.883,100.123,1,-46.500,1.000,-34.788,0,0,0,0,0,0,0,0,0,0,0,0,0,0,0,0,0,0,0,0,0,0,0,0
249.800,31.276,12.067,-22.318,96.376,0,41.634,5.000,-30.708,-47.238,7.691,-34.882,100.123,1,-46.500,1.000,-34.788,0,0,0,0,0,0,0,0,0,0,0,0,0,0,0,0,0,0,0,0,0,0,0,0
249.850,31.357,12.117,-22.392,96.304,0,41.634,5.000,-30.708,-47.237,7.695,-34.882,100.123,1,-46.500,1.000,-34.788,0,0,0,0,0,0,0,0,0,0,0,0,0,0,0,0,0,0,0,0,0,0,0,0
249.900,31.438,12.167,-22.467,96.233,0,41.634,5.000,-30.708,-47.236,7.698,-34.881,100.123,1,-46.500,1.000,-34.788,0,0,0,0,0,0,0,0,0,0,0,0,0,0,0,0,0,0,0,0,0,0,0,0
249.950,31.518,12.216,-22.541,96.162,0,41.634,5.000,-30.708,-47.235,7.702,-34.880,100.123,1,-46.500,1.000,-34.788,0,0,0,0,0,0,0,0,0,0,0,0,0,0,0,0,0,0,0,0,0,0,0,0
250.000,31.599,12.265,-22.615,96.092,0,41.634,5.000,-30.708,-47.234,7.706,-34.879,100.123,1,-46.500,1.000,-34.788,0,0,0,0,0,0,0,0,0,0,0,0,0,0,0,0,0,0,0,0,0,0,0,0
250.050,31.680,12.313,-22.690,96.021,0,41.634,5.000,-30.708,-47.233,7.710,-34.878,100.123,1,-46.500,1.000,-34.788,0,0,0,0,0,0,0,0,0,0,0,0,0,0,0,0,0,0,0,0,0,0,0,0
250.100,31.761,12.360,-22.764,95.951,0,41.634,5.000,-30.708,-47.232,7.715,-34.877,100.123,1,-46.500,1.000,-34.788,0,0,0,0,0,0,0,0,0,0,0,0,0,0,0,0,0,0,0,0,0,0,0,0
250.150,31.843,12.406,-22.839,95.882,0,41.634,5.000,-30.708,-47.232,7.719,-34.875,100.123,1,-46.500,1.000,-34.788,0,0,0,0,0,0,0,0,0,0,0,0,0,0,0,0,0,0,0,0,0,0,0,0
250.200,31.924,12.452,-22.914,95.812,0,41.634,5.000,-30.708,-47.231,7.724,-34.874,100.123,1,-46.500,1.000,-34.788,0,0,0,0,0,0,0,0,0,0,0,0,0,0,0,0,0,0,0,0,0,0,0,0
250.250,32.005,12.496,-22.989,95.743,0,41.634,5.000,-30.708,-47.231,7.730,-34.872,100.123,1,-46.500,1.000,-34.788,0,0,0,0,0,0,0,0,0,0,0,0,0,0,0,0,0,0,0,0,0,0,0,0
250.300,32.086,12.540,-23.064,95.674,0,41.634,5.000,-30.708,-47.230,7.735,-34.871,100.123,1,-46.500,1.000,-34.788,0,0,0,0,0,0,0,0,0,0,0,0,0,0,0,0,0,0,0,0,0,0,0,0
250.350,32.167,12.583,-23.139,95.605,0,41.634,5.000,-30.708,-47.230,7.741,-34.869,100.123,1,-46.500,1.000,-34.788,0,0,0,0,0,0,0,0,0,0,0,0,0,0,0,0,0,0,0,0,0,0,0,0
250.400,32.249,12.625,-23.214,95.537,0,41.634,5.000,-30.708,-47.230,7.747,-34.867,100.123,1,-46.500,1.000,-34.788,0,0,0,0,0,0,0,0,0,0,0,0,0,0,0,0,0,0,0,0,0,0,0,0
250.450,32.330,12.666,-23.289,95.469,0,41.634,5.000,-30.708,-47.230,7.753,-34.865,100.123,1,-46.500,1.000,-34.788,0,0,0,0,0,0,0,0,0,0,0,0,0,0,0,0,0,0,0,0,0,0,0,0
250.500,32.412,12.707,-23.364,95.401,0,41.634,5.000,-30.708,-47.230,7.760,-34.863,100.123,1,-46.500,1.000,-34.788,0,0,0,0,0,0,0,0,0,0,0,0,0,0,0,0,0,0,0,0,0,0,0,0
250.550,32.493,12.746,-23.439,95.333,0,41.634,5.000,-30.708,-47.230,7.767,-34.860,100.123,1,-46.500,1.000,-34.788,0,0,0,0,0,0,0,0,0,0,0,0,0,0,0,0,0,0,0,0,0,0,0,0
250.600,32.575,12.784,-23.515,95.266,0,41.634,5.000,-30.708,-47.230,7.774,-34.858,100.123,1,-46.500,1.000,-34.788,0,0,0,0,0,0,0,0,0,0,0,0,0,0,0,0,0,0,0,0,0,0,0,0
250.650,32.657,12.821,-23.590,95.199,0,41.634,5.000,-30.708,-47.230,7.781,-34.855,100.123,1,-46.500,1.000,-34.788,0,0,0,0,0,0,0,0,0,0,0,0,0,0,0,0,0,0,0,0,0,0,0,0
250.700,32.739,12.856,-23.665,95.132,0,41.634,5.000,-30.708,-47.231,7.788,-34.853,100.123,1,-46.500,1.000,-34.788,0,0,0,0,0,0,0,0,0,0,0,0,0,0,0,0,0,0,0,0,0,0,0,0
250.750,32.821,12.891,-23.741,95.065,0,41.634,5.000,-30.708,-47.231,7.795,-34.850,100.123,1,-46.500,1.000,-34.788,0,0,0,0,0,0,0,0,0,0,0,0,0,0,0,0,0,0,0,0,0,0,0,0
250.800,32.903,12.925,-23.816,94.998,0,41.634,5.000,-30.708,-47.232,7.803,-34.847,100.123,1,-46.500,1.000,-34.788,0,0,0,0,0,0,0,0,0,0,0,0,0,0,0,0,0,0,0,0,0,0,0,0
250.850,32.985,12.957,-23.892,94.932,0,41.634,5.000,-30.708,-47.233,7.811,-34.844,100.123,1,-46.500,1.000,-34.788,0,0,0,0,0,0,0,0,0,0,0,0,0,0,0,0,0,0,0,0,0,0,0,0
250.900,33.067,12.987,-23.967,94.865,0,41.634,5.000,-30.708,-47.234,7.819,-34.841,100.123,1,-46.500,1.000,-34.788,0,0,0,0,0,0,0,0,0,0,0,0,0,0,0,0,0,0,0,0,0,0,0,0
250.950,33.150,13.017,-24.043,94.799,0,41.634,5.000,-30.708,-47.235,7.827,-34.838,100.123,1,-46.500,1.000,-34.788,0,0,0,0,0,0,0,0,0,0,0,0,0,0,0,0,0,0,0,0,0,0,0,0
251.000,33.232,13.045,-24.118,94.732,0,41.634,5.000,-30.708,-47.236,7.835,-34.835,100.123,1,-46.500,1.000,-34.788,0,0,0,0,0,0,0,0,0,0,0,0,0,0,0,0,0,0,0,0,0,0,0,0
251.050,33.315,13.072,-24.194,94.666,0,41.634,5.000,-30.708,-47.237,7.844,-34.831,100.123,1,-46.500,1.000,-34.788,0,0,0,0,0,0,0,0,0,0,0,0,0,0,0,0,0,0,0,0,0,0,0,0
251.100,33.397,13.097,-24.269,94.600,0,41.634,5.000,-30.708,-47.238,7.852,-34.828,100.123,1,-46.500,1.000,-34.788,0,0,0,0,0,0,0,0,0,0,0,0,0,0,0,0,0,0,0,0,0,0,0,0
251.150,33.480,13.120,-24.345,94.533,0,41.634,5.000,-30.708,-47.240,7.861,-34.824,100.123,1,-46.500,1.000,-34.788,0,0,0,0,0,0,0,0,0,0,0,0,0,0,0,0,0,0,0,0,0,0,0,0
251.200,33.563,13.143,-24.420,94.467,0,41.634,5.000,-30.708,-47.241,7.870,-34.821,100.123,1,-46.500,1.000,-34.788,0,0,0,0,0,0,0,0,0,0,0,0,0,0,0,0,0,0,0,0,0,0,0,0
251.250,33.646,13.163,-24.496,94.400,0,41.634,5.000,-30.708,-47.243,7.879,-34.817,100.123,1,-46.500,1.000,-34.788,0,0,0,0,0,0,0,0,0,0,0,0,0,0,0,0,0,0,0,0,0,0,0,0
251.300,33.729,13.182,-24.571,94.333,0,41.634,5.000,-30.708,-47.244,7.888,-34.814,100.123,1,-46.500,1.000,-34.788,0,0,0,0,0,0,0,0,0,0,0,0,0,0,0,0,0,0,0,0,0,0,0,0
251.350,33.812,13.199,-24.647,94.267,0,41.634,5.000,-30.708,-47.246,7.897,-34.810,100.123,1,-46.500,1.000,-34.788,0,0,0,0,0,0,0,0,0,0,0,0,0,0,0,0,0,0,0,0,0,0,0,0
251.400,33.896,13.215,-24.722,94.200,0,41.634,5.000,-30.708,-47.248,7.906,-34.806,100.123,1,-46.500,1.000,-34.788,0,0,0,0,0,0,0,0,0,0,0,0,0,0,0,0,0,0,0,0,0,0,0,0
251.450,33.979,13.229,-24.797,94.133,0,41.634,5.000,-30.708,-47.250,7.915,-34.803,100.123,1,-46.500,1.000,-34.788,0,0,0,0,0,0,0,0,0,0,0,0,0,0,0,0,0,0,0,0,0,0,0,0
251.500,34.063,13.241,-24.873,94.065,0,41.634,5.000,-30.708,-47.252,7.925,-34.799,100.123,1,-46.500,1.000,-34.788,0,0,0,0,0,0,0,0,0,0,0,0,0,0,0,0,0,0,0,0,0,0,0,0
251.550,34.146,13.251,-24.948,93.998,0,41.634,5.000,-30.708,-47.254,7.934,-34.795,100.123,1,-46.500,1.000,-34.788,0,0,0,0,0,0,0,0,0,0,0,0,0,0,0,0,0,0,0,0,0,0,0,0
251.600,34.230,13.260,-25.023,93.930,0,41.634,5.000,-30.708,-47.256,7.943,-34.791,100.123,1,-46.500,1.000,-34.788,0,0,0,0,0,0,0,0,0,0,0,0,0,0,0,0,0,0,0,0,0,0,0,0
251.650,34.314,13.267,-25.098,93.862,0,41.634,5.000,-30.708,-47.259,7.952,-34.787,100.123,1,-46.500,1.000,-34.788,0,0,0,0,0,0,0,0,0,0,0,0,0,0,0,0,0,0,0,0,0,0,0,0
251.700,34.398,13.272,-25.173,93.794,0,41.634,5.000,-30.708,-47.261,7.962,-34.783,100.123,1,-46.500,1.000,-34.788,0,0,0,0,0,0,0,0,0,0,0,0,0,0,0,0,0,0,0,0,0,0,0,0
251.750,34.482,13.275,-25.247,93.725,0,41.634,5.000,-30.708,-47.263,7.971,-34.779,100.123,1,-46.500,1.000,-34.788,0,0,0,0,0,0,0,0,0,0,0,0,0,0,0,0,0,0,0,0,0,0,0,0
251.800,34.566,13.277,-25.322,93.657,0,41.634,5.000,-30.708,-47.266,7.980,-34.775,100.123,1,-46.500,1.000,-34.788,0,0,0,0,0,0,0,0,0,0,0,0,0,0,0,0,0,0,0,0,0,0,0,0
251.850,34.650,13.276,-25.396,93.588,0,41.634,5.000,-30.708,-47.268,7.990,-34.772,100.123,1,-46.500,1.000,-34.788,0,0,0,0,0,0,0,0,0,0,0,0,0,0,0,0,0,0,0,0,0,0,0,0
251.900,34.735,13.274,-25.471,93.519,0,41.634,5.000,-30.708,-47.271,7.999,-34.768,100.123,1,-46.500,1.000,-34.788,0,0,0,0,0,0,0,0,0,0,0,0,0,0,0,0,0,0,0,0,0,0,0,0
251.950,34.819,13.270,-25.545,93.450,0,41.634,5.000,-30.708,-47.274,8.008,-34.764,100.123,1,-46.500,1.000,-34.788,0,0,0,0,0,0,0,0,0,0,0,0,0,0,0,0,0,0,0,0,0,0,0,0
252.000,34.904,13.265,-25.619,93.380,0,41.634,5.000,-30.708,-47.276,8.017,-34.760,100.123,1,-46.500,1.000,-34.788,0,0,0,0,0,0,0,0,0,0,0,0,0,0,0,0,0,0,0,0,0,0,0,0
252.050,34.988,13.257,-25.692,93.311,0,41.634,5.000,-30.708,-47.279,8.027,-34.756,100.123,1,-46.500,1.000,-34.788,0,0,0,0,0,0,0,0,0,0,0,0,0,0,0,0,0,0,0,0,0,0,0,0
252.100,35.073,13.248,-25.766,93.241,0,41.634,5.000,-30.708,-47.282,8.036,-34.752,100.123,1,-46.500,1.000,-34.788,0,0,0,0,0,0,0,0,0,0,0,0,0,0,0,0,0,0,0,0,0,0,0,0
252.150,35.157,13.237,-25.839,93.171,0,41.634,5.000,-30.708,-47.285,8.045,-34.748,100.123,1,-46.500,1.000,-34.788,0,0,0,0,0,0,0,0,0,0,0,0,0,0,0,0,0,0,0,0,0,0,0,0
252.200,35.242,13.224,-25.912,93.101,0,41.634,5.000,-30.708,-47.288,8.054,-34.744,100.123,1,-46.500,1.000,-34.788,0,0,0,0,0,0,0,0,0,0,0,0,0,0,0,0,0,0,0,0,0,0,0,0
252.250,35.327,13.209,-25.985,93.030,0,41.634,5.000,-30.708,-47.290,8.062,-34.740,100.123,1,-46.500,1.000,-34.788,0,0,0,0,0,0,0,0,0,0,0,0,0,0,0,0,0,0,0,0,0,0,0,0
252.300,35.412,13.193,-26.058,92.960,0,41.634,5.000,-30.708,-47.293,8.071,-34.737,100.123,1,-46.500,1.000,-34.788,0,0,0,0,0,0,0,0,0,0,0,0,0,0,0,0,0,0,0,0,0,0,0,0
252.350,35.496,13.175,-26.130,92.890,0,41.634,5.000,-30.708,-47.296,8.080,-34.733,100.123,1,-46.500,1.000,-34.788,0,0,0,0,0,0,0,0,0,0,0,0,0,0,0,0,0,0,0,0,0,0,0,0
252.400,35.581,13.155,-26.202,92.819,0,41.634,5.000,-30.708,-47.299,8.088,-34.729,100.123,1,-46.500,1.000,-34.788,0,0,0,0,0,0,0,0,0,0,0,0,0,0,0,0,0,0,0,0,0,0,0,0
252.450,35.666,13.134,-26.274,92.748,0,41.634,5.000,-30.708,-47.302,8.097,-34.726,100.123,1,-46.500,1.000,-34.788,0,0,0,0,0,0,0,0,0,0,0,0,0,0,0,0,0,0,0,0,0,0,0,0
252.500,35.751,13.110,-26.345,92.677,0,41.634,5.000,-30.708,-47.305,8.105,-34.722,100.123,1,-46.500,1.000,-34.788,0,0,0,0,0,0,0,0,0,0,0,0,0,0,0,0,0,0,0,0,0,0,0,0
252.550,35.836,13.086,-26.416,92.606,0,41.634,5.000,-30.708,-47.308,8.113,-34.719,100.123,1,-46.500,1.000,-34.788,0,0,0,0,0,0,0,0,0,0,0,0,0,0,0,0,0,0,0,0,0,0,0,0
252.600,35.920,13.060,-26.487,92.535,0,41.634,5.000,-30.708,-47.311,8.121,-34.715,100.123,1,-46.500,1.000,-34.788,0,0,0,0,0,0,0,0,0,0,0,0,0,0,0,0,0,0,0,0,0,0,0,0
252.650,36.005,13.032,-26.557,92.464,0,41.634,5.000,-30.708,-47.313,8.129,-34.712,100.123,1,-46.500,1.000,-34.788,0,0,0,0,0,0,0,0,0,0,0,0,0,0,0,0,0,0,0,0,0,0,0,0
252.700,36.090,13.003,-26.627,92.393,0,41.634,5.000,-30.708,-47.316,8.137,-34.708,100.123,1,-46.500,1.000,-34.788,0,0,0,0,0,0,0,0,0,0,0,0,0,0,0,0,0,0,0,0,0,0,0,0
252.750,36.175,12.972,-26.697,92.322,0,41.634,5.000,-30.708,-47.319,8.145,-34.705,100.123,1,-46.500,1.000,-34.788,0,0,0,0,0,0,0,0,0,0,0,0,0,0,0,0,0,0,0,0,0,0,0,0
252.800,36.259,12.940,-26.767,92.251,0,41.634,5.000,-30.708,-47.322,8.152,-34.702,100.123,1,-46.500,1.000,-34.788,0,0,0,0,0,0,0,0,0,0,0,0,0,0,0,0,0,0,0,0,0,0,0,0
252.850,36.344,12.906,-26.836,92.179,0,41.634,5.000,-30.708,-47.325,8.159,-34.699,100.123,1,-46.500,1.000,-34.788,0,0,0,0,0,0,0,0,0,0,0,0,0,0,0,0,0,0,0,0,0,0,0,0
252.900,36.429,12.871,-26.904,92.108,0,41.634,5.000,-30.708,-47.327,8.166,-34.696,100.123,1,-46.500,1.000,-34.788,0,0,0,0,0,0,0,0,0,0,0,0,0,0,0,0,0,0,0,0,0,0,0,0
252.950,36.513,12.835,-26.973,92.037,0,41.634,5.000,-30.708,-47.330,8.173,-34.693,100.123,1,-46.500,1.000,-34.788,0,0,0,0,0,0,0,0,0,0,0,0,0,0,0,0,0,0,0,0,0,0,0,0
253.000,36.598,12.797,-27.040,91.965,0,41.634,5.000,-30.708,-47.333,8.180,-34.690,100.123,1,-46.500,1.000,-34.788,0,0,0,0,0,0,0,0,0,0,0,0,0,0,0,0,0,0,0,0,0,0,0,0
253.050,36.682,12.758,-27.108,91.894,0,41.634,5.000,-30.708,-47.335,8.186,-34.687,100.123,1,-46.500,1.000,-34.788,0,0,0,0,0,0,0,0,0,0,0,0,0,0,0,0,0,0,0,0,0,0,0,0
253.100,36.766,12.718,-27.175,91.823,0,41.634,5.000,-30.708,-47.338,8.192,-34.685,100.123,1,-46.500,1.000,-34.788,0,0,0,0,0,0,0,0,0,0,0,0,0,0,0,0,0,0,0,0,0,0,0,0
253.150,36.850,12.677,-27.242,91.751,0,41.634,5.000,-30.708,-47.340,8.198,-34.682,100.123,1,-46.500,1.000,-34.788,0,0,0,0,0,0,0,0,0,0,0,0,0,0,0,0,0,0,0,0,0,0,0,0
253.200,36.935,12.634,-27.309,91.680,0,41.634,5.000,-30.708,-47.342,8.204,-34.680,100.123,1,-46.500,1.000,-34.788,0,0,0,0,0,0,0,0,0,0,0,0,0,0,0,0,0,0,0,0,0,0,0,0
253.250,37.018,12.590,-27.375,91.609,0,41.634,5.000,-30.708,-47.345,8.210,-34.677,100.123,1,-46.500,1.000,-34.788,0,0,0,0,0,0,0,0,0,0,0,0,0,0,0,0,0,0,0,0,0,0,0,0
253.300,37.102,12.546,-27.440,91.538,0,41.634,5.000,-30.708,-47.347,8.215,-34.675,100.123,1,-46.500,1.000,-34.788,0,0,0,0,0,0,0,0,0,0,0,0,0,0,0,0,0,0,0,0,0,0,0,0
253.350,37.186,12.500,-27.506,91.466,0,41.634,5.000,-30.708,-47.349,8.220,-34.673,100.123,1,-46.500,1.000,-34.788,0,0,0,0,0,0,0,0,0,0,0,0,0,0,0,0,0,0,0,0,0,0,0,0
253.400,37.270,12.453,-27.571,91.395,0,41.634,5.000,-30.708,-47.351,8.225,-34.671,100.123,1,-46.500,1.000,-34.788,0,0,0,0,0,0,0,0,0,0,0,0,0,0,0,0,0,0,0,0,0,0,0,0
253.450,37.353,12.405,-27.635,91.324,0,41.634,5.000,-30.708,-47.353,8.229,-34.669,100.123,1,-46.500,1.000,-34.788,0,0,0,0,0,0,0,0,0,0,0,0,0,0,0,0,0,0,0,0,0,0,0,0
253.500,37.437,12.356,-27.699,91.252,0,41.634,5.000,-30.708,-47.355,8.234,-34.667,100.123,1,-46.500,1.000,-34.788,0,0,0,0,0,0,0,0,0,0,0,0,0,0,0,0,0,0,0,0,0,0,0,0
253.550,37.520,12.306,-27.763,91.181,0,41.634,5.000,-30.708,-47.357,8.238,-34.666,100.123,1,-46.500,1.000,-34.788,0,0,0,0,0,0,0,0,0,0,0,0,0,0,0,0,0,0,0,0,0,0,0,0
253.600,37.603,12.255,-27.827,91.110,0,41.634,5.000,-30.708,-47.359,8.241,-34.664,100.123,1,-46.500,1.000,-34.788,0,0,0,0,0,0,0,0,0,0,0,0,0,0,0,0,0,0,0,0,0,0,0,0
253.650,37.686,12.204,-27.890,91.039,0,41.634,5.000,-30.708,-47.360,8.245,-34.663,100.123,1,-46.500,1.000,-34.788,0,0,0,0,0,0,0,0,0,0,0,0,0,0,0,0,0,0,0,0,0,0,0,0
253.700,37.769,12.151,-27.953,90.968,0,41.634,5.000,-30.708,-47.362,8.248,-34.661,100.123,1,-46.500,1.000,-34.788,0,0,0,0,0,0,0,0,0,0,0,0,0,0,0,0,0,0,0,0,0,0,0,0
253.750,37.852,12.098,-28.015,90.897,0,41.634,5.000,-30.708,-47.363,8.251,-34.660,100.123,1,-46.500,1.000,-34.788,0,0,0,0,0,0,0,0,0,0,0,0,0,0,0,0,0,0,0,0,0,0,0,0
253.800,37.934,12.043,-28.077,90.827,0,41.634,5.000,-30.708,-47.364,8.254,-34.659,100.123,1,-46.500,1.000,-34.788,0,0,0,0,0,0,0,0,0,0,0,0,0,0,0,0,0,0,0,0,0,0,0,0
253.850,38.017,11.988,-28.139,90.756,0,41.634,5.000,-30.708,-47.366,8.256,-34.658,100.123,1,-46.500,1.000,-34.788,0,0,0,0,0,0,0,0,0,0,0,0,0,0,0,0,0,0,0,0,0,0,0,0
253.900,38.099,11.933,-28.200,90.685,0,41.634,5.000,-30.708,-47.367,8.258,-34.658,100.123,1,-46.500,1.000,-34.788,0,0,0,0,0,0,0,0,0,0,0,0,0,0,0,0,0,0,0,0,0,0,0,0
253.950,38.181,11.876,-28.261,90.615,0,41.634,5.000,-30.708,-47.368,8.260,-34.657,100.123,1,-46.500,1.000,-34.788,0,0,0,0,0,0,0,0,0,0,0,0,0,0,0,0,0,0,0,0,0,0,0,0
254.000,38.263,11.819,-28.322,90.544,0,41.634,5.000,-30.708,-47.369,8.262,-34.657,100.123,1,-46.500,1.000,-34.788,0,0,0,0,0,0,0,0,0,0,0,0,0,0,0,0,0,0,0,0,0,0,0,0
254.050,38.345,11.761,-28.382,90.474,0,41.634,5.000,-30.708,-47.369,8.263,-34.656,100.123,1,-46.500,1.000,-34.788,0,0,0,0,0,0,0,0,0,0,0,0,0,0,0,0,0,0,0,0,0,0,0,0
254.100,38.427,11.702,-28.442,90.404,0,41.634,5.000,-30.708,-47.370,8.264,-34.656,100.123,1,-46.500,1.000,-34.788,0,0,0,0,0,0,0,0,0,0,0,0,0,0,0,0,0,0,0,0,0,0,0,0
254.150,38.509,11.643,-28.501,90.334,0,41.634,5.000,-30.708,-47.371,8.264,-34.656,100.123,1,-46.500,1.000,-34.788,0,0,0,0,0,0,0,0,0,0,0,0,0,0,0,0,0,0,0,0,0,0,0,0
254.200,38.590,11.583,-28.560,90.264,0,41.634,5.000,-30.708,-47.371,8.265,-34.656,100.123,1,-46.500,1.000,-34.788,0,0,0,0,0,0,0,0,0,0,0,0,0,0,0,0,0,0,0,0,0,0,0,0
254.250,38.671,11.523,-28.619,90.195,0,41.634,5.000,-30.708,-47.371,8.265,-34.656,100.123,1,-46.500,1.000,-34.788,0,0,0,0,0,0,0,0,0,0,0,0,0,0,0,0,0,0,0,0,0,0,0,0
254.300,38.752,11.462,-28.677,90.125,0,41.634,5.000,-30.708,-47.372,8.264,-34.657,100.123,1,-46.500,1.000,-34.788,0,0,0,0,0,0,0,0,0,0,0,0,0,0,0,0,0,0,0,0,0,0,0,0
254.350,38.833,11.401,-28.735,90.056,0,41.634,5.000,-30.708,-47.372,8.264,-34.657,100.123,1,-46.500,1.000,-34.788,0,0,0,0,0,0,0,0,0,0,0,0,0,0,0,0,0,0,0,0,0,0,0,0
254.400,38.914,11.338,-28.792,89.986,0,41.634,5.000,-30.708,-47.372,8.263,-34.658,100.123,1,-46.500,1.000,-34.788,0,0,0,0,0,0,0,0,0,0,0,0,0,0,0,0,0,0,0,0,0,0,0,0
254.450,38.995,11.276,-28.849,89.917,0,41.634,5.000,-30.708,-47.372,8.261,-34.658,100.123,1,-46.500,1.000,-34.788,0,0,0,0,0,0,0,0,0,0,0,0,0,0,0,0,0,0,0,0,0,0,0,0
254.500,39.075,11.213,-28.906,89.849,0,41.634,5.000,-30.708,-47.371,8.260,-34.659,100.123,1,-46.500,1.000,-34.788,0,0,0,0,0,0,0,0,0,0,0,0,0,0,0,0,0,0,0,0,0,0,0,0
254.550,39.156,11.149,-28.962,89.780,0,41.634,5.000,-30.708,-47.371,8.258,-34.660,100.123,1,-46.500,1.000,-34.788,0,0,0,0,0,0,0,0,0,0,0,0,0,0,0,0,0,0,0,0,0,0,0,0
254.600,39.236,11.085,-29.018,89.711,0,41.634,5.000,-30.708,-47.371,8.256,-34.662,100.123,1,-46.500,1.000,-34.788,0,0,0,0,0,0,0,0,0,0,0,0,0,0,0,0,0,0,0,0,0,0,0,0
254.650,39.316,11.021,-29.073,89.643,0,41.634,5.000,-30.708,-47.370,8.254,-34.663,100.123,1,-46.500,1.000,-34.788,0,0,0,0,0,0,0,0,0,0,0,0,0,0,0,0,0,0,0,0,0,0,0,0
254.700,39.396,10.956,-29.128,89.575,0,41.634,5.000,-30.708,-47.369,8.251,-34.664,100.123,1,-46.500,1.000,-34.788,0,0,0,0,0,0,0,0,0,0,0,0,0,0,0,0,0,0,0,0,0,0,0,0
254.750,39.476,10.890,-29.183,89.507,0,41.634,5.000,-30.708,-47.368,8.248,-34.666,100.123,1,-46.500,1.000,-34.788,0,0,0,0,0,0,0,0,0,0,0,0,0,0,0,0,0,0,0,0,0,0,0,0
254.800,39.555,10.825,-29.237,89.440,0,41.634,5.000,-30.708,-47.367,8.245,-34.668,100.123,1,-46.500,1.000,-34.788,0,0,0,0,0,0,0,0,0,0,0,0,0,0,0,0,0,0,0,0,0,0,0,0
254.850,39.635,10.759,-29.290,89.372,0,41.634,5.000,-30.708,-47.366,8.241,-34.669,100.123,1,-46.500,1.000,-34.788,0,0,0,0,0,0,0,0,0,0,0,0,0,0,0,0,0,0,0,0,0,0,0,0
254.900,39.714,10.692,-29.343,89.305,0,41.634,5.000,-30.708,-47.365,8.237,-34.671,100.123,1,-46.500,1.000,-34.788,0,0,0,0,0,0,0,0,0,0,0,0,0,0,0,0,0,0,0,0,0,0,0,0
254.950,39.793,10.625,-29.396,89.239,0,41.634,5.000,-30.708,-47.364,8.233,-34.673,100.123,1,-46.500,1.000,-34.788,0,0,0,0,0,0,0,0,0,0,0,0,0,0,0,0,0,0,0,0,0,0,0,0
255.000,39.872,10.558,-29.448,89.172,0,41.634,5.000,-30.708,-47.363,8.228,-34.675,100.123,1,-46.500,1.000,-34.788,0,0,0,0,0,0,0,0,0,0,0,0,0,0,0,0,0,0,0,0,0,0,0,0
255.050,39.951,10.490,-29.500,89.106,0,41.634,5.000,-30.708,-47.361,8.224,-34.678,100.123,1,-46.500,1.000,-34.788,0,0,0,0,0,0,0,0,0,0,0,0,0,0,0,0,0,0,0,0,0,0,0,0
255.100,40.029,10.422,-29.552,89.041,0,41.634,5.000,-30.708,-47.360,8.219,-34.680,100.123,1,-46.500,1.000,-34.788,0,0,0,0,0,0,0,0,0,0,0,0,0,0,0,0,0,0,0,0,0,0,0,0
255.150,40.107,10.354,-29.602,88.976,0,41.634,5.000,-30.708,-47.358,8.214,-34.683,100.123,1,-46.500,1.000,-34.788,0,0,0,0,0,0,0,0,0,0,0,0,0,0,0,0,0,0,0,0,0,0,0,0
255.200,40.185,10.286,-29.653,88.912,0,41.634,5.000,-30.708,-47.356,8.208,-34.685,100.123,1,-46.500,1.000,-34.788,0,0,0,0,0,0,0,0,0,0,0,0,0,0,0,0,0,0,0,0,0,0,0,0
255.250,40.263,10.217,-29.703,88.848,0,41.634,5.000,-30.708,-47.355,8.202,-34.688,100.123,1,-46.500,1.000,-34.788,0,0,0,0,0,0,0,0,0,0,0,0,0,0,0,0,0,0,0,0,0,0,0,0
255.300,40.340,10.148,-29.752,88.784,0,41.634,5.000,-30.708,-47.353,8.196,-34.691,100.123,1,-46.500,1.000,-34.788,0,0,0,0,0,0,0,0,0,0,0,0,0,0,0,0,0,0,0,0,0,0,0,0
255.350,40.417,10.078,-29.801,88.722,0,41.634,5.000,-30.708,-47.351,8.190,-34.694,100.123,1,-46.500,1.000,-34.788,0,0,0,0,0,0,0,0,0,0,0,0,0,0,0,0,0,0,0,0,0,0,0,0
255.400,40.494,10.009,-29.850,88.660,0,41.634,5.000,-30.708,-47.349,8.184,-34.697,100.123,1,-46.500,1.000,-34.788,0,0,0,0,0,0,0,0,0,0,0,0,0,0,0,0,0,0,0,0,0,0,0,0
255.450,40.571,9.939,-29.898,88.599,0,41.634,5.000,-30.708,-47.347,8.177,-34.700,100.123,1,-46.500,1.000,-34.788,0,0,0,0,0,0,0,0,0,0,0,0,0,0,0,0,0,0,0,0,0,0,0,0
255.500,40.647,9.869,-29.945,88.539,0,41.634,5.000,-30.708,-47.345,8.170,-34.703,100.123,1,-46.500,1.000,-34.788,0,0,0,0,0,0,0,0,0,0,0,0,0,0,0,0,0,0,0,0,0,0,0,0
255.550,40.722,9.798,-29.991,88.479,0,41.634,5.000,-30.708,-47.342,8.163,-34.706,100.123,1,-46.500,1.000,-34.788,0,0,0,0,0,0,0,0,0,0,0,0,0,0,0,0,0,0,0,0,0,0,0,0
255.600,40.797,9.727,-30.037,88.410,0,53.617,43.550,-38.858,-47.340,8.156,-34.710,100.123,1,-46.500,1.000,-34.788,0,0,0,0,0,0,0,0,0,0,0,0,0,0,0,0,0,0,0,0,0,0,0,0
255.650,40.872,9.663,-30.079,88.340,0,53.617,43.550,-38.858,-47.338,8.149,-34.713,100.123,1,-46.500,1.000,-34.788,0,0,0,0,0,0,0,0,0,0,0,0,0,0,0,0,0,0,0,0,0,0,0,0
255.700,40.946,9.604,-30.117,88.269,0,53.617,43.550,-38.858,-47.336,8.141,-34.716,100.123,1,-46.500,1.000,-34.788,0,0,0,0,0,0,0,0,0,0,0,0,0,0,0,0,0,0,0,0,0,0,0,0
255.750,41.019,9.550,-30.151,88.199,0,53.617,43.550,-38.858,-47.333,8.133,-34.720,100.123,1,-46.500,1.000,-34.788,0,0,0,0,0,0,0,0,0,0,0,0,0,0,0,0,0,0,0,0,0,0,0,0
255.800,41.093,9.501,-30.182,88.129,0,53.617,43.550,-38.858,-47.331,8.126,-34.723,100.123,1,-46.500,1.000,-34.788,0,0,0,0,0,0,0,0,0,0,0,0,0,0,0,0,0,0,0,0,0,0,0,0
255.850,41.166,9.457,-30.209,88.058,0,53.617,43.550,-38.858,-47.328,8.118,-34.727,100.123,1,-46.500,1.000,-34.788,0,0,0,0,0,0,0,0,0,0,0,0,0,0,0,0,0,0,0,0,0,0,0,0
255.900,41.239,9.418,-30.232,87.987,0,53.617,43.550,-38.858,-47.326,8.109,-34.731,100.123,1,-46.500,1.000,-34.788,0,0,0,0,0,0,0,0,0,0,0,0,0,0,0,0,0,0,0,0,0,0,0,0
255.950,41.312,9.383,-30.253,87.917,0,53.617,43.550,-38.858,-47.323,8.101,-34.735,100.123,1,-46.500,1.000,-34.788,0,0,0,0,0,0,0,0,0,0,0,0,0,0,0,0,0,0,0,0,0,0,0,0
256.000,41.385,9.352,-30.270,87.846,0,53.617,43.550,-38.858,-47.321,8.093,-34.738,100.123,1,-46.500,1.000,-34.788,0,0,0,0,0,0,0,0,0,0,0,0,0,0,0,0,0,0,0,0,0,0,0,0
256.050,41.458,9.326,-30.284,87.775,0,53.617,43.550,-38.858,-47.318,8.084,-34.742,100.123,1,-46.500,1.000,-34.788,0,0,0,0,0,0,0,0,0,0,0,0,0,0,0,0,0,0,0,0,0,0,0,0
256.100,41.531,9.304,-30.295,87.704,0,53.617,43.550,-38.858,-47.316,8.075,-34.746,100.123,1,-46.500,1.000,-34.788,0,0,0,0,0,0,0,0,0,0,0,0,0,0,0,0,0,0,0,0,0,0,0,0
256.150,41.604,9.285,-30.304,87.633,0,53.617,43.550,-38.858,-47.313,8.067,-34.750,100.123,1,-46.500,1.000,-34.788,0,0,0,0,0,0,0,0,0,0,0,0,0,0,0,0,0,0,0,0,0,0,0,0
256.200,41.678,9.270,-30.309,87.562,0,53.617,43.550,-38.858,-47.311,8.058,-34.754,100.123,1,-46.500,1.000,-34.788,0,0,0,0,0,0,0,0,0,0,0,0,0,0,0,0,0,0,0,0,0,0,0,0
256.250,41.751,9.259,-30.312,87.492,0,53.617,43.550,-38.858,-47.308,8.049,-34.757,100.123,1,-46.500,1.000,-34.788,0,0,0,0,0,0,0,0,0,0,0,0,0,0,0,0,0,0,0,0,0,0,0,0
256.300,41.825,9.252,-30.311,87.421,0,53.617,43.550,-38.858,-47.306,8.040,-34.761,100.123,1,-46.500,1.000,-34.788,0,0,0,0,0,0,0,0,0,0,0,0,0,0,0,0,0,0,0,0,0,0,0,0
256.350,41.898,9.248,-30.309,87.350,0,53.617,43.550,-38.858,-47.303,8.031,-34.765,100.123,1,-46.500,1.000,-34.788,0,0,0,0,0,0,0,0,0,0,0,0,0,0,0,0,0,0,0,0,0,0,0,0
256.400,41.972,9.248,-30.303,87.280,0,53.617,43.550,-38.858,-47.301,8.022,-34.769,100.123,1,-46.500,1.000,-34.788,0,0,0,0,0,0,0,0,0,0,0,0,0,0,0,0,0,0,0,0,0,0,0,0
256.450,42.046,9.250,-30.295,87.209,0,53.617,43.550,-38.858,-47.298,8.012,-34.773,100.123,1,-46.500,1.000,-34.788,0,0,0,0,0,0,0,0,0,0,0,0,0,0,0,0,0,0,0,0,0,0,0,0
256.500,42.120,9.256,-30.284,87.139,0,53.617,43.550,-38.858,-47.296,8.003,-34.777,100.123,1,-46.500,1.000,-34.788,0,0,0,0,0,0,0,0,0,0,0,0,0,0,0,0,0,0,0,0,0,0,0,0
256.550,42.194,9.266,-30.271,87.069,0,53.617,43.550,-38.858,-47.293,7.994,-34.781,100.123,1,-46.500,1.000,-34.788,0,0,0,0,0,0,0,0,0,0,0,0,0,0,0,0,0,0,0,0,0,0,0,0
256.600,42.267,9.278,-30.256,86.999,0,53.617,43.550,-38.858,-47.291,7.985,-34.785,100.123,1,-46.500,1.000,-34.788,0,0,0,0,0,0,0,0,0,0,0,0,0,0,0,0,0,0,0,0,0,0,0,0
256.650,42.341,9.293,-30.238,86.929,0,53.617,43.550,-38.858,-47.289,7.975,-34.788,100.123,1,-46.500,1.000,-34.788,0,0,0,0,0,0,0,0,0,0,0,0,0,0,0,0,0,0,0,0,0,0,0,0
256.700,42.415,9.312,-30.219,86.859,0,53.617,43.550,-38.858,-47.286,7.966,-34.792,100.123,1,-46.500,1.000,-34.788,0,0,0,0,0,0,0,0,0,0,0,0,0,0,0,0,0,0,0,0,0,0,0,0
256.750,42.488,9.333,-30.197,86.790,0,53.617,43.550,-38.858,-47.284,7.957,-34.796,100.123,1,-46.500,1.000,-34.788,0,0,0,0,0,0,0,0,0,0,0,0,0,0,0,0,0,0,0,0,0,0,0,0
256.800,42.562,9.356,-30.173,86.720,0,53.617,43.550,-38.858,-47.282,7.948,-34.800,100.123,1,-46.500,1.000,-34.788,0,0,0,0,0,0,0,0,0,0,0,0,0,0,0,0,0,0,0,0,0,0,0,0
256.850,42.635,9.383,-30.147,86.651,0,53.617,43.550,-38.858,-47.280,7.938,-34.804,100.123,1,-46.500,1.000,-34.788,0,0,0,0,0,0,0,0,0,0,0,0,0,0,0,0,0,0,0,0,0,0,0,0
256.900,42.708,9.412,-30.119,86.582,0,53.617,43.550,-38.858,-47.278,7.929,-34.807,100.123,1,-46.500,1.000,-34.788,0,0,0,0,0,0,0,0,0,0,0,0,0,0,0,0,0,0,0,0,0,0,0,0
256.950,42.781,9.444,-30.089,86.513,0,53.617,43.550,-38.858,-47.276,7.920,-34.811,100.123,1,-46.500,1.000,-34.788,0,0,0,0,0,0,0,0,0,0,0,0,0,0,0,0,0,0,0,0,0,0,0,0
257.000,42.853,9.478,-30.057,86.445,0,53.617,43.550,-38.858,-47.274,7.911,-34.814,100.123,1,-46.500,1.000,-34.788,0,0,0,0,0,0,0,0,0,0,0,0,0,0,0,0,0,0,0,0,0,0,0,0
257.050,42.925,9.514,-30.024,86.377,0,53.617,43.550,-38.858,-47.272,7.902,-34.818,100.123,1,-46.500,1.000,-34.788,0,0,0,0,0,0,0,0,0,0,0,0,0,0,0,0,0,0,0,0,0,0,0,0
257.100,42.997,9.553,-29.990,86.309,0,53.617,43.550,-38.858,-47.270,7.893,-34.821,100.123,1,-46.500,1.000,-34.788,0,0,0,0,0,0,0,0,0,0,0,0,0,0,0,0,0,0,0,0,0,0,0,0
257.150,43.068,9.594,-29.953,86.241,0,53.617,43.550,-38.858,-47.268,7.884,-34.825,100.123,1,-46.500,1.000,-34.788,0,0,0,0,0,0,0,0,0,0,0,0,0,0,0,0,0,0,0,0,0,0,0,0
257.200,43.139,9.636,-29.916,86.174,0,53.617,43.550,-38.858,-47.267,7.875,-34.828,100.123,1,-46.500,1.000,-34.788,0,0,0,0,0,0,0,0,0,0,0,0,0,0,0,0,0,0,0,0,0,0,0,0
257.250,43.209,9.681,-29.877,86.107,0,53.617,43.550,-38.858,-47.265,7.867,-34.831,100.123,1,-46.500,1.000,-34.788,0,0,0,0,0,0,0,0,0,0,0,0,0,0,0,0,0,0,0,0,0,0,0,0
257.300,43.279,9.728,-29.837,86.040,0,53.617,43.550,-38.858,-47.264,7.858,-34.835,100.123,1,-46.500,1.000,-34.788,0,0,0,0,0,0,0,0,0,0,0,0,0,0,0,0,0,0,0,0,0,0,0,0
257.350,43.348,9.777,-29.796,85.974,0,53.617,43.550,-38.858,-47.262,7.850,-34.838,100.123,1,-46.500,1.000,-34.788,0,0,0,0,0,0,0,0,0,0,0,0,0,0,0,0,0,0,0,0,0,0,0,0
257.400,43.417,9.828,-29.753,85.908,0,53.617,43.550,-38.858,-47.261,7.841,-34.841,100.123,1,-46.500,1.000,-34.788,0,0,0,0,0,0,0,0,0,0,0,0,0,0,0,0,0,0,0,0,0,0,0,0
257.450,43.486,9.880,-29.710,85.843,0,53.617,43.550,-38.858,-47.260,7.833,-34.844,100.123,1,-46.500,1.000,-34.788,0,0,0,0,0,0,0,0,0,0,0,0,0,0,0,0,0,0,0,0,0,0,0,0
257.500,43.553,9.934,-29.666,85.777,0,53.617,43.550,-38.858,-47.258,7.825,-34.846,100.123,1,-46.500,1.000,-34.788,0,0,0,0,0,0,0,0,0,0,0,0,0,0,0,0,0,0,0,0,0,0,0,0
257.550,43.621,9.989,-29.621,85.713,0,53.617,43.550,-38.858,-47.257,7.817,-34.849,100.123,1,-46.500,1.000,-34.788,0,0,0,0,0,0,0,0,0,0,0,0,0,0,0,0,0,0,0,0,0,0,0,0
257.600,43.687,10.046,-29.576,85.648,0,53.617,43.550,-38.858,-47.256,7.809,-34.852,100.123,1,-46.500,1.000,-34.788,0,0,0,0,0,0,0,0,0,0,0,0,0,0,0,0,0,0,0,0,0,0,0,0
257.650,43.754,10.104,-29.530,85.585,0,53.617,43.550,-38.858,-47.255,7.802,-34.854,100.123,1,-46.500,1.000,-34.788,0,0,0,0,0,0,0,0,0,0,0,0,0,0,0,0,0,0,0,0,0,0,0,0
257.700,43.819,10.164,-29.483,85.521,0,53.617,43.550,-38.858,-47.255,7.794,-34.857,100.123,1,-46.500,1.000,-34.788,0,0,0,0,0,0,0,0,0,0,0,0,0,0,0,0,0,0,0,0,0,0,0,0
257.750,43.884,10.225,-29.436,85.458,0,53.617,43.550,-38.858,-47.254,7.787,-34.859,100.123,1,-46.500,1.000,-34.788,0,0,0,0,0,0,0,0,0,0,0,0,0,0,0,0,0,0,0,0,0,0,0,0
257.800,43.949,10.287,-29.388,85.396,0,53.617,43.550,-38.858,-47.253,7.780,-34.861,100.123,1,-46.500,1.000,-34.788,0,0,0,0,0,0,0,0,0,0,0,0,0,0,0,0,0,0,0,0,0,0,0,0
257.850,44.013,10.351,-29.341,85.334,0,53.617,43.550,-38.858,-47.252,7.773,-34.864,100.123,1,-46.500,1.000,-34.788,0,0,0,0,0,0,0,0,0,0,0,0,0,0,0,0,0,0,0,0,0,0,0,0
257.900,44.076,10.416,-29.293,85.272,0,53.617,43.550,-38.858,-47.252,7.767,-34.866,100.123,1,-46.500,1.000,-34.788,0,0,0,0,0,0,0,0,0,0,0,0,0,0,0,0,0,0,0,0,0,0,0,0
257.950,44.139,10.481,-29.245,85.211,0,53.617,43.550,-38.858,-47.252,7.760,-34.867,100.123,1,-46.500,1.000,-34.788,0,0,0,0,0,0,0,0,0,0,0,0,0,0,0,0,0,0,0,0,0,0,0,0
258.000,44.202,10.548,-29.197,85.150,0,53.617,43.550,-38.858,-47.251,7.754,-34.869,100.123,1,-46.500,1.000,-34.788,0,0,0,0,0,0,0,0,0,0,0,0,0,0,0,0,0,0,0,0,0,0,0,0
258.050,44.264,10.616,-29.149,85.090,0,53.617,43.550,-38.858,-47.251,7.748,-34.871,100.123,1,-46.500,1.000,-34.788,0,0,0,0,0,0,0,0,0,0,0,0,0,0,0,0,0,0,0,0,0,0,0,0
258.100,44.325,10.685,-29.102,85.030,0,53.617,43.550,-38.858,-47.251,7.742,-34.872,100.123,1,-46.500,1.000,-34.788,0,0,0,0,0,0,0,0,0,0,0,0,0,0,0,0,0,0,0,0,0,0,0,0
258.150,44.386,10.754,-29.054,84.971,0,53.617,43.550,-38.858,-47.251,7.736,-34.874,100.123,1,-46.500,1.000,-34.788,0,0,0,0,0,0,0,0,0,0,0,0,0,0,0,0,0,0,0,0,0,0,0,0
258.200,44.447,10.825,-29.007,84.912,0,53.617,43.550,-38.858,-47.251,7.731,-34.875,100.123,1,-46.500,1.000,-34.788,0,0,0,0,0,0,0,0,0,0,0,0,0,0,0,0,0,0,0,0,0,0,0,0
258.250,44.507,10.897,-28.961,84.853,0,53.617,43.550,-38.858,-47.251,7.726,-34.876,100.123,1,-46.500,1.000,-34.788,0,0,0,0,0,0,0,0,0,0,0,0,0,0,0,0,0,0,0,0,0,0,0,0
258.300,44.567,10.969,-28.914,84.795,0,53.617,43.550,-38.858,-47.251,7.721,-34.877,100.123,1,-46.500,1.000,-34.788,0,0,0,0,0,0,0,0,0,0,0,0,0,0,0,0,0,0,0,0,0,0,0,0
258.350,44.626,11.042,-28.869,84.737,0,53.617,43.550,-38.858,-47.251,7.716,-34.878,100.123,1,-46.500,1.000,-34.788,0,0,0,0,0,0,0,0,0,0,0,0,0,0,0,0,0,0,0,0,0,0,0,0
258.400,44.685,11.116,-28.823,84.680,0,53.617,43.550,-38.858,-47.251,7.712,-34.879,100.123,1,-46.500,1.000,-34.788,0,0,0,0,0,0,0,0,0,0,0,0,0,0,0,0,0,0,0,0,0,0,0,0
258.450,44.743,11.190,-28.779,84.623,0,53.617,43.550,-38.858,-47.251,7.708,-34.880,100.123,1,-46.500,1.000,-34.788,0,0,0,0,0,0,0,0,0,0,0,0,0,0,0,0,0,0,0,0,0,0,0,0
258.500,44.801,11.265,-28.735,84.566,0,53.617,43.550,-38.858,-47.252,7.704,-34.880,100.123,1,-46.500,1.000,-34.788,0,0,0,0,0,0,0,0,0,0,0,0,0,0,0,0,0,0,0,0,0,0,0,0
258.550,44.859,11.341,-28.692,84.510,0,53.617,43.550,-38.858,-47.252,7.700,-34.881,100.123,1,-46.500,1.000,-34.788,0,0,0,0,0,0,0,0,0,0,0,0,0,0,0,0,0,0,0,0,0,0,0,0
258.600,44.916,11.418,-28.650,84.454,0,53.617,43.550,-38.858,-47.253,7.697,-34.881,100.123,1,-46.500,1.000,-34.788,0,0,0,0,0,0,0,0,0,0,0,0,0,0,0,0,0,0,0,0,0,0,0,0
258.650,44.973,11.495,-28.609,84.398,0,53.617,43.550,-38.858,-47.253,7.694,-34.881,100.123,1,-46.500,1.000,-34.788,0,0,0,0,0,0,0,0,0,0,0,0,0,0,0,0,0,0,0,0,0,0,0,0
258.700,45.029,11.573,-28.569,84.343,0,53.617,43.550,-38.858,-47.254,7.691,-34.881,100.123,1,-46.500,1.000,-34.788,0,0,0,0,0,0,0,0,0,0,0,0,0,0,0,0,0,0,0,0,0,0,0,0
258.750,45.085,11.651,-28.530,84.288,0,53.617,43.550,-38.858,-47.255,7.688,-34.881,100.123,1,-46.500,1.000,-34.788,0,0,0,0,0,0,0,0,0,0,0,0,0,0,0,0,0,0,0,0,0,0,0,0
258.800,45.140,11.730,-28.492,84.233,0,53.617,43.550,-38.858,-47.256,7.686,-34.881,100.123,1,-46.500,1.000,-34.788,0,0,0,0,0,0,0,0,0,0,0,0,0,0,0,0,0,0,0,0,0,0,0,0
258.850,45.196,11.810,-28.455,84.178,0,53.617,43.550,-38.858,-47.256,7.684,-34.881,100.123,1,-46.500,1.000,-34.788,0,0,0,0,0,0,0,0,0,0,0,0,0,0,0,0,0,0,0,0,0,0,0,0
258.900,45.250,11.890,-28.420,84.124,0,53.617,43.550,-38.858,-47.257,7.682,-34.880,100.123,1,-46.500,1.000,-34.788,0,0,0,0,0,0,0,0,0,0,0,0,0,0,0,0,0,0,0,0,0,0,0,0
258.950,45.305,11.970,-28.385,84.069,0,53.617,43.550,-38.858,-47.258,7.681,-34.880,100.123,1,-46.500,1.000,-34.788,0,0,0,0,0,0,0,0,0,0,0,0,0,0,0,0,0,0,0,0,0,0,0,0
259.000,45.359,12.051,-28.352,84.015,0,53.617,43.550,-38.858,-47.259,7.679,-34.879,100.123,1,-46.500,1.000,-34.788,0,0,0,0,0,0,0,0,0,0,0,0,0,0,0,0,0,0,0,0,0,0,0,0
259.050,45.412,12.133,-28.321,83.960,0,53.617,43.550,-38.858,-47.260,7.679,-34.878,100.123,1,-46.500,1.000,-34.788,0,0,0,0,0,0,0,0,0,0,0,0,0,0,0,0,0,0,0,0,0,0,0,0
259.100,45.465,12.215,-28.290,83.906,0,53.617,43.550,-38.858,-47.261,7.678,-34.877,100.123,1,-46.500,1.000,-34.788,0,0,0,0,0,0,0,0,0,0,0,0,0,0,0,0,0,0,0,0,0,0,0,0
259.150,45.518,12.298,-28.261,83.851,0,53.617,43.550,-38.858,-47.263,7.678,-34.876,100.123,1,-46.500,1.000,-34.788,0,0,0,0,0,0,0,0,0,0,0,0,0,0,0,0,0,0,0,0,0,0,0,0
259.200,45.571,12.381,-28.234,83.797,0,53.617,43.550,-38.858,-47.264,7.678,-34.875,100.123,1,-46.500,1.000,-34.788,0,0,0,0,0,0,0,0,0,0,0,0,0,0,0,0,0,0,0,0,0,0,0,0
259.250,45.623,12.464,-28.208,83.743,0,53.617,43.550,-38.858,-47.265,7.678,-34.874,100.123,1,-46.500,1.000,-34.788,0,0,0,0,0,0,0,0,0,0,0,0,0,0,0,0,0,0,0,0,0,0,0,0
259.300,45.674,12.548,-28.183,83.688,0,53.617,43.550,-38.858,-47.266,7.678,-34.873,100.123,1,-46.500,1.000,-34.788,0,0,0,0,0,0,0,0,0,0,0,0,0,0,0,0,0,0,0,0,0,0,0,0
259.350,45.725,12.633,-28.160,83.633,0,53.617,43.550,-38.858,-47.268,7.679,-34.871,100.123,1,-46.500,1.000,-34.788,0,0,0,0,0,0,0,0,0,0,0,0,0,0,0,0,0,0,0,0,0,0,0,0
259.400,45.776,12.717,-28.139,83.579,0,53.617,43.550,-38.858,-47.269,7.680,-34.869,100.123,1,-46.500,1.000,-34.788,0,0,0,0,0,0,0,0,0,0,0,0,0,0,0,0,0,0,0,0,0,0,0,0
259.450,45.826,12.803,-28.119,83.524,0,53.617,43.550,-38.858,-47.270,7.682,-34.868,100.123,1,-46.500,1.000,-34.788,0,0,0,0,0,0,0,0,0,0,0,0,0,0,0,0,0,0,0,0,0,0,0,0
259.500,45.876,12.888,-28.100,83.469,0,53.617,43.550,-38.858,-47.272,7.683,-34.866,100.123,1,-46.500,1.000,-34.788,0,0,0,0,0,0,0,0,0,0,0,0,0,0,0,0,0,0,0,0,0,0,0,0
259.550,45.926,12.974,-28.083,83.414,0,53.617,43.550,-38.858,-47.273,7.685,-34.864,100.123,1,-46.500,1.000,-34.788,0,0,0,0,0,0,0,0,0,0,0,0,0,0,0,0,0,0,0,0,0,0,0,0
259.600,45.975,13.061,-28.067,83.359,0,53.617,43.550,-38.858,-47.274,7.687,-34.862,100.123,1,-46.500,1.000,-34.788,0,0,0,0,0,0,0,0,0,0,0,0,0,0,0,0,0,0,0,0,0,0,0,0
259.650,46.024,13.148,-28.053,83.304,0,53.617,43.550,-38.858,-47.276,7.690,-34.860,100.123,1,-46.500,1.000,-34.788,0,0,0,0,0,0,0,0,0,0,0,0,0,0,0,0,0,0,0,0,0,0,0,0
259.700,46.072,13.235,-28.040,83.250,0,53.617,43.550,-38.858,-47.277,7.693,-34.858,100.123,1,-46.500,1.000,-34.788,0,0,0,0,0,0,0,0,0,0,0,0,0,0,0,0,0,0,0,0,0,0,0,0
259.750,46.120,13.322,-28.029,83.195,0,53.617,43.550,-38.858,-47.279,7.696,-34.855,100.123,1,-46.500,1.000,-34.788,0,0,0,0,0,0,0,0,0,0,0,0,0,0,0,0,0,0,0,0,0,0,0,0
259.800,46.168,13.410,-28.019,83.140,0,53.617,43.550,-38.858,-47.280,7.699,-34.853,100.123,1,-46.500,1.000,-34.788,0,0,0,0,0,0,0,0,0,0,0,0,0,0,0,0,0,0,0,0,0,0,0,0
259.850,46.215,13.498,-28.010,83.085,0,53.617,43.550,-38.858,-47.282,7.703,-34.850,100.123,1,-46.500,1.000,-34.788,0,0,0,0,0,0,0,0,0,0,0,0,0,0,0,0,0,0,0,0,0,0,0,0
259.900,46.261,13.587,-28.003,83.030,0,53.617,43.550,-38.858,-47.283,7.706,-34.848,100.123,1,-46.500,1.000,-34.788,0,0,0,0,0,0,0,0,0,0,0,0,0,0,0,0,0,0,0,0,0,0,0,0
259.950,46.307,13.676,-27.998,82.975,0,53.617,43.550,-38.858,-47.285,7.711,-34.845,100.123,1,-46.500,1.000,-34.788,0,0,0,0,0,0,0,0,0,0,0,0,0,0,0,0,0,0,0,0,0,0,0,0
260.000,46.353,13.765,-27.993,82.921,0,53.617,43.550,-38.858,-47.286,7.715,-34.843,100.123,1,-46.500,1.000,-34.788,0,0,0,0,0,0,0,0,0,0,0,0,0,0,0,0,0,0,0,0,0,0,0,0
260.050,46.398,13.854,-27.990,82.866,0,53.617,43.550,-38.858,-47.288,7.720,-34.840,100.123,1,-46.500,1.000,-34.788,0,0,0,0,0,0,0,0,0,0,0,0,0,0,0,0,0,0,0,0,0,0,0,0
260.100,46.442,13.944,-27.988,82.811,0,53.617,43.550,-38.858,-47.289,7.724,-34.837,100.123,1,-46.500,1.000,-34.788,0,0,0,0,0,0,0,0,0,0,0,0,0,0,0,0,0,0,0,0,0,0,0,0
260.150,46.486,14.034,-27.988,82.756,0,53.617,43.550,-38.858,-47.291,7.729,-34.834,100.123,1,-46.500,1.000,-34.788,0,0,0,0,0,0,0,0,0,0,0,0,0,0,0,0,0,0,0,0,0,0,0,0
260.200,46.530,14.124,-27.988,82.702,0,53.617,43.550,-38.858,-47.292,7.735,-34.831,100.123,1,-46.500,1.000,-34.788,0,0,0,0,0,0,0,0,0,0,0,0,0,0,0,0,0,0,0,0,0,0,0,0
260.250,46.572,14.215,-27.990,82.647,0,53.617,43.550,-38.858,-47.294,7.740,-34.828,100.123,1,-46.500,1.000,-34.788,0,0,0,0,0,0,0,0,0,0,0,0,0,0,0,0,0,0,0,0,0,0,0,0
260.300,46.615,14.306,-27.993,82.592,0,53.617,43.550,-38.858,-47.295,7.746,-34.825,100.123,1,-46.500,1.000,-34.788,0,0,0,0,0,0,0,0,0,0,0,0,0,0,0,0,0,0,0,0,0,0,0,0
260.350,46.656,14.397,-27.998,82.537,0,53.617,43.550,-38.858,-47.297,7.752,-34.822,100.123,1,-46.500,1.000,-34.788,0,0,0,0,0,0,0,0,0,0,0,0,0,0,0,0,0,0,0,0,0,0,0,0
260.400,46.697,14.488,-28.003,82.483,0,53.617,43.550,-38.858,-47.298,7.758,-34.819,100.123,1,-46.500,1.000,-34.788,0,0,0,0,0,0,0,0,0,0,0,0,0,0,0,0,0,0,0,0,0,0,0,0
260.450,46.738,14.580,-28.010,82.428,0,53.617,43.550,-38.858,-47.299,7.765,-34.816,100.123,1,-46.500,1.000,-34.788,0,0,0,0,0,0,0,0,0,0,0,0,0,0,0,0,0,0,0,0,0,0,0,0
260.500,46.778,14.671,-28.018,82.374,0,53.617,43.550,-38.858,-47.301,7.771,-34.813,100.123,1,-46.500,1.000,-34.788,0,0,0,0,0,0,0,0,0,0,0,0,0,0,0,0,0,0,0,0,0,0,0,0
260.550,46.817,14.763,-28.026,82.319,0,53.617,43.550,-38.858,-47.302,7.778,-34.810,100.123,1,-46.500,1.000,-34.788,0,0,0,0,0,0,0,0,0,0,0,0,0,0,0,0,0,0,0,0,0,0,0,0
260.600,46.856,14.855,-28.036,82.264,0,53.617,43.550,-38.858,-47.303,7.785,-34.807,100.123,1,-46.500,1.000,-34.788,0,0,0,0,0,0,0,0,0,0,0,0,0,0,0,0,0,0,0,0,0,0,0,0
260.650,46.894,14.948,-28.047,82.210,0,53.617,43.550,-38.858,-47.305,7.792,-34.803,100.123,1,-46.500,1.000,-34.788,0,0,0,0,0,0,0,0,0,0,0,0,0,0,0,0,0,0,0,0,0,0,0,0
260.700,46.931,15.040,-28.059,82.155,0,53.617,43.550,-38.858,-47.306,7.800,-34.800,100.123,1,-46.500,1.000,-34.788,0,0,0,0,0,0,0,0,0,0,0,0,0,0,0,0,0,0,0,0,0,0,0,0
260.750,46.968,15.133,-28.072,82.101,0,53.617,43.550,-38.858,-47.307,7.807,-34.797,100.123,1,-46.500,1.000,-34.788,0,0,0,0,0,0,0,0,0,0,0,0,0,0,0,0,0,0,0,0,0,0,0,0
260.800,47.004,15.225,-28.086,82.046,0,53.617,43.550,-38.858,-47.308,7.815,-34.794,100.123,1,-46.500,1.000,-34.788,0,0,0,0,0,0,0,0,0,0,0,0,0,0,0,0,0,0,0,0,0,0,0,0
260.850,47.039,15.318,-28.101,81.992,0,53.617,43.550,-38.858,-47.310,7.823,-34.790,100.123,1,-46.500,1.000,-34.788,0,0,0,0,0,0,0,0,0,0,0,0,0,0,0,0,0,0,0,0,0,0,0,0
260.900,47.074,15.411,-28.117,81.937,0,53.617,43.550,-38.858,-47.311,7.831,-34.787,100.123,1,-46.500,1.000,-34.788,0,0,0,0,0,0,0,0,0,0,0,0,0,0,0,0,0,0,0,0,0,0,0,0
260.950,47.108,15.505,-28.133,81.883,0,53.617,43.550,-38.858,-47.312,7.839,-34.784,100.123,1,-46.500,1.000,-34.788,0,0,0,0,0,0,0,0,0,0,0,0,0,0,0,0,0,0,0,0,0,0,0,0
261.000,47.141,15.598,-28.151,81.829,0,53.617,43.550,-38.858,-47.313,7.847,-34.781,100.123,1,-46.500,1.000,-34.788,0,0,0,0,0,0,0,0,0,0,0,0,0,0,0,0,0,0,0,0,0,0,0,0
261.050,47.174,15.692,-28.169,81.774,0,53.617,43.550,-38.858,-47.314,7.855,-34.778,100.123,1,-46.500,1.000,-34.788,0,0,0,0,0,0,0,0,0,0,0,0,0,0,0,0,0,0,0,0,0,0,0,0
261.100,47.206,15.785,-28.189,81.720,0,53.617,43.550,-38.858,-47.315,7.864,-34.775,100.123,1,-46.500,1.000,-34.788,0,0,0,0,0,0,0,0,0,0,0,0,0,0,0,0,0,0,0,0,0,0,0,0
261.150,47.237,15.879,-28.209,81.665,0,53.617,43.550,-38.858,-47.316,7.872,-34.771,100.123,1,-46.500,1.000,-34.788,0,0,0,0,0,0,0,0,0,0,0,0,0,0,0,0,0,0,0,0,0,0,0,0
261.200,47.267,15.973,-28.230,81.611,0,53.617,43.550,-38.858,-47.317,7.881,-34.768,100.123,1,-46.500,1.000,-34.788,0,0,0,0,0,0,0,0,0,0,0,0,0,0,0,0,0,0,0,0,0,0,0,0
261.250,47.297,16.067,-28.251,81.556,0,53.617,43.550,-38.858,-47.318,7.890,-34.765,100.123,1,-46.500,1.000,-34.788,0,0,0,0,0,0,0,0,0,0,0,0,0,0,0,0,0,0,0,0,0,0,0,0
261.300,47.326,16.161,-28.274,81.502,0,53.617,43.550,-38.858,-47.318,7.898,-34.762,100.123,1,-46.500,1.000,-34.788,0,0,0,0,0,0,0,0,0,0,0,0,0,0,0,0,0,0,0,0,0,0,0,0
261.350,47.354,16.255,-28.297,81.447,0,53.617,43.550,-38.858,-47.319,7.907,-34.759,100.123,1,-46.500,1.000,-34.788,0,0,0,0,0,0,0,0,0,0,0,0,0,0,0,0,0,0,0,0,0,0,0,0
261.400,47.381,16.349,-28.321,81.392,0,53.617,43.550,-38.858,-47.320,7.916,-34.756,100.123,1,-46.500,1.000,-34.788,0,0,0,0,0,0,0,0,0,0,0,0,0,0,0,0,0,0,0,0,0,0,0,0
261.450,47.407,16.444,-28.346,81.337,0,53.617,43.550,-38.858,-47.321,7.925,-34.754,100.123,1,-46.500,1.000,-34.788,0,0,0,0,0,0,0,0,0,0,0,0,0,0,0,0,0,0,0,0,0,0,0,0
261.500,47.432,16.538,-28.371,81.282,0,53.617,43.550,-38.858,-47.321,7.934,-34.751,100.123,1,-46.500,1.000,-34.788,0,0,0,0,0,0,0,0,0,0,0,0,0,0,0,0,0,0,0,0,0,0,0,0
261.550,47.457,16.633,-28.398,81.228,0,53.617,43.550,-38.858,-47.322,7.943,-34.748,100.123,1,-46.500,1.000,-34.788,0,0,0,0,0,0,0,0,0,0,0,0,0,0,0,0,0,0,0,0,0,0,0,0
261.600,47.480,16.727,-28.425,81.172,0,53.617,43.550,-38.858,-47.322,7.952,-34.745,100.123,1,-46.500,1.000,-34.788,0,0,0,0,0,0,0,0,0,0,0,0,0,0,0,0,0,0,0,0,0,0,0,0
261.650,47.503,16.822,-28.452,81.117,0,53.617,43.550,-38.858,-47.323,7.961,-34.743,100.123,1,-46.500,1.000,-34.788,0,0,0,0,0,0,0,0,0,0,0,0,0,0,0,0,0,0,0,0,0,0,0,0
261.700,47.525,16.917,-28.481,81.062,0,53.617,43.550,-38.858,-47.324,7.969,-34.740,100.123,1,-46.500,1.000,-34.788,0,0,0,0,0,0,0,0,0,0,0,0,0,0,0,0,0,0,0,0,0,0,0,0
261.750,47.546,17.011,-28.510,81.007,0,53.617,43.550,-38.858,-47.324,7.978,-34.738,100.123,1,-46.500,1.000,-34.788,0,0,0,0,0,0,0,0,0,0,0,0,0,0,0,0,0,0,0,0,0,0,0,0
261.800,47.566,17.106,-28.539,80.951,0,53.617,43.550,-38.858,-47.324,7.987,-34.735,100.123,1,-46.500,1.000,-34.788,0,0,0,0,0,0,0,0,0,0,0,0,0,0,0,0,0,0,0,0,0,0,0,0
261.850,47.586,17.201,-28.570,80.896,0,53.617,43.550,-38.858,-47.325,7.996,-34.733,100.123,1,-46.500,1.000,-34.788,0,0,0,0,0,0,0,0,0,0,0,0,0,0,0,0,0,0,0,0,0,0,0,0
261.900,47.604,17.296,-28.601,80.840,0,53.617,43.550,-38.858,-47.325,8.005,-34.730,100.123,1,-46.500,1.000,-34.788,0,0,0,0,0,0,0,0,0,0,0,0,0,0,0,0,0,0,0,0,0,0,0,0
261.950,47.622,17.391,-28.633,80.784,0,53.617,43.550,-38.858,-47.325,8.014,-34.728,100.123,1,-46.500,1.000,-34.788,0,0,0,0,0,0,0,0,0,0,0,0,0,0,0,0,0,0,0,0,0,0,0,0
262.000,47.638,17.486,-28.665,80.727,0,53.617,43.550,-38.858,-47.326,8.022,-34.726,100.123,1,-46.500,1.000,-34.788,0,0,0,0,0,0,0,0,0,0,0,0,0,0,0,0,0,0,0,0,0,0,0,0
262.050,47.654,17.581,-28.698,80.671,0,53.617,43.550,-38.858,-47.326,8.031,-34.724,100.123,1,-46.500,1.000,-34.788,0,0,0,0,0,0,0,0,0,0,0,0,0,0,0,0,0,0,0,0,0,0,0,0
262.100,47.668,17.676,-28.732,80.614,0,53.617,43.550,-38.858,-47.326,8.040,-34.722,100.123,1,-46.500,1.000,-34.788,0,0,0,0,0,0,0,0,0,0,0,0,0,0,0,0,0,0,0,0,0,0,0,0
262.150,47.682,17.771,-28.766,80.557,0,53.617,43.550,-38.858,-47.326,8.048,-34.720,100.123,1,-46.500,1.000,-34.788,0,0,0,0,0,0,0,0,0,0,0,0,0,0,0,0,0,0,0,0,0,0,0,0
262.200,47.694,17.866,-28.802,80.500,0,53.617,43.550,-38.858,-47.326,8.056,-34.718,100.123,1,-46.500,1.000,-34.788,0,0,0,0,0,0,0,0,0,0,0,0,0,0,0,0,0,0,0,0,0,0,0,0
262.250,47.706,17.961,-28.837,80.443,0,53.617,43.550,-38.858,-47.326,8.065,-34.717,100.123,1,-46.500,1.000,-34.788,0,0,0,0,0,0,0,0,0,0,0,0,0,0,0,0,0,0,0,0,0,0,0,0
262.300,47.717,18.056,-28.874,80.386,0,53.617,43.550,-38.858,-47.326,8.073,-34.715,100.123,1,-46.500,1.000,-34.788,0,0,0,0,0,0,0,0,0,0,0,0,0,0,0,0,0,0,0,0,0,0,0,0
262.350,47.727,18.151,-28.911,80.329,0,53.617,43.550,-38.858,-47.326,8.081,-34.713,100.123,1,-46.500,1.000,-34.788,0,0,0,0,0,0,0,0,0,0,0,0,0,0,0,0,0,0,0,0,0,0,0,0
262.400,47.736,18.246,-28.948,80.272,0,53.617,43.550,-38.858,-47.326,8.089,-34.712,100.123,1,-46.500,1.000,-34.788,0,0,0,0,0,0,0,0,0,0,0,0,0,0,0,0,0,0,0,0,0,0,0,0
262.450,47.744,18.341,-28.986,80.214,0,53.617,43.550,-38.858,-47.325,8.097,-34.710,100.123,1,-46.500,1.000,-34.788,0,0,0,0,0,0,0,0,0,0,0,0,0,0,0,0,0,0,0,0,0,0,0,0
262.500,47.751,18.436,-29.025,80.157,0,53.617,43.550,-38.858,-47.325,8.105,-34.709,100.123,1,-46.500,1.000,-34.788,0,0,0,0,0,0,0,0,0,0,0,0,0,0,0,0,0,0,0,0,0,0,0,0
262.550,47.758,18.532,-29.064,80.099,0,53.617,43.550,-38.858,-47.325,8.112,-34.708,100.123,1,-46.500,1.000,-34.788,0,0,0,0,0,0,0,0,0,0,0,0,0,0,0,0,0,0,0,0,0,0,0,0
262.600,47.763,18.627,-29.104,80.041,0,53.617,43.550,-38.858,-47.325,8.120,-34.706,100.123,1,-46.500,1.000,-34.788,0,0,0,0,0,0,0,0,0,0,0,0,0,0,0,0,0,0,0,0,0,0,0,0
262.650,47.768,18.722,-29.145,79.983,0,53.617,43.550,-38.858,-47.324,8.127,-34.705,100.123,1,-46.500,1.000,-34.788,0,0,0,0,0,0,0,0,0,0,0,0,0,0,0,0,0,0,0,0,0,0,0,0
262.700,47.772,18.816,-29.186,79.925,0,53.617,43.550,-38.858,-47.324,8.134,-34.704,100.123,1,-46.500,1.000,-34.788,0,0,0,0,0,0,0,0,0,0,0,0,0,0,0,0,0,0,0,0,0,0,0,0
262.750,47.775,18.911,-29.227,79.866,0,53.617,43.550,-38.858,-47.324,8.141,-34.703,100.123,1,-46.500,1.000,-34.788,0,0,0,0,0,0,0,0,0,0,0,0,0,0,0,0,0,0,0,0,0,0,0,0
262.800,47.777,19.006,-29.269,79.808,0,53.617,43.550,-38.858,-47.323,8.148,-34.702,100.123,1,-46.500,1.000,-34.788,0,0,0,0,0,0,0,0,0,0,0,0,0,0,0,0,0,0,0,0,0,0,0,0
262.850,47.779,19.101,-29.312,79.750,0,53.617,43.550,-38.858,-47.323,8.155,-34.701,100.123,1,-46.500,1.000,-34.788,0,0,0,0,0,0,0,0,0,0,0,0,0,0,0,0,0,0,0,0,0,0,0,0
262.900,47.779,19.196,-29.355,79.691,0,53.617,43.550,-38.858,-47.322,8.161,-34.701,100.123,1,-46.500,1.000,-34.788,0,0,0,0,0,0,0,0,0,0,0,0,0,0,0,0,0,0,0,0,0,0,0,0
262.950,47.779,19.291,-29.398,79.633,0,53.617,43.550,-38.858,-47.322,8.168,-34.700,100.123,1,-46.500,1.000,-34.788,0,0,0,0,0,0,0,0,0,0,0,0,0,0,0,0,0,0,0,0,0,0,0,0
263.000,47.778,19.385,-29.442,79.574,0,53.617,43.550,-38.858,-47.321,8.174,-34.699,100.123,1,-46.500,1.000,-34.788,0,0,0,0,0,0,0,0,0,0,0,0,0,0,0,0,0,0,0,0,0,0,0,0
263.050,47.776,19.480,-29.487,79.516,0,53.617,43.550,-38.858,-47.320,8.180,-34.699,100.123,1,-46.500,1.000,-34.788,0,0,0,0,0,0,0,0,0,0,0,0,0,0,0,0,0,0,0,0,0,0,0,0
263.100,47.774,19.574,-29.531,79.457,0,53.617,43.550,-38.858,-47.320,8.186,-34.699,100.123,1,-46.500,1.000,-34.788,0,0,0,0,0,0,0,0,0,0,0,0,0,0,0,0,0,0,0,0,0,0,0,0
263.150,47.771,19.669,-29.577,79.398,0,53.617,43.550,-38.858,-47.319,8.191,-34.698,100.123,1,-46.500,1.000,-34.788,0,0,0,0,0,0,0,0,0,0,0,0,0,0,0,0,0,0,0,0,0,0,0,0
263.200,47.767,19.763,-29.622,79.340,0,53.617,43.550,-38.858,-47.318,8.197,-34.698,100.123,1,-46.500,1.000,-34.788,0,0,0,0,0,0,0,0,0,0,0,0,0,0,0,0,0,0,0,0,0,0,0,0
263.250,47.762,19.858,-29.668,79.282,0,53.617,43.550,-38.858,-47.318,8.202,-34.698,100.123,1,-46.500,1.000,-34.788,0,0,0,0,0,0,0,0,0,0,0,0,0,0,0,0,0,0,0,0,0,0,0,0
263.300,47.757,19.952,-29.715,79.223,0,53.617,43.550,-38.858,-47.317,8.207,-34.698,100.123,1,-46.500,1.000,-34.788,0,0,0,0,0,0,0,0,0,0,0,0,0,0,0,0,0,0,0,0,0,0,0,0
263.350,47.752,20.046,-29.761,79.165,0,53.617,43.550,-38.858,-47.316,8.211,-34.697,100.123,1,-46.500,1.000,-34.788,0,0,0,0,0,0,0,0,0,0,0,0,0,0,0,0,0,0,0,0,0,0,0,0
263.400,47.746,20.140,-29.808,79.107,0,53.617,43.550,-38.858,-47.315,8.216,-34.697,100.123,1,-46.500,1.000,-34.788,0,0,0,0,0,0,0,0,0,0,0,0,0,0,0,0,0,0,0,0,0,0,0,0
263.450,47.740,20.235,-29.856,79.048,0,53.617,43.550,-38.858,-47.315,8.220,-34.698,100.123,1,-46.500,1.000,-34.788,0,0,0,0,0,0,0,0,0,0,0,0,0,0,0,0,0,0,0,0,0,0,0,0
263.500,47.733,20.329,-29.903,78.990,0,53.617,43.550,-38.858,-47.314,8.224,-34.698,100.123,1,-46.500,1.000,-34.788,0,0,0,0,0,0,0,0,0,0,0,0,0,0,0,0,0,0,0,0,0,0,0,0
263.550,47.726,20.423,-29.951,78.932,0,53.617,43.550,-38.858,-47.313,8.227,-34.698,100.123,1,-46.500,1.000,-34.788,0,0,0,0,0,0,0,0,0,0,0,0,0,0,0,0,0,0,0,0,0,0,0,0
263.600,47.718,20.516,-30.000,78.874,0,53.617,43.550,-38.858,-47.312,8.231,-34.698,100.123,1,-46.500,1.000,-34.788,0,0,0,0,0,0,0,0,0,0,0,0,0,0,0,0,0,0,0,0,0,0,0,0
263.650,47.711,20.610,-30.048,78.816,0,53.617,43.550,-38.858,-47.311,8.234,-34.698,100.123,1,-46.500,1.000,-34.788,0,0,0,0,0,0,0,0,0,0,0,0,0,0,0,0,0,0,0,0,0,0,0,0
263.700,47.703,20.704,-30.097,78.758,0,53.617,43.550,-38.858,-47.310,8.237,-34.699,100.123,1,-46.500,1.000,-34.788,0,0,0,0,0,0,0,0,0,0,0,0,0,0,0,0,0,0,0,0,0,0,0,0
263.750,47.694,20.798,-30.146,78.701,0,53.617,43.550,-38.858,-47.310,8.240,-34.699,100.123,1,-46.500,1.000,-34.788,0,0,0,0,0,0,0,0,0,0,0,0,0,0,0,0,0,0,0,0,0,0,0,0
263.800,47.686,20.891,-30.195,78.643,0,53.617,43.550,-38.858,-47.309,8.242,-34.700,100.123,1,-46.500,1.000,-34.788,0,0,0,0,0,0,0,0,0,0,0,0,0,0,0,0,0,0,0,0,0,0,0,0
263.850,47.677,20.985,-30.245,78.585,0,53.617,43.550,-38.858,-47.308,8.244,-34.700,100.123,1,-46.500,1.000,-34.788,0,0,0,0,0,0,0,0,0,0,0,0,0,0,0,0,0,0,0,0,0,0,0,0
263.900,47.668,21.078,-30.294,78.528,0,53.617,43.550,-38.858,-47.307,8.246,-34.701,100.123,1,-46.500,1.000,-34.788,0,0,0,0,0,0,0,0,0,0,0,0,0,0,0,0,0,0,0,0,0,0,0,0
263.950,47.659,21.172,-30.344,78.470,0,53.617,43.550,-38.858,-47.306,8.248,-34.702,100.123,1,-46.500,1.000,-34.788,0,0,0,0,0,0,0,0,0,0,0,0,0,0,0,0,0,0,0,0,0,0,0,0
264.000,47.650,21.265,-30.394,78.413,0,53.617,43.550,-38.858,-47.305,8.249,-34.702,100.123,1,-46.500,1.000,-34.788,0,0,0,0,0,0,0,0,0,0,0,0,0,0,0,0,0,0,0,0,0,0,0,0
264.050,47.641,21.358,-30.444,78.355,0,53.617,43.550,-38.858,-47.304,8.251,-34.703,100.123,1,-46.500,1.000,-34.788,0,0,0,0,0,0,0,0,0,0,0,0,0,0,0,0,0,0,0,0,0,0,0,0
264.100,47.631,21.452,-30.495,78.298,0,53.617,43.550,-38.858,-47.304,8.251,-34.704,100.123,1,-46.500,1.000,-34.788,0,0,0,0,0,0,0,0,0,0,0,0,0,0,0,0,0,0,0,0,0,0,0,0
264.150,47.622,21.545,-30.545,78.241,0,53.617,43.550,-38.858,-47.303,8.252,-34.705,100.123,1,-46.500,1.000,-34.788,0,0,0,0,0,0,0,0,0,0,0,0,0,0,0,0,0,0,0,0,0,0,0,0
264.200,47.612,21.638,-30.596,78.183,0,53.617,43.550,-38.858,-47.302,8.252,-34.706,100.123,1,-46.500,1.000,-34.788,0,0,0,0,0,0,0,0,0,0,0,0,0,0,0,0,0,0,0,0,0,0,0,0
264.250,47.603,21.731,-30.646,78.126,0,53.617,43.550,-38.858,-47.301,8.252,-34.707,100.123,1,-46.500,1.000,-34.788,0,0,0,0,0,0,0,0,0,0,0,0,0,0,0,0,0,0,0,0,0,0,0,0
264.300,47.594,21.824,-30.697,78.069,0,53.617,43.550,-38.858,-47.300,8.252,-34.708,100.123,1,-46.500,1.000,-34.788,0,0,0,0,0,0,0,0,0,0,0,0,0,0,0,0,0,0,0,0,0,0,0,0
264.350,47.584,21.917,-30.748,78.012,0,53.617,43.550,-38.858,-47.300,8.252,-34.709,100.123,1,-46.500,1.000,-34.788,0,0,0,0,0,0,0,0,0,0,0,0,0,0,0,0,0,0,0,0,0,0,0,0
264.400,47.575,22.009,-30.799,77.955,0,53.617,43.550,-38.858,-47.299,8.251,-34.710,100.123,1,-46.500,1.000,-34.788,0,0,0,0,0,0,0,0,0,0,0,0,0,0,0,0,0,0,0,0,0,0,0,0
264.450,47.566,22.102,-30.850,77.898,0,53.617,43.550,-38.858,-47.298,8.250,-34.711,100.123,1,-46.500,1.000,-34.788,0,0,0,0,0,0,0,0,0,0,0,0,0,0,0,0,0,0,0,0,0,0,0,0
264.500,47.557,22.195,-30.902,77.841,0,53.617,43.550,-38.858,-47.297,8.248,-34.712,100.123,1,-46.500,1.000,-34.788,0,0,0,0,0,0,0,0,0,0,0,0,0,0,0,0,0,0,0,0,0,0,0,0
264.550,47.548,22.288,-30.953,77.785,0,53.617,43.550,-38.858,-47.297,8.247,-34.713,100.123,1,-46.500,1.000,-34.788,0,0,0,0,0,0,0,0,0,0,0,0,0,0,0,0,0,0,0,0,0,0,0,0
264.600,47.539,22.380,-31.004,77.728,0,53.617,43.550,-38.858,-47.296,8.245,-34.715,100.123,1,-46.500,1.000,-34.788,0,0,0,0,0,0,0,0,0,0,0,0,0,0,0,0,0,0,0,0,0,0,0,0
264.650,47.531,22.473,-31.056,77.671,0,53.617,43.550,-38.858,-47.295,8.243,-34.716,100.123,1,-46.500,1.000,-34.788,0,0,0,0,0,0,0,0,0,0,0,0,0,0,0,0,0,0,0,0,0,0,0,0
264.700,47.523,22.566,-31.107,77.615,0,53.617,43.550,-38.858,-47.295,8.240,-34.717,100.123,1,-46.500,1.000,-34.788,0,0,0,0,0,0,0,0,0,0,0,0,0,0,0,0,0,0,0,0,0,0,0,0
264.750,47.514,22.658,-31.159,77.558,0,53.617,43.550,-38.858,-47.294,8.238,-34.718,100.123,1,-46.500,1.000,-34.788,0,0,0,0,0,0,0,0,0,0,0,0,0,0,0,0,0,0,0,0,0,0,0,0
264.800,47.506,22.751,-31.210,77.501,0,53.617,43.550,-38.858,-47.293,8.235,-34.720,100.123,1,-46.500,1.000,-34.788,0,0,0,0,0,0,0,0,0,0,0,0,0,0,0,0,0,0,0,0,0,0,0,0
264.850,47.499,22.843,-31.262,77.445,0,53.617,43.550,-38.858,-47.293,8.231,-34.721,100.123,1,-46.500,1.000,-34.788,0,0,0,0,0,0,0,0,0,0,0,0,0,0,0,0,0,0,0,0,0,0,0,0
264.900,47.491,22.936,-31.313,77.388,0,53.617,43.550,-38.858,-47.292,8.228,-34.723,100.123,1,-46.500,1.000,-34.788,0,0,0,0,0,0,0,0,0,0,0,0,0,0,0,0,0,0,0,0,0,0,0,0
264.950,47.484,23.028,-31.365,77.332,0,53.617,43.550,-38.858,-47.292,8.224,-34.724,100.123,1,-46.500,1.000,-34.788,0,0,0,0,0,0,0,0,0,0,0,0,0,0,0,0,0,0,0,0,0,0,0,0
265.000,47.477,23.120,-31.417,77.276,0,53.617,43.550,-38.858,-47.291,8.220,-34.725,100.123,1,-46.500,1.000,-34.788,0,0,0,0,0,0,0,0,0,0,0,0,0,0,0,0,0,0,0,0,0,0,0,0
265.050,47.471,23.213,-31.468,77.219,0,53.617,43.550,-38.858,-47.291,8.216,-34.727,100.123,1,-46.500,1.000,-34.788,0,0,0,0,0,0,0,0,0,0,0,0,0,0,0,0,0,0,0,0,0,0,0,0
265.100,47.465,23.305,-31.520,77.163,0,53.617,43.550,-38.858,-47.291,8.212,-34.728,100.123,1,-46.500,1.000,-34.788,0,0,0,0,0,0,0,0,0,0,0,0,0,0,0,0,0,0,0,0,0,0,0,0
265.150,47.459,23.398,-31.571,77.107,0,53.617,43.550,-38.858,-47.290,8.207,-34.730,100.123,1,-46.500,1.000,-34.788,0,0,0,0,0,0,0,0,0,0,0,0,0,0,0,0,0,0,0,0,0,0,0,0
265.200,47.453,23.490,-31.623,77.050,0,53.617,43.550,-38.858,-47.290,8.202,-34.731,100.123,1,-46.500,1.000,-34.788,0,0,0,0,0,0,0,0,0,0,0,0,0,0,0,0,0,0,0,0,0,0,0,0
265.250,47.448,23.582,-31.675,76.994,0,53.617,43.550,-38.858,-47.290,8.197,-34.733,100.123,1,-46.500,1.000,-34.788,0,0,0,0,0,0,0,0,0,0,0,0,0,0,0,0,0,0,0,0,0,0,0,0
265.300,47.443,23.674,-31.726,76.938,0,53.617,43.550,-38.858,-47.290,8.192,-34.734,100.123,1,-46.500,1.000,-34.788,0,0,0,0,0,0,0,0,0,0,0,0,0,0,0,0,0,0,0,0,0,0,0,0
265.350,47.439,23.767,-31.778,76.882,0,53.617,43.550,-38.858,-47.289,8.186,-34.736,100.123,1,-46.500,1.000,-34.788,0,0,0,0,0,0,0,0,0,0,0,0,0,0,0,0,0,0,0,0,0,0,0,0
265.400,47.435,23.859,-31.829,76.826,0,53.617,43.550,-38.858,-47.289,8.180,-34.738,100.123,1,-46.500,1.000,-34.788,0,0,0,0,0,0,0,0,0,0,0,0,0,0,0,0,0,0,0,0,0,0,0,0
265.450,47.431,23.951,-31.881,76.770,0,53.617,43.550,-38.858,-47.289,8.174,-34.739,100.123,1,-46.500,1.000,-34.788,0,0,0,0,0,0,0,0,0,0,0,0,0,0,0,0,0,0,0,0,0,0,0,0
265.500,47.428,24.044,-31.932,76.713,0,53.617,43.550,-38.858,-47.289,8.168,-34.741,100.123,1,-46.500,1.000,-34.788,0,0,0,0,0,0,0,0,0,0,0,0,0,0,0,0,0,0,0,0,0,0,0,0
265.550,47.425,24.136,-31.984,76.657,0,53.617,43.550,-38.858,-47.289,8.162,-34.742,100.123,1,-46.500,1.000,-34.788,0,0,0,0,0,0,0,0,0,0,0,0,0,0,0,0,0,0,0,0,0,0,0,0
265.600,47.423,24.228,-32.035,76.601,0,53.617,43.550,-38.858,-47.289,8.155,-34.744,100.123,1,-46.500,1.000,-34.788,0,0,0,0,0,0,0,0,0,0,0,0,0,0,0,0,0,0,0,0,0,0,0,0
265.650,47.421,24.320,-32.086,76.545,0,53.617,43.550,-38.858,-47.289,8.148,-34.746,100.123,1,-46.500,1.000,-34.788,0,0,0,0,0,0,0,0,0,0,0,0,0,0,0,0,0,0,0,0,0,0,0,0
265.700,47.419,24.413,-32.138,76.489,0,53.617,43.550,-38.858,-47.289,8.141,-34.747,100.123,1,-46.500,1.000,-34.788,0,0,0,0,0,0,0,0,0,0,0,0,0,0,0,0,0,0,0,0,0,0,0,0
265.750,47.418,24.505,-32.189,76.433,0,53.617,43.550,-38.858,-47.290,8.134,-34.749,100.123,1,-46.500,1.000,-34.788,0,0,0,0,0,0,0,0,0,0,0,0,0,0,0,0,0,0,0,0,0,0,0,0
265.800,47.418,24.597,-32.240,76.377,0,53.617,43.550,-38.858,-47.290,8.127,-34.750,100.123,1,-46.500,1.000,-34.788,0,0,0,0,0,0,0,0,0,0,0,0,0,0,0,0,0,0,0,0,0,0,0,0
265.850,47.418,24.689,-32.291,76.321,0,53.617,43.550,-38.858,-47.290,8.120,-34.752,100.123,1,-46.500,1.000,-34.788,0,0,0,0,0,0,0,0,0,0,0,0,0,0,0,0,0,0,0,0,0,0,0,0
265.900,47.418,24.782,-32.342,76.265,0,53.617,43.550,-38.858,-47.290,8.112,-34.754,100.123,1,-46.500,1.000,-34.788,0,0,0,0,0,0,0,0,0,0,0,0,0,0,0,0,0,0,0,0,0,0,0,0
265.950,47.419,24.874,-32.393,76.209,0,53.617,43.550,-38.858,-47.291,8.105,-34.755,100.123,1,-46.500,1.000,-34.788,0,0,0,0,0,0,0,0,0,0,0,0,0,0,0,0,0,0,0,0,0,0,0,0
266.000,47.420,24.966,-32.444,76.153,0,53.617,43.550,-38.858,-47.291,8.097,-34.757,100.123,1,-46.500,1.000,-34.788,0,0,0,0,0,0,0,0,0,0,0,0,0,0,0,0,0,0,0,0,0,0,0,0
266.050,47.422,25.058,-32.494,76.097,0,53.617,43.550,-38.858,-47.291,8.089,-34.758,100.123,1,-46.500,1.000,-34.788,0,0,0,0,0,0,0,0,0,0,0,0,0,0,0,0,0,0,0,0,0,0,0,0
266.100,47.424,25.151,-32.545,76.041,0,53.617,43.550,-38.858,-47.292,8.081,-34.760,100.123,1,-46.500,1.000,-34.788,0,0,0,0,0,0,0,0,0,0,0,0,0,0,0,0,0,0,0,0,0,0,0,0
266.150,47.427,25.243,-32.595,75.985,0,53.617,43.550,-38.858,-47.292,8.073,-34.762,100.123,1,-46.500,1.000,-34.788,0,0,0,0,0,0,0,0,0,0,0,0,0,0,0,0,0,0,0,0,0,0,0,0
266.200,47.430,25.335,-32.646,75.929,0,53.617,43.550,-38.858,-47.293,8.065,-34.763,100.123,1,-46.500,1.000,-34.788,0,0,0,0,0,0,0,0,0,0,0,0,0,0,0,0,0,0,0,0,0,0,0,0
266.250,47.434,25.427,-32.696,75.873,0,53.617,43.550,-38.858,-47.293,8.057,-34.765,100.123,1,-46.500,1.000,-34.788,0,0,0,0,0,0,0,0,0,0,0,0,0,0,0,0,0,0,0,0,0,0,0,0
266.300,47.438,25.520,-32.746,75.817,0,53.617,43.550,-38.858,-47.294,8.048,-34.766,100.123,1,-46.500,1.000,-34.788,0,0,0,0,0,0,0,0,0,0,0,0,0,0,0,0,0,0,0,0,0,0,0,0
266.350,47.443,25.612,-32.796,75.761,0,53.617,43.550,-38.858,-47.295,8.040,-34.768,100.123,1,-46.500,1.000,-34.788,0,0,0,0,0,0,0,0,0,0,0,0,0,0,0,0,0,0,0,0,0,0,0,0
266.400,47.448,25.704,-32.846,75.705,0,53.617,43.550,-38.858,-47.295,8.031,-34.770,100.123,1,-46.500,1.000,-34.788,0,0,0,0,0,0,0,0,0,0,0,0,0,0,0,0,0,0,0,0,0,0,0,0
266.450,47.453,25.797,-32.896,75.649,0,53.617,43.550,-38.858,-47.296,8.023,-34.771,100.123,1,-46.500,1.000,-34.788,0,0,0,0,0,0,0,0,0,0,0,0,0,0,0,0,0,0,0,0,0,0,0,0
266.500,47.460,25.889,-32.946,75.593,0,53.617,43.550,-38.858,-47.297,8.014,-34.773,100.123,1,-46.500,1.000,-34.788,0,0,0,0,0,0,0,0,0,0,0,0,0,0,0,0,0,0,0,0,0,0,0,0
266.550,47.466,25.982,-32.996,75.537,0,53.617,43.550,-38.858,-47.297,8.006,-34.774,100.123,1,-46.500,1.000,-34.788,0,0,0,0,0,0,0,0,0,0,0,0,0,0,0,0,0,0,0,0,0,0,0,0
266.600,47.474,26.074,-33.045,75.481,0,53.617,43.550,-38.858,-47.298,7.997,-34.776,100.123,1,-46.500,1.000,-34.788,0,0,0,0,0,0,0,0,0,0,0,0,0,0,0,0,0,0,0,0,0,0,0,0
266.650,47.481,26.166,-33.094,75.426,0,53.617,43.550,-38.858,-47.299,7.988,-34.778,100.123,1,-46.500,1.000,-34.788,0,0,0,0,0,0,0,0,0,0,0,0,0,0,0,0,0,0,0,0,0,0,0,0
266.700,47.489,26.259,-33.144,75.370,0,53.617,43.550,-38.858,-47.300,7.980,-34.779,100.123,1,-46.500,1.000,-34.788,0,0,0,0,0,0,0,0,0,0,0,0,0,0,0,0,0,0,0,0,0,0,0,0
266.750,47.498,26.351,-33.193,75.314,0,53.617,43.550,-38.858,-47.301,7.971,-34.781,100.123,1,-46.500,1.000,-34.788,0,0,0,0,0,0,0,0,0,0,0,0,0,0,0,0,0,0,0,0,0,0,0,0
266.800,47.507,26.444,-33.242,75.258,0,53.617,43.550,-38.858,-47.302,7.962,-34.782,100.123,1,-46.500,1.000,-34.788,0,0,0,0,0,0,0,0,0,0,0,0,0,0,0,0,0,0,0,0,0,0,0,0
266.850,47.517,26.536,-33.290,75.202,0,53.617,43.550,-38.858,-47.302,7.954,-34.784,100.123,1,-46.500,1.000,-34.788,0,0,0,0,0,0,0,0,0,0,0,0,0,0,0,0,0,0,0,0,0,0,0,0
266.900,47.527,26.629,-33.339,75.146,0,53.617,43.550,-38.858,-47.303,7.945,-34.785,100.123,1,-46.500,1.000,-34.788,0,0,0,0,0,0,0,0,0,0,0,0,0,0,0,0,0,0,0,0,0,0,0,0
266.950,47.538,26.721,-33.387,75.090,0,53.617,43.550,-38.858,-47.304,7.936,-34.787,100.123,1,-46.500,1.000,-34.788,0,0,0,0,0,0,0,0,0,0,0,0,0,0,0,0,0,0,0,0,0,0,0,0
267.000,47.549,26.814,-33.436,75.034,0,53.617,43.550,-38.858,-47.305,7.928,-34.789,100.123,1,-46.500,1.000,-34.788,0,0,0,0,0,0,0,0,0,0,0,0,0,0,0,0,0,0,0,0,0,0,0,0
267.050,47.560,26.906,-33.484,74.978,0,53.617,43.550,-38.858,-47.306,7.919,-34.790,100.123,1,-46.500,1.000,-34.788,0,0,0,0,0,0,0,0,0,0,0,0,0,0,0,0,0,0,0,0,0,0,0,0
267.100,47.572,26.999,-33.532,74.922,0,53.617,43.550,-38.858,-47.307,7.910,-34.792,100.123,1,-46.500,1.000,-34.788,0,0,0,0,0,0,0,0,0,0,0,0,0,0,0,0,0,0,0,0,0,0,0,0
267.150,47.585,27.091,-33.580,74.866,0,53.617,43.550,-38.858,-47.308,7.902,-34.793,100.123,1,-46.500,1.000,-34.788,0,0,0,0,0,0,0,0,0,0,0,0,0,0,0,0,0,0,0,0,0,0,0,0
267.200,47.598,27.184,-33.627,74.810,0,53.617,43.550,-38.858,-47.309,7.893,-34.795,100.123,1,-46.500,1.000,-34.788,0,0,0,0,0,0,0,0,0,0,0,0,0,0,0,0,0,0,0,0,0,0,0,0
267.250,47.611,27.276,-33.675,74.754,0,53.617,43.550,-38.858,-47.310,7.885,-34.796,100.123,1,-46.500,1.000,-34.788,0,0,0,0,0,0,0,0,0,0,0,0,0,0,0,0,0,0,0,0,0,0,0,0
267.300,47.625,27.369,-33.722,74.699,0,53.617,43.550,-38.858,-47.310,7.877,-34.798,100.123,1,-46.500,1.000,-34.788,0,0,0,0,0,0,0,0,0,0,0,0,0,0,0,0,0,0,0,0,0,0,0,0
267.350,47.639,27.461,-33.769,74.643,0,53.617,43.550,-38.858,-47.311,7.868,-34.799,100.123,1,-46.500,1.000,-34.788,0,0,0,0,0,0,0,0,0,0,0,0,0,0,0,0,0,0,0,0,0,0,0,0
267.400,47.654,27.554,-33.816,74.587,0,53.617,43.550,-38.858,-47.312,7.860,-34.801,100.123,1,-46.500,1.000,-34.788,0,0,0,0,0,0,0,0,0,0,0,0,0,0,0,0,0,0,0,0,0,0,0,0
267.450,47.669,27.647,-33.863,74.531,0,53.617,43.550,-38.858,-47.313,7.852,-34.802,100.123,1,-46.500,1.000,-34.788,0,0,0,0,0,0,0,0,0,0,0,0,0,0,0,0,0,0,0,0,0,0,0,0
267.500,47.685,27.739,-33.910,74.475,0,53.617,43.550,-38.858,-47.314,7.844,-34.804,100.123,1,-46.500,1.000,-34.788,0,0,0,0,0,0,0,0,0,0,0,0,0,0,0,0,0,0,0,0,0,0,0,0
267.550,47.701,27.832,-33.956,74.419,0,53.617,43.550,-38.858,-47.315,7.836,-34.805,100.123,1,-46.500,1.000,-34.788,0,0,0,0,0,0,0,0,0,0,0,0,0,0,0,0,0,0,0,0,0,0,0,0
267.600,47.718,27.925,-34.002,74.364,0,53.617,43.550,-38.858,-47.316,7.829,-34.806,100.123,1,-46.500,1.000,-34.788,0,0,0,0,0,0,0,0,0,0,0,0,0,0,0,0,0,0,0,0,0,0,0,0
267.650,47.734,28.017,-34.048,74.308,0,53.617,43.550,-38.858,-47.316,7.821,-34.808,100.123,1,-46.500,1.000,-34.788,0,0,0,0,0,0,0,0,0,0,0,0,0,0,0,0,0,0,0,0,0,0,0,0
267.700,47.752,28.110,-34.094,74.252,0,53.617,43.550,-38.858,-47.317,7.814,-34.809,100.123,1,-46.500,1.000,-34.788,0,0,0,0,0,0,0,0,0,0,0,0,0,0,0,0,0,0,0,0,0,0,0,0
267.750,47.770,28.203,-34.140,74.196,0,53.617,43.550,-38.858,-47.318,7.807,-34.810,100.123,1,-46.500,1.000,-34.788,0,0,0,0,0,0,0,0,0,0,0,0,0,0,0,0,0,0,0,0,0,0,0,0
267.800,47.788,28.295,-34.185,74.140,0,53.617,43.550,-38.858,-47.318,7.800,-34.812,100.123,1,-46.500,1.000,-34.788,0,0,0,0,0,0,0,0,0,0,0,0,0,0,0,0,0,0,0,0,0,0,0,0
267.850,47.806,28.388,-34.231,74.085,0,53.617,43.550,-38.858,-47.319,7.793,-34.813,100.123,1,-46.500,1.000,-34.788,0,0,0,0,0,0,0,0,0,0,0,0,0,0,0,0,0,0,0,0,0,0,0,0
267.900,47.825,28.481,-34.276,74.029,0,53.617,43.550,-38.858,-47.320,7.786,-34.814,100.123,1,-46.500,1.000,-34.788,0,0,0,0,0,0,0,0,0,0,0,0,0,0,0,0,0,0,0,0,0,0,0,0
267.950,47.844,28.574,-34.321,73.973,0,53.617,43.550,-38.858,-47.320,7.779,-34.816,100.123,1,-46.500,1.000,-34.788,0,0,0,0,0,0,0,0,0,0,0,0,0,0,0,0,0,0,0,0,0,0,0,0
268.000,47.864,28.666,-34.365,73.918,0,53.617,43.550,-38.858,-47.321,7.773,-34.817,100.123,1,-46.500,1.000,-34.788,0,0,0,0,0,0,0,0,0,0,0,0,0,0,0,0,0,0,0,0,0,0,0,0
268.050,47.884,28.759,-34.410,73.862,0,53.617,43.550,-38.858,-47.321,7.767,-34.818,100.123,1,-46.500,1.000,-34.788,0,0,0,0,0,0,0,0,0,0,0,0,0,0,0,0,0,0,0,0,0,0,0,0
268.100,47.905,28.852,-34.454,73.807,0,53.617,43.550,-38.858,-47.322,7.761,-34.819,100.123,1,-46.500,1.000,-34.788,0,0,0,0,0,0,0,0,0,0,0,0,0,0,0,0,0,0,0,0,0,0,0,0
268.150,47.925,28.945,-34.498,73.751,0,53.617,43.550,-38.858,-47.322,7.755,-34.821,100.123,1,-46.500,1.000,-34.788,0,0,0,0,0,0,0,0,0,0,0,0,0,0,0,0,0,0,0,0,0,0,0,0
268.200,47.946,29.038,-34.542,73.696,0,53.617,43.550,-38.858,-47.322,7.749,-34.822,100.123,1,-46.500,1.000,-34.788,0,0,0,0,0,0,0,0,0,0,0,0,0,0,0,0,0,0,0,0,0,0,0,0
268.250,47.968,29.130,-34.585,73.641,0,53.617,43.550,-38.858,-47.323,7.744,-34.823,100.123,1,-46.500,1.000,-34.788,0,0,0,0,0,0,0,0,0,0,0,0,0,0,0,0,0,0,0,0,0,0,0,0
268.300,47.989,29.223,-34.629,73.586,0,53.617,43.550,-38.858,-47.323,7.738,-34.824,100.123,1,-46.500,1.000,-34.788,0,0,0,0,0,0,0,0,0,0,0,0,0,0,0,0,0,0,0,0,0,0,0,0
268.350,48.011,29.316,-34.672,73.531,0,53.617,43.550,-38.858,-47.323,7.733,-34.825,100.123,1,-46.500,1.000,-34.788,0,0,0,0,0,0,0,0,0,0,0,0,0,0,0,0,0,0,0,0,0,0,0,0
268.400,48.033,29.409,-34.715,73.476,0,53.617,43.550,-38.858,-47.323,7.729,-34.826,100.123,1,-46.500,1.000,-34.788,0,0,0,0,0,0,0,0,0,0,0,0,0,0,0,0,0,0,0,0,0,0,0,0
268.450,48.055,29.502,-34.758,73.421,0,53.617,43.550,-38.858,-47.323,7.724,-34.827,100.123,1,-46.500,1.000,-34.788,0,0,0,0,0,0,0,0,0,0,0,0,0,0,0,0,0,0,0,0,0,0,0,0
268.500,48.077,29.595,-34.800,73.366,0,53.617,43.550,-38.858,-47.323,7.720,-34.828,100.123,1,-46.500,1.000,-34.788,0,0,0,0,0,0,0,0,0,0,0,0,0,0,0,0,0,0,0,0,0,0,0,0
268.550,48.099,29.688,-34.843,73.312,0,53.617,43.550,-38.858,-47.323,7.716,-34.829,100.123,1,-46.500,1.000,-34.788,0,0,0,0,0,0,0,0,0,0,0,0,0,0,0,0,0,0,0,0,0,0,0,0
268.600,48.121,29.781,-34.885,73.257,0,53.617,43.550,-38.858,-47.323,7.712,-34.830,100.123,1,-46.500,1.000,-34.788,0,0,0,0,0,0,0,0,0,0,0,0,0,0,0,0,0,0,0,0,0,0,0,0
268.650,48.144,29.874,-34.927,73.202,0,53.617,43.550,-38.858,-47.323,7.708,-34.831,100.123,1,-46.500,1.000,-34.788,0,0,0,0,0,0,0,0,0,0,0,0,0,0,0,0,0,0,0,0,0,0,0,0
268.700,48.167,29.967,-34.969,73.148,0,53.617,43.550,-38.858,-47.323,7.705,-34.832,100.123,1,-46.500,1.000,-34.788,0,0,0,0,0,0,0,0,0,0,0,0,0,0,0,0,0,0,0,0,0,0,0,0
268.750,48.189,30.059,-35.011,73.093,0,53.617,43.550,-38.858,-47.322,7.702,-34.832,100.123,1,-46.500,1.000,-34.788,0,0,0,0,0,0,0,0,0,0,0,0,0,0,0,0,0,0,0,0,0,0,0,0
268.800,48.212,30.153,-35.052,73.039,0,53.617,43.550,-38.858,-47.322,7.699,-34.833,100.123,1,-46.500,1.000,-34.788,0,0,0,0,0,0,0,0,0,0,0,0,0,0,0,0,0,0,0,0,0,0,0,0
268.850,48.234,30.246,-35.094,72.984,0,53.617,43.550,-38.858,-47.321,7.696,-34.834,100.123,1,-46.500,1.000,-34.788,0,0,0,0,0,0,0,0,0,0,0,0,0,0,0,0,0,0,0,0,0,0,0,0
268.900,48.257,30.339,-35.135,72.930,0,53.617,43.550,-38.858,-47.321,7.694,-34.834,100.123,1,-46.500,1.000,-34.788,0,0,0,0,0,0,0,0,0,0,0,0,0,0,0,0,0,0,0,0,0,0,0,0
268.950,48.280,30.432,-35.176,72.875,0,53.617,43.550,-38.858,-47.320,7.692,-34.835,100.123,1,-46.500,1.000,-34.788,0,0,0,0,0,0,0,0,0,0,0,0,0,0,0,0,0,0,0,0,0,0,0,0
269.000,48.303,30.525,-35.217,72.821,0,53.617,43.550,-38.858,-47.320,7.690,-34.836,100.123,1,-46.500,1.000,-34.788,0,0,0,0,0,0,0,0,0,0,0,0,0,0,0,0,0,0,0,0,0,0,0,0
269.050,48.325,30.618,-35.258,72.767,0,53.617,43.550,-38.858,-47.319,7.689,-34.836,100.123,1,-46.500,1.000,-34.788,0,0,0,0,0,0,0,0,0,0,0,0,0,0,0,0,0,0,0,0,0,0,0,0
269.100,48.348,30.711,-35.299,72.712,0,53.617,43.550,-38.858,-47.318,7.687,-34.837,100.123,1,-46.500,1.000,-34.788,0,0,0,0,0,0,0,0,0,0,0,0,0,0,0,0,0,0,0,0,0,0,0,0
269.150,48.370,30.804,-35.340,72.658,0,53.617,43.550,-38.858,-47.317,7.686,-34.837,100.123,1,-46.500,1.000,-34.788,0,0,0,0,0,0,0,0,0,0,0,0,0,0,0,0,0,0,0,0,0,0,0,0
269.200,48.392,30.897,-35.381,72.604,0,53.617,43.550,-38.858,-47.316,7.686,-34.838,100.123,1,-46.500,1.000,-34.788,0,0,0,0,0,0,0,0,0,0,0,0,0,0,0,0,0,0,0,0,0,0,0,0
269.250,48.415,30.990,-35.422,72.549,0,53.617,43.550,-38.858,-47.316,7.685,-34.838,100.123,1,-46.500,1.000,-34.788,0,0,0,0,0,0,0,0,0,0,0,0,0,0,0,0,0,0,0,0,0,0,0,0
269.300,48.437,31.084,-35.463,72.495,0,53.617,43.550,-38.858,-47.314,7.685,-34.838,100.123,1,-46.500,1.000,-34.788,0,0,0,0,0,0,0,0,0,0,0,0,0,0,0,0,0,0,0,0,0,0,0,0
269.350,48.459,31.177,-35.504,72.440,0,53.617,43.550,-38.858,-47.313,7.685,-34.839,100.123,1,-46.500,1.000,-34.788,0,0,0,0,0,0,0,0,0,0,0,0,0,0,0,0,0,0,0,0,0,0,0,0
269.400,48.481,31.270,-35.544,72.386,0,53.617,43.550,-38.858,-47.312,7.685,-34.839,100.123,1,-46.500,1.000,-34.788,0,0,0,0,0,0,0,0,0,0,0,0,0,0,0,0,0,0,0,0,0,0,0,0
269.450,48.502,31.363,-35.585,72.331,0,53.617,43.550,-38.858,-47.311,7.686,-34.839,100.123,1,-46.500,1.000,-34.788,0,0,0,0,0,0,0,0,0,0,0,0,0,0,0,0,0,0,0,0,0,0,0,0
269.500,48.524,31.456,-35.627,72.277,0,53.617,43.550,-38.858,-47.310,7.687,-34.839,100.123,1,-46.500,1.000,-34.788,0,0,0,0,0,0,0,0,0,0,0,0,0,0,0,0,0,0,0,0,0,0,0,0
269.550,48.545,31.549,-35.668,72.222,0,53.617,43.550,-38.858,-47.309,7.688,-34.839,100.123,1,-46.500,1.000,-34.788,0,0,0,0,0,0,0,0,0,0,0,0,0,0,0,0,0,0,0,0,0,0,0,0
269.600,48.566,31.642,-35.709,72.167,0,53.617,43.550,-38.858,-47.307,7.690,-34.839,100.123,1,-46.500,1.000,-34.788,0,0,0,0,0,0,0,0,0,0,0,0,0,0,0,0,0,0,0,0,0,0,0,0
269.650,48.587,31.735,-35.750,72.112,0,53.617,43.550,-38.858,-47.306,7.691,-34.839,100.123,1,-46.500,1.000,-34.788,0,0,0,0,0,0,0,0,0,0,0,0,0,0,0,0,0,0,0,0,0,0,0,0
269.700,48.608,31.829,-35.792,72.058,0,53.617,43.550,-38.858,-47.305,7.693,-34.839,100.123,1,-46.500,1.000,-34.788,0,0,0,0,0,0,0,0,0,0,0,0,0,0,0,0,0,0,0,0,0,0,0,0
269.750,48.628,31.922,-35.834,72.003,0,53.617,43.550,-38.858,-47.303,7.696,-34.839,100.123,1,-46.500,1.000,-34.788,0,0,0,0,0,0,0,0,0,0,0,0,0,0,0,0,0,0,0,0,0,0,0,0
269.800,48.648,32.015,-35.876,71.948,0,53.617,43.550,-38.858,-47.302,7.698,-34.839,100.123,1,-46.500,1.000,-34.788,0,0,0,0,0,0,0,0,0,0,0,0,0,0,0,0,0,0,0,0,0,0,0,0
269.850,48.668,32.108,-35.918,71.893,0,53.617,43.550,-38.858,-47.300,7.701,-34.839,100.123,1,-46.500,1.000,-34.788,0,0,0,0,0,0,0,0,0,0,0,0,0,0,0,0,0,0,0,0,0,0,0,0
269.900,48.688,32.200,-35.960,71.839,0,53.617,43.550,-38.858,-47.299,7.704,-34.838,100.123,1,-46.500,1.000,-34.788,0,0,0,0,0,0,0,0,0,0,0,0,0,0,0,0,0,0,0,0,0,0,0,0
269.950,48.708,32.293,-36.003,71.784,0,53.617,43.550,-38.858,-47.297,7.707,-34.838,100.123,1,-46.500,1.000,-34.788,0,0,0,0,0,0,0,0,0,0,0,0,0,0,0,0,0,0,0,0,0,0,0,0
270.000,48.728,32.386,-36.045,71.729,0,53.617,43.550,-38.858,-47.295,7.711,-34.838,100.123,1,-46.500,1.000,-34.788,0,0,0,0,0,0,0,0,0,0,0,0,0,0,0,0,0,0,0,0,0,0,0,0
270.050,48.748,32.479,-36.088,71.675,0,53.617,43.550,-38.858,-47.294,7.715,-34.837,100.123,1,-46.500,1.000,-34.788,0,0,0,0,0,0,0,0,0,0,0,0,0,0,0,0,0,0,0,0,0,0,0,0
270.100,48.767,32.572,-36.131,71.620,0,53.617,43.550,-38.858,-47.292,7.719,-34.837,100.123,1,-46.500,1.000,-34.788,0,0,0,0,0,0,0,0,0,0,0,0,0,0,0,0,0,0,0,0,0,0,0,0
270.150,48.787,32.664,-36.174,71.566,0,53.617,43.550,-38.858,-47.291,7.723,-34.836,100.123,1,-46.500,1.000,-34.788,0,0,0,0,0,0,0,0,0,0,0,0,0,0,0,0,0,0,0,0,0,0,0,0
270.200,48.807,32.757,-36.217,71.511,0,53.617,43.550,-38.858,-47.289,7.728,-34.836,100.123,1,-46.500,1.000,-34.788,0,0,0,0,0,0,0,0,0,0,0,0,0,0,0,0,0,0,0,0,0,0,0,0
270.250,48.827,32.849,-36.260,71.457,0,53.617,43.550,-38.858,-47.287,7.732,-34.835,100.123,1,-46.500,1.000,-34.788,0,0,0,0,0,0,0,0,0,0,0,0,0,0,0,0,0,0,0,0,0,0,0,0
270.300,48.847,32.942,-36.303,71.402,0,53.617,43.550,-38.858,-47.286,7.738,-34.834,100.123,1,-46.500,1.000,-34.788,0,0,0,0,0,0,0,0,0,0,0,0,0,0,0,0,0,0,0,0,0,0,0,0
270.350,48.867,33.034,-36.347,71.348,0,53.617,43.550,-38.858,-47.284,7.743,-34.833,100.123,1,-46.500,1.000,-34.788,0,0,0,0,0,0,0,0,0,0,0,0,0,0,0,0,0,0,0,0,0,0,0,0
270.400,48.888,33.126,-36.390,71.293,0,53.617,43.550,-38.858,-47.282,7.748,-34.832,100.123,1,-46.500,1.000,-34.788,0,0,0,0,0,0,0,0,0,0,0,0,0,0,0,0,0,0,0,0,0,0,0,0
270.450,48.909,33.218,-36.434,71.238,0,53.617,43.550,-38.858,-47.281,7.754,-34.832,100.123,1,-46.500,1.000,-34.788,0,0,0,0,0,0,0,0,0,0,0,0,0,0,0,0,0,0,0,0,0,0,0,0
270.500,48.930,33.311,-36.477,71.184,0,53.617,43.550,-38.858,-47.279,7.760,-34.831,100.123,1,-46.500,1.000,-34.788,0,0,0,0,0,0,0,0,0,0,0,0,0,0,0,0,0,0,0,0,0,0,0,0
270.550,48.951,33.402,-36.520,71.129,0,53.617,43.550,-38.858,-47.277,7.766,-34.830,100.123,1,-46.500,1.000,-34.788,0,0,0,0,0,0,0,0,0,0,0,0,0,0,0,0,0,0,0,0,0,0,0,0
270.600,48.973,33.494,-36.564,71.073,0,53.617,43.550,-38.858,-47.276,7.773,-34.829,100.123,1,-46.500,1.000,-34.788,0,0,0,0,0,0,0,0,0,0,0,0,0,0,0,0,0,0,0,0,0,0,0,0
270.650,48.996,33.586,-36.607,71.018,0,53.617,43.550,-38.858,-47.274,7.779,-34.827,100.123,1,-46.500,1.000,-34.788,0,0,0,0,0,0,0,0,0,0,0,0,0,0,0,0,0,0,0,0,0,0,0,0
270.700,49.019,33.678,-36.650,70.962,0,53.617,43.550,-38.858,-47.273,7.786,-34.826,100.123,1,-46.500,1.000,-34.788,0,0,0,0,0,0,0,0,0,0,0,0,0,0,0,0,0,0,0,0,0,0,0,0
270.750,49.043,33.769,-36.694,70.906,0,53.617,43.550,-38.858,-47.271,7.793,-34.825,100.123,1,-46.500,1.000,-34.788,0,0,0,0,0,0,0,0,0,0,0,0,0,0,0,0,0,0,0,0,0,0,0,0
270.800,49.068,33.860,-36.737,70.850,0,53.617,43.550,-38.858,-47.270,7.800,-34.824,100.123,1,-46.500,1.000,-34.788,0,0,0,0,0,0,0,0,0,0,0,0,0,0,0,0,0,0,0,0,0,0,0,0
270.850,49.093,33.952,-36.780,70.794,0,53.617,43.550,-38.858,-47.268,7.807,-34.822,100.123,1,-46.500,1.000,-34.788,0,0,0,0,0,0,0,0,0,0,0,0,0,0,0,0,0,0,0,0,0,0,0,0
270.900,49.119,34.043,-36.823,70.737,0,53.617,43.550,-38.858,-47.267,7.815,-34.821,100.123,1,-46.500,1.000,-34.788,0,0,0,0,0,0,0,0,0,0,0,0,0,0,0,0,0,0,0,0,0,0,0,0
270.950,49.146,34.134,-36.866,70.681,0,53.617,43.550,-38.858,-47.265,7.822,-34.820,100.123,1,-46.500,1.000,-34.788,0,0,0,0,0,0,0,0,0,0,0,0,0,0,0,0,0,0,0,0,0,0,0,0
271.000,49.174,34.224,-36.909,70.624,0,53.617,43.550,-38.858,-47.264,7.830,-34.818,100.123,1,-46.500,1.000,-34.788,0,0,0,0,0,0,0,0,0,0,0,0,0,0,0,0,0,0,0,0,0,0,0,0
271.050,49.202,34.315,-36.952,70.568,0,53.617,43.550,-38.858,-47.263,7.838,-34.817,100.123,1,-46.500,1.000,-34.788,0,0,0,0,0,0,0,0,0,0,0,0,0,0,0,0,0,0,0,0,0,0,0,0
271.100,49.231,34.405,-36.994,70.511,0,53.617,43.550,-38.858,-47.262,7.846,-34.815,100.123,1,-46.500,1.000,-34.788,0,0,0,0,0,0,0,0,0,0,0,0,0,0,0,0,0,0,0,0,0,0,0,0
271.150,49.261,34.496,-37.037,70.454,0,53.617,43.550,-38.858,-47.260,7.854,-34.813,100.123,1,-46.500,1.000,-34.788,0,0,0,0,0,0,0,0,0,0,0,0,0,0,0,0,0,0,0,0,0,0,0,0
271.200,49.292,34.586,-37.080,70.397,0,53.617,43.550,-38.858,-47.259,7.862,-34.812,100.123,1,-46.500,1.000,-34.788,0,0,0,0,0,0,0,0,0,0,0,0,0,0,0,0,0,0,0,0,0,0,0,0
271.250,49.324,34.676,-37.123,70.340,0,53.617,43.550,-38.858,-47.258,7.871,-34.810,100.123,1,-46.500,1.000,-34.788,0,0,0,0,0,0,0,0,0,0,0,0,0,0,0,0,0,0,0,0,0,0,0,0
271.300,49.357,34.765,-37.165,70.282,0,53.617,43.550,-38.858,-47.257,7.879,-34.808,100.123,1,-46.500,1.000,-34.788,0,0,0,0,0,0,0,0,0,0,0,0,0,0,0,0,0,0,0,0,0,0,0,0
271.350,49.390,34.854,-37.207,70.225,0,53.617,43.550,-38.858,-47.257,7.888,-34.806,100.123,1,-46.500,1.000,-34.788,0,0,0,0,0,0,0,0,0,0,0,0,0,0,0,0,0,0,0,0,0,0,0,0
271.400,49.425,34.944,-37.250,70.168,0,53.617,43.550,-38.858,-47.256,7.896,-34.804,100.123,1,-46.500,1.000,-34.788,0,0,0,0,0,0,0,0,0,0,0,0,0,0,0,0,0,0,0,0,0,0,0,0
271.450,49.460,35.032,-37.292,70.110,0,53.617,43.550,-38.858,-47.255,7.905,-34.803,100.123,1,-46.500,1.000,-34.788,0,0,0,0,0,0,0,0,0,0,0,0,0,0,0,0,0,0,0,0,0,0,0,0
271.500,49.496,35.121,-37.334,70.052,0,53.617,43.550,-38.858,-47.254,7.914,-34.801,100.123,1,-46.500,1.000,-34.788,0,0,0,0,0,0,0,0,0,0,0,0,0,0,0,0,0,0,0,0,0,0,0,0
271.550,49.533,35.209,-37.376,69.995,0,53.617,43.550,-38.858,-47.254,7.923,-34.799,100.123,1,-46.500,1.000,-34.788,0,0,0,0,0,0,0,0,0,0,0,0,0,0,0,0,0,0,0,0,0,0,0,0
271.600,49.572,35.297,-37.418,69.937,0,53.617,43.550,-38.858,-47.253,7.932,-34.797,100.123,1,-46.500,1.000,-34.788,0,0,0,0,0,0,0,0,0,0,0,0,0,0,0,0,0,0,0,0,0,0,0,0
271.650,49.611,35.385,-37.460,69.880,0,53.617,43.550,-38.858,-47.253,7.940,-34.795,100.123,1,-46.500,1.000,-34.788,0,0,0,0,0,0,0,0,0,0,0,0,0,0,0,0,0,0,0,0,0,0,0,0
271.700,49.651,35.472,-37.501,69.822,0,53.617,43.550,-38.858,-47.253,7.949,-34.793,100.123,1,-46.500,1.000,-34.788,0,0,0,0,0,0,0,0,0,0,0,0,0,0,0,0,0,0,0,0,0,0,0,0
271.750,49.692,35.559,-37.542,69.764,0,53.617,43.550,-38.858,-47.252,7.958,-34.790,100.123,1,-46.500,1.000,-34.788,0,0,0,0,0,0,0,0,0,0,0,0,0,0,0,0,0,0,0,0,0,0,0,0
271.800,49.733,35.646,-37.583,69.707,0,53.617,43.550,-38.858,-47.252,7.967,-34.788,100.123,1,-46.500,1.000,-34.788,0,0,0,0,0,0,0,0,0,0,0,0,0,0,0,0,0,0,0,0,0,0,0,0
271.850,49.776,35.733,-37.624,69.649,0,53.617,43.550,-38.858,-47.252,7.976,-34.786,100.123,1,-46.500,1.000,-34.788,0,0,0,0,0,0,0,0,0,0,0,0,0,0,0,0,0,0,0,0,0,0,0,0
271.900,49.820,35.819,-37.665,69.592,0,53.617,43.550,-38.858,-47.252,7.985,-34.784,100.123,1,-46.500,1.000,-34.788,0,0,0,0,0,0,0,0,0,0,0,0,0,0,0,0,0,0,0,0,0,0,0,0
271.950,49.865,35.904,-37.705,69.534,0,53.617,43.550,-38.858,-47.252,7.994,-34.782,100.123,1,-46.500,1.000,-34.788,0,0,0,0,0,0,0,0,0,0,0,0,0,0,0,0,0,0,0,0,0,0,0,0
272.000,49.910,35.990,-37.745,69.477,0,53.617,43.550,-38.858,-47.253,8.003,-34.780,100.123,1,-46.500,1.000,-34.788,0,0,0,0,0,0,0,0,0,0,0,0,0,0,0,0,0,0,0,0,0,0,0,0
272.050,49.957,36.075,-37.785,69.419,0,53.617,43.550,-38.858,-47.253,8.012,-34.777,100.123,1,-46.500,1.000,-34.788,0,0,0,0,0,0,0,0,0,0,0,0,0,0,0,0,0,0,0,0,0,0,0,0
272.100,50.004,36.160,-37.824,69.362,0,53.617,43.550,-38.858,-47.253,8.020,-34.775,100.123,1,-46.500,1.000,-34.788,0,0,0,0,0,0,0,0,0,0,0,0,0,0,0,0,0,0,0,0,0,0,0,0
272.150,50.052,36.244,-37.863,69.305,0,53.617,43.550,-38.858,-47.254,8.029,-34.773,100.123,1,-46.500,1.000,-34.788,0,0,0,0,0,0,0,0,0,0,0,0,0,0,0,0,0,0,0,0,0,0,0,0
272.200,50.101,36.329,-37.902,69.248,0,53.617,43.550,-38.858,-47.254,8.038,-34.770,100.123,1,-46.500,1.000,-34.788,0,0,0,0,0,0,0,0,0,0,0,0,0,0,0,0,0,0,0,0,0,0,0,0
272.250,50.151,36.412,-37.941,69.191,0,53.617,43.550,-38.858,-47.255,8.047,-34.768,100.123,1,-46.500,1.000,-34.788,0,0,0,0,0,0,0,0,0,0,0,0,0,0,0,0,0,0,0,0,0,0,0,0
272.300,50.201,36.496,-37.979,69.135,0,53.617,43.550,-38.858,-47.256,8.055,-34.766,100.123,1,-46.500,1.000,-34.788,0,0,0,0,0,0,0,0,0,0,0,0,0,0,0,0,0,0,0,0,0,0,0,0
272.350,50.252,36.579,-38.017,69.078,0,53.617,43.550,-38.858,-47.257,8.064,-34.763,100.123,1,-46.500,1.000,-34.788,0,0,0,0,0,0,0,0,0,0,0,0,0,0,0,0,0,0,0,0,0,0,0,0
272.400,50.304,36.662,-38.054,69.022,0,53.617,43.550,-38.858,-47.258,8.072,-34.761,100.123,1,-46.500,1.000,-34.788,0,0,0,0,0,0,0,0,0,0,0,0,0,0,0,0,0,0,0,0,0,0,0,0
272.450,50.357,36.744,-38.092,68.966,0,53.617,43.550,-38.858,-47.259,8.080,-34.759,100.123,1,-46.500,1.000,-34.788,0,0,0,0,0,0,0,0,0,0,0,0,0,0,0,0,0,0,0,0,0,0,0,0
272.500,50.410,36.827,-38.128,68.910,0,53.617,43.550,-38.858,-47.260,8.089,-34.756,100.123,1,-46.500,1.000,-34.788,0,0,0,0,0,0,0,0,0,0,0,0,0,0,0,0,0,0,0,0,0,0,0,0
272.550,50.464,36.908,-38.165,68.855,0,53.617,43.550,-38.858,-47.261,8.097,-34.754,100.123,1,-46.500,1.000,-34.788,0,0,0,0,0,0,0,0,0,0,0,0,0,0,0,0,0,0,0,0,0,0,0,0
272.600,50.519,36.990,-38.201,68.799,0,53.617,43.550,-38.858,-47.262,8.105,-34.751,100.123,1,-46.500,1.000,-34.788,0,0,0,0,0,0,0,0,0,0,0,0,0,0,0,0,0,0,0,0,0,0,0,0
272.650,50.574,37.071,-38.237,68.744,0,53.617,43.550,-38.858,-47.263,8.113,-34.749,100.123,1,-46.500,1.000,-34.788,0,0,0,0,0,0,0,0,0,0,0,0,0,0,0,0,0,0,0,0,0,0,0,0
272.700,50.630,37.152,-38.272,68.689,0,53.617,43.550,-38.858,-47.265,8.120,-34.747,100.123,1,-46.500,1.000,-34.788,0,0,0,0,0,0,0,0,0,0,0,0,0,0,0,0,0,0,0,0,0,0,0,0
272.750,50.686,37.232,-38.307,68.635,0,53.617,43.550,-38.858,-47.266,8.128,-34.744,100.123,1,-46.500,1.000,-34.788,0,0,0,0,0,0,0,0,0,0,0,0,0,0,0,0,0,0,0,0,0,0,0,0
272.800,50.743,37.313,-38.342,68.580,0,53.617,43.550,-38.858,-47.268,8.136,-34.742,100.123,1,-46.500,1.000,-34.788,0,0,0,0,0,0,0,0,0,0,0,0,0,0,0,0,0,0,0,0,0,0,0,0
272.850,50.800,37.393,-38.376,68.526,0,53.617,43.550,-38.858,-47.269,8.143,-34.739,100.123,1,-46.500,1.000,-34.788,0,0,0,0,0,0,0,0,0,0,0,0,0,0,0,0,0,0,0,0,0,0,0,0
272.900,50.858,37.472,-38.410,68.472,0,53.617,43.550,-38.858,-47.271,8.150,-34.737,100.123,1,-46.500,1.000,-34.788,0,0,0,0,0,0,0,0,0,0,0,0,0,0,0,0,0,0,0,0,0,0,0,0
272.950,50.917,37.552,-38.443,68.419,0,53.617,43.550,-38.858,-47.273,8.157,-34.735,100.123,1,-46.500,1.000,-34.788,0,0,0,0,0,0,0,0,0,0,0,0,0,0,0,0,0,0,0,0,0,0,0,0
273.000,50.975,37.631,-38.476,68.366,0,53.617,43.550,-38.858,-47.275,8.164,-34.732,100.123,1,-46.500,1.000,-34.788,0,0,0,0,0,0,0,0,0,0,0,0,0,0,0,0,0,0,0,0,0,0,0,0
273.050,51.034,37.710,-38.508,68.313,0,53.617,43.550,-38.858,-47.276,8.171,-34.730,100.123,1,-46.500,1.000,-34.788,0,0,0,0,0,0,0,0,0,0,0,0,0,0,0,0,0,0,0,0,0,0,0,0
273.100,51.094,37.788,-38.540,68.261,0,53.617,43.550,-38.858,-47.278,8.177,-34.728,100.123,1,-46.500,1.000,-34.788,0,0,0,0,0,0,0,0,0,0,0,0,0,0,0,0,0,0,0,0,0,0,0,0
273.150,51.153,37.867,-38.571,68.209,0,53.617,43.550,-38.858,-47.280,8.183,-34.725,100.123,1,-46.500,1.000,-34.788,0,0,0,0,0,0,0,0,0,0,0,0,0,0,0,0,0,0,0,0,0,0,0,0
273.200,51.213,37.945,-38.601,68.157,0,53.617,43.550,-38.858,-47.282,8.190,-34.723,100.123,1,-46.500,1.000,-34.788,0,0,0,0,0,0,0,0,0,0,0,0,0,0,0,0,0,0,0,0,0,0,0,0
273.250,51.273,38.023,-38.631,68.106,0,53.617,43.550,-38.858,-47.284,8.195,-34.721,100.123,1,-46.500,1.000,-34.788,0,0,0,0,0,0,0,0,0,0,0,0,0,0,0,0,0,0,0,0,0,0,0,0
273.300,51.333,38.101,-38.661,68.055,0,53.617,43.550,-38.858,-47.286,8.201,-34.719,100.123,1,-46.500,1.000,-34.788,0,0,0,0,0,0,0,0,0,0,0,0,0,0,0,0,0,0,0,0,0,0,0,0
273.350,51.394,38.178,-38.689,68.004,0,53.617,43.550,-38.858,-47.288,8.207,-34.716,100.123,1,-46.500,1.000,-34.788,0,0,0,0,0,0,0,0,0,0,0,0,0,0,0,0,0,0,0,0,0,0,0,0
273.400,51.454,38.256,-38.717,67.954,0,53.617,43.550,-38.858,-47.290,8.212,-34.714,100.123,1,-46.500,1.000,-34.788,0,0,0,0,0,0,0,0,0,0,0,0,0,0,0,0,0,0,0,0,0,0,0,0
273.450,51.515,38.333,-38.744,67.903,0,53.617,43.550,-38.858,-47.293,8.217,-34.712,100.123,1,-46.500,1.000,-34.788,0,0,0,0,0,0,0,0,0,0,0,0,0,0,0,0,0,0,0,0,0,0,0,0
273.500,51.576,38.411,-38.771,67.853,0,53.617,43.550,-38.858,-47.295,8.222,-34.710,100.123,1,-46.500,1.000,-34.788,0,0,0,0,0,0,0,0,0,0,0,0,0,0,0,0,0,0,0,0,0,0,0,0
273.550,51.636,38.488,-38.796,67.803,0,53.617,43.550,-38.858,-47.297,8.226,-34.708,100.123,1,-46.500,1.000,-34.788,0,0,0,0,0,0,0,0,0,0,0,0,0,0,0,0,0,0,0,0,0,0,0,0
273.600,51.697,38.565,-38.820,67.754,0,53.617,43.550,-38.858,-47.299,8.231,-34.706,100.123,1,-46.500,1.000,-34.788,0,0,0,0,0,0,0,0,0,0,0,0,0,0,0,0,0,0,0,0,0,0,0,0
273.650,51.758,38.643,-38.844,67.704,0,53.617,43.550,-38.858,-47.301,8.235,-34.704,100.123,1,-46.500,1.000,-34.788,0,0,0,0,0,0,0,0,0,0,0,0,0,0,0,0,0,0,0,0,0,0,0,0
273.700,51.818,38.720,-38.866,67.655,0,53.617,43.550,-38.858,-47.304,8.238,-34.702,100.123,1,-46.500,1.000,-34.788,0,0,0,0,0,0,0,0,0,0,0,0,0,0,0,0,0,0,0,0,0,0,0,0
273.750,51.879,38.797,-38.888,67.605,0,53.617,43.550,-38.858,-47.306,8.242,-34.700,100.123,1,-46.500,1.000,-34.788,0,0,0,0,0,0,0,0,0,0,0,0,0,0,0,0,0,0,0,0,0,0,0,0
273.800,51.939,38.875,-38.908,67.556,0,53.617,43.550,-38.858,-47.308,8.245,-34.698,100.123,1,-46.500,1.000,-34.788,0,0,0,0,0,0,0,0,0,0,0,0,0,0,0,0,0,0,0,0,0,0,0,0
273.850,51.999,38.952,-38.927,67.496,0,44.196,43.550,-16.955,-47.310,8.248,-34.697,100.123,1,-46.500,1.000,-34.788,0,0,0,0,0,0,0,0,0,0,0,0,0,0,0,0,0,0,0,0,0,0,0,0
273.900,52.057,39.024,-38.942,67.436,0,44.196,43.550,-16.955,-47.313,8.251,-34.695,100.123,1,-46.500,1.000,-34.788,0,0,0,0,0,0,0,0,0,0,0,0,0,0,0,0,0,0,0,0,0,0,0,0
273.950,52.112,39.091,-38.955,67.376,0,44.196,43.550,-16.955,-47.315,8.254,-34.693,100.123,1,-46.500,1.000,-34.788,0,0,0,0,0,0,0,0,0,0,0,0,0,0,0,0,0,0,0,0,0,0,0,0
274.000,52.165,39.154,-38.963,67.316,0,44.196,43.550,-16.955,-47.317,8.256,-34.692,100.123,1,-46.500,1.000,-34.788,0,0,0,0,0,0,0,0,0,0,0,0,0,0,0,0,0,0,0,0,0,0,0,0
274.050,52.216,39.212,-38.969,67.256,0,44.196,43.550,-16.955,-47.319,8.258,-34.690,100.123,1,-46.500,1.000,-34.788,0,0,0,0,0,0,0,0,0,0,0,0,0,0,0,0,0,0,0,0,0,0,0,0
274.100,52.265,39.266,-38.972,67.196,0,44.196,43.550,-16.955,-47.322,8.259,-34.689,100.123,1,-46.500,1.000,-34.788,0,0,0,0,0,0,0,0,0,0,0,0,0,0,0,0,0,0,0,0,0,0,0,0
274.150,52.312,39.317,-38.971,67.136,0,44.196,43.550,-16.955,-47.324,8.261,-34.688,100.123,1,-46.500,1.000,-34.788,0,0,0,0,0,0,0,0,0,0,0,0,0,0,0,0,0,0,0,0,0,0,0,0
274.200,52.358,39.363,-38.968,67.076,0,44.196,43.550,-16.955,-47.326,8.262,-34.686,100.123,1,-46.500,1.000,-34.788,0,0,0,0,0,0,0,0,0,0,0,0,0,0,0,0,0,0,0,0,0,0,0,0
274.250,52.402,39.406,-38.962,67.016,0,44.196,43.550,-16.955,-47.328,8.263,-34.685,100.123,1,-46.500,1.000,-34.788,0,0,0,0,0,0,0,0,0,0,0,0,0,0,0,0,0,0,0,0,0,0,0,0
274.300,52.445,39.445,-38.953,66.957,0,44.196,43.550,-16.955,-47.330,8.263,-34.684,100.123,1,-46.500,1.000,-34.788,0,0,0,0,0,0,0,0,0,0,0,0,0,0,0,0,0,0,0,0,0,0,0,0
274.350,52.487,39.481,-38.941,66.897,0,44.196,43.550,-16.955,-47.332,8.263,-34.683,100.123,1,-46.500,1.000,-34.788,0,0,0,0,0,0,0,0,0,0,0,0,0,0,0,0,0,0,0,0,0,0,0,0
274.400,52.527,39.513,-38.927,66.837,0,44.196,43.550,-16.955,-47.334,8.263,-34.682,100.123,1,-46.500,1.000,-34.788,0,0,0,0,0,0,0,0,0,0,0,0,0,0,0,0,0,0,0,0,0,0,0,0
274.450,52.567,39.542,-38.910,66.777,0,44.196,43.550,-16.955,-47.336,8.263,-34.681,100.123,1,-46.500,1.000,-34.788,0,0,0,0,0,0,0,0,0,0,0,0,0,0,0,0,0,0,0,0,0,0,0,0
274.500,52.605,39.568,-38.891,66.717,0,44.196,43.550,-16.955,-47.338,8.262,-34.680,100.123,1,-46.500,1.000,-34.788,0,0,0,0,0,0,0,0,0,0,0,0,0,0,0,0,0,0,0,0,0,0,0,0
274.550,52.642,39.591,-38.869,66.658,0,44.196,43.550,-16.955,-47.340,8.261,-34.680,100.123,1,-46.500,1.000,-34.788,0,0,0,0,0,0,0,0,0,0,0,0,0,0,0,0,0,0,0,0,0,0,0,0
274.600,52.678,39.611,-38.844,66.598,0,44.196,43.550,-16.955,-47.342,8.260,-34.679,100.123,1,-46.500,1.000,-34.788,0,0,0,0,0,0,0,0,0,0,0,0,0,0,0,0,0,0,0,0,0,0,0,0
274.650,52.713,39.628,-38.817,66.538,0,44.196,43.550,-16.955,-47.343,8.258,-34.679,100.123,1,-46.500,1.000,-34.788,0,0,0,0,0,0,0,0,0,0,0,0,0,0,0,0,0,0,0,0,0,0,0,0
274.700,52.748,39.641,-38.788,66.479,0,44.196,43.550,-16.955,-47.345,8.257,-34.678,100.123,1,-46.500,1.000,-34.788,0,0,0,0,0,0,0,0,0,0,0,0,0,0,0,0,0,0,0,0,0,0,0,0
274.750,52.781,39.652,-38.756,66.419,0,44.196,43.550,-16.955,-47.347,8.254,-34.678,100.123,1,-46.500,1.000,-34.788,0,0,0,0,0,0,0,0,0,0,0,0,0,0,0,0,0,0,0,0,0,0,0,0
274.800,52.813,39.660,-38.722,66.359,0,44.196,43.550,-16.955,-47.348,8.252,-34.678,100.123,1,-46.500,1.000,-34.788,0,0,0,0,0,0,0,0,0,0,0,0,0,0,0,0,0,0,0,0,0,0,0,0
274.850,52.845,39.666,-38.686,66.300,0,44.196,43.550,-16.955,-47.350,8.249,-34.678,100.123,1,-46.500,1.000,-34.788,0,0,0,0,0,0,0,0,0,0,0,0,0,0,0,0,0,0,0,0,0,0,0,0
274.900,52.876,39.668,-38.647,66.240,0,44.196,43.550,-16.955,-47.351,8.246,-34.678,100.123,1,-46.500,1.000,-34.788,0,0,0,0,0,0,0,0,0,0,0,0,0,0,0,0,0,0,0,0,0,0,0,0
274.950,52.906,39.668,-38.606,66.181,0,44.196,43.550,-16.955,-47.352,8.243,-34.678,100.123,1,-46.500,1.000,-34.788,0,0,0,0,0,0,0,0,0,0,0,0,0,0,0,0,0,0,0,0,0,0,0,0
275.000,52.935,39.665,-38.563,66.122,0,44.196,43.550,-16.955,-47.354,8.239,-34.678,100.123,1,-46.500,1.000,-34.788,0,0,0,0,0,0,0,0,0,0,0,0,0,0,0,0,0,0,0,0,0,0,0,0
275.050,52.963,39.659,-38.518,66.062,0,44.196,43.550,-16.955,-47.355,8.236,-34.678,100.123,1,-46.500,1.000,-34.788,0,0,0,0,0,0,0,0,0,0,0,0,0,0,0,0,0,0,0,0,0,0,0,0
275.100,52.990,39.651,-38.471,66.003,0,44.196,43.550,-16.955,-47.356,8.231,-34.679,100.123,1,-46.500,1.000,-34.788,0,0,0,0,0,0,0,0,0,0,0,0,0,0,0,0,0,0,0,0,0,0,0,0
275.150,53.017,39.640,-38.422,65.944,0,44.196,43.550,-16.955,-47.357,8.227,-34.679,100.123,1,-46.500,1.000,-34.788,0,0,0,0,0,0,0,0,0,0,0,0,0,0,0,0,0,0,0,0,0,0,0,0
275.200,53.042,39.626,-38.371,65.885,0,44.196,43.550,-16.955,-47.358,8.222,-34.680,100.123,1,-46.500,1.000,-34.788,0,0,0,0,0,0,0,0,0,0,0,0,0,0,0,0,0,0,0,0,0,0,0,0
275.250,53.067,39.610,-38.318,65.826,0,44.196,43.550,-16.955,-47.359,8.218,-34.680,100.123,1,-46.500,1.000,-34.788,0,0,0,0,0,0,0,0,0,0,0,0,0,0,0,0,0,0,0,0,0,0,0,0
275.300,53.092,39.592,-38.264,65.767,0,44.196,43.550,-16.955,-47.360,8.212,-34.681,100.123,1,-46.500,1.000,-34.788,0,0,0,0,0,0,0,0,0,0,0,0,0,0,0,0,0,0,0,0,0,0,0,0
275.350,53.115,39.572,-38.208,65.708,0,44.196,43.550,-16.955,-47.360,8.207,-34.682,100.123,1,-46.500,1.000,-34.788,0,0,0,0,0,0,0,0,0,0,0,0,0,0,0,0,0,0,0,0,0,0,0,0
275.400,53.137,39.549,-38.150,65.649,0,44.196,43.550,-16.955,-47.361,8.201,-34.683,100.123,1,-46.500,1.000,-34.788,0,0,0,0,0,0,0,0,0,0,0,0,0,0,0,0,0,0,0,0,0,0,0,0
275.450,53.159,39.524,-38.091,65.590,0,44.196,43.550,-16.955,-47.361,8.195,-34.684,100.123,1,-46.500,1.000,-34.788,0,0,0,0,0,0,0,0,0,0,0,0,0,0,0,0,0,0,0,0,0,0,0,0
275.500,53.180,39.496,-38.031,65.531,0,44.196,43.550,-16.955,-47.362,8.189,-34.686,100.123,1,-46.500,1.000,-34.788,0,0,0,0,0,0,0,0,0,0,0,0,0,0,0,0,0,0,0,0,0,0,0,0
275.550,53.200,39.467,-37.969,65.473,0,44.196,43.550,-16.955,-47.362,8.183,-34.687,100.123,1,-46.500,1.000,-34.788,0,0,0,0,0,0,0,0,0,0,0,0,0,0,0,0,0,0,0,0,0,0,0,0
275.600,53.220,39.436,-37.906,65.414,0,44.196,43.550,-16.955,-47.362,8.176,-34.689,100.123,1,-46.500,1.000,-34.788,0,0,0,0,0,0,0,0,0,0,0,0,0,0,0,0,0,0,0,0,0,0,0,0
275.650,53.238,39.402,-37.841,65.356,0,44.196,43.550,-16.955,-47.362,8.170,-34.690,100.123,1,-46.500,1.000,-34.788,0,0,0,0,0,0,0,0,0,0,0,0,0,0,0,0,0,0,0,0,0,0,0,0
275.700,53.256,39.367,-37.776,65.297,0,44.196,43.550,-16.955,-47.362,8.163,-34.692,100.123,1,-46.500,1.000,-34.788,0,0,0,0,0,0,0,0,0,0,0,0,0,0,0,0,0,0,0,0,0,0,0,0
275.750,53.273,39.330,-37.709,65.239,0,44.196,43.550,-16.955,-47.362,8.155,-34.694,100.123,1,-46.500,1.000,-34.788,0,0,0,0,0,0,0,0,0,0,0,0,0,0,0,0,0,0,0,0,0,0,0,0
275.800,53.290,39.291,-37.642,65.181,0,44.196,43.550,-16.955,-47.362,8.148,-34.696,100.123,1,-46.500,1.000,-34.788,0,0,0,0,0,0,0,0,0,0,0,0,0,0,0,0,0,0,0,0,0,0,0,0
275.850,53.306,39.251,-37.574,65.123,0,44.196,43.550,-16.955,-47.362,8.140,-34.698,100.123,1,-46.500,1.000,-34.788,0,0,0,0,0,0,0,0,0,0,0,0,0,0,0,0,0,0,0,0,0,0,0,0
275.900,53.321,39.208,-37.504,65.065,0,44.196,43.550,-16.955,-47.361,8.133,-34.700,100.123,1,-46.500,1.000,-34.788,0,0,0,0,0,0,0,0,0,0,0,0,0,0,0,0,0,0,0,0,0,0,0,0
275.950,53.335,39.165,-37.434,65.007,0,44.196,43.550,-16.955,-47.361,8.125,-34.702,100.123,1,-46.500,1.000,-34.788,0,0,0,0,0,0,0,0,0,0,0,0,0,0,0,0,0,0,0,0,0,0,0,0
276.000,53.348,39.119,-37.364,64.949,0,44.196,43.550,-16.955,-47.360,8.117,-34.704,100.123,1,-46.500,1.000,-34.788,0,0,0,0,0,0,0,0,0,0,0,0,0,0,0,0,0,0,0,0,0,0,0,0
276.050,53.361,39.073,-37.292,64.892,0,44.196,43.550,-16.955,-47.360,8.109,-34.707,100.123,1,-46.500,1.000,-34.788,0,0,0,0,0,0,0,0,0,0,0,0,0,0,0,0,0,0,0,0,0,0,0,0
276.100,53.373,39.025,-37.220,64.834,0,44.196,43.550,-16.955,-47.359,8.100,-34.709,100.123,1,-46.500,1.000,-34.788,0,0,0,0,0,0,0,0,0,0,0,0,0,0,0,0,0,0,0,0,0,0,0,0
276.150,53.385,38.975,-37.148,64.776,0,44.196,43.550,-16.955,-47.358,8.092,-34.712,100.123,1,-46.500,1.000,-34.788,0,0,0,0,0,0,0,0,0,0,0,0,0,0,0,0,0,0,0,0,0,0,0,0
276.200,53.396,38.924,-37.075,64.719,0,44.196,43.550,-16.955,-47.357,8.083,-34.714,100.123,1,-46.500,1.000,-34.788,0,0,0,0,0,0,0,0,0,0,0,0,0,0,0,0,0,0,0,0,0,0,0,0
276.250,53.406,38.873,-37.002,64.662,0,44.196,43.550,-16.955,-47.356,8.074,-34.717,100.123,1,-46.500,1.000,-34.788,0,0,0,0,0,0,0,0,0,0,0,0,0,0,0,0,0,0,0,0,0,0,0,0
276.300,53.415,38.819,-36.928,64.604,0,44.196,43.550,-16.955,-47.355,8.066,-34.720,100.123,1,-46.500,1.000,-34.788,0,0,0,0,0,0,0,0,0,0,0,0,0,0,0,0,0,0,0,0,0,0,0,0
276.350,53.424,38.765,-36.854,64.547,0,44.196,43.550,-16.955,-47.354,8.057,-34.723,100.123,1,-46.500,1.000,-34.788,0,0,0,0,0,0,0,0,0,0,0,0,0,0,0,0,0,0,0,0,0,0,0,0
276.400,53.433,38.710,-36.779,64.490,0,44.196,43.550,-16.955,-47.353,8.048,-34.726,100.123,1,-46.500,1.000,-34.788,0,0,0,0,0,0,0,0,0,0,0,0,0,0,0,0,0,0,0,0,0,0,0,0
276.450,53.440,38.654,-36.704,64.433,0,44.196,43.550,-16.955,-47.352,8.039,-34.729,100.123,1,-46.500,1.000,-34.788,0,0,0,0,0,0,0,0,0,0,0,0,0,0,0,0,0,0,0,0,0,0,0,0
276.500,53.447,38.597,-36.629,64.376,0,44.196,43.550,-16.955,-47.350,8.030,-34.732,100.123,1,-46.500,1.000,-34.788,0,0,0,0,0,0,0,0,0,0,0,0,0,0,0,0,0,0,0,0,0,0,0,0
276.550,53.453,38.539,-36.554,64.319,0,44.196,43.550,-16.955,-47.349,8.020,-34.735,100.123,1,-46.500,1.000,-34.788,0,0,0,0,0,0,0,0,0,0,0,0,0,0,0,0,0,0,0,0,0,0,0,0
276.600,53.459,38.480,-36.479,64.262,0,44.196,43.550,-16.955,-47.347,8.011,-34.738,100.123,1,-46.500,1.000,-34.788,0,0,0,0,0,0,0,0,0,0,0,0,0,0,0,0,0,0,0,0,0,0,0,0
276.650,53.464,38.420,-36.403,64.206,0,44.196,43.550,-16.955,-47.346,8.002,-34.742,100.123,1,-46.500,1.000,-34.788,0,0,0,0,0,0,0,0,0,0,0,0,0,0,0,0,0,0,0,0,0,0,0,0
276.700,53.468,38.359,-36.328,64.149,0,44.196,43.550,-16.955,-47.344,7.993,-34.745,100.123,1,-46.500,1.000,-34.788,0,0,0,0,0,0,0,0,0,0,0,0,0,0,0,0,0,0,0,0,0,0,0,0
276.750,53.472,38.298,-36.252,64.093,0,44.196,43.550,-16.955,-47.342,7.983,-34.748,100.123,1,-46.500,1.000,-34.788,0,0,0,0,0,0,0,0,0,0,0,0,0,0,0,0,0,0,0,0,0,0,0,0
276.800,53.475,38.236,-36.176,64.036,0,44.196,43.550,-16.955,-47.341,7.974,-34.752,100.123,1,-46.500,1.000,-34.788,0,0,0,0,0,0,0,0,0,0,0,0,0,0,0,0,0,0,0,0,0,0,0,0
276.850,53.477,38.173,-36.100,63.980,0,44.196,43.550,-16.955,-47.339,7.965,-34.755,100.123,1,-46.500,1.000,-34.788,0,0,0,0,0,0,0,0,0,0,0,0,0,0,0,0,0,0,0,0,0,0,0,0
276.900,53.479,38.110,-36.025,63.923,0,44.196,43.550,-16.955,-47.337,7.955,-34.759,100.123,1,-46.500,1.000,-34.788,0,0,0,0,0,0,0,0,0,0,0,0,0,0,0,0,0,0,0,0,0,0,0,0
276.950,53.480,38.046,-35.949,63.867,0,44.196,43.550,-16.955,-47.335,7.946,-34.763,100.123,1,-46.500,1.000,-34.788,0,0,0,0,0,0,0,0,0,0,0,0,0,0,0,0,0,0,0,0,0,0,0,0
277.000,53.480,37.982,-35.873,63.811,0,44.196,43.550,-16.955,-47.333,7.936,-34.766,100.123,1,-46.500,1.000,-34.788,0,0,0,0,0,0,0,0,0,0,0,0,0,0,0,0,0,0,0,0,0,0,0,0
277.050,53.480,37.917,-35.797,63.755,0,44.196,43.550,-16.955,-47.331,7.927,-34.770,100.123,1,-46.500,1.000,-34.788,0,0,0,0,0,0,0,0,0,0,0,0,0,0,0,0,0,0,0,0,0,0,0,0
277.100,53.479,37.851,-35.721,63.699,0,44.196,43.550,-16.955,-47.329,7.918,-34.774,100.123,1,-46.500,1.000,-34.788,0,0,0,0,0,0,0,0,0,0,0,0,0,0,0,0,0,0,0,0,0,0,0,0
277.150,53.477,37.785,-35.646,63.643,0,44.196,43.550,-16.955,-47.327,7.909,-34.777,100.123,1,-46.500,1.000,-34.788,0,0,0,0,0,0,0,0,0,0,0,0,0,0,0,0,0,0,0,0,0,0,0,0
277.200,53.475,37.719,-35.570,63.587,0,44.196,43.550,-16.955,-47.325,7.899,-34.781,100.123,1,-46.500,1.000,-34.788,0,0,0,0,0,0,0,0,0,0,0,0,0,0,0,0,0,0,0,0,0,0,0,0
277.250,53.472,37.652,-35.494,63.531,0,44.196,43.550,-16.955,-47.323,7.890,-34.785,100.123,1,-46.500,1.000,-34.788,0,0,0,0,0,0,0,0,0,0,0,0,0,0,0,0,0,0,0,0,0,0,0,0
277.300,53.468,37.584,-35.419,63.475,0,44.196,43.550,-16.955,-47.321,7.881,-34.789,100.123,1,-46.500,1.000,-34.788,0,0,0,0,0,0,0,0,0,0,0,0,0,0,0,0,0,0,0,0,0,0,0,0
277.350,53.464,37.517,-35.343,63.419,0,44.196,43.550,-16.955,-47.318,7.872,-34.792,100.123,1,-46.500,1.000,-34.788,0,0,0,0,0,0,0,0,0,0,0,0,0,0,0,0,0,0,0,0,0,0,0,0
277.400,53.459,37.449,-35.268,63.363,0,44.196,43.550,-16.955,-47.316,7.864,-34.796,100.123,1,-46.500,1.000,-34.788,0,0,0,0,0,0,0,0,0,0,0,0,0,0,0,0,0,0,0,0,0,0,0,0
277.450,53.454,37.381,-35.192,63.307,0,44.196,43.550,-16.955,-47.314,7.855,-34.800,100.123,1,-46.500,1.000,-34.788,0,0,0,0,0,0,0,0,0,0,0,0,0,0,0,0,0,0,0,0,0,0,0,0
277.500,53.448,37.312,-35.117,63.251,0,44.196,43.550,-16.955,-47.312,7.846,-34.804,100.123,1,-46.500,1.000,-34.788,0,0,0,0,0,0,0,0,0,0,0,0,0,0,0,0,0,0,0,0,0,0,0,0
277.550,53.441,37.243,-35.042,63.196,0,44.196,43.550,-16.955,-47.310,7.838,-34.807,100.123,1,-46.500,1.000,-34.788,0,0,0,0,0,0,0,0,0,0,0,0,0,0,0,0,0,0,0,0,0,0,0,0
277.600,53.433,37.174,-34.967,63.140,0,44.196,43.550,-16.955,-47.307,7.829,-34.811,100.123,1,-46.500,1.000,-34.788,0,0,0,0,0,0,0,0,0,0,0,0,0,0,0,0,0,0,0,0,0,0,0,0
277.650,53.425,37.105,-34.892,63.084,0,44.196,43.550,-16.955,-47.305,7.821,-34.815,100.123,1,-46.500,1.000,-34.788,0,0,0,0,0,0,0,0,0,0,0,0,0,0,0,0,0,0,0,0,0,0,0,0
277.700,53.417,37.036,-34.817,63.029,0,44.196,43.550,-16.955,-47.303,7.813,-34.818,100.123,1,-46.500,1.000,-34.788,0,0,0,0,0,0,0,0,0,0,0,0,0,0,0,0,0,0,0,0,0,0,0,0
277.750,53.407,36.966,-34.742,62.973,0,44.196,43.550,-16.955,-47.300,7.805,-34.822,100.123,1,-46.500,1.000,-34.788,0,0,0,0,0,0,0,0,0,0,0,0,0,0,0,0,0,0,0,0,0,0,0,0
277.800,53.397,36.896,-34.667,62.917,0,44.196,43.550,-16.955,-47.298,7.797,-34.825,100.123,1,-46.500,1.000,-34.788,0,0,0,0,0,0,0,0,0,0,0,0,0,0,0,0,0,0,0,0,0,0,0,0
277.850,53.387,36.826,-34.592,62.862,0,44.196,43.550,-16.955,-47.296,7.790,-34.829,100.123,1,-46.500,1.000,-34.788,0,0,0,0,0,0,0,0,0,0,0,0,0,0,0,0,0,0,0,0,0,0,0,0
277.900,53.376,36.756,-34.518,62.806,0,44.196,43.550,-16.955,-47.294,7.782,-34.832,100.123,1,-46.500,1.000,-34.788,0,0,0,0,0,0,0,0,0,0,0,0,0,0,0,0,0,0,0,0,0,0,0,0
277.950,53.364,36.686,-34.443,62.751,0,44.196,43.550,-16.955,-47.291,7.775,-34.836,100.123,1,-46.500,1.000,-34.788,0,0,0,0,0,0,0,0,0,0,0,0,0,0,0,0,0,0,0,0,0,0,0,0
278.000,53.352,36.616,-34.369,62.695,0,44.196,43.550,-16.955,-47.289,7.768,-34.839,100.123,1,-46.500,1.000,-34.788,0,0,0,0,0,0,0,0,0,0,0,0,0,0,0,0,0,0,0,0,0,0,0,0
278.050,53.339,36.545,-34.294,62.640,0,44.196,43.550,-16.955,-47.287,7.761,-34.842,100.123,1,-46.500,1.000,-34.788,0,0,0,0,0,0,0,0,0,0,0,0,0,0,0,0,0,0,0,0,0,0,0,0
278.100,53.325,36.475,-34.220,62.584,0,44.196,43.550,-16.955,-47.285,7.755,-34.845,100.123,1,-46.500,1.000,-34.788,0,0,0,0,0,0,0,0,0,0,0,0,0,0,0,0,0,0,0,0,0,0,0,0
278.150,53.311,36.405,-34.146,62.529,0,44.196,43.550,-16.955,-47.282,7.748,-34.848,100.123,1,-46.500,1.000,-34.788,0,0,0,0,0,0,0,0,0,0,0,0,0,0,0,0,0,0,0,0,0,0,0,0
278.200,53.296,36.334,-34.071,62.473,0,44.196,43.550,-16.955,-47.280,7.742,-34.851,100.123,1,-46.500,1.000,-34.788,0,0,0,0,0,0,0,0,0,0,0,0,0,0,0,0,0,0,0,0,0,0,0,0
278.250,53.281,36.264,-33.997,62.418,0,44.196,43.550,-16.955,-47.278,7.736,-34.854,100.123,1,-46.500,1.000,-34.788,0,0,0,0,0,0,0,0,0,0,0,0,0,0,0,0,0,0,0,0,0,0,0,0
278.300,53.265,36.194,-33.923,62.363,0,44.196,43.550,-16.955,-47.276,7.730,-34.857,100.123,1,-46.500,1.000,-34.788,0,0,0,0,0,0,0,0,0,0,0,0,0,0,0,0,0,0,0,0,0,0,0,0
278.350,53.248,36.123,-33.849,62.308,0,44.196,43.550,-16.955,-47.274,7.725,-34.860,100.123,1,-46.500,1.000,-34.788,0,0,0,0,0,0,0,0,0,0,0,0,0,0,0,0,0,0,0,0,0,0,0,0
278.400,53.231,36.053,-33.775,62.253,0,44.196,43.550,-16.955,-47.272,7.720,-34.862,100.123,1,-46.500,1.000,-34.788,0,0,0,0,0,0,0,0,0,0,0,0,0,0,0,0,0,0,0,0,0,0,0,0
278.450,53.213,35.983,-33.701,62.198,0,44.196,43.550,-16.955,-47.270,7.715,-34.865,100.123,1,-46.500,1.000,-34.788,0,0,0,0,0,0,0,0,0,0,0,0,0,0,0,0,0,0,0,0,0,0,0,0
278.500,53.195,35.913,-33.627,62.144,0,44.196,43.550,-16.955,-47.268,7.710,-34.867,100.123,1,-46.500,1.000,-34.788,0,0,0,0,0,0,0,0,0,0,0,0,0,0,0,0,0,0,0,0,0,0,0,0
278.550,53.176,35.843,-33.553,62.089,0,44.196,43.550,-16.955,-47.266,7.705,-34.870,100.123,1,-46.500,1.000,-34.788,0,0,0,0,0,0,0,0,0,0,0,0,0,0,0,0,0,0,0,0,0,0,0,0
278.600,53.157,35.773,-33.479,62.035,0,44.196,43.550,-16.955,-47.264,7.701,-34.872,100.123,1,-46.500,1.000,-34.788,0,0,0,0,0,0,0,0,0,0,0,0,0,0,0,0,0,0,0,0,0,0,0,0
278.650,53.137,35.704,-33.405,61.981,0,44.196,43.550,-16.955,-47.262,7.697,-34.874,100.123,1,-46.500,1.000,-34.788,0,0,0,0,0,0,0,0,0,0,0,0,0,0,0,0,0,0,0,0,0,0,0,0
278.700,53.116,35.635,-33.331,61.927,0,44.196,43.550,-16.955,-47.260,7.693,-34.876,100.123,1,-46.500,1.000,-34.788,0,0,0,0,0,0,0,0,0,0,0,0,0,0,0,0,0,0,0,0,0,0,0,0
278.750,53.095,35.565,-33.257,61.874,0,44.196,43.550,-16.955,-47.258,7.690,-34.878,100.123,1,-46.500,1.000,-34.788,0,0,0,0,0,0,0,0,0,0,0,0,0,0,0,0,0,0,0,0,0,0,0,0
278.800,53.074,35.496,-33.183,61.820,0,44.196,43.550,-16.955,-47.257,7.687,-34.880,100.123,1,-46.500,1.000,-34.788,0,0,0,0,0,0,0,0,0,0,0,0,0,0,0,0,0,0,0,0,0,0,0,0
278.850,53.052,35.428,-33.109,61.767,0,44.196,43.550,-16.955,-47.255,7.684,-34.881,100.123,1,-46.500,1.000,-34.788,0,0,0,0,0,0,0,0,0,0,0,0,0,0,0,0,0,0,0,0,0,0,0,0
278.900,53.029,35.359,-33.036,61.715,0,44.196,43.550,-16.955,-47.253,7.681,-34.883,100.123,1,-46.500,1.000,-34.788,0,0,0,0,0,0,0,0,0,0,0,0,0,0,0,0,0,0,0,0,0,0,0,0
278.950,53.006,35.291,-32.962,61.662,0,44.196,43.550,-16.955,-47.252,7.679,-34.884,100.123,1,-46.500,1.000,-34.788,0,0,0,0,0,0,0,0,0,0,0,0,0,0,0,0,0,0,0,0,0,0,0,0
279.000,52.982,35.223,-32.889,61.610,0,44.196,43.550,-16.955,-47.250,7.677,-34.886,100.123,1,-46.500,1.000,-34.788,0,0,0,0,0,0,0,0,0,0,0,0,0,0,0,0,0,0,0,0,0,0,0,0
279.050,52.958,35.155,-32.815,61.557,0,44.196,43.550,-16.955,-47.249,7.675,-34.887,100.123,1,-46.500,1.000,-34.788,0,0,0,0,0,0,0,0,0,0,0,0,0,0,0,0,0,0,0,0,0,0,0,0
279.100,52.934,35.088,-32.741,61.505,0,44.196,43.550,-16.955,-47.248,7.674,-34.888,100.123,1,-46.500,1.000,-34.788,0,0,0,0,0,0,0,0,0,0,0,0,0,0,0,0,0,0,0,0,0,0,0,0
279.150,52.909,35.021,-32.668,61.454,0,44.196,43.550,-16.955,-47.246,7.672,-34.889,100.123,1,-46.500,1.000,-34.788,0,0,0,0,0,0,0,0,0,0,0,0,0,0,0,0,0,0,0,0,0,0,0,0
279.200,52.883,34.954,-32.595,61.403,0,44.196,43.550,-16.955,-47.245,7.672,-34.889,100.123,1,-46.500,1.000,-34.788,0,0,0,0,0,0,0,0,0,0,0,0,0,0,0,0,0,0,0,0,0,0,0,0
279.250,52.857,34.888,-32.521,61.352,0,44.196,43.550,-16.955,-47.244,7.671,-34.890,100.123,1,-46.500,1.000,-34.788,0,0,0,0,0,0,0,0,0,0,0,0,0,0,0,0,0,0,0,0,0,0,0,0
279.300,52.830,34.822,-32.448,61.301,0,44.196,43.550,-16.955,-47.243,7.671,-34.890,100.123,1,-46.500,1.000,-34.788,0,0,0,0,0,0,0,0,0,0,0,0,0,0,0,0,0,0,0,0,0,0,0,0
279.350,52.803,34.757,-32.375,61.250,0,44.196,43.550,-16.955,-47.242,7.671,-34.891,100.123,1,-46.500,1.000,-34.788,0,0,0,0,0,0,0,0,0,0,0,0,0,0,0,0,0,0,0,0,0,0,0,0
279.400,52.776,34.692,-32.301,61.200,0,44.196,43.550,-16.955,-47.241,7.671,-34.891,100.123,1,-46.500,1.000,-34.788,0,0,0,0,0,0,0,0,0,0,0,0,0,0,0,0,0,0,0,0,0,0,0,0
279.450,52.747,34.628,-32.228,61.150,0,44.196,43.550,-16.955,-47.240,7.671,-34.891,100.123,1,-46.500,1.000,-34.788,0,0,0,0,0,0,0,0,0,0,0,0,0,0,0,0,0,0,0,0,0,0,0,0
279.500,52.719,34.564,-32.155,61.100,0,44.196,43.550,-16.955,-47.239,7.672,-34.891,100.123,1,-46.500,1.000,-34.788,0,0,0,0,0,0,0,0,0,0,0,0,0,0,0,0,0,0,0,0,0,0,0,0
279.550,52.689,34.501,-32.081,61.050,0,44.196,43.550,-16.955,-47.239,7.674,-34.891,100.123,1,-46.500,1.000,-34.788,0,0,0,0,0,0,0,0,0,0,0,0,0,0,0,0,0,0,0,0,0,0,0,0
279.600,52.660,34.438,-32.008,61.000,0,44.196,43.550,-16.955,-47.238,7.675,-34.890,100.123,1,-46.500,1.000,-34.788,0,0,0,0,0,0,0,0,0,0,0,0,0,0,0,0,0,0,0,0,0,0,0,0
279.650,52.629,34.377,-31.935,60.951,0,44.196,43.550,-16.955,-47.237,7.677,-34.890,100.123,1,-46.500,1.000,-34.788,0,0,0,0,0,0,0,0,0,0,0,0,0,0,0,0,0,0,0,0,0,0,0,0
279.700,52.598,34.316,-31.861,60.901,0,44.196,43.550,-16.955,-47.237,7.679,-34.889,100.123,1,-46.500,1.000,-34.788,0,0,0,0,0,0,0,0,0,0,0,0,0,0,0,0,0,0,0,0,0,0,0,0
279.750,52.566,34.255,-31.788,60.852,0,44.196,43.550,-16.955,-47.236,7.681,-34.888,100.123,1,-46.500,1.000,-34.788,0,0,0,0,0,0,0,0,0,0,0,0,0,0,0,0,0,0,0,0,0,0,0,0
279.800,52.534,34.196,-31.715,60.803,0,44.196,43.550,-16.955,-47.236,7.684,-34.887,100.123,1,-46.500,1.000,-34.788,0,0,0,0,0,0,0,0,0,0,0,0,0,0,0,0,0,0,0,0,0,0,0,0
279.850,52.501,34.137,-31.641,60.755,0,44.196,43.550,-16.955,-47.236,7.687,-34.886,100.123,1,-46.500,1.000,-34.788,0,0,0,0,0,0,0,0,0,0,0,0,0,0,0,0,0,0,0,0,0,0,0,0
279.900,52.468,34.079,-31.568,60.706,0,44.196,43.550,-16.955,-47.236,7.690,-34.885,100.123,1,-46.500,1.000,-34.788,0,0,0,0,0,0,0,0,0,0,0,0,0,0,0,0,0,0,0,0,0,0,0,0
279.950,52.434,34.022,-31.494,60.658,0,44.196,43.550,-16.955,-47.236,7.693,-34.884,100.123,1,-46.500,1.000,-34.788,0,0,0,0,0,0,0,0,0,0,0,0,0,0,0,0,0,0,0,0,0,0,0,0
280.000,52.399,33.966,-31.420,60.610,0,44.196,43.550,-16.955,-47.236,7.697,-34.882,100.123,1,-46.500,1.000,-34.788,0,0,0,0,0,0,0,0,0,0,0,0,0,0,0,0,0,0,0,0,0,0,0,0
280.050,52.364,33.911,-31.347,60.562,0,44.196,43.550,-16.955,-47.236,7.701,-34.880,100.123,1,-46.500,1.000,-34.788,0,0,0,0,0,0,0,0,0,0,0,0,0,0,0,0,0,0,0,0,0,0,0,0
280.100,52.328,33.857,-31.273,60.514,0,44.196,43.550,-16.955,-47.236,7.706,-34.879,100.123,1,-46.500,1.000,-34.788,0,0,0,0,0,0,0,0,0,0,0,0,0,0,0,0,0,0,0,0,0,0,0,0
280.150,52.291,33.804,-31.199,60.466,0,44.196,43.550,-16.955,-47.237,7.710,-34.877,100.123,1,-46.500,1.000,-34.788,0,0,0,0,0,0,0,0,0,0,0,0,0,0,0,0,0,0,0,0,0,0,0,0
280.200,52.254,33.752,-31.125,60.418,0,44.196,43.550,-16.955,-47.237,7.715,-34.875,100.123,1,-46.500,1.000,-34.788,0,0,0,0,0,0,0,0,0,0,0,0,0,0,0,0,0,0,0,0,0,0,0,0
280.250,52.216,33.701,-31.051,60.371,0,44.196,43.550,-16.955,-47.237,7.720,-34.873,100.123,1,-46.500,1.000,-34.788,0,0,0,0,0,0,0,0,0,0,0,0,0,0,0,0,0,0,0,0,0,0,0,0
280.300,52.178,33.651,-30.977,60.324,0,44.196,43.550,-16.955,-47.238,7.725,-34.870,100.123,1,-46.500,1.000,-34.788,0,0,0,0,0,0,0,0,0,0,0,0,0,0,0,0,0,0,0,0,0,0,0,0
280.350,52.139,33.603,-30.902,60.276,0,44.196,43.550,-16.955,-47.239,7.731,-34.868,100.123,1,-46.500,1.000,-34.788,0,0,0,0,0,0,0,0,0,0,0,0,0,0,0,0,0,0,0,0,0,0,0,0
280.400,52.100,33.556,-30.828,60.229,0,44.196,43.550,-16.955,-47.239,7.737,-34.865,100.123,1,-46.500,1.000,-34.788,0,0,0,0,0,0,0,0,0,0,0,0,0,0,0,0,0,0,0,0,0,0,0,0
280.450,52.060,33.510,-30.753,60.182,0,44.196,43.550,-16.955,-47.240,7.743,-34.863,100.123,1,-46.500,1.000,-34.788,0,0,0,0,0,0,0,0,0,0,0,0,0,0,0,0,0,0,0,0,0,0,0,0
280.500,52.020,33.465,-30.679,60.136,0,44.196,43.550,-16.955,-47.241,7.749,-34.860,100.123,1,-46.500,1.000,-34.788,0,0,0,0,0,0,0,0,0,0,0,0,0,0,0,0,0,0,0,0,0,0,0,0
280.550,51.979,33.422,-30.604,60.089,0,44.196,43.550,-16.955,-47.242,7.756,-34.857,100.123,1,-46.500,1.000,-34.788,0,0,0,0,0,0,0,0,0,0,0,0,0,0,0,0,0,0,0,0,0,0,0,0
280.600,51.937,33.380,-30.529,60.042,0,44.196,43.550,-16.955,-47.243,7.763,-34.854,100.123,1,-46.500,1.000,-34.788,0,0,0,0,0,0,0,0,0,0,0,0,0,0,0,0,0,0,0,0,0,0,0,0
280.650,51.895,33.340,-30.454,59.995,0,44.196,43.550,-16.955,-47.244,7.770,-34.851,100.123,1,-46.500,1.000,-34.788,0,0,0,0,0,0,0,0,0,0,0,0,0,0,0,0,0,0,0,0,0,0,0,0
280.700,51.853,33.302,-30.379,59.948,0,44.196,43.550,-16.955,-47.246,7.777,-34.848,100.123,1,-46.500,1.000,-34.788,0,0,0,0,0,0,0,0,0,0,0,0,0,0,0,0,0,0,0,0,0,0,0,0
280.750,51.810,33.265,-30.303,59.901,0,44.196,43.550,-16.955,-47.247,7.784,-34.845,100.123,1,-46.500,1.000,-34.788,0,0,0,0,0,0,0,0,0,0,0,0,0,0,0,0,0,0,0,0,0,0,0,0
280.800,51.767,33.229,-30.228,59.854,0,44.196,43.550,-16.955,-47.248,7.792,-34.842,100.123,1,-46.500,1.000,-34.788,0,0,0,0,0,0,0,0,0,0,0,0,0,0,0,0,0,0,0,0,0,0,0,0
280.850,51.723,33.195,-30.152,59.807,0,44.196,43.550,-16.955,-47.250,7.799,-34.838,100.123,1,-46.500,1.000,-34.788,0,0,0,0,0,0,0,0,0,0,0,0,0,0,0,0,0,0,0,0,0,0,0,0
280.900,51.679,33.163,-30.077,59.760,0,44.196,43.550,-16.955,-47.251,7.807,-34.835,100.123,1,-46.500,1.000,-34.788,0,0,0,0,0,0,0,0,0,0,0,0,0,0,0,0,0,0,0,0,0,0,0,0
280.950,51.634,33.133,-30.001,59.712,0,44.196,43.550,-16.955,-47.253,7.815,-34.831,100.123,1,-46.500,1.000,-34.788,0,0,0,0,0,0,0,0,0,0,0,0,0,0,0,0,0,0,0,0,0,0,0,0
281.000,51.590,33.104,-29.925,59.665,0,44.196,43.550,-16.955,-47.255,7.824,-34.828,100.123,1,-46.500,1.000,-34.788,0,0,0,0,0,0,0,0,0,0,0,0,0,0,0,0,0,0,0,0,0,0,0,0
281.050,51.545,33.078,-29.849,59.617,0,44.196,43.550,-16.955,-47.256,7.832,-34.824,100.123,1,-46.500,1.000,-34.788,0,0,0,0,0,0,0,0,0,0,0,0,0,0,0,0,0,0,0,0,0,0,0,0
281.100,51.499,33.053,-29.773,59.569,0,44.196,43.550,-16.955,-47.258,7.840,-34.820,100.123,1,-46.500,1.000,-34.788,0,0,0,0,0,0,0,0,0,0,0,0,0,0,0,0,0,0,0,0,0,0,0,0
281.150,51.454,33.030,-29.696,59.521,0,44.196,43.550,-16.955,-47.260,7.849,-34.816,100.123,1,-46.500,1.000,-34.788,0,0,0,0,0,0,0,0,0,0,0,0,0,0,0,0,0,0,0,0,0,0,0,0
281.200,51.408,33.009,-29.620,59.472,0,44.196,43.550,-16.955,-47.262,7.858,-34.813,100.123,1,-46.500,1.000,-34.788,0,0,0,0,0,0,0,0,0,0,0,0,0,0,0,0,0,0,0,0,0,0,0,0
281.250,51.361,32.990,-29.543,59.423,0,44.196,43.550,-16.955,-47.264,7.867,-34.809,100.123,1,-46.500,1.000,-34.788,0,0,0,0,0,0,0,0,0,0,0,0,0,0,0,0,0,0,0,0,0,0,0,0
281.300,51.315,32.972,-29.467,59.373,0,44.196,43.550,-16.955,-47.266,7.875,-34.805,100.123,1,-46.500,1.000,-34.788,0,0,0,0,0,0,0,0,0,0,0,0,0,0,0,0,0,0,0,0,0,0,0,0
281.350,51.269,32.957,-29.390,59.323,0,44.196,43.550,-16.955,-47.268,7.884,-34.801,100.123,1,-46.500,1.000,-34.788,0,0,0,0,0,0,0,0,0,0,0,0,0,0,0,0,0,0,0,0,0,0,0,0
281.400,51.222,32.944,-29.313,59.273,0,44.196,43.550,-16.955,-47.270,7.894,-34.797,100.123,1,-46.500,1.000,-34.788,0,0,0,0,0,0,0,0,0,0,0,0,0,0,0,0,0,0,0,0,0,0,0,0
281.450,51.175,32.933,-29.236,59.222,0,44.196,43.550,-16.955,-47.272,7.903,-34.793,100.123,1,-46.500,1.000,-34.788,0,0,0,0,0,0,0,0,0,0,0,0,0,0,0,0,0,0,0,0,0,0,0,0
281.500,51.128,32.924,-29.159,59.171,0,44.196,43.550,-16.955,-47.275,7.912,-34.789,100.123,1,-46.500,1.000,-34.788,0,0,0,0,0,0,0,0,0,0,0,0,0,0,0,0,0,0,0,0,0,0,0,0
281.550,51.081,32.916,-29.082,59.120,0,44.196,43.550,-16.955,-47.277,7.921,-34.785,100.123,1,-46.500,1.000,-34.788,0,0,0,0,0,0,0,0,0,0,0,0,0,0,0,0,0,0,0,0,0,0,0,0
281.600,51.033,32.911,-29.005,59.068,0,44.196,43.550,-16.955,-47.279,7.930,-34.781,100.123,1,-46.500,1.000,-34.788,0,0,0,0,0,0,0,0,0,0,0,0,0,0,0,0,0,0,0,0,0,0,0,0
281.650,50.986,32.908,-28.927,59.016,0,44.196,43.550,-16.955,-47.282,7.940,-34.777,100.123,1,-46.500,1.000,-34.788,0,0,0,0,0,0,0,0,0,0,0,0,0,0,0,0,0,0,0,0,0,0,0,0
281.700,50.939,32.908,-28.850,58.964,0,44.196,43.550,-16.955,-47.284,7.949,-34.773,100.123,1,-46.500,1.000,-34.788,0,0,0,0,0,0,0,0,0,0,0,0,0,0,0,0,0,0,0,0,0,0,0,0
281.750,50.891,32.909,-28.773,58.912,0,44.196,43.550,-16.955,-47.286,7.958,-34.769,100.123,1,-46.500,1.000,-34.788,0,0,0,0,0,0,0,0,0,0,0,0,0,0,0,0,0,0,0,0,0,0,0,0
281.800,50.844,32.912,-28.696,58.859,0,44.196,43.550,-16.955,-47.289,7.968,-34.765,100.123,1,-46.500,1.000,-34.788,0,0,0,0,0,0,0,0,0,0,0,0,0,0,0,0,0,0,0,0,0,0,0,0
281.850,50.796,32.918,-28.618,58.806,0,44.196,43.550,-16.955,-47.291,7.977,-34.761,100.123,1,-46.500,1.000,-34.788,0,0,0,0,0,0,0,0,0,0,0,0,0,0,0,0,0,0,0,0,0,0,0,0
281.900,50.749,32.925,-28.541,58.753,0,44.196,43.550,-16.955,-47.294,7.986,-34.757,100.123,1,-46.500,1.000,-34.788,0,0,0,0,0,0,0,0,0,0,0,0,0,0,0,0,0,0,0,0,0,0,0,0
281.950,50.702,32.935,-28.464,58.700,0,44.196,43.550,-16.955,-47.296,7.996,-34.753,100.123,1,-46.500,1.000,-34.788,0,0,0,0,0,0,0,0,0,0,0,0,0,0,0,0,0,0,0,0,0,0,0,0
282.000,50.655,32.946,-28.387,58.647,0,44.196,43.550,-16.955,-47.299,8.005,-34.749,100.123,1,-46.500,1.000,-34.788,0,0,0,0,0,0,0,0,0,0,0,0,0,0,0,0,0,0,0,0,0,0,0,0
282.050,50.608,32.960,-28.310,58.593,0,44.196,43.550,-16.955,-47.301,8.014,-34.746,100.123,1,-46.500,1.000,-34.788,0,0,0,0,0,0,0,0,0,0,0,0,0,0,0,0,0,0,0,0,0,0,0,0
282.100,50.561,32.975,-28.233,58.540,0,44.196,43.550,-16.955,-47.304,8.023,-34.742,100.123,1,-46.500,1.000,-34.788,0,0,0,0,0,0,0,0,0,0,0,0,0,0,0,0,0,0,0,0,0,0,0,0
282.150,50.514,32.992,-28.156,58.486,0,44.196,43.550,-16.955,-47.306,8.032,-34.738,100.123,1,-46.500,1.000,-34.788,0,0,0,0,0,0,0,0,0,0,0,0,0,0,0,0,0,0,0,0,0,0,0,0
282.200,50.468,33.012,-28.079,58.433,0,44.196,43.550,-16.955,-47.309,8.041,-34.735,100.123,1,-46.500,1.000,-34.788,0,0,0,0,0,0,0,0,0,0,0,0,0,0,0,0,0,0,0,0,0,0,0,0
282.250,50.422,33.033,-28.002,58.379,0,44.196,43.550,-16.955,-47.311,8.050,-34.731,100.123,1,-46.500,1.000,-34.788,0,0,0,0,0,0,0,0,0,0,0,0,0,0,0,0,0,0,0,0,0,0,0,0
282.300,50.376,33.056,-27.926,58.325,0,44.196,43.550,-16.955,-47.314,8.059,-34.727,100.123,1,-46.500,1.000,-34.788,0,0,0,0,0,0,0,0,0,0,0,0,0,0,0,0,0,0,0,0,0,0,0,0
282.350,50.330,33.081,-27.849,58.272,0,44.196,43.550,-16.955,-47.316,8.067,-34.724,100.123,1,-46.500,1.000,-34.788,0,0,0,0,0,0,0,0,0,0,0,0,0,0,0,0,0,0,0,0,0,0,0,0
282.400,50.284,33.108,-27.773,58.218,0,44.196,43.550,-16.955,-47.318,8.076,-34.720,100.123,1,-46.500,1.000,-34.788,0,0,0,0,0,0,0,0,0,0,0,0,0,0,0,0,0,0,0,0,0,0,0,0
282.450,50.239,33.136,-27.697,58.165,0,44.196,43.550,-16.955,-47.321,8.084,-34.717,100.123,1,-46.500,1.000,-34.788,0,0,0,0,0,0,0,0,0,0,0,0,0,0,0,0,0,0,0,0,0,0,0,0
282.500,50.194,33.166,-27.621,58.112,0,44.196,43.550,-16.955,-47.323,8.093,-34.714,100.123,1,-46.500,1.000,-34.788,0,0,0,0,0,0,0,0,0,0,0,0,0,0,0,0,0,0,0,0,0,0,0,0
282.550,50.150,33.198,-27.545,58.058,0,44.196,43.550,-16.955,-47.325,8.101,-34.711,100.123,1,-46.500,1.000,-34.788,0,0,0,0,0,0,0,0,0,0,0,0,0,0,0,0,0,0,0,0,0,0,0,0
282.600,50.106,33.231,-27.470,58.005,0,44.196,43.550,-16.955,-47.327,8.109,-34.708,100.123,1,-46.500,1.000,-34.788,0,0,0,0,0,0,0,0,0,0,0,0,0,0,0,0,0,0,0,0,0,0,0,0
282.650,50.062,33.266,-27.395,57.952,0,44.196,43.550,-16.955,-47.330,8.117,-34.705,100.123,1,-46.500,1.000,-34.788,0,0,0,0,0,0,0,0,0,0,0,0,0,0,0,0,0,0,0,0,0,0,0,0
282.700,50.019,33.303,-27.320,57.898,0,44.196,43.550,-16.955,-47.332,8.125,-34.702,100.123,1,-46.500,1.000,-34.788,0,0,0,0,0,0,0,0,0,0,0,0,0,0,0,0,0,0,0,0,0,0,0,0
282.750,49.976,33.341,-27.245,57.845,0,44.196,43.550,-16.955,-47.334,8.133,-34.699,100.123,1,-46.500,1.000,-34.788,0,0,0,0,0,0,0,0,0,0,0,0,0,0,0,0,0,0,0,0,0,0,0,0
282.800,49.933,33.380,-27.171,57.792,0,44.196,43.550,-16.955,-47.336,8.140,-34.696,100.123,1,-46.500,1.000,-34.788,0,0,0,0,0,0,0,0,0,0,0,0,0,0,0,0,0,0,0,0,0,0,0,0
282.850,49.891,33.421,-27.097,57.740,0,44.196,43.550,-16.955,-47.338,8.147,-34.693,100.123,1,-46.500,1.000,-34.788,0,0,0,0,0,0,0,0,0,0,0,0,0,0,0,0,0,0,0,0,0,0,0,0
282.900,49.850,33.464,-27.023,57.687,0,44.196,43.550,-16.955,-47.340,8.155,-34.691,100.123,1,-46.500,1.000,-34.788,0,0,0,0,0,0,0,0,0,0,0,0,0,0,0,0,0,0,0,0,0,0,0,0
282.950,49.809,33.508,-26.949,57.634,0,44.196,43.550,-16.955,-47.341,8.162,-34.688,100.123,1,-46.500,1.000,-34.788,0,0,0,0,0,0,0,0,0,0,0,0,0,0,0,0,0,0,0,0,0,0,0,0
283.000,49.769,33.553,-26.876,57.581,0,44.196,43.550,-16.955,-47.343,8.168,-34.686,100.123,1,-46.500,1.000,-34.788,0,0,0,0,0,0,0,0,0,0,0,0,0,0,0,0,0,0,0,0,0,0,0,0
283.050,49.729,33.599,-26.803,57.529,0,44.196,43.550,-16.955,-47.345,8.175,-34.684,100.123,1,-46.500,1.000,-34.788,0,0,0,0,0,0,0,0,0,0,0,0,0,0,0,0,0,0,0,0,0,0,0,0
283.100,49.690,33.647,-26.731,57.477,0,44.196,43.550,-16.955,-47.347,8.181,-34.682,100.123,1,-46.500,1.000,-34.788,0,0,0,0,0,0,0,0,0,0,0,0,0,0,0,0,0,0,0,0,0,0,0,0
283.150,49.652,33.696,-26.658,57.424,0,44.196,43.550,-16.955,-47.348,8.187,-34.680,100.123,1,-46.500,1.000,-34.788,0,0,0,0,0,0,0,0,0,0,0,0,0,0,0,0,0,0,0,0,0,0,0,0
283.200,49.614,33.746,-26.586,57.372,0,44.196,43.550,-16.955,-47.350,8.193,-34.678,100.123,1,-46.500,1.000,-34.788,0,0,0,0,0,0,0,0,0,0,0,0,0,0,0,0,0,0,0,0,0,0,0,0
283.250,49.577,33.797,-26.515,57.320,0,44.196,43.550,-16.955,-47.351,8.199,-34.676,100.123,1,-46.500,1.000,-34.788,0,0,0,0,0,0,0,0,0,0,0,0,0,0,0,0,0,0,0,0,0,0,0,0
283.300,49.540,33.850,-26.443,57.268,0,44.196,43.550,-16.955,-47.352,8.205,-34.674,100.123,1,-46.500,1.000,-34.788,0,0,0,0,0,0,0,0,0,0,0,0,0,0,0,0,0,0,0,0,0,0,0,0
283.350,49.504,33.904,-26.372,57.215,0,44.196,43.550,-16.955,-47.353,8.210,-34.673,100.123,1,-46.500,1.000,-34.788,0,0,0,0,0,0,0,0,0,0,0,0,0,0,0,0,0,0,0,0,0,0,0,0
283.400,49.469,33.958,-26.301,57.163,0,44.196,43.550,-16.955,-47.354,8.215,-34.671,100.123,1,-46.500,1.000,-34.788,0,0,0,0,0,0,0,0,0,0,0,0,0,0,0,0,0,0,0,0,0,0,0,0
283.450,49.435,34.014,-26.231,57.111,0,44.196,43.550,-16.955,-47.356,8.220,-34.670,100.123,1,-46.500,1.000,-34.788,0,0,0,0,0,0,0,0,0,0,0,0,0,0,0,0,0,0,0,0,0,0,0,0
283.500,49.401,34.071,-26.161,57.059,0,44.196,43.550,-16.955,-47.356,8.224,-34.669,100.123,1,-46.500,1.000,-34.788,0,0,0,0,0,0,0,0,0,0,0,0,0,0,0,0,0,0,0,0,0,0,0,0
283.550,49.368,34.129,-26.091,57.007,0,44.196,43.550,-16.955,-47.357,8.229,-34.667,100.123,1,-46.500,1.000,-34.788,0,0,0,0,0,0,0,0,0,0,0,0,0,0,0,0,0,0,0,0,0,0,0,0
283.600,49.336,34.187,-26.021,56.955,0,44.196,43.550,-16.955,-47.358,8.233,-34.666,100.123,1,-46.500,1.000,-34.788,0,0,0,0,0,0,0,0,0,0,0,0,0,0,0,0,0,0,0,0,0,0,0,0
283.650,49.304,34.247,-25.952,56.903,0,44.196,43.550,-16.955,-47.359,8.236,-34.666,100.123,1,-46.500,1.000,-34.788,0,0,0,0,0,0,0,0,0,0,0,0,0,0,0,0,0,0,0,0,0,0,0,0
283.700,49.273,34.307,-25.883,56.851,0,44.196,43.550,-16.955,-47.359,8.240,-34.665,100.123,1,-46.500,1.000,-34.788,0,0,0,0,0,0,0,0,0,0,0,0,0,0,0,0,0,0,0,0,0,0,0,0
283.750,49.242,34.369,-25.814,56.799,0,44.196,43.550,-16.955,-47.360,8.243,-34.664,100.123,1,-46.500,1.000,-34.788,0,0,0,0,0,0,0,0,0,0,0,0,0,0,0,0,0,0,0,0,0,0,0,0
283.800,49.213,34.431,-25.746,56.747,0,44.196,43.550,-16.955,-47.360,8.246,-34.664,100.123,1,-46.500,1.000,-34.788,0,0,0,0,0,0,0,0,0,0,0,0,0,0,0,0,0,0,0,0,0,0,0,0
283.850,49.184,34.494,-25.678,56.695,0,44.196,43.550,-16.955,-47.360,8.249,-34.664,100.123,1,-46.500,1.000,-34.788,0,0,0,0,0,0,0,0,0,0,0,0,0,0,0,0,0,0,0,0,0,0,0,0
283.900,49.156,34.558,-25.610,56.644,0,44.196,43.550,-16.955,-47.361,8.251,-34.663,100.123,1,-46.500,1.000,-34.788,0,0,0,0,0,0,0,0,0,0,0,0,0,0,0,0,0,0,0,0,0,0,0,0
283.950,49.128,34.622,-25.543,56.592,0,44.196,43.550,-16.955,-47.361,8.253,-34.663,100.123,1,-46.500,1.000,-34.788,0,0,0,0,0,0,0,0,0,0,0,0,0,0,0,0,0,0,0,0,0,0,0,0
284.000,49.101,34.687,-25.475,56.540,0,44.196,43.550,-16.955,-47.361,8.255,-34.663,100.123,1,-46.500,1.000,-34.788,0,0,0,0,0,0,0,0,0,0,0,0,0,0,0,0,0,0,0,0,0,0,0,0
284.050,49.075,34.753,-25.408,56.489,0,44.196,43.550,-16.955,-47.360,8.256,-34.663,100.123,1,-46.500,1.000,-34.788,0,0,0,0,0,0,0,0,0,0,0,0,0,0,0,0,0,0,0,0,0,0,0,0
284.100,49.050,34.820,-25.341,56.437,0,44.196,43.550,-16.955,-47.360,8.258,-34.664,100.123,1,-46.500,1.000,-34.788,0,0,0,0,0,0,0,0,0,0,0,0,0,0,0,0,0,0,0,0,0,0,0,0
284.150,49.025,34.887,-25.275,56.386,0,44.196,43.550,-16.955,-47.360,8.259,-34.664,100.123,1,-46.500,1.000,-34.788,0,0,0,0,0,0,0,0,0,0,0,0,0,0,0,0,0,0,0,0,0,0,0,0
284.200,49.001,34.955,-25.208,56.334,0,44.196,43.550,-16.955,-47.360,8.259,-34.665,100.123,1,-46.500,1.000,-34.788,0,0,0,0,0,0,0,0,0,0,0,0,0,0,0,0,0,0,0,0,0,0,0,0
284.250,48.978,35.023,-25.142,56.283,0,44.196,43.550,-16.955,-47.359,8.260,-34.665,100.123,1,-46.500,1.000,-34.788,0,0,0,0,0,0,0,0,0,0,0,0,0,0,0,0,0,0,0,0,0,0,0,0
284.300,48.955,35.092,-25.076,56.231,0,44.196,43.550,-16.955,-47.358,8.260,-34.666,100.123,1,-46.500,1.000,-34.788,0,0,0,0,0,0,0,0,0,0,0,0,0,0,0,0,0,0,0,0,0,0,0,0
284.350,48.933,35.161,-25.010,56.180,0,44.196,43.550,-16.955,-47.358,8.259,-34.667,100.123,1,-46.500,1.000,-34.788,0,0,0,0,0,0,0,0,0,0,0,0,0,0,0,0,0,0,0,0,0,0,0,0
284.400,48.912,35.231,-24.944,56.128,0,44.196,43.550,-16.955,-47.357,8.259,-34.668,100.123,1,-46.500,1.000,-34.788,0,0,0,0,0,0,0,0,0,0,0,0,0,0,0,0,0,0,0,0,0,0,0,0
284.450,48.891,35.301,-24.878,56.076,0,44.196,43.550,-16.955,-47.356,8.258,-34.669,100.123,1,-46.500,1.000,-34.788,0,0,0,0,0,0,0,0,0,0,0,0,0,0,0,0,0,0,0,0,0,0,0,0
284.500,48.870,35.371,-24.812,56.024,0,44.196,43.550,-16.955,-47.355,8.257,-34.670,100.123,1,-46.500,1.000,-34.788,0,0,0,0,0,0,0,0,0,0,0,0,0,0,0,0,0,0,0,0,0,0,0,0
284.550,48.850,35.442,-24.746,55.972,0,44.196,43.550,-16.955,-47.354,8.256,-34.672,100.123,1,-46.500,1.000,-34.788,0,0,0,0,0,0,0,0,0,0,0,0,0,0,0,0,0,0,0,0,0,0,0,0
284.600,48.831,35.513,-24.681,55.920,0,44.196,43.550,-16.955,-47.353,8.254,-34.673,100.123,1,-46.500,1.000,-34.788,0,0,0,0,0,0,0,0,0,0,0,0,0,0,0,0,0,0,0,0,0,0,0,0
284.650,48.812,35.584,-24.615,55.868,0,44.196,43.550,-16.955,-47.352,8.252,-34.675,100.123,1,-46.500,1.000,-34.788,0,0,0,0,0,0,0,0,0,0,0,0,0,0,0,0,0,0,0,0,0,0,0,0
284.700,48.793,35.656,-24.549,55.815,0,44.196,43.550,-16.955,-47.350,8.250,-34.677,100.123,1,-46.500,1.000,-34.788,0,0,0,0,0,0,0,0,0,0,0,0,0,0,0,0,0,0,0,0,0,0,0,0
284.750,48.775,35.728,-24.482,55.763,0,44.196,43.550,-16.955,-47.349,8.247,-34.678,100.123,1,-46.500,1.000,-34.788,0,0,0,0,0,0,0,0,0,0,0,0,0,0,0,0,0,0,0,0,0,0,0,0
284.800,48.757,35.800,-24.416,55.711,0,44.196,43.550,-16.955,-47.348,8.244,-34.680,100.123,1,-46.500,1.000,-34.788,0,0,0,0,0,0,0,0,0,0,0,0,0,0,0,0,0,0,0,0,0,0,0,0
284.850,48.739,35.872,-24.350,55.659,0,44.196,43.550,-16.955,-47.346,8.241,-34.682,100.123,1,-46.500,1.000,-34.788,0,0,0,0,0,0,0,0,0,0,0,0,0,0,0,0,0,0,0,0,0,0,0,0
284.900,48.721,35.944,-24.283,55.606,0,44.196,43.550,-16.955,-47.344,8.238,-34.684,100.123,1,-46.500,1.000,-34.788,0,0,0,0,0,0,0,0,0,0,0,0,0,0,0,0,0,0,0,0,0,0,0,0
284.950,48.704,36.016,-24.216,55.554,0,44.196,43.550,-16.955,-47.343,8.234,-34.687,100.123,1,-46.500,1.000,-34.788,0,0,0,0,0,0,0,0,0,0,0,0,0,0,0,0,0,0,0,0,0,0,0,0
285.000,48.687,36.088,-24.149,55.502,0,44.196,43.550,-16.955,-47.341,8.230,-34.689,100.123,1,-46.500,1.000,-34.788,0,0,0,0,0,0,0,0,0,0,0,0,0,0,0,0,0,0,0,0,0,0,0,0
285.050,48.669,36.160,-24.082,55.449,0,44.196,43.550,-16.955,-47.339,8.226,-34.691,100.123,1,-46.500,1.000,-34.788,0,0,0,0,0,0,0,0,0,0,0,0,0,0,0,0,0,0,0,0,0,0,0,0
285.100,48.652,36.232,-24.015,55.397,0,44.196,43.550,-16.955,-47.338,8.221,-34.694,100.123,1,-46.500,1.000,-34.788,0,0,0,0,0,0,0,0,0,0,0,0,0,0,0,0,0,0,0,0,0,0,0,0
285.150,48.635,36.304,-23.947,55.345,0,44.196,43.550,-16.955,-47.336,8.216,-34.696,100.123,1,-46.500,1.000,-34.788,0,0,0,0,0,0,0,0,0,0,0,0,0,0,0,0,0,0,0,0,0,0,0,0
285.200,48.618,36.376,-23.879,55.293,0,44.196,43.550,-16.955,-47.334,8.211,-34.699,100.123,1,-46.500,1.000,-34.788,0,0,0,0,0,0,0,0,0,0,0,0,0,0,0,0,0,0,0,0,0,0,0,0
285.250,48.600,36.448,-23.811,55.241,0,44.196,43.550,-16.955,-47.332,8.206,-34.702,100.123,1,-46.500,1.000,-34.788,0,0,0,0,0,0,0,0,0,0,0,0,0,0,0,0,0,0,0,0,0,0,0,0
285.300,48.583,36.519,-23.742,55.189,0,44.196,43.550,-16.955,-47.330,8.201,-34.704,100.123,1,-46.500,1.000,-34.788,0,0,0,0,0,0,0,0,0,0,0,0,0,0,0,0,0,0,0,0,0,0,0,0
285.350,48.565,36.591,-23.674,55.138,0,44.196,43.550,-16.955,-47.328,8.195,-34.707,100.123,1,-46.500,1.000,-34.788,0,0,0,0,0,0,0,0,0,0,0,0,0,0,0,0,0,0,0,0,0,0,0,0
285.400,48.547,36.661,-23.604,55.086,0,44.196,43.550,-16.955,-47.326,8.189,-34.710,100.123,1,-46.500,1.000,-34.788,0,0,0,0,0,0,0,0,0,0,0,0,0,0,0,0,0,0,0,0,0,0,0,0
285.450,48.529,36.732,-23.535,55.035,0,44.196,43.550,-16.955,-47.324,8.183,-34.713,100.123,1,-46.500,1.000,-34.788,0,0,0,0,0,0,0,0,0,0,0,0,0,0,0,0,0,0,0,0,0,0,0,0
285.500,48.511,36.802,-23.465,54.984,0,44.196,43.550,-16.955,-47.322,8.177,-34.716,100.123,1,-46.500,1.000,-34.788,0,0,0,0,0,0,0,0,0,0,0,0,0,0,0,0,0,0,0,0,0,0,0,0
285.550,48.492,36.871,-23.395,54.933,0,44.196,43.550,-16.955,-47.320,8.170,-34.719,100.123,1,-46.500,1.000,-34.788,0,0,0,0,0,0,0,0,0,0,0,0,0,0,0,0,0,0,0,0,0,0,0,0
285.600,48.473,36.940,-23.325,54.882,0,44.196,43.550,-16.955,-47.317,8.163,-34.722,100.123,1,-46.500,1.000,-34.788,0,0,0,0,0,0,0,0,0,0,0,0,0,0,0,0,0,0,0,0,0,0,0,0
285.650,48.453,37.008,-23.254,54.832,0,44.196,43.550,-16.955,-47.315,8.156,-34.725,100.123,1,-46.500,1.000,-34.788,0,0,0,0,0,0,0,0,0,0,0,0,0,0,0,0,0,0,0,0,0,0,0,0
285.700,48.433,37.075,-23.183,54.781,0,44.196,43.550,-16.955,-47.313,8.149,-34.728,100.123,1,-46.500,1.000,-34.788,0,0,0,0,0,0,0,0,0,0,0,0,0,0,0,0,0,0,0,0,0,0,0,0
285.750,48.412,37.142,-23.112,54.731,0,44.196,43.550,-16.955,-47.311,8.142,-34.732,100.123,1,-46.500,1.000,-34.788,0,0,0,0,0,0,0,0,0,0,0,0,0,0,0,0,0,0,0,0,0,0,0,0
285.800,48.391,37.208,-23.040,54.681,0,44.196,43.550,-16.955,-47.309,8.135,-34.735,100.123,1,-46.500,1.000,-34.788,0,0,0,0,0,0,0,0,0,0,0,0,0,0,0,0,0,0,0,0,0,0,0,0
285.850,48.369,37.273,-22.967,54.631,0,44.196,43.550,-16.955,-47.307,8.127,-34.738,100.123,1,-46.500,1.000,-34.788,0,0,0,0,0,0,0,0,0,0,0,0,0,0,0,0,0,0,0,0,0,0,0,0
285.900,48.347,37.337,-22.895,54.581,0,44.196,43.550,-16.955,-47.305,8.119,-34.742,100.123,1,-46.500,1.000,-34.788,0,0,0,0,0,0,0,0,0,0,0,0,0,0,0,0,0,0,0,0,0,0,0,0
285.950,48.324,37.400,-22.822,54.531,0,44.196,43.550,-16.955,-47.303,8.111,-34.745,100.123,1,-46.500,1.000,-34.788,0,0,0,0,0,0,0,0,0,0,0,0,0,0,0,0,0,0,0,0,0,0,0,0
286.000,48.300,37.462,-22.749,54.482,0,44.196,43.550,-16.955,-47.300,8.103,-34.748,100.123,1,-46.500,1.000,-34.788,0,0,0,0,0,0,0,0,0,0,0,0,0,0,0,0,0,0,0,0,0,0,0,0
286.050,48.276,37.523,-22.675,54.432,0,44.196,43.550,-16.955,-47.298,8.095,-34.752,100.123,1,-46.500,1.000,-34.788,0,0,0,0,0,0,0,0,0,0,0,0,0,0,0,0,0,0,0,0,0,0,0,0
286.100,48.250,37.583,-22.601,54.382,0,44.196,43.550,-16.955,-47.296,8.087,-34.755,100.123,1,-46.500,1.000,-34.788,0,0,0,0,0,0,0,0,0,0,0,0,0,0,0,0,0,0,0,0,0,0,0,0
286.150,48.224,37.641,-22.527,54.331,0,44.196,43.550,-16.955,-47.294,8.079,-34.758,100.123,1,-46.500,1.000,-34.788,0,0,0,0,0,0,0,0,0,0,0,0,0,0,0,0,0,0,0,0,0,0,0,0
286.200,48.197,37.699,-22.453,54.280,0,44.196,43.550,-16.955,-47.292,8.070,-34.762,100.123,1,-46.500,1.000,-34.788,0,0,0,0,0,0,0,0,0,0,0,0,0,0,0,0,0,0,0,0,0,0,0,0
286.250,48.169,37.755,-22.378,54.229,0,44.196,43.550,-16.955,-47.291,8.062,-34.765,100.123,1,-46.500,1.000,-34.788,0,0,0,0,0,0,0,0,0,0,0,0,0,0,0,0,0,0,0,0,0,0,0,0
286.300,48.141,37.809,-22.302,54.178,0,44.196,43.550,-16.955,-47.289,8.053,-34.768,100.123,1,-46.500,1.000,-34.788,0,0,0,0,0,0,0,0,0,0,0,0,0,0,0,0,0,0,0,0,0,0,0,0
286.350,48.111,37.863,-22.227,54.126,0,44.196,43.550,-16.955,-47.287,8.044,-34.772,100.123,1,-46.500,1.000,-34.788,0,0,0,0,0,0,0,0,0,0,0,0,0,0,0,0,0,0,0,0,0,0,0,0
286.400,48.080,37.915,-22.151,54.074,0,44.196,43.550,-16.955,-47.285,8.036,-34.775,100.123,1,-46.500,1.000,-34.788,0,0,0,0,0,0,0,0,0,0,0,0,0,0,0,0,0,0,0,0,0,0,0,0
286.450,48.049,37.965,-22.074,54.022,0,44.196,43.550,-16.955,-47.283,8.027,-34.778,100.123,1,-46.500,1.000,-34.788,0,0,0,0,0,0,0,0,0,0,0,0,0,0,0,0,0,0,0,0,0,0,0,0
286.500,48.016,38.015,-21.997,53.969,0,44.196,43.550,-16.955,-47.282,8.018,-34.782,100.123,1,-46.500,1.000,-34.788,0,0,0,0,0,0,0,0,0,0,0,0,0,0,0,0,0,0,0,0,0,0,0,0
286.550,47.983,38.063,-21.920,53.916,0,44.196,43.550,-16.955,-47.280,8.009,-34.785,100.123,1,-46.500,1.000,-34.788,0,0,0,0,0,0,0,0,0,0,0,0,0,0,0,0,0,0,0,0,0,0,0,0
286.600,47.948,38.109,-21.843,53.862,0,44.196,43.550,-16.955,-47.278,8.000,-34.788,100.123,1,-46.500,1.000,-34.788,0,0,0,0,0,0,0,0,0,0,0,0,0,0,0,0,0,0,0,0,0,0,0,0
286.650,47.913,38.154,-21.765,53.808,0,44.196,43.550,-16.955,-47.277,7.991,-34.791,100.123,1,-46.500,1.000,-34.788,0,0,0,0,0,0,0,0,0,0,0,0,0,0,0,0,0,0,0,0,0,0,0,0
286.700,47.876,38.198,-21.687,53.754,0,44.196,43.550,-16.955,-47.275,7.982,-34.794,100.123,1,-46.500,1.000,-34.788,0,0,0,0,0,0,0,0,0,0,0,0,0,0,0,0,0,0,0,0,0,0,0,0
286.750,47.839,38.241,-21.609,53.699,0,44.196,43.550,-16.955,-47.274,7.973,-34.797,100.123,1,-46.500,1.000,-34.788,0,0,0,0,0,0,0,0,0,0,0,0,0,0,0,0,0,0,0,0,0,0,0,0
286.800,47.800,38.282,-21.530,53.645,0,44.196,43.550,-16.955,-47.273,7.964,-34.801,100.123,1,-46.500,1.000,-34.788,0,0,0,0,0,0,0,0,0,0,0,0,0,0,0,0,0,0,0,0,0,0,0,0
286.850,47.761,38.322,-21.451,53.590,0,44.196,43.550,-16.955,-47.272,7.955,-34.804,100.123,1,-46.500,1.000,-34.788,0,0,0,0,0,0,0,0,0,0,0,0,0,0,0,0,0,0,0,0,0,0,0,0
286.900,47.720,38.360,-21.371,53.534,0,44.196,43.550,-16.955,-47.270,7.946,-34.807,100.123,1,-46.500,1.000,-34.788,0,0,0,0,0,0,0,0,0,0,0,0,0,0,0,0,0,0,0,0,0,0,0,0
286.950,47.679,38.398,-21.292,53.479,0,44.196,43.550,-16.955,-47.269,7.938,-34.809,100.123,1,-46.500,1.000,-34.788,0,0,0,0,0,0,0,0,0,0,0,0,0,0,0,0,0,0,0,0,0,0,0,0
287.000,47.637,38.434,-21.212,53.423,0,44.196,43.550,-16.955,-47.268,7.929,-34.812,100.123,1,-46.500,1.000,-34.788,0,0,0,0,0,0,0,0,0,0,0,0,0,0,0,0,0,0,0,0,0,0,0,0
287.050,47.594,38.469,-21.131,53.367,0,44.196,43.550,-16.955,-47.267,7.920,-34.815,100.123,1,-46.500,1.000,-34.788,0,0,0,0,0,0,0,0,0,0,0,0,0,0,0,0,0,0,0,0,0,0,0,0
287.100,47.550,38.503,-21.051,53.311,0,44.196,43.550,-16.955,-47.267,7.911,-34.818,100.123,1,-46.500,1.000,-34.788,0,0,0,0,0,0,0,0,0,0,0,0,0,0,0,0,0,0,0,0,0,0,0,0
287.150,47.505,38.537,-20.970,53.254,0,44.196,43.550,-16.955,-47.266,7.902,-34.821,100.123,1,-46.500,1.000,-34.788,0,0,0,0,0,0,0,0,0,0,0,0,0,0,0,0,0,0,0,0,0,0,0,0
287.200,47.459,38.569,-20.889,53.198,0,44.196,43.550,-16.955,-47.265,7.894,-34.823,100.123,1,-46.500,1.000,-34.788,0,0,0,0,0,0,0,0,0,0,0,0,0,0,0,0,0,0,0,0,0,0,0,0
287.250,47.412,38.600,-20.807,53.141,0,44.196,43.550,-16.955,-47.264,7.885,-34.826,100.123,1,-46.500,1.000,-34.788,0,0,0,0,0,0,0,0,0,0,0,0,0,0,0,0,0,0,0,0,0,0,0,0
287.300,47.365,38.630,-20.726,53.084,0,44.196,43.550,-16.955,-47.264,7.877,-34.828,100.123,1,-46.500,1.000,-34.788,0,0,0,0,0,0,0,0,0,0,0,0,0,0,0,0,0,0,0,0,0,0,0,0
287.350,47.317,38.660,-20.644,53.027,0,44.196,43.550,-16.955,-47.263,7.868,-34.831,100.123,1,-46.500,1.000,-34.788,0,0,0,0,0,0,0,0,0,0,0,0,0,0,0,0,0,0,0,0,0,0,0,0
287.400,47.267,38.689,-20.562,52.970,0,44.196,43.550,-16.955,-47.263,7.860,-34.833,100.123,1,-46.500,1.000,-34.788,0,0,0,0,0,0,0,0,0,0,0,0,0,0,0,0,0,0,0,0,0,0,0,0
287.450,47.218,38.717,-20.479,52.912,0,44.196,43.550,-16.955,-47.263,7.852,-34.836,100.123,1,-46.500,1.000,-34.788,0,0,0,0,0,0,0,0,0,0,0,0,0,0,0,0,0,0,0,0,0,0,0,0
287.500,47.167,38.745,-20.397,52.855,0,44.196,43.550,-16.955,-47.263,7.844,-34.838,100.123,1,-46.500,1.000,-34.788,0,0,0,0,0,0,0,0,0,0,0,0,0,0,0,0,0,0,0,0,0,0,0,0
287.550,47.116,38.772,-20.315,52.797,0,44.196,43.550,-16.955,-47.262,7.836,-34.840,100.123,1,-46.500,1.000,-34.788,0,0,0,0,0,0,0,0,0,0,0,0,0,0,0,0,0,0,0,0,0,0,0,0
287.600,47.064,38.799,-20.232,52.739,0,44.196,43.550,-16.955,-47.262,7.828,-34.842,100.123,1,-46.500,1.000,-34.788,0,0,0,0,0,0,0,0,0,0,0,0,0,0,0,0,0,0,0,0,0,0,0,0
287.650,47.011,38.825,-20.149,52.681,0,44.196,43.550,-16.955,-47.262,7.820,-34.844,100.123,1,-46.500,1.000,-34.788,0,0,0,0,0,0,0,0,0,0,0,0,0,0,0,0,0,0,0,0,0,0,0,0
287.700,46.958,38.851,-20.066,52.623,0,44.196,43.550,-16.955,-47.262,7.813,-34.846,100.123,1,-46.500,1.000,-34.788,0,0,0,0,0,0,0,0,0,0,0,0,0,0,0,0,0,0,0,0,0,0,0,0
287.750,46.904,38.877,-19.983,52.565,0,44.196,43.550,-16.955,-47.263,7.806,-34.848,100.123,1,-46.500,1.000,-34.788,0,0,0,0,0,0,0,0,0,0,0,0,0,0,0,0,0,0,0,0,0,0,0,0
287.800,46.850,38.903,-19.901,52.507,0,44.196,43.550,-16.955,-47.263,7.798,-34.849,100.123,1,-46.500,1.000,-34.788,0,0,0,0,0,0,0,0,0,0,0,0,0,0,0,0,0,0,0,0,0,0,0,0
287.850,46.794,38.929,-19.818,52.448,0,44.196,43.550,-16.955,-47.263,7.791,-34.851,100.123,1,-46.500,1.000,-34.788,0,0,0,0,0,0,0,0,0,0,0,0,0,0,0,0,0,0,0,0,0,0,0,0
287.900,46.739,38.955,-19.735,52.389,0,44.196,43.550,-16.955,-47.263,7.785,-34.852,100.123,1,-46.500,1.000,-34.788,0,0,0,0,0,0,0,0,0,0,0,0,0,0,0,0,0,0,0,0,0,0,0,0
287.950,46.682,38.981,-19.652,52.330,0,44.196,43.550,-16.955,-47.264,7.778,-34.854,100.123,1,-46.500,1.000,-34.788,0,0,0,0,0,0,0,0,0,0,0,0,0,0,0,0,0,0,0,0,0,0,0,0
288.000,46.626,39.008,-19.569,52.271,0,44.196,43.550,-16.955,-47.264,7.772,-34.855,100.123,1,-46.500,1.000,-34.788,0,0,0,0,0,0,0,0,0,0,0,0,0,0,0,0,0,0,0,0,0,0,0,0
288.050,46.568,39.034,-19.486,52.212,0,44.196,43.550,-16.955,-47.265,7.765,-34.856,100.123,1,-46.500,1.000,-34.788,0,0,0,0,0,0,0,0,0,0,0,0,0,0,0,0,0,0,0,0,0,0,0,0
288.100,46.511,39.061,-19.404,52.152,0,44.196,43.550,-16.955,-47.265,7.759,-34.858,100.123,1,-46.500,1.000,-34.788,0,0,0,0,0,0,0,0,0,0,0,0,0,0,0,0,0,0,0,0,0,0,0,0
288.150,46.452,39.089,-19.321,52.092,0,44.196,43.550,-16.955,-47.266,7.753,-34.859,100.123,1,-46.500,1.000,-34.788,0,0,0,0,0,0,0,0,0,0,0,0,0,0,0,0,0,0,0,0,0,0,0,0
288.200,46.394,39.117,-19.239,52.032,0,44.196,43.550,-16.955,-47.267,7.748,-34.860,100.123,1,-46.500,1.000,-34.788,0,0,0,0,0,0,0,0,0,0,0,0,0,0,0,0,0,0,0,0,0,0,0,0
288.250,46.334,39.145,-19.157,51.971,0,44.196,43.550,-16.955,-47.267,7.742,-34.860,100.123,1,-46.500,1.000,-34.788,0,0,0,0,0,0,0,0,0,0,0,0,0,0,0,0,0,0,0,0,0,0,0,0
288.300,46.275,39.174,-19.075,51.911,0,44.196,43.550,-16.955,-47.268,7.737,-34.861,100.123,1,-46.500,1.000,-34.788,0,0,0,0,0,0,0,0,0,0,0,0,0,0,0,0,0,0,0,0,0,0,0,0
288.350,46.215,39.204,-18.993,51.849,0,44.196,43.550,-16.955,-47.269,7.732,-34.862,100.123,1,-46.500,1.000,-34.788,0,0,0,0,0,0,0,0,0,0,0,0,0,0,0,0,0,0,0,0,0,0,0,0
288.400,46.155,39.235,-18.912,51.788,0,44.196,43.550,-16.955,-47.270,7.728,-34.862,100.123,1,-46.500,1.000,-34.788,0,0,0,0,0,0,0,0,0,0,0,0,0,0,0,0,0,0,0,0,0,0,0,0
288.450,46.094,39.266,-18.830,51.726,0,44.196,43.550,-16.955,-47.271,7.723,-34.863,100.123,1,-46.500,1.000,-34.788,0,0,0,0,0,0,0,0,0,0,0,0,0,0,0,0,0,0,0,0,0,0,0,0
288.500,46.033,39.299,-18.749,51.665,0,44.196,43.550,-16.955,-47.272,7.719,-34.863,100.123,1,-46.500,1.000,-34.788,0,0,0,0,0,0,0,0,0,0,0,0,0,0,0,0,0,0,0,0,0,0,0,0
288.550,45.972,39.332,-18.669,51.595,0,56.611,36.089,-47.768,-47.273,7.715,-34.863,100.123,1,-46.500,1.000,-34.788,0,0,0,0,0,0,0,0,0,0,0,0,0,0,0,0,0,0,0,0,0,0,0,0
288.600,45.914,39.361,-18.594,51.525,0,56.611,36.089,-47.768,-47.274,7.711,-34.863,100.123,1,-46.500,1.000,-34.788,0,0,0,0,0,0,0,0,0,0,0,0,0,0,0,0,0,0,0,0,0,0,0,0
288.650,45.858,39.386,-18.526,51.456,0,56.611,36.089,-47.768,-47.275,7.708,-34.864,100.123,1,-46.500,1.000,-34.788,0,0,0,0,0,0,0,0,0,0,0,0,0,0,0,0,0,0,0,0,0,0,0,0
288.700,45.805,39.407,-18.462,51.386,0,56.611,36.089,-47.768,-47.276,7.704,-34.864,100.123,1,-46.500,1.000,-34.788,0,0,0,0,0,0,0,0,0,0,0,0,0,0,0,0,0,0,0,0,0,0,0,0
288.750,45.754,39.424,-18.404,51.317,0,56.611,36.089,-47.768,-47.277,7.701,-34.863,100.123,1,-46.500,1.000,-34.788,0,0,0,0,0,0,0,0,0,0,0,0,0,0,0,0,0,0,0,0,0,0,0,0
288.800,45.706,39.437,-18.350,51.247,0,56.611,36.089,-47.768,-47.278,7.699,-34.863,100.123,1,-46.500,1.000,-34.788,0,0,0,0,0,0,0,0,0,0,0,0,0,0,0,0,0,0,0,0,0,0,0,0
288.850,45.659,39.447,-18.301,51.178,0,56.611,36.089,-47.768,-47.279,7.696,-34.863,100.123,1,-46.500,1.000,-34.788,0,0,0,0,0,0,0,0,0,0,0,0,0,0,0,0,0,0,0,0,0,0,0,0
288.900,45.613,39.454,-18.256,51.108,0,56.611,36.089,-47.768,-47.280,7.694,-34.862,100.123,1,-46.500,1.000,-34.788,0,0,0,0,0,0,0,0,0,0,0,0,0,0,0,0,0,0,0,0,0,0,0,0
288.950,45.570,39.457,-18.216,51.039,0,56.611,36.089,-47.768,-47.281,7.692,-34.862,100.123,1,-46.500,1.000,-34.788,0,0,0,0,0,0,0,0,0,0,0,0,0,0,0,0,0,0,0,0,0,0,0,0
289.000,45.528,39.457,-18.179,50.969,0,56.611,36.089,-47.768,-47.283,7.690,-34.861,100.123,1,-46.500,1.000,-34.788,0,0,0,0,0,0,0,0,0,0,0,0,0,0,0,0,0,0,0,0,0,0,0,0
289.050,45.487,39.453,-18.146,50.900,0,56.611,36.089,-47.768,-47.284,7.689,-34.861,100.123,1,-46.500,1.000,-34.788,0,0,0,0,0,0,0,0,0,0,0,0,0,0,0,0,0,0,0,0,0,0,0,0
289.100,45.448,39.447,-18.118,50.830,0,56.611,36.089,-47.768,-47.285,7.688,-34.860,100.123,1,-46.500,1.000,-34.788,0,0,0,0,0,0,0,0,0,0,0,0,0,0,0,0,0,0,0,0,0,0,0,0
289.150,45.410,39.437,-18.092,50.761,0,56.611,36.089,-47.768,-47.286,7.687,-34.859,100.123,1,-46.500,1.000,-34.788,0,0,0,0,0,0,0,0,0,0,0,0,0,0,0,0,0,0,0,0,0,0,0,0
289.200,45.374,39.425,-18.071,50.691,0,56.611,36.089,-47.768,-47.287,7.686,-34.858,100.123,1,-46.500,1.000,-34.788,0,0,0,0,0,0,0,0,0,0,0,0,0,0,0,0,0,0,0,0,0,0,0,0
289.250,45.339,39.409,-18.053,50.622,0,56.611,36.089,-47.768,-47.289,7.686,-34.857,100.123,1,-46.500,1.000,-34.788,0,0,0,0,0,0,0,0,0,0,0,0,0,0,0,0,0,0,0,0,0,0,0,0
289.300,45.305,39.390,-18.039,50.552,0,56.611,36.089,-47.768,-47.290,7.686,-34.856,100.123,1,-46.500,1.000,-34.788,0,0,0,0,0,0,0,0,0,0,0,0,0,0,0,0,0,0,0,0,0,0,0,0
289.350,45.272,39.369,-18.027,50.482,0,56.611,36.089,-47.768,-47.291,7.686,-34.855,100.123,1,-46.500,1.000,-34.788,0,0,0,0,0,0,0,0,0,0,0,0,0,0,0,0,0,0,0,0,0,0,0,0
289.400,45.241,39.344,-18.020,50.413,0,56.611,36.089,-47.768,-47.292,7.687,-34.853,100.123,1,-46.500,1.000,-34.788,0,0,0,0,0,0,0,0,0,0,0,0,0,0,0,0,0,0,0,0,0,0,0,0
289.450,45.211,39.317,-18.016,50.343,0,56.611,36.089,-47.768,-47.293,7.687,-34.852,100.123,1,-46.500,1.000,-34.788,0,0,0,0,0,0,0,0,0,0,0,0,0,0,0,0,0,0,0,0,0,0,0,0
289.500,45.182,39.287,-18.014,50.273,0,56.611,36.089,-47.768,-47.294,7.688,-34.850,100.123,1,-46.500,1.000,-34.788,0,0,0,0,0,0,0,0,0,0,0,0,0,0,0,0,0,0,0,0,0,0,0,0
289.550,45.154,39.254,-18.017,50.203,0,56.611,36.089,-47.768,-47.296,7.690,-34.849,100.123,1,-46.500,1.000,-34.788,0,0,0,0,0,0,0,0,0,0,0,0,0,0,0,0,0,0,0,0,0,0,0,0
289.600,45.128,39.219,-18.022,50.133,0,56.611,36.089,-47.768,-47.297,7.691,-34.847,100.123,1,-46.500,1.000,-34.788,0,0,0,0,0,0,0,0,0,0,0,0,0,0,0,0,0,0,0,0,0,0,0,0
289.650,45.103,39.180,-18.031,50.064,0,56.611,36.089,-47.768,-47.298,7.693,-34.846,100.123,1,-46.500,1.000,-34.788,0,0,0,0,0,0,0,0,0,0,0,0,0,0,0,0,0,0,0,0,0,0,0,0
289.700,45.079,39.140,-18.042,49.994,0,56.611,36.089,-47.768,-47.299,7.695,-34.844,100.123,1,-46.500,1.000,-34.788,0,0,0,0,0,0,0,0,0,0,0,0,0,0,0,0,0,0,0,0,0,0,0,0
289.750,45.057,39.096,-18.057,49.923,0,56.611,36.089,-47.768,-47.300,7.698,-34.842,100.123,1,-46.500,1.000,-34.788,0,0,0,0,0,0,0,0,0,0,0,0,0,0,0,0,0,0,0,0,0,0,0,0
289.800,45.036,39.051,-18.075,49.853,0,56.611,36.089,-47.768,-47.301,7.700,-34.840,100.123,1,-46.500,1.000,-34.788,0,0,0,0,0,0,0,0,0,0,0,0,0,0,0,0,0,0,0,0,0,0,0,0
289.850,45.017,39.003,-18.096,49.783,0,56.611,36.089,-47.768,-47.302,7.703,-34.839,100.123,1,-46.500,1.000,-34.788,0,0,0,0,0,0,0,0,0,0,0,0,0,0,0,0,0,0,0,0,0,0,0,0
289.900,44.999,38.953,-18.119,49.713,0,56.611,36.089,-47.768,-47.303,7.706,-34.837,100.123,1,-46.500,1.000,-34.788,0,0,0,0,0,0,0,0,0,0,0,0,0,0,0,0,0,0,0,0,0,0,0,0
289.950,44.983,38.900,-18.146,49.643,0,56.611,36.089,-47.768,-47.304,7.710,-34.835,100.123,1,-46.500,1.000,-34.788,0,0,0,0,0,0,0,0,0,0,0,0,0,0,0,0,0,0,0,0,0,0,0,0
290.000,44.968,38.846,-18.175,49.572,0,56.611,36.089,-47.768,-47.305,7.714,-34.833,100.123,1,-46.500,1.000,-34.788,0,0,0,0,0,0,0,0,0,0,0,0,0,0,0,0,0,0,0,0,0,0,0,0
290.050,44.955,38.790,-18.206,49.502,0,56.611,36.089,-47.768,-47.306,7.717,-34.830,100.123,1,-46.500,1.000,-34.788,0,0,0,0,0,0,0,0,0,0,0,0,0,0,0,0,0,0,0,0,0,0,0,0
290.100,44.943,38.732,-18.241,49.432,0,56.611,36.089,-47.768,-47.306,7.722,-34.828,100.123,1,-46.500,1.000,-34.788,0,0,0,0,0,0,0,0,0,0,0,0,0,0,0,0,0,0,0,0,0,0,0,0
290.150,44.933,38.672,-18.277,49.361,0,56.611,36.089,-47.768,-47.307,7.726,-34.826,100.123,1,-46.500,1.000,-34.788,0,0,0,0,0,0,0,0,0,0,0,0,0,0,0,0,0,0,0,0,0,0,0,0
290.200,44.925,38.611,-18.317,49.291,0,56.611,36.089,-47.768,-47.308,7.731,-34.824,100.123,1,-46.500,1.000,-34.788,0,0,0,0,0,0,0,0,0,0,0,0,0,0,0,0,0,0,0,0,0,0,0,0
290.250,44.919,38.548,-18.358,49.220,0,56.611,36.089,-47.768,-47.309,7.736,-34.822,100.123,1,-46.500,1.000,-34.788,0,0,0,0,0,0,0,0,0,0,0,0,0,0,0,0,0,0,0,0,0,0,0,0
290.300,44.914,38.483,-18.402,49.149,0,56.611,36.089,-47.768,-47.309,7.741,-34.819,100.123,1,-46.500,1.000,-34.788,0,0,0,0,0,0,0,0,0,0,0,0,0,0,0,0,0,0,0,0,0,0,0,0
290.350,44.910,38.418,-18.448,49.079,0,56.611,36.089,-47.768,-47.310,7.746,-34.817,100.123,1,-46.500,1.000,-34.788,0,0,0,0,0,0,0,0,0,0,0,0,0,0,0,0,0,0,0,0,0,0,0,0
290.400,44.909,38.351,-18.495,49.008,0,56.611,36.089,-47.768,-47.310,7.752,-34.815,100.123,1,-46.500,1.000,-34.788,0,0,0,0,0,0,0,0,0,0,0,0,0,0,0,0,0,0,0,0,0,0,0,0
290.450,44.909,38.283,-18.545,48.938,0,56.611,36.089,-47.768,-47.311,7.757,-34.812,100.123,1,-46.500,1.000,-34.788,0,0,0,0,0,0,0,0,0,0,0,0,0,0,0,0,0,0,0,0,0,0,0,0
290.500,44.910,38.214,-18.597,48.867,0,56.611,36.089,-47.768,-47.312,7.763,-34.810,100.123,1,-46.500,1.000,-34.788,0,0,0,0,0,0,0,0,0,0,0,0,0,0,0,0,0,0,0,0,0,0,0,0
290.550,44.914,38.144,-18.650,48.796,0,56.611,36.089,-47.768,-47.312,7.770,-34.808,100.123,1,-46.500,1.000,-34.788,0,0,0,0,0,0,0,0,0,0,0,0,0,0,0,0,0,0,0,0,0,0,0,0
290.600,44.919,38.074,-18.706,48.726,0,56.611,36.089,-47.768,-47.312,7.776,-34.805,100.123,1,-46.500,1.000,-34.788,0,0,0,0,0,0,0,0,0,0,0,0,0,0,0,0,0,0,0,0,0,0,0,0
290.650,44.925,38.003,-18.762,48.655,0,56.611,36.089,-47.768,-47.313,7.783,-34.803,100.123,1,-46.500,1.000,-34.788,0,0,0,0,0,0,0,0,0,0,0,0,0,0,0,0,0,0,0,0,0,0,0,0
290.700,44.934,37.931,-18.821,48.585,0,56.611,36.089,-47.768,-47.313,7.789,-34.800,100.123,1,-46.500,1.000,-34.788,0,0,0,0,0,0,0,0,0,0,0,0,0,0,0,0,0,0,0,0,0,0,0,0
290.750,44.944,37.858,-18.881,48.514,0,56.611,36.089,-47.768,-47.313,7.796,-34.798,100.123,1,-46.500,1.000,-34.788,0,0,0,0,0,0,0,0,0,0,0,0,0,0,0,0,0,0,0,0,0,0,0,0
290.800,44.955,37.786,-18.942,48.444,0,56.611,36.089,-47.768,-47.314,7.803,-34.796,100.123,1,-46.500,1.000,-34.788,0,0,0,0,0,0,0,0,0,0,0,0,0,0,0,0,0,0,0,0,0,0,0,0
290.850,44.968,37.713,-19.005,48.374,0,56.611,36.089,-47.768,-47.314,7.811,-34.793,100.123,1,-46.500,1.000,-34.788,0,0,0,0,0,0,0,0,0,0,0,0,0,0,0,0,0,0,0,0,0,0,0,0
290.900,44.983,37.639,-19.068,48.304,0,56.611,36.089,-47.768,-47.314,7.818,-34.791,100.123,1,-46.500,1.000,-34.788,0,0,0,0,0,0,0,0,0,0,0,0,0,0,0,0,0,0,0,0,0,0,0,0
290.950,44.999,37.566,-19.133,48.234,0,56.611,36.089,-47.768,-47.314,7.825,-34.788,100.123,1,-46.500,1.000,-34.788,0,0,0,0,0,0,0,0,0,0,0,0,0,0,0,0,0,0,0,0,0,0,0,0
291.000,45.017,37.492,-19.200,48.164,0,56.611,36.089,-47.768,-47.314,7.833,-34.786,100.123,1,-46.500,1.000,-34.788,0,0,0,0,0,0,0,0,0,0,0,0,0,0,0,0,0,0,0,0,0,0,0,0
291.050,45.036,37.418,-19.267,48.094,0,56.611,36.089,-47.768,-47.314,7.841,-34.783,100.123,1,-46.500,1.000,-34.788,0,0,0,0,0,0,0,0,0,0,0,0,0,0,0,0,0,0,0,0,0,0,0,0
291.100,45.057,37.345,-19.335,48.024,0,56.611,36.089,-47.768,-47.314,7.849,-34.781,100.123,1,-46.500,1.000,-34.788,0,0,0,0,0,0,0,0,0,0,0,0,0,0,0,0,0,0,0,0,0,0,0,0
291.150,45.079,37.271,-19.404,47.955,0,56.611,36.089,-47.768,-47.314,7.857,-34.779,100.123,1,-46.500,1.000,-34.788,0,0,0,0,0,0,0,0,0,0,0,0,0,0,0,0,0,0,0,0,0,0,0,0
291.200,45.103,37.198,-19.474,47.886,0,56.611,36.089,-47.768,-47.314,7.865,-34.776,100.123,1,-46.500,1.000,-34.788,0,0,0,0,0,0,0,0,0,0,0,0,0,0,0,0,0,0,0,0,0,0,0,0
291.250,45.128,37.125,-19.545,47.816,0,56.611,36.089,-47.768,-47.314,7.873,-34.774,100.123,1,-46.500,1.000,-34.788,0,0,0,0,0,0,0,0,0,0,0,0,0,0,0,0,0,0,0,0,0,0,0,0
291.300,45.154,37.053,-19.617,47.748,0,56.611,36.089,-47.768,-47.314,7.882,-34.772,100.123,1,-46.500,1.000,-34.788,0,0,0,0,0,0,0,0,0,0,0,0,0,0,0,0,0,0,0,0,0,0,0,0
291.350,45.182,36.980,-19.690,47.679,0,56.611,36.089,-47.768,-47.314,7.890,-34.770,100.123,1,-46.500,1.000,-34.788,0,0,0,0,0,0,0,0,0,0,0,0,0,0,0,0,0,0,0,0,0,0,0,0
291.400,45.211,36.908,-19.763,47.611,0,56.611,36.089,-47.768,-47.313,7.898,-34.767,100.123,1,-46.500,1.000,-34.788,0,0,0,0,0,0,0,0,0,0,0,0,0,0,0,0,0,0,0,0,0,0,0,0
291.450,45.241,36.837,-19.837,47.542,0,56.611,36.089,-47.768,-47.313,7.907,-34.765,100.123,1,-46.500,1.000,-34.788,0,0,0,0,0,0,0,0,0,0,0,0,0,0,0,0,0,0,0,0,0,0,0,0
291.500,45.273,36.766,-19.912,47.474,0,56.611,36.089,-47.768,-47.313,7.915,-34.763,100.123,1,-46.500,1.000,-34.788,0,0,0,0,0,0,0,0,0,0,0,0,0,0,0,0,0,0,0,0,0,0,0,0
291.550,45.306,36.696,-19.987,47.407,0,56.611,36.089,-47.768,-47.313,7.924,-34.761,100.123,1,-46.500,1.000,-34.788,0,0,0,0,0,0,0,0,0,0,0,0,0,0,0,0,0,0,0,0,0,0,0,0
291.600,45.340,36.626,-20.063,47.339,0,56.611,36.089,-47.768,-47.312,7.933,-34.759,100.123,1,-46.500,1.000,-34.788,0,0,0,0,0,0,0,0,0,0,0,0,0,0,0,0,0,0,0,0,0,0,0,0
291.650,45.375,36.557,-20.139,47.272,0,56.611,36.089,-47.768,-47.312,7.941,-34.757,100.123,1,-46.500,1.000,-34.788,0,0,0,0,0,0,0,0,0,0,0,0,0,0,0,0,0,0,0,0,0,0,0,0
291.700,45.411,36.489,-20.216,47.205,0,56.611,36.089,-47.768,-47.312,7.950,-34.755,100.123,1,-46.500,1.000,-34.788,0,0,0,0,0,0,0,0,0,0,0,0,0,0,0,0,0,0,0,0,0,0,0,0
291.750,45.449,36.422,-20.294,47.138,0,56.611,36.089,-47.768,-47.311,7.958,-34.753,100.123,1,-46.500,1.000,-34.788,0,0,0,0,0,0,0,0,0,0,0,0,0,0,0,0,0,0,0,0,0,0,0,0
291.800,45.487,36.355,-20.371,47.071,0,56.611,36.089,-47.768,-47.311,7.967,-34.751,100.123,1,-46.500,1.000,-34.788,0,0,0,0,0,0,0,0,0,0,0,0,0,0,0,0,0,0,0,0,0,0,0,0
291.850,45.526,36.289,-20.450,47.004,0,56.611,36.089,-47.768,-47.310,7.976,-34.749,100.123,1,-46.500,1.000,-34.788,0,0,0,0,0,0,0,0,0,0,0,0,0,0,0,0,0,0,0,0,0,0,0,0
291.900,45.567,36.223,-20.529,46.938,0,56.611,36.089,-47.768,-47.310,7.984,-34.747,100.123,1,-46.500,1.000,-34.788,0,0,0,0,0,0,0,0,0,0,0,0,0,0,0,0,0,0,0,0,0,0,0,0
291.950,45.608,36.159,-20.608,46.872,0,56.611,36.089,-47.768,-47.310,7.993,-34.746,100.123,1,-46.500,1.000,-34.788,0,0,0,0,0,0,0,0,0,0,0,0,0,0,0,0,0,0,0,0,0,0,0,0
292.000,45.650,36.095,-20.688,46.806,0,56.611,36.089,-47.768,-47.309,8.001,-34.744,100.123,1,-46.500,1.000,-34.788,0,0,0,0,0,0,0,0,0,0,0,0,0,0,0,0,0,0,0,0,0,0,0,0
292.050,45.693,36.032,-20.768,46.740,0,56.611,36.089,-47.768,-47.309,8.010,-34.742,100.123,1,-46.500,1.000,-34.788,0,0,0,0,0,0,0,0,0,0,0,0,0,0,0,0,0,0,0,0,0,0,0,0
292.100,45.737,35.970,-20.848,46.674,0,56.611,36.089,-47.768,-47.308,8.018,-34.741,100.123,1,-46.500,1.000,-34.788,0,0,0,0,0,0,0,0,0,0,0,0,0,0,0,0,0,0,0,0,0,0,0,0
292.150,45.781,35.909,-20.929,46.609,0,56.611,36.089,-47.768,-47.308,8.027,-34.739,100.123,1,-46.500,1.000,-34.788,0,0,0,0,0,0,0,0,0,0,0,0,0,0,0,0,0,0,0,0,0,0,0,0
292.200,45.827,35.849,-21.010,46.543,0,56.611,36.089,-47.768,-47.307,8.035,-34.737,100.123,1,-46.500,1.000,-34.788,0,0,0,0,0,0,0,0,0,0,0,0,0,0,0,0,0,0,0,0,0,0,0,0
292.250,45.873,35.789,-21.091,46.478,0,56.611,36.089,-47.768,-47.307,8.043,-34.736,100.123,1,-46.500,1.000,-34.788,0,0,0,0,0,0,0,0,0,0,0,0,0,0,0,0,0,0,0,0,0,0,0,0
292.300,45.920,35.730,-21.173,46.413,0,56.611,36.089,-47.768,-47.306,8.052,-34.735,100.123,1,-46.500,1.000,-34.788,0,0,0,0,0,0,0,0,0,0,0,0,0,0,0,0,0,0,0,0,0,0,0,0
292.350,45.967,35.672,-21.255,46.348,0,56.611,36.089,-47.768,-47.306,8.060,-34.733,100.123,1,-46.500,1.000,-34.788,0,0,0,0,0,0,0,0,0,0,0,0,0,0,0,0,0,0,0,0,0,0,0,0
292.400,46.015,35.615,-21.337,46.283,0,56.611,36.089,-47.768,-47.305,8.068,-34.732,100.123,1,-46.500,1.000,-34.788,0,0,0,0,0,0,0,0,0,0,0,0,0,0,0,0,0,0,0,0,0,0,0,0
292.450,46.064,35.558,-21.419,46.218,0,56.611,36.089,-47.768,-47.304,8.076,-34.731,100.123,1,-46.500,1.000,-34.788,0,0,0,0,0,0,0,0,0,0,0,0,0,0,0,0,0,0,0,0,0,0,0,0
292.500,46.113,35.502,-21.502,46.154,0,56.611,36.089,-47.768,-47.304,8.083,-34.729,100.123,1,-46.500,1.000,-34.788,0,0,0,0,0,0,0,0,0,0,0,0,0,0,0,0,0,0,0,0,0,0,0,0
292.550,46.163,35.447,-21.585,46.089,0,56.611,36.089,-47.768,-47.303,8.091,-34.728,100.123,1,-46.500,1.000,-34.788,0,0,0,0,0,0,0,0,0,0,0,0,0,0,0,0,0,0,0,0,0,0,0,0
292.600,46.213,35.393,-21.668,46.025,0,56.611,36.089,-47.768,-47.303,8.099,-34.727,100.123,1,-46.500,1.000,-34.788,0,0,0,0,0,0,0,0,0,0,0,0,0,0,0,0,0,0,0,0,0,0,0,0
292.650,46.264,35.340,-21.752,45.961,0,56.611,36.089,-47.768,-47.302,8.106,-34.726,100.123,1,-46.500,1.000,-34.788,0,0,0,0,0,0,0,0,0,0,0,0,0,0,0,0,0,0,0,0,0,0,0,0
292.700,46.315,35.287,-21.835,45.897,0,56.611,36.089,-47.768,-47.302,8.114,-34.725,100.123,1,-46.500,1.000,-34.788,0,0,0,0,0,0,0,0,0,0,0,0,0,0,0,0,0,0,0,0,0,0,0,0
292.750,46.366,35.235,-21.919,45.833,0,56.611,36.089,-47.768,-47.301,8.121,-34.724,100.123,1,-46.500,1.000,-34.788,0,0,0,0,0,0,0,0,0,0,0,0,0,0,0,0,0,0,0,0,0,0,0,0
292.800,46.418,35.183,-22.003,45.770,0,56.611,36.089,-47.768,-47.301,8.128,-34.723,100.123,1,-46.500,1.000,-34.788,0,0,0,0,0,0,0,0,0,0,0,0,0,0,0,0,0,0,0,0,0,0,0,0
292.850,46.471,35.133,-22.088,45.706,0,56.611,36.089,-47.768,-47.300,8.135,-34.722,100.123,1,-46.500,1.000,-34.788,0,0,0,0,0,0,0,0,0,0,0,0,0,0,0,0,0,0,0,0,0,0,0,0
292.900,46.523,35.083,-22.172,45.643,0,56.611,36.089,-47.768,-47.300,8.141,-34.721,100.123,1,-46.500,1.000,-34.788,0,0,0,0,0,0,0,0,0,0,0,0,0,0,0,0,0,0,0,0,0,0,0,0
292.950,46.576,35.033,-22.257,45.580,0,56.611,36.089,-47.768,-47.299,8.148,-34.720,100.123,1,-46.500,1.000,-34.788,0,0,0,0,0,0,0,0,0,0,0,0,0,0,0,0,0,0,0,0,0,0,0,0
293.000,46.630,34.985,-22.341,45.518,0,56.611,36.089,-47.768,-47.299,8.154,-34.720,100.123,1,-46.500,1.000,-34.788,0,0,0,0,0,0,0,0,0,0,0,0,0,0,0,0,0,0,0,0,0,0,0,0
293.050,46.683,34.937,-22.426,45.455,0,56.611,36.089,-47.768,-47.298,8.161,-34.719,100.123,1,-46.500,1.000,-34.788,0,0,0,0,0,0,0,0,0,0,0,0,0,0,0,0,0,0,0,0,0,0,0,0
293.100,46.737,34.890,-22.511,45.393,0,56.611,36.089,-47.768,-47.298,8.167,-34.718,100.123,1,-46.500,1.000,-34.788,0,0,0,0,0,0,0,0,0,0,0,0,0,0,0,0,0,0,0,0,0,0,0,0
293.150,46.791,34.843,-22.597,45.330,0,56.611,36.089,-47.768,-47.297,8.173,-34.717,100.123,1,-46.500,1.000,-34.788,0,0,0,0,0,0,0,0,0,0,0,0,0,0,0,0,0,0,0,0,0,0,0,0
293.200,46.845,34.797,-22.682,45.268,0,56.611,36.089,-47.768,-47.297,8.178,-34.717,100.123,1,-46.500,1.000,-34.788,0,0,0,0,0,0,0,0,0,0,0,0,0,0,0,0,0,0,0,0,0,0,0,0
293.250,46.899,34.752,-22.768,45.206,0,56.611,36.089,-47.768,-47.296,8.184,-34.716,100.123,1,-46.500,1.000,-34.788,0,0,0,0,0,0,0,0,0,0,0,0,0,0,0,0,0,0,0,0,0,0,0,0
293.300,46.954,34.707,-22.853,45.145,0,56.611,36.089,-47.768,-47.296,8.189,-34.716,100.123,1,-46.500,1.000,-34.788,0,0,0,0,0,0,0,0,0,0,0,0,0,0,0,0,0,0,0,0,0,0,0,0
293.350,47.008,34.663,-22.939,45.083,0,56.611,36.089,-47.768,-47.296,8.194,-34.715,100.123,1,-46.500,1.000,-34.788,0,0,0,0,0,0,0,0,0,0,0,0,0,0,0,0,0,0,0,0,0,0,0,0
293.400,47.063,34.619,-23.025,45.022,0,56.611,36.089,-47.768,-47.295,8.199,-34.715,100.123,1,-46.500,1.000,-34.788,0,0,0,0,0,0,0,0,0,0,0,0,0,0,0,0,0,0,0,0,0,0,0,0
293.450,47.117,34.576,-23.112,44.960,0,56.611,36.089,-47.768,-47.295,8.204,-34.714,100.123,1,-46.500,1.000,-34.788,0,0,0,0,0,0,0,0,0,0,0,0,0,0,0,0,0,0,0,0,0,0,0,0
293.500,47.172,34.534,-23.198,44.899,0,56.611,36.089,-47.768,-47.295,8.208,-34.714,100.123,1,-46.500,1.000,-34.788,0,0,0,0,0,0,0,0,0,0,0,0,0,0,0,0,0,0,0,0,0,0,0,0
293.550,47.227,34.492,-23.284,44.838,0,56.611,36.089,-47.768,-47.294,8.212,-34.714,100.123,1,-46.500,1.000,-34.788,0,0,0,0,0,0,0,0,0,0,0,0,0,0,0,0,0,0,0,0,0,0,0,0
293.600,47.282,34.450,-23.371,44.778,0,56.611,36.089,-47.768,-47.294,8.216,-34.714,100.123,1,-46.500,1.000,-34.788,0,0,0,0,0,0,0,0,0,0,0,0,0,0,0,0,0,0,0,0,0,0,0,0
293.650,47.337,34.409,-23.457,44.717,0,56.611,36.089,-47.768,-47.294,8.220,-34.713,100.123,1,-46.500,1.000,-34.788,0,0,0,0,0,0,0,0,0,0,0,0,0,0,0,0,0,0,0,0,0,0,0,0
293.700,47.392,34.369,-23.544,44.657,0,56.611,36.089,-47.768,-47.294,8.224,-34.713,100.123,1,-46.500,1.000,-34.788,0,0,0,0,0,0,0,0,0,0,0,0,0,0,0,0,0,0,0,0,0,0,0,0
293.750,47.446,34.329,-23.631,44.596,0,56.611,36.089,-47.768,-47.293,8.227,-34.713,100.123,1,-46.500,1.000,-34.788,0,0,0,0,0,0,0,0,0,0,0,0,0,0,0,0,0,0,0,0,0,0,0,0
293.800,47.501,34.290,-23.718,44.536,0,56.611,36.089,-47.768,-47.293,8.230,-34.713,100.123,1,-46.500,1.000,-34.788,0,0,0,0,0,0,0,0,0,0,0,0,0,0,0,0,0,0,0,0,0,0,0,0
293.850,47.556,34.251,-23.805,44.476,0,56.611,36.089,-47.768,-47.293,8.233,-34.713,100.123,1,-46.500,1.000,-34.788,0,0,0,0,0,0,0,0,0,0,0,0,0,0,0,0,0,0,0,0,0,0,0,0
293.900,47.611,34.213,-23.893,44.417,0,56.611,36.089,-47.768,-47.293,8.235,-34.713,100.123,1,-46.500,1.000,-34.788,0,0,0,0,0,0,0,0,0,0,0,0,0,0,0,0,0,0,0,0,0,0,0,0
293.950,47.665,34.175,-23.980,44.357,0,56.611,36.089,-47.768,-47.293,8.238,-34.713,100.123,1,-46.500,1.000,-34.788,0,0,0,0,0,0,0,0,0,0,0,0,0,0,0,0,0,0,0,0,0,0,0,0
294.000,47.720,34.138,-24.068,44.298,0,56.611,36.089,-47.768,-47.293,8.240,-34.713,100.123,1,-46.500,1.000,-34.788,0,0,0,0,0,0,0,0,0,0,0,0,0,0,0,0,0,0,0,0,0,0,0,0
294.050,47.774,34.101,-24.155,44.238,0,56.611,36.089,-47.768,-47.293,8.242,-34.713,100.123,1,-46.500,1.000,-34.788,0,0,0,0,0,0,0,0,0,0,0,0,0,0,0,0,0,0,0,0,0,0,0,0
294.100,47.829,34.064,-24.243,44.179,0,56.611,36.089,-47.768,-47.293,8.243,-34.713,100.123,1,-46.500,1.000,-34.788,0,0,0,0,0,0,0,0,0,0,0,0,0,0,0,0,0,0,0,0,0,0,0,0
294.150,47.883,34.028,-24.331,44.120,0,56.611,36.089,-47.768,-47.293,8.244,-34.713,100.123,1,-46.500,1.000,-34.788,0,0,0,0,0,0,0,0,0,0,0,0,0,0,0,0,0,0,0,0,0,0,0,0
294.200,47.937,33.993,-24.419,44.061,0,56.611,36.089,-47.768,-47.293,8.245,-34.713,100.123,1,-46.500,1.000,-34.788,0,0,0,0,0,0,0,0,0,0,0,0,0,0,0,0,0,0,0,0,0,0,0,0
294.250,47.991,33.958,-24.507,44.003,0,56.611,36.089,-47.768,-47.293,8.246,-34.713,100.123,1,-46.500,1.000,-34.788,0,0,0,0,0,0,0,0,0,0,0,0,0,0,0,0,0,0,0,0,0,0,0,0
294.300,48.045,33.923,-24.595,43.944,0,56.611,36.089,-47.768,-47.293,8.247,-34.713,100.123,1,-46.500,1.000,-34.788,0,0,0,0,0,0,0,0,0,0,0,0,0,0,0,0,0,0,0,0,0,0,0,0
294.350,48.099,33.889,-24.684,43.886,0,56.611,36.089,-47.768,-47.293,8.247,-34.713,100.123,1,-46.500,1.000,-34.788,0,0,0,0,0,0,0,0,0,0,0,0,0,0,0,0,0,0,0,0,0,0,0,0
294.400,48.152,33.855,-24.772,43.827,0,56.611,36.089,-47.768,-47.293,8.247,-34.714,100.123,1,-46.500,1.000,-34.788,0,0,0,0,0,0,0,0,0,0,0,0,0,0,0,0,0,0,0,0,0,0,0,0
294.450,48.206,33.821,-24.861,43.769,0,56.611,36.089,-47.768,-47.294,8.247,-34.714,100.123,1,-46.500,1.000,-34.788,0,0,0,0,0,0,0,0,0,0,0,0,0,0,0,0,0,0,0,0,0,0,0,0
294.500,48.259,33.788,-24.949,43.711,0,56.611,36.089,-47.768,-47.294,8.246,-34.714,100.123,1,-46.500,1.000,-34.788,0,0,0,0,0,0,0,0,0,0,0,0,0,0,0,0,0,0,0,0,0,0,0,0
294.550,48.312,33.756,-25.038,43.653,0,56.611,36.089,-47.768,-47.294,8.245,-34.715,100.123,1,-46.500,1.000,-34.788,0,0,0,0,0,0,0,0,0,0,0,0,0,0,0,0,0,0,0,0,0,0,0,0
294.600,48.365,33.723,-25.127,43.596,0,56.611,36.089,-47.768,-47.294,8.244,-34.715,100.123,1,-46.500,1.000,-34.788,0,0,0,0,0,0,0,0,0,0,0,0,0,0,0,0,0,0,0,0,0,0,0,0
294.650,48.418,33.692,-25.216,43.538,0,56.611,36.089,-47.768,-47.295,8.243,-34.715,100.123,1,-46.500,1.000,-34.788,0,0,0,0,0,0,0,0,0,0,0,0,0,0,0,0,0,0,0,0,0,0,0,0
294.700,48.470,33.660,-25.305,43.481,0,56.611,36.089,-47.768,-47.295,8.241,-34.716,100.123,1,-46.500,1.000,-34.788,0,0,0,0,0,0,0,0,0,0,0,0,0,0,0,0,0,0,0,0,0,0,0,0
294.750,48.522,33.629,-25.394,43.424,0,56.611,36.089,-47.768,-47.295,8.239,-34.716,100.123,1,-46.500,1.000,-34.788,0,0,0,0,0,0,0,0,0,0,0,0,0,0,0,0,0,0,0,0,0,0,0,0
294.800,48.574,33.598,-25.483,43.367,0,56.611,36.089,-47.768,-47.296,8.237,-34.717,100.123,1,-46.500,1.000,-34.788,0,0,0,0,0,0,0,0,0,0,0,0,0,0,0,0,0,0,0,0,0,0,0,0
294.850,48.626,33.568,-25.573,43.310,0,56.611,36.089,-47.768,-47.296,8.234,-34.717,100.123,1,-46.500,1.000,-34.788,0,0,0,0,0,0,0,0,0,0,0,0,0,0,0,0,0,0,0,0,0,0,0,0
294.900,48.677,33.538,-25.662,43.253,0,56.611,36.089,-47.768,-47.297,8.232,-34.718,100.123,1,-46.500,1.000,-34.788,0,0,0,0,0,0,0,0,0,0,0,0,0,0,0,0,0,0,0,0,0,0,0,0
294.950,48.729,33.508,-25.752,43.197,0,56.611,36.089,-47.768,-47.297,8.229,-34.719,100.123,1,-46.500,1.000,-34.788,0,0,0,0,0,0,0,0,0,0,0,0,0,0,0,0,0,0,0,0,0,0,0,0
295.000,48.779,33.478,-25.842,43.140,0,56.611,36.089,-47.768,-47.298,8.225,-34.719,100.123,1,-46.500,1.000,-34.788,0,0,0,0,0,0,0,0,0,0,0,0,0,0,0,0,0,0,0,0,0,0,0,0
295.050,48.830,33.449,-25.932,43.084,0,56.611,36.089,-47.768,-47.298,8.222,-34.720,100.123,1,-46.500,1.000,-34.788,0,0,0,0,0,0,0,0,0,0,0,0,0,0,0,0,0,0,0,0,0,0,0,0
295.100,48.880,33.420,-26.022,43.028,0,56.611,36.089,-47.768,-47.299,8.218,-34.721,100.123,1,-46.500,1.000,-34.788,0,0,0,0,0,0,0,0,0,0,0,0,0,0,0,0,0,0,0,0,0,0,0,0
295.150,48.930,33.392,-26.112,42.972,0,56.611,36.089,-47.768,-47.299,8.214,-34.721,100.123,1,-46.500,1.000,-34.788,0,0,0,0,0,0,0,0,0,0,0,0,0,0,0,0,0,0,0,0,0,0,0,0
295.200,48.980,33.363,-26.202,42.917,0,56.611,36.089,-47.768,-47.300,8.210,-34.722,100.123,1,-46.500,1.000,-34.788,0,0,0,0,0,0,0,0,0,0,0,0,0,0,0,0,0,0,0,0,0,0,0,0
295.250,49.029,33.335,-26.292,42.861,0,56.611,36.089,-47.768,-47.301,8.206,-34.723,100.123,1,-46.500,1.000,-34.788,0,0,0,0,0,0,0,0,0,0,0,0,0,0,0,0,0,0,0,0,0,0,0,0
295.300,49.078,33.307,-26.383,42.806,0,56.611,36.089,-47.768,-47.301,8.201,-34.724,100.123,1,-46.500,1.000,-34.788,0,0,0,0,0,0,0,0,0,0,0,0,0,0,0,0,0,0,0,0,0,0,0,0
295.350,49.126,33.280,-26.473,42.750,0,56.611,36.089,-47.768,-47.302,8.196,-34.724,100.123,1,-46.500,1.000,-34.788,0,0,0,0,0,0,0,0,0,0,0,0,0,0,0,0,0,0,0,0,0,0,0,0
295.400,49.174,33.252,-26.564,42.695,0,56.611,36.089,-47.768,-47.303,8.191,-34.725,100.123,1,-46.500,1.000,-34.788,0,0,0,0,0,0,0,0,0,0,0,0,0,0,0,0,0,0,0,0,0,0,0,0
295.450,49.222,33.225,-26.654,42.640,0,56.611,36.089,-47.768,-47.303,8.186,-34.726,100.123,1,-46.500,1.000,-34.788,0,0,0,0,0,0,0,0,0,0,0,0,0,0,0,0,0,0,0,0,0,0,0,0
295.500,49.269,33.198,-26.745,42.586,0,56.611,36.089,-47.768,-47.304,8.180,-34.727,100.123,1,-46.500,1.000,-34.788,0,0,0,0,0,0,0,0,0,0,0,0,0,0,0,0,0,0,0,0,0,0,0,0
295.550,49.316,33.172,-26.836,42.531,0,56.611,36.089,-47.768,-47.305,8.174,-34.728,100.123,1,-46.500,1.000,-34.788,0,0,0,0,0,0,0,0,0,0,0,0,0,0,0,0,0,0,0,0,0,0,0,0
295.600,49.362,33.145,-26.927,42.476,0,56.611,36.089,-47.768,-47.306,8.168,-34.729,100.123,1,-46.500,1.000,-34.788,0,0,0,0,0,0,0,0,0,0,0,0,0,0,0,0,0,0,0,0,0,0,0,0
295.650,49.408,33.119,-27.018,42.422,0,56.611,36.089,-47.768,-47.306,8.162,-34.730,100.123,1,-46.500,1.000,-34.788,0,0,0,0,0,0,0,0,0,0,0,0,0,0,0,0,0,0,0,0,0,0,0,0
295.700,49.454,33.093,-27.110,42.368,0,56.611,36.089,-47.768,-47.307,8.156,-34.731,100.123,1,-46.500,1.000,-34.788,0,0,0,0,0,0,0,0,0,0,0,0,0,0,0,0,0,0,0,0,0,0,0,0
295.750,49.499,33.067,-27.201,42.314,0,56.611,36.089,-47.768,-47.308,8.149,-34.732,100.123,1,-46.500,1.000,-34.788,0,0,0,0,0,0,0,0,0,0,0,0,0,0,0,0,0,0,0,0,0,0,0,0
295.800,49.544,33.042,-27.293,42.260,0,56.611,36.089,-47.768,-47.309,8.143,-34.733,100.123,1,-46.500,1.000,-34.788,0,0,0,0,0,0,0,0,0,0,0,0,0,0,0,0,0,0,0,0,0,0,0,0
295.850,49.588,33.017,-27.384,42.206,0,56.611,36.089,-47.768,-47.309,8.136,-34.734,100.123,1,-46.500,1.000,-34.788,0,0,0,0,0,0,0,0,0,0,0,0,0,0,0,0,0,0,0,0,0,0,0,0
295.900,49.632,32.992,-27.476,42.152,0,56.611,36.089,-47.768,-47.310,8.129,-34.735,100.123,1,-46.500,1.000,-34.788,0,0,0,0,0,0,0,0,0,0,0,0,0,0,0,0,0,0,0,0,0,0,0,0
295.950,49.676,32.967,-27.568,42.098,0,56.611,36.089,-47.768,-47.311,8.122,-34.737,100.123,1,-46.500,1.000,-34.788,0,0,0,0,0,0,0,0,0,0,0,0,0,0,0,0,0,0,0,0,0,0,0,0
296.000,49.719,32.942,-27.660,42.045,0,56.611,36.089,-47.768,-47.312,8.114,-34.738,100.123,1,-46.500,1.000,-34.788,0,0,0,0,0,0,0,0,0,0,0,0,0,0,0,0,0,0,0,0,0,0,0,0
296.050,49.761,32.918,-27.752,41.992,0,56.611,36.089,-47.768,-47.313,8.107,-34.739,100.123,1,-46.500,1.000,-34.788,0,0,0,0,0,0,0,0,0,0,0,0,0,0,0,0,0,0,0,0,0,0,0,0
296.100,49.803,32.894,-27.844,41.939,0,56.611,36.089,-47.768,-47.313,8.099,-34.740,100.123,1,-46.500,1.000,-34.788,0,0,0,0,0,0,0,0,0,0,0,0,0,0,0,0,0,0,0,0,0,0,0,0
296.150,49.845,32.870,-27.936,41.885,0,56.611,36.089,-47.768,-47.314,8.092,-34.742,100.123,1,-46.500,1.000,-34.788,0,0,0,0,0,0,0,0,0,0,0,0,0,0,0,0,0,0,0,0,0,0,0,0
296.200,49.886,32.847,-28.029,41.833,0,56.611,36.089,-47.768,-47.315,8.084,-34.743,100.123,1,-46.500,1.000,-34.788,0,0,0,0,0,0,0,0,0,0,0,0,0,0,0,0,0,0,0,0,0,0,0,0
296.250,49.926,32.823,-28.121,41.780,0,56.611,36.089,-47.768,-47.316,8.076,-34.744,100.123,1,-46.500,1.000,-34.788,0,0,0,0,0,0,0,0,0,0,0,0,0,0,0,0,0,0,0,0,0,0,0,0
296.300,49.967,32.800,-28.214,41.727,0,56.611,36.089,-47.768,-47.317,8.068,-34.746,100.123,1,-46.500,1.000,-34.788,0,0,0,0,0,0,0,0,0,0,0,0,0,0,0,0,0,0,0,0,0,0,0,0
296.350,50.006,32.777,-28.307,41.674,0,56.611,36.089,-47.768,-47.317,8.060,-34.747,100.123,1,-46.500,1.000,-34.788,0,0,0,0,0,0,0,0,0,0,0,0,0,0,0,0,0,0,0,0,0,0,0,0
296.400,50.046,32.755,-28.400,41.622,0,56.611,36.089,-47.768,-47.318,8.052,-34.749,100.123,1,-46.500,1.000,-34.788,0,0,0,0,0,0,0,0,0,0,0,0,0,0,0,0,0,0,0,0,0,0,0,0
296.450,50.084,32.732,-28.493,41.570,0,56.611,36.089,-47.768,-47.319,8.043,-34.750,100.123,1,-46.500,1.000,-34.788,0,0,0,0,0,0,0,0,0,0,0,0,0,0,0,0,0,0,0,0,0,0,0,0
296.500,50.123,32.710,-28.586,41.517,0,56.611,36.089,-47.768,-47.320,8.035,-34.752,100.123,1,-46.500,1.000,-34.788,0,0,0,0,0,0,0,0,0,0,0,0,0,0,0,0,0,0,0,0,0,0,0,0
296.550,50.160,32.689,-28.679,41.465,0,56.611,36.089,-47.768,-47.320,8.027,-34.753,100.123,1,-46.500,1.000,-34.788,0,0,0,0,0,0,0,0,0,0,0,0,0,0,0,0,0,0,0,0,0,0,0,0
296.600,50.198,32.667,-28.772,41.413,0,56.611,36.089,-47.768,-47.321,8.018,-34.755,100.123,1,-46.500,1.000,-34.788,0,0,0,0,0,0,0,0,0,0,0,0,0,0,0,0,0,0,0,0,0,0,0,0
296.650,50.234,32.646,-28.866,41.361,0,56.611,36.089,-47.768,-47.322,8.010,-34.756,100.123,1,-46.500,1.000,-34.788,0,0,0,0,0,0,0,0,0,0,0,0,0,0,0,0,0,0,0,0,0,0,0,0
296.700,50.271,32.625,-28.960,41.310,0,56.611,36.089,-47.768,-47.322,8.001,-34.758,100.123,1,-46.500,1.000,-34.788,0,0,0,0,0,0,0,0,0,0,0,0,0,0,0,0,0,0,0,0,0,0,0,0
296.750,50.306,32.605,-29.053,41.258,0,56.611,36.089,-47.768,-47.323,7.992,-34.760,100.123,1,-46.500,1.000,-34.788,0,0,0,0,0,0,0,0,0,0,0,0,0,0,0,0,0,0,0,0,0,0,0,0
296.800,50.342,32.584,-29.147,41.206,0,56.611,36.089,-47.768,-47.323,7.984,-34.761,100.123,1,-46.500,1.000,-34.788,0,0,0,0,0,0,0,0,0,0,0,0,0,0,0,0,0,0,0,0,0,0,0,0
296.850,50.377,32.565,-29.241,41.155,0,56.611,36.089,-47.768,-47.324,7.975,-34.763,100.123,1,-46.500,1.000,-34.788,0,0,0,0,0,0,0,0,0,0,0,0,0,0,0,0,0,0,0,0,0,0,0,0
296.900,50.411,32.545,-29.335,41.103,0,56.611,36.089,-47.768,-47.325,7.966,-34.765,100.123,1,-46.500,1.000,-34.788,0,0,0,0,0,0,0,0,0,0,0,0,0,0,0,0,0,0,0,0,0,0,0,0
296.950,50.445,32.526,-29.429,41.052,0,56.611,36.089,-47.768,-47.325,7.958,-34.767,100.123,1,-46.500,1.000,-34.788,0,0,0,0,0,0,0,0,0,0,0,0,0,0,0,0,0,0,0,0,0,0,0,0
297.000,50.478,32.507,-29.523,41.001,0,56.611,36.089,-47.768,-47.326,7.949,-34.768,100.123,1,-46.500,1.000,-34.788,0,0,0,0,0,0,0,0,0,0,0,0,0,0,0,0,0,0,0,0,0,0,0,0
297.050,50.510,32.488,-29.618,40.950,0,56.611,36.089,-47.768,-47.326,7.940,-34.770,100.123,1,-46.500,1.000,-34.788,0,0,0,0,0,0,0,0,0,0,0,0,0,0,0,0,0,0,0,0,0,0,0,0
297.100,50.543,32.470,-29.712,40.898,0,56.611,36.089,-47.768,-47.327,7.932,-34.772,100.123,1,-46.500,1.000,-34.788,0,0,0,0,0,0,0,0,0,0,0,0,0,0,0,0,0,0,0,0,0,0,0,0
297.150,50.574,32.452,-29.807,40.847,0,56.611,36.089,-47.768,-47.327,7.923,-34.774,100.123,1,-46.500,1.000,-34.788,0,0,0,0,0,0,0,0,0,0,0,0,0,0,0,0,0,0,0,0,0,0,0,0
297.200,50.606,32.434,-29.902,40.797,0,56.611,36.089,-47.768,-47.327,7.915,-34.776,100.123,1,-46.500,1.000,-34.788,0,0,0,0,0,0,0,0,0,0,0,0,0,0,0,0,0,0,0,0,0,0,0,0
297.250,50.636,32.417,-29.997,40.746,0,56.611,36.089,-47.768,-47.328,7.906,-34.778,100.123,1,-46.500,1.000,-34.788,0,0,0,0,0,0,0,0,0,0,0,0,0,0,0,0,0,0,0,0,0,0,0,0
297.300,50.666,32.400,-30.092,40.695,0,56.611,36.089,-47.768,-47.328,7.898,-34.780,100.123,1,-46.500,1.000,-34.788,0,0,0,0,0,0,0,0,0,0,0,0,0,0,0,0,0,0,0,0,0,0,0,0
297.350,50.696,32.384,-30.187,40.644,0,56.611,36.089,-47.768,-47.328,7.889,-34.782,100.123,1,-46.500,1.000,-34.788,0,0,0,0,0,0,0,0,0,0,0,0,0,0,0,0,0,0,0,0,0,0,0,0
297.400,50.725,32.367,-30.282,40.594,0,56.611,36.089,-47.768,-47.328,7.881,-34.784,100.123,1,-46.500,1.000,-34.788,0,0,0,0,0,0,0,0,0,0,0,0,0,0,0,0,0,0,0,0,0,0,0,0
297.450,50.753,32.352,-30.377,40.543,0,56.611,36.089,-47.768,-47.329,7.873,-34.786,100.123,1,-46.500,1.000,-34.788,0,0,0,0,0,0,0,0,0,0,0,0,0,0,0,0,0,0,0,0,0,0,0,0
297.500,50.781,32.336,-30.473,40.492,0,56.611,36.089,-47.768,-47.329,7.865,-34.788,100.123,1,-46.500,1.000,-34.788,0,0,0,0,0,0,0,0,0,0,0,0,0,0,0,0,0,0,0,0,0,0,0,0
297.550,50.809,32.321,-30.568,40.442,0,56.611,36.089,-47.768,-47.329,7.856,-34.790,100.123,1,-46.500,1.000,-34.788,0,0,0,0,0,0,0,0,0,0,0,0,0,0,0,0,0,0,0,0,0,0,0,0
297.600,50.836,32.306,-30.664,40.391,0,56.611,36.089,-47.768,-47.329,7.848,-34.792,100.123,1,-46.500,1.000,-34.788,0,0,0,0,0,0,0,0,0,0,0,0,0,0,0,0,0,0,0,0,0,0,0,0
297.650,50.862,32.292,-30.759,40.341,0,56.611,36.089,-47.768,-47.329,7.841,-34.794,100.123,1,-46.500,1.000,-34.788,0,0,0,0,0,0,0,0,0,0,0,0,0,0,0,0,0,0,0,0,0,0,0,0
297.700,50.888,32.278,-30.855,40.291,0,56.611,36.089,-47.768,-47.329,7.833,-34.796,100.123,1,-46.500,1.000,-34.788,0,0,0,0,0,0,0,0,0,0,0,0,0,0,0,0,0,0,0,0,0,0,0,0
297.750,50.913,32.265,-30.951,40.240,0,56.611,36.089,-47.768,-47.329,7.825,-34.798,100.123,1,-46.500,1.000,-34.788,0,0,0,0,0,0,0,0,0,0,0,0,0,0,0,0,0,0,0,0,0,0,0,0
297.800,50.938,32.252,-31.047,40.190,0,56.611,36.089,-47.768,-47.328,7.818,-34.800,100.123,1,-46.500,1.000,-34.788,0,0,0,0,0,0,0,0,0,0,0,0,0,0,0,0,0,0,0,0,0,0,0,0
297.850,50.962,32.240,-31.143,40.140,0,56.611,36.089,-47.768,-47.328,7.811,-34.802,100.123,1,-46.500,1.000,-34.788,0,0,0,0,0,0,0,0,0,0,0,0,0,0,0,0,0,0,0,0,0,0,0,0
297.900,50.985,32.228,-31.240,40.090,0,56.611,36.089,-47.768,-47.328,7.803,-34.804,100.123,1,-46.500,1.000,-34.788,0,0,0,0,0,0,0,0,0,0,0,0,0,0,0,0,0,0,0,0,0,0,0,0
297.950,51.008,32.216,-31.336,40.039,0,56.611,36.089,-47.768,-47.328,7.796,-34.806,100.123,1,-46.500,1.000,-34.788,0,0,0,0,0,0,0,0,0,0,0,0,0,0,0,0,0,0,0,0,0,0,0,0
298.000,51.031,32.205,-31.433,39.989,0,56.611,36.089,-47.768,-47.327,7.789,-34.808,100.123,1,-46.500,1.000,-34.788,0,0,0,0,0,0,0,0,0,0,0,0,0,0,0,0,0,0,0,0,0,0,0,0
298.050,51.052,32.194,-31.529,39.939,0,56.611,36.089,-47.768,-47.327,7.783,-34.810,100.123,1,-46.500,1.000,-34.788,0,0,0,0,0,0,0,0,0,0,0,0,0,0,0,0,0,0,0,0,0,0,0,0
298.100,51.074,32.184,-31.626,39.889,0,56.611,36.089,-47.768,-47.326,7.776,-34.812,100.123,1,-46.500,1.000,-34.788,0,0,0,0,0,0,0,0,0,0,0,0,0,0,0,0,0,0,0,0,0,0,0,0
298.150,51.094,32.175,-31.723,39.839,0,56.611,36.089,-47.768,-47.326,7.770,-34.814,100.123,1,-46.500,1.000,-34.788,0,0,0,0,0,0,0,0,0,0,0,0,0,0,0,0,0,0,0,0,0,0,0,0
298.200,51.114,32.166,-31.820,39.788,0,56.611,36.089,-47.768,-47.325,7.764,-34.816,100.123,1,-46.500,1.000,-34.788,0,0,0,0,0,0,0,0,0,0,0,0,0,0,0,0,0,0,0,0,0,0,0,0
298.250,51.133,32.157,-31.917,39.738,0,56.611,36.089,-47.768,-47.325,7.758,-34.818,100.123,1,-46.500,1.000,-34.788,0,0,0,0,0,0,0,0,0,0,0,0,0,0,0,0,0,0,0,0,0,0,0,0
298.300,51.152,32.150,-32.014,39.688,0,56.611,36.089,-47.768,-47.324,7.752,-34.819,100.123,1,-46.500,1.000,-34.788,0,0,0,0,0,0,0,0,0,0,0,0,0,0,0,0,0,0,0,0,0,0,0,0
298.350,51.170,32.142,-32.111,39.638,0,56.611,36.089,-47.768,-47.323,7.747,-34.821,100.123,1,-46.500,1.000,-34.788,0,0,0,0,0,0,0,0,0,0,0,0,0,0,0,0,0,0,0,0,0,0,0,0
298.400,51.188,32.135,-32.208,39.587,0,56.611,36.089,-47.768,-47.322,7.741,-34.823,100.123,1,-46.500,1.000,-34.788,0,0,0,0,0,0,0,0,0,0,0,0,0,0,0,0,0,0,0,0,0,0,0,0
298.450,51.205,32.129,-32.305,39.537,0,56.611,36.089,-47.768,-47.321,7.736,-34.825,100.123,1,-46.500,1.000,-34.788,0,0,0,0,0,0,0,0,0,0,0,0,0,0,0,0,0,0,0,0,0,0,0,0
298.500,51.221,32.123,-32.403,39.486,0,56.611,36.089,-47.768,-47.321,7.731,-34.827,100.123,1,-46.500,1.000,-34.788,0,0,0,0,0,0,0,0,0,0,0,0,0,0,0,0,0,0,0,0,0,0,0,0
298.550,51.237,32.118,-32.500,39.436,0,56.611,36.089,-47.768,-47.320,7.727,-34.829,100.123,1,-46.500,1.000,-34.788,0,0,0,0,0,0,0,0,0,0,0,0,0,0,0,0,0,0,0,0,0,0,0,0
298.600,51.252,32.114,-32.598,39.386,0,56.611,36.089,-47.768,-47.318,7.722,-34.830,100.123,1,-46.500,1.000,-34.788,0,0,0,0,0,0,0,0,0,0,0,0,0,0,0,0,0,0,0,0,0,0,0,0
298.650,51.267,32.110,-32.696,39.335,0,56.611,36.089,-47.768,-47.317,7.718,-34.832,100.123,1,-46.500,1.000,-34.788,0,0,0,0,0,0,0,0,0,0,0,0,0,0,0,0,0,0,0,0,0,0,0,0
298.700,51.281,32.106,-32.794,39.285,0,56.611,36.089,-47.768,-47.316,7.714,-34.834,100.123,1,-46.500,1.000,-34.788,0,0,0,0,0,0,0,0,0,0,0,0,0,0,0,0,0,0,0,0,0,0,0,0
298.750,51.294,32.104,-32.891,39.234,0,56.611,36.089,-47.768,-47.315,7.710,-34.835,100.123,1,-46.500,1.000,-34.788,0,0,0,0,0,0,0,0,0,0,0,0,0,0,0,0,0,0,0,0,0,0,0,0
298.800,51.307,32.101,-32.989,39.183,0,56.611,36.089,-47.768,-47.314,7.707,-34.837,100.123,1,-46.500,1.000,-34.788,0,0,0,0,0,0,0,0,0,0,0,0,0,0,0,0,0,0,0,0,0,0,0,0
298.850,51.319,32.100,-33.087,39.133,0,56.611,36.089,-47.768,-47.313,7.704,-34.838,100.123,1,-46.500,1.000,-34.788,0,0,0,0,0,0,0,0,0,0,0,0,0,0,0,0,0,0,0,0,0,0,0,0
298.900,51.331,32.098,-33.186,39.082,0,56.611,36.089,-47.768,-47.311,7.701,-34.840,100.123,1,-46.500,1.000,-34.788,0,0,0,0,0,0,0,0,0,0,0,0,0,0,0,0,0,0,0,0,0,0,0,0
298.950,51.342,32.098,-33.284,39.031,0,56.611,36.089,-47.768,-47.310,7.698,-34.841,100.123,1,-46.500,1.000,-34.788,0,0,0,0,0,0,0,0,0,0,0,0,0,0,0,0,0,0,0,0,0,0,0,0
299.000,51.353,32.098,-33.382,38.981,0,56.611,36.089,-47.768,-47.308,7.696,-34.842,100.123,1,-46.500,1.000,-34.788,0,0,0,0,0,0,0,0,0,0,0,0,0,0,0,0,0,0,0,0,0,0,0,0
299.050,51.363,32.098,-33.480,38.930,0,56.611,36.089,-47.768,-47.307,7.694,-34.844,100.123,1,-46.500,1.000,-34.788,0,0,0,0,0,0,0,0,0,0,0,0,0,0,0,0,0,0,0,0,0,0,0,0
299.100,51.372,32.099,-33.579,38.879,0,56.611,36.089,-47.768,-47.306,7.692,-34.845,100.123,1,-46.500,1.000,-34.788,0,0,0,0,0,0,0,0,0,0,0,0,0,0,0,0,0,0,0,0,0,0,0,0
299.150,51.381,32.101,-33.677,38.828,0,56.611,36.089,-47.768,-47.304,7.690,-34.846,100.123,1,-46.500,1.000,-34.788,0,0,0,0,0,0,0,0,0,0,0,0,0,0,0,0,0,0,0,0,0,0,0,0
299.200,51.390,32.103,-33.776,38.777,0,56.611,36.089,-47.768,-47.302,7.689,-34.847,100.123,1,-46.500,1.000,-34.788,0,0,0,0,0,0,0,0,0,0,0,0,0,0,0,0,0,0,0,0,0,0,0,0
299.250,51.398,32.105,-33.874,38.726,0,56.611,36.089,-47.768,-47.301,7.687,-34.848,100.123,1,-46.500,1.000,-34.788,0,0,0,0,0,0,0,0,0,0,0,0,0,0,0,0,0,0,0,0,0,0,0,0
299.300,51.406,32.108,-33.973,38.676,0,56.611,36.089,-47.768,-47.299,7.687,-34.849,100.123,1,-46.500,1.000,-34.788,0,0,0,0,0,0,0,0,0,0,0,0,0,0,0,0,0,0,0,0,0,0,0,0
299.350,51.413,32.112,-34.071,38.625,0,56.611,36.089,-47.768,-47.298,7.686,-34.850,100.123,1,-46.500,1.000,-34.788,0,0,0,0,0,0,0,0,0,0,0,0,0,0,0,0,0,0,0,0,0,0,0,0
299.400,51.420,32.116,-34.170,38.574,0,56.611,36.089,-47.768,-47.296,7.686,-34.851,100.123,1,-46.500,1.000,-34.788,0,0,0,0,0,0,0,0,0,0,0,0,0,0,0,0,0,0,0,0,0,0,0,0
299.450,51.426,32.120,-34.269,38.523,0,56.611,36.089,-47.768,-47.294,7.686,-34.852,100.123,1,-46.500,1.000,-34.788,0,0,0,0,0,0,0,0,0,0,0,0,0,0,0,0,0,0,0,0,0,0,0,0
299.500,51.432,32.125,-34.368,38.472,0,56.611,36.089,-47.768,-47.292,7.686,-34.853,100.123,1,-46.500,1.000,-34.788,0,0,0,0,0,0,0,0,0,0,0,0,0,0,0,0,0,0,0,0,0,0,0,0
299.550,51.437,32.131,-34.466,38.421,0,56.611,36.089,-47.768,-47.291,7.686,-34.853,100.123,1,-46.500,1.000,-34.788,0,0,0,0,0,0,0,0,0,0,0,0,0,0,0,0,0,0,0,0,0,0,0,0
299.600,51.442,32.137,-34.565,38.370,0,56.611,36.089,-47.768,-47.289,7.687,-34.854,100.123,1,-46.500,1.000,-34.788,0,0,0,0,0,0,0,0,0,0,0,0,0,0,0,0,0,0,0,0,0,0,0,0
299.650,51.447,32.143,-34.664,38.319,0,56.611,36.089,-47.768,-47.287,7.688,-34.854,100.123,1,-46.500,1.000,-34.788,0,0,0,0,0,0,0,0,0,0,0,0,0,0,0,0,0,0,0,0,0,0,0,0
299.700,51.452,32.149,-34.763,38.268,0,56.611,36.089,-47.768,-47.285,7.690,-34.855,100.123,1,-46.500,1.000,-34.788,0,0,0,0,0,0,0,0,0,0,0,0,0,0,0,0,0,0,0,0,0,0,0,0
299.750,51.456,32.156,-34.862,38.217,0,56.611,36.089,-47.768,-47.284,7.691,-34.855,100.123,1,-46.500,1.000,-34.788,0,0,0,0,0,0,0,0,0,0,0,0,0,0,0,0,0,0,0,0,0,0,0,0
299.800,51.459,32.164,-34.961,38.167,0,56.611,36.089,-47.768,-47.282,7.693,-34.855,100.123,1,-46.500,1.000,-34.788,0,0,0,0,0,0,0,0,0,0,0,0,0,0,0,0,0,0,0,0,0,0,0,0
299.850,51.463,32.172,-35.060,38.116,0,56.611,36.089,-47.768,-47.280,7.695,-34.855,100.123,1,-46.500,1.000,-34.788,0,0,0,0,0,0,0,0,0,0,0,0,0,0,0,0,0,0,0,0,0,0,0,0
299.900,51.466,32.180,-35.159,38.065,0,56.611,36.089,-47.768,-47.278,7.698,-34.855,100.123,1,-46.500,1.000,-34.788,0,0,0,0,0,0,0,0,0,0,0,0,0,0,0,0,0,0,0,0,0,0,0,0
299.950,51.469,32.188,-35.258,38.014,0,56.611,36.089,-47.768,-47.277,7.700,-34.855,100.123,1,-46.500,1.000,-34.788,0,0,0,0,0,0,0,0,0,0,0,0,0,0,0,0,0,0,0,0,0,0,0,0
